Commodities,Countries,Country Subcode,Rate Provision,District,Time,Customs Value (Gen) ($US) (Default Member),Customs Value (Cons) ($US),Quantity 1 (Gen),Quantity 1 (Cons),Quantity 2 (Gen),Quantity 2 (Cons),Card Count
"74 Copper And Articles Thereof","Japan","All Country Subcodes","All Rate Provisions","All Districts","2011","172224947","170318399","","","","","4882"
"74 Copper And Articles Thereof","Philippines","All Country Subcodes","All Rate Provisions","All Districts","2017","1344342","1349172","","","","","123"
"80 Tin And Articles Thereof","Philippines","All Country Subcodes","All Rate Provisions","All Districts","2011","288890","288890","","","","","23"
"74 Copper And Articles Thereof","Korea, South","All Country Subcodes","All Rate Provisions","All Districts","2017","217290051","217164421","","","","","5218"
"80 Tin And Articles Thereof","Taiwan","All Country Subcodes","All Rate Provisions","All Districts","2012","1016767","1016767","","","","","91"
"75 Nickel And Articles Thereof","Vietnam","All Country Subcodes","All Rate Provisions","All Districts","2013","47398","47398","","","","","4"
"74 Copper And Articles Thereof","Laos","All Country Subcodes","All Rate Provisions","All Districts","2012","5300","5300","","","","","1"
"75 Nickel And Articles Thereof","Taiwan","All Country Subcodes","All Rate Provisions","All Districts","2018","28647901","29015495","","","","","1977"
"74 Copper And Articles Thereof","Singapore","All Country Subcodes","All Rate Provisions","All Districts","2018","10226427","10226427","","","","","359"
"76 Aluminum And Articles Thereof","Singapore","All Country Subcodes","All Rate Provisions","All Districts","2017","6797189","6797189","","","","","617"
"80 Tin And Articles Thereof","Japan","All Country Subcodes","All Rate Provisions","All Districts","2020","23716789","23400653","","","","","568"
"75 Nickel And Articles Thereof","Hong Kong","All Country Subcodes","All Rate Provisions","All Districts","2011","1741173","1722057","","","","","11"
"75 Nickel And Articles Thereof","Japan","All Country Subcodes","All Rate Provisions","All Districts","2020","95359672","102168276","","","","","1217"
"75 Nickel And Articles Thereof","Malaysia","All Country Subcodes","All Rate Provisions","All Districts","2018","430286","9353547","","","","","50"
"80 Tin And Articles Thereof","Philippines","All Country Subcodes","All Rate Provisions","All Districts","2015","624108","624108","","","","","62"
"75 Nickel And Articles Thereof","Korea, South","All Country Subcodes","All Rate Provisions","All Districts","2016","12758990","12758990","","","","","265"
"74 Copper And Articles Thereof","Macau","All Country Subcodes","All Rate Provisions","All Districts","2011","2913","2913","","","","","1"
"74 Copper And Articles Thereof","Cambodia","All Country Subcodes","All Rate Provisions","All Districts","2014","4200","4200","","","","","1"
"75 Nickel And Articles Thereof","Vietnam","All Country Subcodes","All Rate Provisions","All Districts","2011","331464","331464","","","","","9"
"80 Tin And Articles Thereof","Vietnam","All Country Subcodes","All Rate Provisions","All Districts","2011","101896","101896","","","","","8"
"80 Tin And Articles Thereof","Vietnam","All Country Subcodes","All Rate Provisions","All Districts","2015","195933","195933","","","","","24"
"80 Tin And Articles Thereof","Singapore","All Country Subcodes","All Rate Provisions","All Districts","2013","2120354","2120354","","","","","5"
"74 Copper And Articles Thereof","Cambodia","All Country Subcodes","All Rate Provisions","All Districts","2011","14202","14202","","","","","5"
"75 Nickel And Articles Thereof","Korea, South","All Country Subcodes","All Rate Provisions","All Districts","2012","35059685","35059685","","","","","199"
"76 Aluminum And Articles Thereof","Malaysia","All Country Subcodes","All Rate Provisions","All Districts","2020","96393985","96810159","","","","","2913"
"76 Aluminum And Articles Thereof","Bhutan","All Country Subcodes","All Rate Provisions","All Districts","2017","30120","30120","","","","","1"
"80 Tin And Articles Thereof","Korea, South","All Country Subcodes","All Rate Provisions","All Districts","2013","877248","877248","","","","","104"
"80 Tin And Articles Thereof","Taiwan","All Country Subcodes","All Rate Provisions","All Districts","2020","547360","547360","","","","","51"
"74 Copper And Articles Thereof","Brunei","All Country Subcodes","All Rate Provisions","All Districts","2017","2600","2600","","","","","1"
"80 Tin And Articles Thereof","Singapore","All Country Subcodes","All Rate Provisions","All Districts","2016","3158725","3158725","","","","","6"
"76 Aluminum And Articles Thereof","Philippines","All Country Subcodes","All Rate Provisions","All Districts","2020","10248049","10211050","","","","","200"
"80 Tin And Articles Thereof","Burma","All Country Subcodes","All Rate Provisions","All Districts","2018","401629","401629","","","","","1"
"76 Aluminum And Articles Thereof","Japan","All Country Subcodes","All Rate Provisions","All Districts","2014","244956389","211168255","","","","","5835"
"76 Aluminum And Articles Thereof","Singapore","All Country Subcodes","All Rate Provisions","All Districts","2016","8278860","8278860","","","","","540"
"75 Nickel And Articles Thereof","Thailand","All Country Subcodes","All Rate Provisions","All Districts","2019","186375","186375","","","","","4"
"76 Aluminum And Articles Thereof","Indonesia","All Country Subcodes","All Rate Provisions","All Districts","2012","226297548","226230805","","","","","2142"
"80 Tin And Articles Thereof","Thailand","All Country Subcodes","All Rate Provisions","All Districts","2017","9925205","9925205","","","","","63"
"76 Aluminum And Articles Thereof","Japan","All Country Subcodes","All Rate Provisions","All Districts","2020","180442736","137311777","","","","","4737"
"76 Aluminum And Articles Thereof","Indonesia","All Country Subcodes","All Rate Provisions","All Districts","2019","242562677","243362019","","","","","7097"
"80 Tin And Articles Thereof","Korea, South","All Country Subcodes","All Rate Provisions","All Districts","2011","827204","827204","","","","","61"
"74 Copper And Articles Thereof","Singapore","All Country Subcodes","All Rate Provisions","All Districts","2014","8855123","8855123","","","","","306"
"80 Tin And Articles Thereof","Vietnam","All Country Subcodes","All Rate Provisions","All Districts","2016","296842","296842","","","","","33"
"76 Aluminum And Articles Thereof","Hong Kong","All Country Subcodes","All Rate Provisions","All Districts","2017","38230594","36196780","","","","","1910"
"80 Tin And Articles Thereof","Vietnam","All Country Subcodes","All Rate Provisions","All Districts","2019","184982","184982","","","","","18"
"80 Tin And Articles Thereof","Malaysia","All Country Subcodes","All Rate Provisions","All Districts","2019","137382890","137382890","","","","","141"
"76 Aluminum And Articles Thereof","Korea, South","All Country Subcodes","All Rate Provisions","All Districts","2011","114347759","112491480","","","","","3834"
"80 Tin And Articles Thereof","Hong Kong","All Country Subcodes","All Rate Provisions","All Districts","2017","271455","271455","","","","","15"
"74 Copper And Articles Thereof","Malaysia","All Country Subcodes","All Rate Provisions","All Districts","2016","21766445","21766445","","","","","497"
"75 Nickel And Articles Thereof","Philippines","All Country Subcodes","All Rate Provisions","All Districts","2015","2839","2839","","","","","1"
"75 Nickel And Articles Thereof","Singapore","All Country Subcodes","All Rate Provisions","All Districts","2011","36681553","36681553","","","","","131"
"74 Copper And Articles Thereof","Korea, South","All Country Subcodes","All Rate Provisions","All Districts","2012","264670996","264576339","","","","","3694"
"75 Nickel And Articles Thereof","Vietnam","All Country Subcodes","All Rate Provisions","All Districts","2017","63812","63812","","","","","10"
"76 Aluminum And Articles Thereof","Singapore","All Country Subcodes","All Rate Provisions","All Districts","2012","26802198","26802198","","","","","481"
"75 Nickel And Articles Thereof","Hong Kong","All Country Subcodes","All Rate Provisions","All Districts","2014","2061758","2061758","","","","","25"
"75 Nickel And Articles Thereof","Indonesia","All Country Subcodes","All Rate Provisions","All Districts","2015","10071231","10071231","","","","","220"
"74 Copper And Articles Thereof","Philippines","All Country Subcodes","All Rate Provisions","All Districts","2011","2234549","2234549","","","","","114"
"80 Tin And Articles Thereof","Thailand","All Country Subcodes","All Rate Provisions","All Districts","2011","50813432","56854839","","","","","113"
"80 Tin And Articles Thereof","Singapore","All Country Subcodes","All Rate Provisions","All Districts","2015","4066625","4066625","","","","","6"
"75 Nickel And Articles Thereof","Indonesia","All Country Subcodes","All Rate Provisions","All Districts","2020","9376413","9376413","","","","","185"
"80 Tin And Articles Thereof","Hong Kong","All Country Subcodes","All Rate Provisions","All Districts","2019","2192139","2192139","","","","","15"
"76 Aluminum And Articles Thereof","Thailand","All Country Subcodes","All Rate Provisions","All Districts","2013","265483824","264583707","","","","","4932"
"80 Tin And Articles Thereof","Singapore","All Country Subcodes","All Rate Provisions","All Districts","2012","8233138","8233138","","","","","12"
"80 Tin And Articles Thereof","Indonesia","All Country Subcodes","All Rate Provisions","All Districts","2019","93133477","93133477","","","","","61"
"74 Copper And Articles Thereof","Japan","All Country Subcodes","All Rate Provisions","All Districts","2018","270128259","262372727","","","","","7356"
"74 Copper And Articles Thereof","Indonesia","All Country Subcodes","All Rate Provisions","All Districts","2016","11173426","11173426","","","","","862"
"80 Tin And Articles Thereof","Japan","All Country Subcodes","All Rate Provisions","All Districts","2019","15205640","13800826","","","","","548"
"76 Aluminum And Articles Thereof","Brunei","All Country Subcodes","All Rate Provisions","All Districts","2019","6511","6511","","","","","1"
"75 Nickel And Articles Thereof","Korea, South","All Country Subcodes","All Rate Provisions","All Districts","2015","13104283","13104283","","","","","249"
"76 Aluminum And Articles Thereof","Malaysia","All Country Subcodes","All Rate Provisions","All Districts","2014","34534028","34531506","","","","","1270"
"76 Aluminum And Articles Thereof","Macau","All Country Subcodes","All Rate Provisions","All Districts","2014","2168","2168","","","","","1"
"76 Aluminum And Articles Thereof","Vietnam","All Country Subcodes","All Rate Provisions","All Districts","2017","111558303","111537857","","","","","3831"
"74 Copper And Articles Thereof","Hong Kong","All Country Subcodes","All Rate Provisions","All Districts","2014","4031411","4018434","","","","","210"
"80 Tin And Articles Thereof","Philippines","All Country Subcodes","All Rate Provisions","All Districts","2020","113672","113672","","","","","7"
"76 Aluminum And Articles Thereof","Vietnam","All Country Subcodes","All Rate Provisions","All Districts","2016","83394791","83375954","","","","","2991"
"80 Tin And Articles Thereof","Korea, South","All Country Subcodes","All Rate Provisions","All Districts","2014","576921","576921","","","","","55"
"74 Copper And Articles Thereof","Hong Kong","All Country Subcodes","All Rate Provisions","All Districts","2011","7183139","7177859","","","","","205"
"76 Aluminum And Articles Thereof","Singapore","All Country Subcodes","All Rate Provisions","All Districts","2015","20700926","20689610","","","","","528"
"76 Aluminum And Articles Thereof","Philippines","All Country Subcodes","All Rate Provisions","All Districts","2017","10255163","10255163","","","","","240"
"76 Aluminum And Articles Thereof","Singapore","All Country Subcodes","All Rate Provisions","All Districts","2014","9880673","9880673","","","","","495"
"74 Copper And Articles Thereof","Philippines","All Country Subcodes","All Rate Provisions","All Districts","2012","4067668","4067668","","","","","109"
"75 Nickel And Articles Thereof","Hong Kong","All Country Subcodes","All Rate Provisions","All Districts","2019","130277","130277","","","","","3"
"76 Aluminum And Articles Thereof","Cambodia","All Country Subcodes","All Rate Provisions","All Districts","2018","11054708","11117429","","","","","2005"
"76 Aluminum And Articles Thereof","Hong Kong","All Country Subcodes","All Rate Provisions","All Districts","2015","27941433","27637789","","","","","1084"
"75 Nickel And Articles Thereof","Japan","All Country Subcodes","All Rate Provisions","All Districts","2018","121148255","122032945","","","","","1447"
"74 Copper And Articles Thereof","Hong Kong","All Country Subcodes","All Rate Provisions","All Districts","2019","2759841","2738828","","","","","142"
"75 Nickel And Articles Thereof","Hong Kong","All Country Subcodes","All Rate Provisions","All Districts","2017","608286","608286","","","","","10"
"76 Aluminum And Articles Thereof","Mongolia","All Country Subcodes","All Rate Provisions","All Districts","2014","2484","2484","","","","","1"
"76 Aluminum And Articles Thereof","Thailand","All Country Subcodes","All Rate Provisions","All Districts","2012","233152926","232138784","","","","","3531"
"80 Tin And Articles Thereof","Vietnam","All Country Subcodes","All Rate Provisions","All Districts","2014","203526","203526","","","","","17"
"76 Aluminum And Articles Thereof","Philippines","All Country Subcodes","All Rate Provisions","All Districts","2014","1822107","978267","","","","","131"
"74 Copper And Articles Thereof","Korea, South","All Country Subcodes","All Rate Provisions","All Districts","2011","281302397","279397182","","","","","3262"
"74 Copper And Articles Thereof","Korea, South","All Country Subcodes","All Rate Provisions","All Districts","2013","301598837","301479987","","","","","3834"
"80 Tin And Articles Thereof","Indonesia","All Country Subcodes","All Rate Provisions","All Districts","2015","72033419","72033419","","","","","84"
"76 Aluminum And Articles Thereof","Taiwan","All Country Subcodes","All Rate Provisions","All Districts","2018","309106526","308282657","","","","","15166"
"80 Tin And Articles Thereof","Malaysia","All Country Subcodes","All Rate Provisions","All Districts","2014","135209786","135209786","","","","","84"
"74 Copper And Articles Thereof","Indonesia","All Country Subcodes","All Rate Provisions","All Districts","2012","10738778","10738778","","","","","588"
"75 Nickel And Articles Thereof","Vietnam","All Country Subcodes","All Rate Provisions","All Districts","2018","64051","59657","","","","","17"
"76 Aluminum And Articles Thereof","Burma","All Country Subcodes","All Rate Provisions","All Districts","2020","4702394","4702394","","","","","118"
"75 Nickel And Articles Thereof","Korea, South","All Country Subcodes","All Rate Provisions","All Districts","2020","4632721","4635899","","","","","155"
"76 Aluminum And Articles Thereof","Taiwan","All Country Subcodes","All Rate Provisions","All Districts","2019","351514436","349742948","","","","","16558"
"75 Nickel And Articles Thereof","Korea, South","All Country Subcodes","All Rate Provisions","All Districts","2014","31702453","31702453","","","","","262"
"74 Copper And Articles Thereof","Malaysia","All Country Subcodes","All Rate Provisions","All Districts","2019","22902488","22902488","","","","","469"
"76 Aluminum And Articles Thereof","Malaysia","All Country Subcodes","All Rate Provisions","All Districts","2017","51058151","50816845","","","","","2717"
"80 Tin And Articles Thereof","Philippines","All Country Subcodes","All Rate Provisions","All Districts","2013","620167","620167","","","","","29"
"74 Copper And Articles Thereof","Japan","All Country Subcodes","All Rate Provisions","All Districts","2017","212419611","184428980","","","","","5614"
"74 Copper And Articles Thereof","Philippines","All Country Subcodes","All Rate Provisions","All Districts","2015","1737567","1737567","","","","","106"
"74 Copper And Articles Thereof","Japan","All Country Subcodes","All Rate Provisions","All Districts","2015","160605342","159835089","","","","","5707"
"74 Copper And Articles Thereof","Taiwan","All Country Subcodes","All Rate Provisions","All Districts","2020","188533836","188492548","","","","","14347"
"75 Nickel And Articles Thereof","Hong Kong","All Country Subcodes","All Rate Provisions","All Districts","2012","37400","37400","","","","","2"
"76 Aluminum And Articles Thereof","Japan","All Country Subcodes","All Rate Provisions","All Districts","2012","156711604","117909115","","","","","4817"
"74 Copper And Articles Thereof","Burma","All Country Subcodes","All Rate Provisions","All Districts","2017","5000","5000","","","","","1"
"74 Copper And Articles Thereof","Hong Kong","All Country Subcodes","All Rate Provisions","All Districts","2012","11247013","11247013","","","","","251"
"80 Tin And Articles Thereof","Philippines","All Country Subcodes","All Rate Provisions","All Districts","2012","436357","436357","","","","","38"
"74 Copper And Articles Thereof","Korea, South","All Country Subcodes","All Rate Provisions","All Districts","2015","254282588","253796013","","","","","5046"
"74 Copper And Articles Thereof","Taiwan","All Country Subcodes","All Rate Provisions","All Districts","2012","165435769","165379863","","","","","11630"
"80 Tin And Articles Thereof","Indonesia","All Country Subcodes","All Rate Provisions","All Districts","2020","145253491","148352793","","","","","119"
"76 Aluminum And Articles Thereof","Philippines","All Country Subcodes","All Rate Provisions","All Districts","2013","3992359","3061299","","","","","144"
"76 Aluminum And Articles Thereof","Korea, South","All Country Subcodes","All Rate Provisions","All Districts","2019","376247475","372550710","","","","","8531"
"74 Copper And Articles Thereof","Vietnam","All Country Subcodes","All Rate Provisions","All Districts","2019","187992369","187890436","","","","","1728"
"74 Copper And Articles Thereof","Vietnam","All Country Subcodes","All Rate Provisions","All Districts","2012","51297348","51297348","","","","","591"
"74 Copper And Articles Thereof","Burma","All Country Subcodes","All Rate Provisions","All Districts","2019","50553","50553","","","","","2"
"80 Tin And Articles Thereof","Indonesia","All Country Subcodes","All Rate Provisions","All Districts","2011","89641089","89641089","","","","","111"
"80 Tin And Articles Thereof","Korea, South","All Country Subcodes","All Rate Provisions","All Districts","2015","159036","159036","","","","","25"
"75 Nickel And Articles Thereof","Korea, South","All Country Subcodes","All Rate Provisions","All Districts","2013","25396008","25364424","","","","","183"
"74 Copper And Articles Thereof","Japan","All Country Subcodes","All Rate Provisions","All Districts","2016","125012555","123605829","","","","","4949"
"76 Aluminum And Articles Thereof","Korea, South","All Country Subcodes","All Rate Provisions","All Districts","2020","302659880","300563743","","","","","7956"
"74 Copper And Articles Thereof","Indonesia","All Country Subcodes","All Rate Provisions","All Districts","2018","12287655","12287655","","","","","830"
"80 Tin And Articles Thereof","Indonesia","All Country Subcodes","All Rate Provisions","All Districts","2014","158557670","169971227","","","","","164"
"75 Nickel And Articles Thereof","Singapore","All Country Subcodes","All Rate Provisions","All Districts","2016","5938460","5938460","","","","","146"
"80 Tin And Articles Thereof","Indonesia","All Country Subcodes","All Rate Provisions","All Districts","2017","180457066","179437713","","","","","208"
"74 Copper And Articles Thereof","Vietnam","All Country Subcodes","All Rate Provisions","All Districts","2016","84213242","84285248","","","","","1331"
"80 Tin And Articles Thereof","Taiwan","All Country Subcodes","All Rate Provisions","All Districts","2016","1782816","1782816","","","","","150"
"76 Aluminum And Articles Thereof","Korea, South","All Country Subcodes","All Rate Provisions","All Districts","2013","135758536","124714080","","","","","4019"
"75 Nickel And Articles Thereof","Taiwan","All Country Subcodes","All Rate Provisions","All Districts","2019","33607065","34246982","","","","","2521"
"76 Aluminum And Articles Thereof","Macau","All Country Subcodes","All Rate Provisions","All Districts","2019","70462","70462","","","","","13"
"75 Nickel And Articles Thereof","Thailand","All Country Subcodes","All Rate Provisions","All Districts","2015","29500","29500","","","","","1"
"76 Aluminum And Articles Thereof","Malaysia","All Country Subcodes","All Rate Provisions","All Districts","2015","43511578","43511578","","","","","2335"
"80 Tin And Articles Thereof","Taiwan","All Country Subcodes","All Rate Provisions","All Districts","2019","2368964","2368964","","","","","162"
"76 Aluminum And Articles Thereof","Indonesia","All Country Subcodes","All Rate Provisions","All Districts","2016","112075753","112025263","","","","","2687"
"75 Nickel And Articles Thereof","Korea, South","All Country Subcodes","All Rate Provisions","All Districts","2018","10051783","10051786","","","","","272"
"74 Copper And Articles Thereof","Korea, South","All Country Subcodes","All Rate Provisions","All Districts","2014","317694418","317620651","","","","","4030"
"76 Aluminum And Articles Thereof","Korea, South","All Country Subcodes","All Rate Provisions","All Districts","2015","200896348","199831867","","","","","4527"
"76 Aluminum And Articles Thereof","Burma","All Country Subcodes","All Rate Provisions","All Districts","2018","2567895","2567895","","","","","19"
"74 Copper And Articles Thereof","Brunei","All Country Subcodes","All Rate Provisions","All Districts","2011","12067","12067","","","","","1"
"74 Copper And Articles Thereof","Thailand","All Country Subcodes","All Rate Provisions","All Districts","2016","42739117","42726753","","","","","1718"
"75 Nickel And Articles Thereof","Malaysia","All Country Subcodes","All Rate Provisions","All Districts","2017","554274","554274","","","","","30"
"75 Nickel And Articles Thereof","Taiwan","All Country Subcodes","All Rate Provisions","All Districts","2017","19554918","19541954","","","","","1507"
"76 Aluminum And Articles Thereof","Burma","All Country Subcodes","All Rate Provisions","All Districts","2019","2502430","2502430","","","","","29"
"76 Aluminum And Articles Thereof","Thailand","All Country Subcodes","All Rate Provisions","All Districts","2019","294395388","294367037","","","","","5195"
"74 Copper And Articles Thereof","Malaysia","All Country Subcodes","All Rate Provisions","All Districts","2020","20031609","20031609","","","","","493"
"75 Nickel And Articles Thereof","Malaysia","All Country Subcodes","All Rate Provisions","All Districts","2013","318066","318066","","","","","33"
"76 Aluminum And Articles Thereof","Cambodia","All Country Subcodes","All Rate Provisions","All Districts","2015","630411","630411","","","","","43"
"74 Copper And Articles Thereof","Korea, South","All Country Subcodes","All Rate Provisions","All Districts","2016","179151281","178984622","","","","","4603"
"75 Nickel And Articles Thereof","Japan","All Country Subcodes","All Rate Provisions","All Districts","2013","68933168","65426224","","","","","1032"
"75 Nickel And Articles Thereof","Philippines","All Country Subcodes","All Rate Provisions","All Districts","2016","3995","3995","","","","","1"
"74 Copper And Articles Thereof","Vietnam","All Country Subcodes","All Rate Provisions","All Districts","2018","150754539","150641203","","","","","1126"
"75 Nickel And Articles Thereof","Singapore","All Country Subcodes","All Rate Provisions","All Districts","2018","16659434","16666333","","","","","264"
"74 Copper And Articles Thereof","Cambodia","All Country Subcodes","All Rate Provisions","All Districts","2015","4985","4985","","","","","1"
"76 Aluminum And Articles Thereof","Vietnam","All Country Subcodes","All Rate Provisions","All Districts","2020","207849523","207707386","","","","","9199"
"74 Copper And Articles Thereof","Philippines","All Country Subcodes","All Rate Provisions","All Districts","2013","2547926","2538322","","","","","135"
"80 Tin And Articles Thereof","Thailand","All Country Subcodes","All Rate Provisions","All Districts","2012","39309945","39309945","","","","","89"
"76 Aluminum And Articles Thereof","Taiwan","All Country Subcodes","All Rate Provisions","All Districts","2012","128341095","127770181","","","","","8219"
"80 Tin And Articles Thereof","Hong Kong","All Country Subcodes","All Rate Provisions","All Districts","2020","91296","91296","","","","","5"
"74 Copper And Articles Thereof","Taiwan","All Country Subcodes","All Rate Provisions","All Districts","2016","159574746","158370829","","","","","13538"
"76 Aluminum And Articles Thereof","Indonesia","All Country Subcodes","All Rate Provisions","All Districts","2015","211977464","211938559","","","","","2777"
"76 Aluminum And Articles Thereof","Hong Kong","All Country Subcodes","All Rate Provisions","All Districts","2018","38490013","37698083","","","","","1962"
"75 Nickel And Articles Thereof","Vietnam","All Country Subcodes","All Rate Provisions","All Districts","2015","23611","23611","","","","","4"
"75 Nickel And Articles Thereof","Malaysia","All Country Subcodes","All Rate Provisions","All Districts","2020","2359360","2359360","","","","","142"
"74 Copper And Articles Thereof","Thailand","All Country Subcodes","All Rate Provisions","All Districts","2018","53295024","53297789","","","","","1928"
"75 Nickel And Articles Thereof","Thailand","All Country Subcodes","All Rate Provisions","All Districts","2020","240180","240180","","","","","8"
"80 Tin And Articles Thereof","Japan","All Country Subcodes","All Rate Provisions","All Districts","2018","8951400","7777420","","","","","438"
"75 Nickel And Articles Thereof","Thailand","All Country Subcodes","All Rate Provisions","All Districts","2014","25768","25768","","","","","2"
"76 Aluminum And Articles Thereof","Hong Kong","All Country Subcodes","All Rate Provisions","All Districts","2019","31841365","31191538","","","","","2256"
"74 Copper And Articles Thereof","Malaysia","All Country Subcodes","All Rate Provisions","All Districts","2015","29329316","29327043","","","","","515"
"76 Aluminum And Articles Thereof","Burma","All Country Subcodes","All Rate Provisions","All Districts","2016","2342920","2342920","","","","","22"
"76 Aluminum And Articles Thereof","Korea, South","All Country Subcodes","All Rate Provisions","All Districts","2012","146032338","137321853","","","","","4101"
"76 Aluminum And Articles Thereof","Singapore","All Country Subcodes","All Rate Provisions","All Districts","2011","21152712","21152712","","","","","520"
"80 Tin And Articles Thereof","Korea, South","All Country Subcodes","All Rate Provisions","All Districts","2016","208024","208024","","","","","29"
"80 Tin And Articles Thereof","Philippines","All Country Subcodes","All Rate Provisions","All Districts","2018","164474","164474","","","","","19"
"76 Aluminum And Articles Thereof","Philippines","All Country Subcodes","All Rate Provisions","All Districts","2015","3479859","3396239","","","","","165"
"75 Nickel And Articles Thereof","Hong Kong","All Country Subcodes","All Rate Provisions","All Districts","2016","3188492","3188492","","","","","15"
"74 Copper And Articles Thereof","Singapore","All Country Subcodes","All Rate Provisions","All Districts","2012","8875765","8875765","","","","","165"
"74 Copper And Articles Thereof","Indonesia","All Country Subcodes","All Rate Provisions","All Districts","2020","14409790","14409790","","","","","795"
"76 Aluminum And Articles Thereof","Thailand","All Country Subcodes","All Rate Provisions","All Districts","2017","253645658","253737631","","","","","5317"
"76 Aluminum And Articles Thereof","Taiwan","All Country Subcodes","All Rate Provisions","All Districts","2020","253019326","251832051","","","","","14351"
"74 Copper And Articles Thereof","Singapore","All Country Subcodes","All Rate Provisions","All Districts","2013","9415626","9393552","","","","","385"
"74 Copper And Articles Thereof","Vietnam","All Country Subcodes","All Rate Provisions","All Districts","2017","118697731","118504475","","","","","1442"
"80 Tin And Articles Thereof","Vietnam","All Country Subcodes","All Rate Provisions","All Districts","2018","179362","179362","","","","","21"
"75 Nickel And Articles Thereof","Philippines","All Country Subcodes","All Rate Provisions","All Districts","2017","68252","68252","","","","","7"
"75 Nickel And Articles Thereof","Vietnam","All Country Subcodes","All Rate Provisions","All Districts","2012","5741","5741","","","","","1"
"74 Copper And Articles Thereof","Korea, South","All Country Subcodes","All Rate Provisions","All Districts","2019","246983389","247000170","","","","","4755"
"76 Aluminum And Articles Thereof","Brunei","All Country Subcodes","All Rate Provisions","All Districts","2020","453544","453544","","","","","10"
"75 Nickel And Articles Thereof","Indonesia","All Country Subcodes","All Rate Provisions","All Districts","2014","20218093","20218093","","","","","325"
"80 Tin And Articles Thereof","Hong Kong","All Country Subcodes","All Rate Provisions","All Districts","2011","667316","667316","","","","","38"
"75 Nickel And Articles Thereof","Malaysia","All Country Subcodes","All Rate Provisions","All Districts","2019","1414513","1414513","","","","","102"
"74 Copper And Articles Thereof","Vietnam","All Country Subcodes","All Rate Provisions","All Districts","2020","258844668","258590441","","","","","2761"
"75 Nickel And Articles Thereof","Macau","All Country Subcodes","All Rate Provisions","All Districts","2018","3545","3545","","","","","1"
"75 Nickel And Articles Thereof","Hong Kong","All Country Subcodes","All Rate Provisions","All Districts","2020","106267","106267","","","","","3"
"76 Aluminum And Articles Thereof","Thailand","All Country Subcodes","All Rate Provisions","All Districts","2016","265719331","265859638","","","","","5260"
"76 Aluminum And Articles Thereof","Malaysia","All Country Subcodes","All Rate Provisions","All Districts","2011","50699152","50606881","","","","","1972"
"74 Copper And Articles Thereof","Thailand","All Country Subcodes","All Rate Provisions","All Districts","2017","46077901","45958279","","","","","1806"
"74 Copper And Articles Thereof","Thailand","All Country Subcodes","All Rate Provisions","All Districts","2014","62896418","62839091","","","","","1701"
"80 Tin And Articles Thereof","Korea, South","All Country Subcodes","All Rate Provisions","All Districts","2012","1164793","1164793","","","","","96"
"80 Tin And Articles Thereof","Hong Kong","All Country Subcodes","All Rate Provisions","All Districts","2016","321354","306504","","","","","37"
"75 Nickel And Articles Thereof","Philippines","All Country Subcodes","All Rate Provisions","All Districts","2019","16739","16739","","","","","7"
"80 Tin And Articles Thereof","Singapore","All Country Subcodes","All Rate Provisions","All Districts","2017","827280","827280","","","","","3"
"75 Nickel And Articles Thereof","Singapore","All Country Subcodes","All Rate Provisions","All Districts","2014","11425072","11425072","","","","","215"
"76 Aluminum And Articles Thereof","Thailand","All Country Subcodes","All Rate Provisions","All Districts","2015","269696297","269608310","","","","","5941"
"80 Tin And Articles Thereof","Malaysia","All Country Subcodes","All Rate Provisions","All Districts","2012","96328694","96328694","","","","","65"
"75 Nickel And Articles Thereof","Taiwan","All Country Subcodes","All Rate Provisions","All Districts","2016","24791510","24797511","","","","","1260"
"80 Tin And Articles Thereof","Korea, South","All Country Subcodes","All Rate Provisions","All Districts","2017","174199","174199","","","","","25"
"75 Nickel And Articles Thereof","Korea, South","All Country Subcodes","All Rate Provisions","All Districts","2011","4267444","4267444","","","","","90"
"80 Tin And Articles Thereof","Thailand","All Country Subcodes","All Rate Provisions","All Districts","2018","9359550","9359550","","","","","56"
"74 Copper And Articles Thereof","Hong Kong","All Country Subcodes","All Rate Provisions","All Districts","2017","9515458","9515458","","","","","353"
"80 Tin And Articles Thereof","Japan","All Country Subcodes","All Rate Provisions","All Districts","2011","16698468","16698468","","","","","434"
"80 Tin And Articles Thereof","Japan","All Country Subcodes","All Rate Provisions","All Districts","2017","4564105","4559252","","","","","257"
"80 Tin And Articles Thereof","Thailand","All Country Subcodes","All Rate Provisions","All Districts","2019","12804465","12804465","","","","","70"
"80 Tin And Articles Thereof","Japan","All Country Subcodes","All Rate Provisions","All Districts","2015","6008116","6008116","","","","","229"
"74 Copper And Articles Thereof","Malaysia","All Country Subcodes","All Rate Provisions","All Districts","2011","103977109","103977109","","","","","840"
"76 Aluminum And Articles Thereof","Indonesia","All Country Subcodes","All Rate Provisions","All Districts","2013","178224040","178191656","","","","","2081"
"80 Tin And Articles Thereof","Indonesia","All Country Subcodes","All Rate Provisions","All Districts","2016","129288990","128217745","","","","","127"
"76 Aluminum And Articles Thereof","Philippines","All Country Subcodes","All Rate Provisions","All Districts","2012","1010828","952325","","","","","89"
"76 Aluminum And Articles Thereof","Taiwan","All Country Subcodes","All Rate Provisions","All Districts","2015","137156085","136224002","","","","","9510"
"75 Nickel And Articles Thereof","Japan","All Country Subcodes","All Rate Provisions","All Districts","2012","74870863","73707679","","","","","1162"
"74 Copper And Articles Thereof","Malaysia","All Country Subcodes","All Rate Provisions","All Districts","2012","74862047","74862047","","","","","690"
"76 Aluminum And Articles Thereof","Taiwan","All Country Subcodes","All Rate Provisions","All Districts","2016","158834426","157948148","","","","","10410"
"74 Copper And Articles Thereof","Macau","All Country Subcodes","All Rate Provisions","All Districts","2012","14456","14456","","","","","1"
"74 Copper And Articles Thereof","Korea, South","All Country Subcodes","All Rate Provisions","All Districts","2020","270324819","269900186","","","","","4251"
"76 Aluminum And Articles Thereof","Malaysia","All Country Subcodes","All Rate Provisions","All Districts","2019","110009955","109739755","","","","","2785"
"74 Copper And Articles Thereof","Cambodia","All Country Subcodes","All Rate Provisions","All Districts","2013","2340","2340","","","","","1"
"80 Tin And Articles Thereof","Philippines","All Country Subcodes","All Rate Provisions","All Districts","2016","490437","490437","","","","","38"
"76 Aluminum And Articles Thereof","Taiwan","All Country Subcodes","All Rate Provisions","All Districts","2013","123996096","123208487","","","","","8514"
"74 Copper And Articles Thereof","Singapore","All Country Subcodes","All Rate Provisions","All Districts","2016","8635909","8635909","","","","","261"
"80 Tin And Articles Thereof","Hong Kong","All Country Subcodes","All Rate Provisions","All Districts","2014","465155","465155","","","","","29"
"74 Copper And Articles Thereof","Indonesia","All Country Subcodes","All Rate Provisions","All Districts","2014","14920177","14920177","","","","","852"
"80 Tin And Articles Thereof","Singapore","All Country Subcodes","All Rate Provisions","All Districts","2014","7845597","7845597","","","","","5"
"74 Copper And Articles Thereof","Indonesia","All Country Subcodes","All Rate Provisions","All Districts","2017","11814437","11814437","","","","","838"
"75 Nickel And Articles Thereof","Thailand","All Country Subcodes","All Rate Provisions","All Districts","2013","17064","17064","","","","","2"
"76 Aluminum And Articles Thereof","Malaysia","All Country Subcodes","All Rate Provisions","All Districts","2012","46642448","46645052","","","","","1507"
"74 Copper And Articles Thereof","Japan","All Country Subcodes","All Rate Provisions","All Districts","2020","214657881","201618253","","","","","4451"
"74 Copper And Articles Thereof","Malaysia","All Country Subcodes","All Rate Provisions","All Districts","2017","24014268","24017323","","","","","460"
"80 Tin And Articles Thereof","Singapore","All Country Subcodes","All Rate Provisions","All Districts","2019","6252","6252","","","","","2"
"80 Tin And Articles Thereof","Vietnam","All Country Subcodes","All Rate Provisions","All Districts","2017","188634","188634","","","","","25"
"76 Aluminum And Articles Thereof","Macau","All Country Subcodes","All Rate Provisions","All Districts","2018","238804","238804","","","","","10"
"74 Copper And Articles Thereof","Taiwan","All Country Subcodes","All Rate Provisions","All Districts","2011","152173070","152143776","","","","","10783"
"76 Aluminum And Articles Thereof","Thailand","All Country Subcodes","All Rate Provisions","All Districts","2014","228703590","227933989","","","","","5013"
"80 Tin And Articles Thereof","Vietnam","All Country Subcodes","All Rate Provisions","All Districts","2013","207037","207037","","","","","15"
"74 Copper And Articles Thereof","Singapore","All Country Subcodes","All Rate Provisions","All Districts","2017","11219775","11219775","","","","","510"
"76 Aluminum And Articles Thereof","Malaysia","All Country Subcodes","All Rate Provisions","All Districts","2018","83963562","84213915","","","","","2508"
"75 Nickel And Articles Thereof","Japan","All Country Subcodes","All Rate Provisions","All Districts","2016","87161792","86690376","","","","","1275"
"76 Aluminum And Articles Thereof","Vietnam","All Country Subcodes","All Rate Provisions","All Districts","2018","144365753","144148743","","","","","5021"
"76 Aluminum And Articles Thereof","Macau","All Country Subcodes","All Rate Provisions","All Districts","2017","27838","27838","","","","","1"
"74 Copper And Articles Thereof","Philippines","All Country Subcodes","All Rate Provisions","All Districts","2014","2335905","2335905","","","","","107"
"74 Copper And Articles Thereof","Thailand","All Country Subcodes","All Rate Provisions","All Districts","2012","63892740","63780922","","","","","1528"
"76 Aluminum And Articles Thereof","Japan","All Country Subcodes","All Rate Provisions","All Districts","2011","176740889","132461308","","","","","4561"
"75 Nickel And Articles Thereof","Malaysia","All Country Subcodes","All Rate Provisions","All Districts","2016","374006","374006","","","","","32"
"76 Aluminum And Articles Thereof","Mongolia","All Country Subcodes","All Rate Provisions","All Districts","2018","13288","13288","","","","","1"
"76 Aluminum And Articles Thereof","Malaysia","All Country Subcodes","All Rate Provisions","All Districts","2013","32817526","32804740","","","","","1308"
"75 Nickel And Articles Thereof","Indonesia","All Country Subcodes","All Rate Provisions","All Districts","2013","10182441","10182441","","","","","127"
"76 Aluminum And Articles Thereof","Philippines","All Country Subcodes","All Rate Provisions","All Districts","2011","2230609","1924329","","","","","130"
"76 Aluminum And Articles Thereof","Maldives","All Country Subcodes","All Rate Provisions","All Districts","2014","3631","3631","","","","","1"
"80 Tin And Articles Thereof","Malaysia","All Country Subcodes","All Rate Provisions","All Districts","2018","158505981","158505981","","","","","141"
"76 Aluminum And Articles Thereof","Korea, South","All Country Subcodes","All Rate Provisions","All Districts","2014","212042530","209840949","","","","","4212"
"75 Nickel And Articles Thereof","Philippines","All Country Subcodes","All Rate Provisions","All Districts","2018","61426","61426","","","","","11"
"74 Copper And Articles Thereof","Hong Kong","All Country Subcodes","All Rate Provisions","All Districts","2016","5750874","5740796","","","","","333"
"75 Nickel And Articles Thereof","Taiwan","All Country Subcodes","All Rate Provisions","All Districts","2013","48766699","48754033","","","","","633"
"76 Aluminum And Articles Thereof","Hong Kong","All Country Subcodes","All Rate Provisions","All Districts","2020","13046512","12863303","","","","","1016"
"76 Aluminum And Articles Thereof","Hong Kong","All Country Subcodes","All Rate Provisions","All Districts","2016","37638211","37577622","","","","","1301"
"74 Copper And Articles Thereof","Thailand","All Country Subcodes","All Rate Provisions","All Districts","2011","70390740","70375659","","","","","1956"
"76 Aluminum And Articles Thereof","Japan","All Country Subcodes","All Rate Provisions","All Districts","2017","285735579","203036856","","","","","6447"
"76 Aluminum And Articles Thereof","Japan","All Country Subcodes","All Rate Provisions","All Districts","2015","258416274","180760747","","","","","7014"
"76 Aluminum And Articles Thereof","Taiwan","All Country Subcodes","All Rate Provisions","All Districts","2011","124340102","123542299","","","","","7902"
"74 Copper And Articles Thereof","Hong Kong","All Country Subcodes","All Rate Provisions","All Districts","2018","16645953","16681188","","","","","494"
"76 Aluminum And Articles Thereof","Indonesia","All Country Subcodes","All Rate Provisions","All Districts","2020","111145441","111499081","","","","","3907"
"76 Aluminum And Articles Thereof","Japan","All Country Subcodes","All Rate Provisions","All Districts","2019","282772717","245066473","","","","","6892"
"76 Aluminum And Articles Thereof","Cambodia","All Country Subcodes","All Rate Provisions","All Districts","2016","1393229","1393229","","","","","116"
"74 Copper And Articles Thereof","Vietnam","All Country Subcodes","All Rate Provisions","All Districts","2014","53182291","53182291","","","","","708"
"74 Copper And Articles Thereof","Taiwan","All Country Subcodes","All Rate Provisions","All Districts","2017","177942098","177619247","","","","","13796"
"80 Tin And Articles Thereof","Hong Kong","All Country Subcodes","All Rate Provisions","All Districts","2013","794963","794963","","","","","33"
"75 Nickel And Articles Thereof","Singapore","All Country Subcodes","All Rate Provisions","All Districts","2015","5215232","5215232","","","","","191"
"76 Aluminum And Articles Thereof","Hong Kong","All Country Subcodes","All Rate Provisions","All Districts","2014","24968812","24941616","","","","","878"
"80 Tin And Articles Thereof","Singapore","All Country Subcodes","All Rate Provisions","All Districts","2011","17223609","17223609","","","","","9"
"74 Copper And Articles Thereof","Philippines","All Country Subcodes","All Rate Provisions","All Districts","2016","991592","991592","","","","","99"
"80 Tin And Articles Thereof","Indonesia","All Country Subcodes","All Rate Provisions","All Districts","2018","189529248","189703347","","","","","186"
"80 Tin And Articles Thereof","Taiwan","All Country Subcodes","All Rate Provisions","All Districts","2015","706578","706578","","","","","74"
"74 Copper And Articles Thereof","Singapore","All Country Subcodes","All Rate Provisions","All Districts","2011","7336595","7336595","","","","","133"
"74 Copper And Articles Thereof","Malaysia","All Country Subcodes","All Rate Provisions","All Districts","2014","40037976","40037976","","","","","589"
"75 Nickel And Articles Thereof","Indonesia","All Country Subcodes","All Rate Provisions","All Districts","2012","9898532","9898532","","","","","130"
"75 Nickel And Articles Thereof","Singapore","All Country Subcodes","All Rate Provisions","All Districts","2013","7922250","7922250","","","","","233"
"74 Copper And Articles Thereof","Laos","All Country Subcodes","All Rate Provisions","All Districts","2014","5040","5040","","","","","1"
"80 Tin And Articles Thereof","Indonesia","All Country Subcodes","All Rate Provisions","All Districts","2013","139014274","130761355","","","","","144"
"76 Aluminum And Articles Thereof","Hong Kong","All Country Subcodes","All Rate Provisions","All Districts","2013","22958166","22861674","","","","","932"
"80 Tin And Articles Thereof","Malaysia","All Country Subcodes","All Rate Provisions","All Districts","2013","93523687","93523687","","","","","56"
"76 Aluminum And Articles Thereof","Malaysia","All Country Subcodes","All Rate Provisions","All Districts","2016","47900069","47900666","","","","","2294"
"75 Nickel And Articles Thereof","Taiwan","All Country Subcodes","All Rate Provisions","All Districts","2011","17513117","17513117","","","","","366"
"80 Tin And Articles Thereof","Philippines","All Country Subcodes","All Rate Provisions","All Districts","2014","916649","916649","","","","","52"
"80 Tin And Articles Thereof","Vietnam","All Country Subcodes","All Rate Provisions","All Districts","2020","239568","239568","","","","","21"
"75 Nickel And Articles Thereof","Vietnam","All Country Subcodes","All Rate Provisions","All Districts","2020","66611","57822","","","","","17"
"74 Copper And Articles Thereof","Thailand","All Country Subcodes","All Rate Provisions","All Districts","2013","65608827","65580298","","","","","1566"
"74 Copper And Articles Thereof","Cambodia","All Country Subcodes","All Rate Provisions","All Districts","2020","25217","25217","","","","","4"
"75 Nickel And Articles Thereof","Taiwan","All Country Subcodes","All Rate Provisions","All Districts","2020","27356230","27568504","","","","","1751"
"74 Copper And Articles Thereof","Indonesia","All Country Subcodes","All Rate Provisions","All Districts","2019","14399392","14399392","","","","","835"
"75 Nickel And Articles Thereof","Japan","All Country Subcodes","All Rate Provisions","All Districts","2015","110382709","112737915","","","","","1225"
"76 Aluminum And Articles Thereof","Vietnam","All Country Subcodes","All Rate Provisions","All Districts","2011","19097562","19066312","","","","","849"
"74 Copper And Articles Thereof","Singapore","All Country Subcodes","All Rate Provisions","All Districts","2020","15211474","15211474","","","","","311"
"80 Tin And Articles Thereof","Thailand","All Country Subcodes","All Rate Provisions","All Districts","2016","7865411","7865411","","","","","57"
"76 Aluminum And Articles Thereof","Singapore","All Country Subcodes","All Rate Provisions","All Districts","2013","21970013","21970013","","","","","483"
"76 Aluminum And Articles Thereof","Burma","All Country Subcodes","All Rate Provisions","All Districts","2017","2934466","2934466","","","","","23"
"80 Tin And Articles Thereof","Taiwan","All Country Subcodes","All Rate Provisions","All Districts","2018","4275806","4275806","","","","","177"
"76 Aluminum And Articles Thereof","Taiwan","All Country Subcodes","All Rate Provisions","All Districts","2017","225066699","224660367","","","","","12077"
"75 Nickel And Articles Thereof","Vietnam","All Country Subcodes","All Rate Provisions","All Districts","2014","94769","94769","","","","","4"
"75 Nickel And Articles Thereof","Indonesia","All Country Subcodes","All Rate Provisions","All Districts","2018","9279414","9279414","","","","","158"
"76 Aluminum And Articles Thereof","Indonesia","All Country Subcodes","All Rate Provisions","All Districts","2014","165670265","165578348","","","","","2903"
"76 Aluminum And Articles Thereof","Vietnam","All Country Subcodes","All Rate Provisions","All Districts","2019","177560169","177246945","","","","","6600"
"75 Nickel And Articles Thereof","Indonesia","All Country Subcodes","All Rate Provisions","All Districts","2016","11102371","11102371","","","","","200"
"74 Copper And Articles Thereof","Japan","All Country Subcodes","All Rate Provisions","All Districts","2014","201463016","201083836","","","","","5237"
"76 Aluminum And Articles Thereof","Cambodia","All Country Subcodes","All Rate Provisions","All Districts","2017","2701238","2927700","","","","","321"
"74 Copper And Articles Thereof","Indonesia","All Country Subcodes","All Rate Provisions","All Districts","2015","12791667","12791667","","","","","812"
"75 Nickel And Articles Thereof","Thailand","All Country Subcodes","All Rate Provisions","All Districts","2012","89752","89752","","","","","7"
"74 Copper And Articles Thereof","Vietnam","All Country Subcodes","All Rate Provisions","All Districts","2015","46445339","46311946","","","","","710"
"76 Aluminum And Articles Thereof","Macau","All Country Subcodes","All Rate Provisions","All Districts","2011","2429","2429","","","","","1"
"75 Nickel And Articles Thereof","Japan","All Country Subcodes","All Rate Provisions","All Districts","2011","66908248","66491271","","","","","1091"
"74 Copper And Articles Thereof","Taiwan","All Country Subcodes","All Rate Provisions","All Districts","2013","167170720","167007297","","","","","12224"
"74 Copper And Articles Thereof","Korea, South","All Country Subcodes","All Rate Provisions","All Districts","2018","239607910","239437149","","","","","5008"
"80 Tin And Articles Thereof","Malaysia","All Country Subcodes","All Rate Provisions","All Districts","2017","146826602","146826602","","","","","118"
"76 Aluminum And Articles Thereof","Cambodia","All Country Subcodes","All Rate Provisions","All Districts","2020","8514931","8514931","","","","","1604"
"75 Nickel And Articles Thereof","Singapore","All Country Subcodes","All Rate Provisions","All Districts","2019","22105986","22142448","","","","","243"
"74 Copper And Articles Thereof","Philippines","All Country Subcodes","All Rate Provisions","All Districts","2019","1578023","1642964","","","","","185"
"80 Tin And Articles Thereof","Taiwan","All Country Subcodes","All Rate Provisions","All Districts","2014","1150232","1150232","","","","","106"
"74 Copper And Articles Thereof","Japan","All Country Subcodes","All Rate Provisions","All Districts","2012","173821099","172064719","","","","","5205"
"76 Aluminum And Articles Thereof","Indonesia","All Country Subcodes","All Rate Provisions","All Districts","2017","209466628","209381606","","","","","3475"
"74 Copper And Articles Thereof","Taiwan","All Country Subcodes","All Rate Provisions","All Districts","2018","203814034","203832999","","","","","13832"
"74 Copper And Articles Thereof","Vietnam","All Country Subcodes","All Rate Provisions","All Districts","2011","60658903","60658903","","","","","521"
"74 Copper And Articles Thereof","Singapore","All Country Subcodes","All Rate Provisions","All Districts","2015","7846457","7846457","","","","","250"
"80 Tin And Articles Thereof","Korea, South","All Country Subcodes","All Rate Provisions","All Districts","2019","253123","253123","","","","","18"
"76 Aluminum And Articles Thereof","Indonesia","All Country Subcodes","All Rate Provisions","All Districts","2011","253435577","253425930","","","","","2761"
"74 Copper And Articles Thereof","Thailand","All Country Subcodes","All Rate Provisions","All Districts","2015","52869291","52866645","","","","","1636"
"74 Copper And Articles Thereof","Burma","All Country Subcodes","All Rate Provisions","All Districts","2014","77111","77111","","","","","1"
"74 Copper And Articles Thereof","Taiwan","All Country Subcodes","All Rate Provisions","All Districts","2014","171610808","171324636","","","","","13043"
"80 Tin And Articles Thereof","Thailand","All Country Subcodes","All Rate Provisions","All Districts","2013","55613693","55613693","","","","","96"
"75 Nickel And Articles Thereof","Taiwan","All Country Subcodes","All Rate Provisions","All Districts","2012","38322777","38321808","","","","","501"
"75 Nickel And Articles Thereof","Indonesia","All Country Subcodes","All Rate Provisions","All Districts","2019","17214838","17214838","","","","","218"
"75 Nickel And Articles Thereof","Malaysia","All Country Subcodes","All Rate Provisions","All Districts","2015","1643764","1643764","","","","","73"
"80 Tin And Articles Thereof","Malaysia","All Country Subcodes","All Rate Provisions","All Districts","2015","167610935","169225549","","","","","98"
"80 Tin And Articles Thereof","Taiwan","All Country Subcodes","All Rate Provisions","All Districts","2011","2224139","2224139","","","","","202"
"80 Tin And Articles Thereof","Hong Kong","All Country Subcodes","All Rate Provisions","All Districts","2015","2786907","2756783","","","","","24"
"76 Aluminum And Articles Thereof","Singapore","All Country Subcodes","All Rate Provisions","All Districts","2019","6356757","6356757","","","","","617"
"74 Copper And Articles Thereof","Cambodia","All Country Subcodes","All Rate Provisions","All Districts","2012","6955","6955","","","","","1"
"80 Tin And Articles Thereof","Vietnam","All Country Subcodes","All Rate Provisions","All Districts","2012","128115","128115","","","","","11"
"75 Nickel And Articles Thereof","Vietnam","All Country Subcodes","All Rate Provisions","All Districts","2016","30389","30389","","","","","9"
"74 Copper And Articles Thereof","Philippines","All Country Subcodes","All Rate Provisions","All Districts","2018","1514051","1514051","","","","","187"
"76 Aluminum And Articles Thereof","Vietnam","All Country Subcodes","All Rate Provisions","All Districts","2014","42200138","42180720","","","","","1780"
"76 Aluminum And Articles Thereof","Cambodia","All Country Subcodes","All Rate Provisions","All Districts","2019","8888028","9372313","","","","","1657"
"80 Tin And Articles Thereof","Taiwan","All Country Subcodes","All Rate Provisions","All Districts","2017","3570316","3570316","","","","","112"
"76 Aluminum And Articles Thereof","Vietnam","All Country Subcodes","All Rate Provisions","All Districts","2015","62840343","62809873","","","","","2139"
"75 Nickel And Articles Thereof","Hong Kong","All Country Subcodes","All Rate Provisions","All Districts","2018","370017","370017","","","","","8"
"75 Nickel And Articles Thereof","Indonesia","All Country Subcodes","All Rate Provisions","All Districts","2011","8530429","8530429","","","","","186"
"75 Nickel And Articles Thereof","Japan","All Country Subcodes","All Rate Provisions","All Districts","2014","119112051","119088529","","","","","1156"
"76 Aluminum And Articles Thereof","Hong Kong","All Country Subcodes","All Rate Provisions","All Districts","2012","27419015","27244836","","","","","1085"
"80 Tin And Articles Thereof","Thailand","All Country Subcodes","All Rate Provisions","All Districts","2015","1116562","1116562","","","","","65"
"76 Aluminum And Articles Thereof","Brunei","All Country Subcodes","All Rate Provisions","All Districts","2015","6600","6600","","","","","1"
"74 Copper And Articles Thereof","Singapore","All Country Subcodes","All Rate Provisions","All Districts","2019","12573780","12573780","","","","","374"
"75 Nickel And Articles Thereof","Japan","All Country Subcodes","All Rate Provisions","All Districts","2019","136867722","146964887","","","","","1554"
"80 Tin And Articles Thereof","Thailand","All Country Subcodes","All Rate Provisions","All Districts","2020","3509506","3509506","","","","","37"
"74 Copper And Articles Thereof","Burma","All Country Subcodes","All Rate Provisions","All Districts","2020","13740","5061","","","","","4"
"74 Copper And Articles Thereof","Hong Kong","All Country Subcodes","All Rate Provisions","All Districts","2013","5866210","5863847","","","","","248"
"76 Aluminum And Articles Thereof","Thailand","All Country Subcodes","All Rate Provisions","All Districts","2020","337213175","334596609","","","","","5903"
"76 Aluminum And Articles Thereof","Japan","All Country Subcodes","All Rate Provisions","All Districts","2016","212775341","177844189","","","","","7160"
"76 Aluminum And Articles Thereof","Singapore","All Country Subcodes","All Rate Provisions","All Districts","2020","16462485","16462485","","","","","635"
"80 Tin And Articles Thereof","Malaysia","All Country Subcodes","All Rate Provisions","All Districts","2020","64454505","64454505","","","","","84"
"74 Copper And Articles Thereof","Cambodia","All Country Subcodes","All Rate Provisions","All Districts","2016","7922","7922","","","","","1"
"75 Nickel And Articles Thereof","Singapore","All Country Subcodes","All Rate Provisions","All Districts","2012","8538588","8538588","","","","","166"
"76 Aluminum And Articles Thereof","Korea, South","All Country Subcodes","All Rate Provisions","All Districts","2017","182569967","178107745","","","","","5022"
"80 Tin And Articles Thereof","Korea, South","All Country Subcodes","All Rate Provisions","All Districts","2018","241537","241537","","","","","30"
"76 Aluminum And Articles Thereof","Burma","All Country Subcodes","All Rate Provisions","All Districts","2015","527466","527466","","","","","5"
"76 Aluminum And Articles Thereof","Japan","All Country Subcodes","All Rate Provisions","All Districts","2013","235305813","196227989","","","","","4882"
"76 Aluminum And Articles Thereof","Thailand","All Country Subcodes","All Rate Provisions","All Districts","2011","193660497","192930333","","","","","2902"
"76 Aluminum And Articles Thereof","Philippines","All Country Subcodes","All Rate Provisions","All Districts","2016","2700631","2700631","","","","","153"
"76 Aluminum And Articles Thereof","Korea, South","All Country Subcodes","All Rate Provisions","All Districts","2016","177828716","172356821","","","","","5044"
"76 Aluminum And Articles Thereof","Taiwan","All Country Subcodes","All Rate Provisions","All Districts","2014","127370692","126794040","","","","","8806"
"74 Copper And Articles Thereof","Macau","All Country Subcodes","All Rate Provisions","All Districts","2018","132604","132604","","","","","1"
"75 Nickel And Articles Thereof","Korea, South","All Country Subcodes","All Rate Provisions","All Districts","2017","9060526","9053221","","","","","225"
"80 Tin And Articles Thereof","Hong Kong","All Country Subcodes","All Rate Provisions","All Districts","2012","665375","665375","","","","","29"
"80 Tin And Articles Thereof","Japan","All Country Subcodes","All Rate Provisions","All Districts","2012","17687831","17687831","","","","","466"
"75 Nickel And Articles Thereof","Malaysia","All Country Subcodes","All Rate Provisions","All Districts","2014","1312205","1312205","","","","","49"
"75 Nickel And Articles Thereof","Japan","All Country Subcodes","All Rate Provisions","All Districts","2017","97485798","96894919","","","","","1422"
"80 Tin And Articles Thereof","Thailand","All Country Subcodes","All Rate Provisions","All Districts","2014","7243951","7243951","","","","","50"
"76 Aluminum And Articles Thereof","Philippines","All Country Subcodes","All Rate Provisions","All Districts","2018","18210215","18219431","","","","","494"
"74 Copper And Articles Thereof","Macau","All Country Subcodes","All Rate Provisions","All Districts","2013","2721","2721","","","","","1"
"80 Tin And Articles Thereof","Singapore","All Country Subcodes","All Rate Provisions","All Districts","2018","997380","997380","","","","","2"
"76 Aluminum And Articles Thereof","Singapore","All Country Subcodes","All Rate Provisions","All Districts","2018","30971226","25322796","","","","","601"
"75 Nickel And Articles Thereof","Taiwan","All Country Subcodes","All Rate Provisions","All Districts","2015","62440248","62384680","","","","","1326"
"75 Nickel And Articles Thereof","Singapore","All Country Subcodes","All Rate Provisions","All Districts","2020","9574606","9574606","","","","","159"
"75 Nickel And Articles Thereof","Vietnam","All Country Subcodes","All Rate Provisions","All Districts","2019","67787","61194","","","","","16"
"75 Nickel And Articles Thereof","Korea, South","All Country Subcodes","All Rate Provisions","All Districts","2019","9718951","9726273","","","","","245"
"74 Copper And Articles Thereof","Malaysia","All Country Subcodes","All Rate Provisions","All Districts","2018","26339779","26336075","","","","","538"
"75 Nickel And Articles Thereof","Thailand","All Country Subcodes","All Rate Provisions","All Districts","2011","206251","206251","","","","","13"
"80 Tin And Articles Thereof","Philippines","All Country Subcodes","All Rate Provisions","All Districts","2017","257485","257485","","","","","34"
"74 Copper And Articles Thereof","Japan","All Country Subcodes","All Rate Provisions","All Districts","2013","218098240","217134496","","","","","5114"
"76 Aluminum And Articles Thereof","Thailand","All Country Subcodes","All Rate Provisions","All Districts","2018","279791056","279737862","","","","","5300"
"74 Copper And Articles Thereof","Thailand","All Country Subcodes","All Rate Provisions","All Districts","2019","50868943","50912921","","","","","1991"
"76 Aluminum And Articles Thereof","Macau","All Country Subcodes","All Rate Provisions","All Districts","2015","25137","25137","","","","","1"
"80 Tin And Articles Thereof","Philippines","All Country Subcodes","All Rate Provisions","All Districts","2019","93482","93482","","","","","13"
"76 Aluminum And Articles Thereof","Mongolia","All Country Subcodes","All Rate Provisions","All Districts","2015","67412","67412","","","","","1"
"80 Tin And Articles Thereof","Hong Kong","All Country Subcodes","All Rate Provisions","All Districts","2018","2412647","2412647","","","","","21"
"80 Tin And Articles Thereof","Indonesia","All Country Subcodes","All Rate Provisions","All Districts","2012","92370470","89785010","","","","","128"
"76 Aluminum And Articles Thereof","Vietnam","All Country Subcodes","All Rate Provisions","All Districts","2013","28989905","28969940","","","","","1159"
"74 Copper And Articles Thereof","Taiwan","All Country Subcodes","All Rate Provisions","All Districts","2015","173640434","172741338","","","","","14063"
"75 Nickel And Articles Thereof","Hong Kong","All Country Subcodes","All Rate Provisions","All Districts","2015","421306","421306","","","","","12"
"75 Nickel And Articles Thereof","Hong Kong","All Country Subcodes","All Rate Provisions","All Districts","2013","311689","311689","","","","","4"
"75 Nickel And Articles Thereof","Singapore","All Country Subcodes","All Rate Provisions","All Districts","2017","11018883","11018883","","","","","262"
"74 Copper And Articles Thereof","Cambodia","All Country Subcodes","All Rate Provisions","All Districts","2019","8900","8900","","","","","1"
"74 Copper And Articles Thereof","Thailand","All Country Subcodes","All Rate Provisions","All Districts","2020","78699291","78702998","","","","","2162"
"76 Aluminum And Articles Thereof","Indonesia","All Country Subcodes","All Rate Provisions","All Districts","2018","315194535","315327323","","","","","6780"
"76 Aluminum And Articles Thereof","Hong Kong","All Country Subcodes","All Rate Provisions","All Districts","2011","24612534","24518493","","","","","1088"
"74 Copper And Articles Thereof","Malaysia","All Country Subcodes","All Rate Provisions","All Districts","2013","43840311","43840311","","","","","562"
"80 Tin And Articles Thereof","Malaysia","All Country Subcodes","All Rate Provisions","All Districts","2016","129707157","129707157","","","","","102"
"75 Nickel And Articles Thereof","Philippines","All Country Subcodes","All Rate Provisions","All Districts","2020","163684","163684","","","","","1"
"74 Copper And Articles Thereof","Indonesia","All Country Subcodes","All Rate Provisions","All Districts","2013","12351442","12351442","","","","","799"
"76 Aluminum And Articles Thereof","Japan","All Country Subcodes","All Rate Provisions","All Districts","2018","336656093","282835438","","","","","8370"
"74 Copper And Articles Thereof","Hong Kong","All Country Subcodes","All Rate Provisions","All Districts","2020","1508216","1508216","","","","","89"
"75 Nickel And Articles Thereof","Cambodia","All Country Subcodes","All Rate Provisions","All Districts","2019","8719","8719","","","","","1"
"74 Copper And Articles Thereof","Japan","All Country Subcodes","All Rate Provisions","All Districts","2019","309167339","281650707","","","","","6251"
"80 Tin And Articles Thereof","Korea, South","All Country Subcodes","All Rate Provisions","All Districts","2020","709167","709167","","","","","31"
"76 Aluminum And Articles Thereof","Cambodia","All Country Subcodes","All Rate Provisions","All Districts","2014","3296","3296","","","","","1"
"74 Copper And Articles Thereof","Burma","All Country Subcodes","All Rate Provisions","All Districts","2015","5100","5100","","","","","1"
"74 Copper And Articles Thereof","Philippines","All Country Subcodes","All Rate Provisions","All Districts","2020","1536070","1529237","","","","","131"
"76 Aluminum And Articles Thereof","Philippines","All Country Subcodes","All Rate Provisions","All Districts","2019","12109167","12109167","","","","","286"
"75 Nickel And Articles Thereof","Thailand","All Country Subcodes","All Rate Provisions","All Districts","2017","27907","27907","","","","","4"
"76 Aluminum And Articles Thereof","Vietnam","All Country Subcodes","All Rate Provisions","All Districts","2012","14877861","14877861","","","","","686"
"80 Tin And Articles Thereof","Japan","All Country Subcodes","All Rate Provisions","All Districts","2013","6901664","6901664","","","","","264"
"76 Aluminum And Articles Thereof","Korea, South","All Country Subcodes","All Rate Provisions","All Districts","2018","318835558","313461645","","","","","6818"
"74 Copper And Articles Thereof","Burma","All Country Subcodes","All Rate Provisions","All Districts","2016","2717","2717","","","","","1"
"75 Nickel And Articles Thereof","Taiwan","All Country Subcodes","All Rate Provisions","All Districts","2014","54369456","54341315","","","","","1195"
"74 Copper And Articles Thereof","Indonesia","All Country Subcodes","All Rate Provisions","All Districts","2011","11110298","11110298","","","","","618"
"74 Copper And Articles Thereof","Brunei","All Country Subcodes","All Rate Provisions","All Districts","2018","7560","7560","","","","","1"
"74 Copper And Articles Thereof","Macau","All Country Subcodes","All Rate Provisions","All Districts","2017","148786","148786","","","","","8"
"74 Copper And Articles Thereof","Taiwan","All Country Subcodes","All Rate Provisions","All Districts","2019","212678085","212392942","","","","","14639"
"80 Tin And Articles Thereof","Japan","All Country Subcodes","All Rate Provisions","All Districts","2014","7349042","7349042","","","","","254"
"75 Nickel And Articles Thereof","Thailand","All Country Subcodes","All Rate Provisions","All Districts","2018","20588","20588","","","","","3"
"80 Tin And Articles Thereof","Japan","All Country Subcodes","All Rate Provisions","All Districts","2016","4788782","4757980","","","","","186"
"75 Nickel And Articles Thereof","Malaysia","All Country Subcodes","All Rate Provisions","All Districts","2011","997536","997536","","","","","46"
"74 Copper And Articles Thereof","Hong Kong","All Country Subcodes","All Rate Provisions","All Districts","2015","5219039","5219039","","","","","334"
"75 Nickel And Articles Thereof","Indonesia","All Country Subcodes","All Rate Provisions","All Districts","2017","12137661","12137661","","","","","257"
"80 Tin And Articles Thereof","Taiwan","All Country Subcodes","All Rate Provisions","All Districts","2013","901627","901627","","","","","75"
"75 Nickel And Articles Thereof","Malaysia","All Country Subcodes","All Rate Provisions","All Districts","2012","761203","761203","","","","","40"
"74 Copper And Articles Thereof","Vietnam","All Country Subcodes","All Rate Provisions","All Districts","2013","47542002","47542002","","","","","635"
"80 Tin And Articles Thereof","Malaysia","All Country Subcodes","All Rate Provisions","All Districts","2011","106066499","106066499","","","","","63"
"76 Aluminum And Articles Thereof","Asia - South","All Country Subcodes","All Rate Provisions","All Districts","2012","179757066","174982568","","","","","7293"
"74 Copper And Articles Thereof","Asia - South","All Country Subcodes","All Rate Provisions","All Districts","2017","100898754","101962941","","","","","6673"
"75 Nickel And Articles Thereof","Asia - South","All Country Subcodes","All Rate Provisions","All Districts","2018","16118972","18908586","","","","","1141"
"80 Tin And Articles Thereof","Asia - South","All Country Subcodes","All Rate Provisions","All Districts","2019","985842","985842","","","","","110"
"74 Copper And Articles Thereof","Asia - South","All Country Subcodes","All Rate Provisions","All Districts","2015","91985492","95975712","","","","","6167"
"76 Aluminum And Articles Thereof","Asia - South","All Country Subcodes","All Rate Provisions","All Districts","2013","131147617","130055792","","","","","7549"
"75 Nickel And Articles Thereof","Asia - South","All Country Subcodes","All Rate Provisions","All Districts","2020","9326882","10516497","","","","","806"
"74 Copper And Articles Thereof","Asia - South","All Country Subcodes","All Rate Provisions","All Districts","2011","72595885","72385527","","","","","4257"
"74 Copper And Articles Thereof","Asia - South","All Country Subcodes","All Rate Provisions","All Districts","2014","78778765","78607721","","","","","4939"
"74 Copper And Articles Thereof","Asia - South","All Country Subcodes","All Rate Provisions","All Districts","2020","101013201","101023963","","","","","6625"
"76 Aluminum And Articles Thereof","Asia - South","All Country Subcodes","All Rate Provisions","All Districts","2016","201569917","196162054","","","","","10652"
"75 Nickel And Articles Thereof","Asia - South","All Country Subcodes","All Rate Provisions","All Districts","2019","17018920","23330257","","","","","1430"
"74 Copper And Articles Thereof","Asia - South","All Country Subcodes","All Rate Provisions","All Districts","2013","74426020","74279421","","","","","4504"
"80 Tin And Articles Thereof","Asia - South","All Country Subcodes","All Rate Provisions","All Districts","2018","1766551","1766551","","","","","210"
"75 Nickel And Articles Thereof","Asia - South","All Country Subcodes","All Rate Provisions","All Districts","2013","5020343","5047773","","","","","345"
"74 Copper And Articles Thereof","Asia - South","All Country Subcodes","All Rate Provisions","All Districts","2012","71094605","70269831","","","","","4327"
"76 Aluminum And Articles Thereof","Asia - South","All Country Subcodes","All Rate Provisions","All Districts","2017","465497256","455880089","","","","","11558"
"80 Tin And Articles Thereof","Asia - South","All Country Subcodes","All Rate Provisions","All Districts","2012","549470","549470","","","","","37"
"74 Copper And Articles Thereof","Asia - South","All Country Subcodes","All Rate Provisions","All Districts","2019","109546255","109076262","","","","","6830"
"76 Aluminum And Articles Thereof","Asia - South","All Country Subcodes","All Rate Provisions","All Districts","2020","392775934","389738498","","","","","11633"
"76 Aluminum And Articles Thereof","Asia - South","All Country Subcodes","All Rate Provisions","All Districts","2015","225232499","224860715","","","","","9861"
"80 Tin And Articles Thereof","Asia - South","All Country Subcodes","All Rate Provisions","All Districts","2014","384150","384150","","","","","38"
"76 Aluminum And Articles Thereof","Asia - South","All Country Subcodes","All Rate Provisions","All Districts","2014","161734610","161179687","","","","","8661"
"74 Copper And Articles Thereof","Asia - South","All Country Subcodes","All Rate Provisions","All Districts","2018","112604328","112402629","","","","","6610"
"75 Nickel And Articles Thereof","Asia - South","All Country Subcodes","All Rate Provisions","All Districts","2016","6415966","6428700","","","","","562"
"76 Aluminum And Articles Thereof","Asia - South","All Country Subcodes","All Rate Provisions","All Districts","2019","642102972","660612308","","","","","14282"
"75 Nickel And Articles Thereof","Asia - South","All Country Subcodes","All Rate Provisions","All Districts","2017","8798978","8659316","","","","","747"
"76 Aluminum And Articles Thereof","Asia - South","All Country Subcodes","All Rate Provisions","All Districts","2018","698378361","674091244","","","","","12525"
"80 Tin And Articles Thereof","Asia - South","All Country Subcodes","All Rate Provisions","All Districts","2011","493732","493732","","","","","44"
"80 Tin And Articles Thereof","Asia - South","All Country Subcodes","All Rate Provisions","All Districts","2015","543712","543712","","","","","63"
"75 Nickel And Articles Thereof","Asia - South","All Country Subcodes","All Rate Provisions","All Districts","2014","7319125","7316595","","","","","525"
"74 Copper And Articles Thereof","Asia - South","All Country Subcodes","All Rate Provisions","All Districts","2016","89946084","95677713","","","","","6360"
"75 Nickel And Articles Thereof","Asia - South","All Country Subcodes","All Rate Provisions","All Districts","2011","7469921","7450508","","","","","329"
"80 Tin And Articles Thereof","Asia - South","All Country Subcodes","All Rate Provisions","All Districts","2020","644979","644979","","","","","104"
"75 Nickel And Articles Thereof","Asia - South","All Country Subcodes","All Rate Provisions","All Districts","2015","7343654","7207099","","","","","491"
"80 Tin And Articles Thereof","Asia - South","All Country Subcodes","All Rate Provisions","All Districts","2016","803932","803932","","","","","113"
"80 Tin And Articles Thereof","Asia - South","All Country Subcodes","All Rate Provisions","All Districts","2013","333292","333292","","","","","28"
"80 Tin And Articles Thereof","Asia - South","All Country Subcodes","All Rate Provisions","All Districts","2017","1201290","1201290","","","","","172"
"75 Nickel And Articles Thereof","Asia - South","All Country Subcodes","All Rate Provisions","All Districts","2012","7293939","7306546","","","","","313"
"76 Aluminum And Articles Thereof","Asia - South","All Country Subcodes","All Rate Provisions","All Districts","2011","133676403","132891310","","","","","6598"
"74 Copper And Articles Thereof","APEC - Asia Pacific Economic Co-operation","All Country Subcodes","All Rate Provisions","All Districts","2017","8432447280","8370005516","","","","","121303"
"75 Nickel And Articles Thereof","APEC - Asia Pacific Economic Co-operation","All Country Subcodes","All Rate Provisions","All Districts","2014","1948578720","1928819530","","","","","15126"
"76 Aluminum And Articles Thereof","APEC - Asia Pacific Economic Co-operation","All Country Subcodes","All Rate Provisions","All Districts","2012","11592557927","11706470760","","","","","305521"
"80 Tin And Articles Thereof","APEC - Asia Pacific Economic Co-operation","All Country Subcodes","All Rate Provisions","All Districts","2016","457152304","456020681","","","","","5058"
"76 Aluminum And Articles Thereof","APEC - Asia Pacific Economic Co-operation","All Country Subcodes","All Rate Provisions","All Districts","2011","12102800743","12155024161","","","","","299230"
"80 Tin And Articles Thereof","APEC - Asia Pacific Economic Co-operation","All Country Subcodes","All Rate Provisions","All Districts","2014","710950523","722002646","","","","","7143"
"75 Nickel And Articles Thereof","APEC - Asia Pacific Economic Co-operation","All Country Subcodes","All Rate Provisions","All Districts","2018","1665325073","1667760921","","","","","20997"
"74 Copper And Articles Thereof","APEC - Asia Pacific Economic Co-operation","All Country Subcodes","All Rate Provisions","All Districts","2018","8878306483","9056348325","","","","","128429"
"76 Aluminum And Articles Thereof","APEC - Asia Pacific Economic Co-operation","All Country Subcodes","All Rate Provisions","All Districts","2014","12747091854","13062029914","","","","","336682"
"75 Nickel And Articles Thereof","APEC - Asia Pacific Economic Co-operation","All Country Subcodes","All Rate Provisions","All Districts","2017","1289940700","1263996823","","","","","16851"
"76 Aluminum And Articles Thereof","APEC - Asia Pacific Economic Co-operation","All Country Subcodes","All Rate Provisions","All Districts","2016","13124991411","13088209123","","","","","384565"
"74 Copper And Articles Thereof","APEC - Asia Pacific Economic Co-operation","All Country Subcodes","All Rate Provisions","All Districts","2015","6802421267","6926070978","","","","","118466"
"75 Nickel And Articles Thereof","APEC - Asia Pacific Economic Co-operation","All Country Subcodes","All Rate Provisions","All Districts","2016","1128667874","1097257731","","","","","16213"
"74 Copper And Articles Thereof","APEC - Asia Pacific Economic Co-operation","All Country Subcodes","All Rate Provisions","All Districts","2014","7945047302","7963881136","","","","","111729"
"75 Nickel And Articles Thereof","APEC - Asia Pacific Economic Co-operation","All Country Subcodes","All Rate Provisions","All Districts","2015","1419933103","1421759906","","","","","18306"
"74 Copper And Articles Thereof","APEC - Asia Pacific Economic Co-operation","All Country Subcodes","All Rate Provisions","All Districts","2016","6116883149","6144607203","","","","","117173"
"76 Aluminum And Articles Thereof","APEC - Asia Pacific Economic Co-operation","All Country Subcodes","All Rate Provisions","All Districts","2015","13145835143","13059986296","","","","","371851"
"74 Copper And Articles Thereof","APEC - Asia Pacific Economic Co-operation","All Country Subcodes","All Rate Provisions","All Districts","2013","8989478086","9023935952","","","","","100596"
"80 Tin And Articles Thereof","APEC - Asia Pacific Economic Co-operation","All Country Subcodes","All Rate Provisions","All Districts","2018","611565949","611613421","","","","","6132"
"80 Tin And Articles Thereof","APEC - Asia Pacific Economic Co-operation","All Country Subcodes","All Rate Provisions","All Districts","2012","678472606","675673675","","","","","7686"
"75 Nickel And Articles Thereof","APEC - Asia Pacific Economic Co-operation","All Country Subcodes","All Rate Provisions","All Districts","2020","1410620429","1414627660","","","","","17513"
"75 Nickel And Articles Thereof","APEC - Asia Pacific Economic Co-operation","All Country Subcodes","All Rate Provisions","All Districts","2011","2547474967","2550236707","","","","","10184"
"74 Copper And Articles Thereof","APEC - Asia Pacific Economic Co-operation","All Country Subcodes","All Rate Provisions","All Districts","2012","8623419537","8636264287","","","","","96843"
"74 Copper And Articles Thereof","APEC - Asia Pacific Economic Co-operation","All Country Subcodes","All Rate Provisions","All Districts","2019","7904943797","7863165323","","","","","121143"
"76 Aluminum And Articles Thereof","APEC - Asia Pacific Economic Co-operation","All Country Subcodes","All Rate Provisions","All Districts","2019","13438275530","13329502606","","","","","409163"
"76 Aluminum And Articles Thereof","APEC - Asia Pacific Economic Co-operation","All Country Subcodes","All Rate Provisions","All Districts","2018","15437780805","15508440395","","","","","425521"
"80 Tin And Articles Thereof","APEC - Asia Pacific Economic Co-operation","All Country Subcodes","All Rate Provisions","All Districts","2017","577549757","576873032","","","","","6197"
"75 Nickel And Articles Thereof","APEC - Asia Pacific Economic Co-operation","All Country Subcodes","All Rate Provisions","All Districts","2013","1691409976","1687195077","","","","","12949"
"76 Aluminum And Articles Thereof","APEC - Asia Pacific Economic Co-operation","All Country Subcodes","All Rate Provisions","All Districts","2020","12601334648","12484972542","","","","","430749"
"80 Tin And Articles Thereof","APEC - Asia Pacific Economic Co-operation","All Country Subcodes","All Rate Provisions","All Districts","2019","527816251","526326695","","","","","5365"
"80 Tin And Articles Thereof","APEC - Asia Pacific Economic Co-operation","All Country Subcodes","All Rate Provisions","All Districts","2011","818352140","824365064","","","","","6652"
"76 Aluminum And Articles Thereof","APEC - Asia Pacific Economic Co-operation","All Country Subcodes","All Rate Provisions","All Districts","2013","11648745756","11999292873","","","","","313767"
"75 Nickel And Articles Thereof","APEC - Asia Pacific Economic Co-operation","All Country Subcodes","All Rate Provisions","All Districts","2019","1611668349","1674646485","","","","","22715"
"76 Aluminum And Articles Thereof","APEC - Asia Pacific Economic Co-operation","All Country Subcodes","All Rate Provisions","All Districts","2017","16020695517","15753111690","","","","","410736"
"75 Nickel And Articles Thereof","APEC - Asia Pacific Economic Co-operation","All Country Subcodes","All Rate Provisions","All Districts","2012","2035275672","2040339363","","","","","11637"
"80 Tin And Articles Thereof","APEC - Asia Pacific Economic Co-operation","All Country Subcodes","All Rate Provisions","All Districts","2020","445373544","448064615","","","","","4351"
"80 Tin And Articles Thereof","APEC - Asia Pacific Economic Co-operation","All Country Subcodes","All Rate Provisions","All Districts","2015","469043956","471463673","","","","","5898"
"80 Tin And Articles Thereof","APEC - Asia Pacific Economic Co-operation","All Country Subcodes","All Rate Provisions","All Districts","2013","678194063","673461839","","","","","7017"
"74 Copper And Articles Thereof","APEC - Asia Pacific Economic Co-operation","All Country Subcodes","All Rate Provisions","All Districts","2020","7619701011","7599311841","","","","","113562"
"74 Copper And Articles Thereof","APEC - Asia Pacific Economic Co-operation","All Country Subcodes","All Rate Provisions","All Districts","2011","9795159990","9988199064","","","","","95606"
"74 Copper And Articles Thereof","ASEAN - Association of Southeast Asian Nations","All Country Subcodes","All Rate Provisions","All Districts","2014","182314241","182256914","","","","","4266"
"76 Aluminum And Articles Thereof","ASEAN - Association of Southeast Asian Nations","All Country Subcodes","All Rate Provisions","All Districts","2016","523805584","523877161","","","","","14063"
"76 Aluminum And Articles Thereof","ASEAN - Association of Southeast Asian Nations","All Country Subcodes","All Rate Provisions","All Districts","2017","648416796","648388457","","","","","16541"
"80 Tin And Articles Thereof","ASEAN - Association of Southeast Asian Nations","All Country Subcodes","All Rate Provisions","All Districts","2014","309977179","321390736","","","","","372"
"74 Copper And Articles Thereof","ASEAN - Association of Southeast Asian Nations","All Country Subcodes","All Rate Provisions","All Districts","2019","290374448","290381434","","","","","5585"
"74 Copper And Articles Thereof","ASEAN - Association of Southeast Asian Nations","All Country Subcodes","All Rate Provisions","All Districts","2020","388771859","388505827","","","","","6661"
"75 Nickel And Articles Thereof","ASEAN - Association of Southeast Asian Nations","All Country Subcodes","All Rate Provisions","All Districts","2012","19293816","19293816","","","","","344"
"75 Nickel And Articles Thereof","ASEAN - Association of Southeast Asian Nations","All Country Subcodes","All Rate Provisions","All Districts","2013","18487219","18487219","","","","","399"
"75 Nickel And Articles Thereof","ASEAN - Association of Southeast Asian Nations","All Country Subcodes","All Rate Provisions","All Districts","2020","21780854","21772065","","","","","512"
"74 Copper And Articles Thereof","ASEAN - Association of Southeast Asian Nations","All Country Subcodes","All Rate Provisions","All Districts","2013","181308474","181248267","","","","","4083"
"80 Tin And Articles Thereof","ASEAN - Association of Southeast Asian Nations","All Country Subcodes","All Rate Provisions","All Districts","2012","236806719","234221259","","","","","343"
"74 Copper And Articles Thereof","ASEAN - Association of Southeast Asian Nations","All Country Subcodes","All Rate Provisions","All Districts","2018","254425035","254310760","","","","","4969"
"76 Aluminum And Articles Thereof","ASEAN - Association of Southeast Asian Nations","All Country Subcodes","All Rate Provisions","All Districts","2013","531477667","529581355","","","","","10107"
"76 Aluminum And Articles Thereof","ASEAN - Association of Southeast Asian Nations","All Country Subcodes","All Rate Provisions","All Districts","2012","548783809","547647025","","","","","8436"
"74 Copper And Articles Thereof","ASEAN - Association of Southeast Asian Nations","All Country Subcodes","All Rate Provisions","All Districts","2017","213176054","212871061","","","","","5181"
"80 Tin And Articles Thereof","ASEAN - Association of Southeast Asian Nations","All Country Subcodes","All Rate Provisions","All Districts","2013","291099212","282846293","","","","","345"
"80 Tin And Articles Thereof","ASEAN - Association of Southeast Asian Nations","All Country Subcodes","All Rate Provisions","All Districts","2018","359137624","359311723","","","","","426"
"76 Aluminum And Articles Thereof","ASEAN - Association of Southeast Asian Nations","All Country Subcodes","All Rate Provisions","All Districts","2020","792983527","790957639","","","","","24489"
"80 Tin And Articles Thereof","ASEAN - Association of Southeast Asian Nations","All Country Subcodes","All Rate Provisions","All Districts","2019","243605548","243605548","","","","","305"
"76 Aluminum And Articles Thereof","ASEAN - Association of Southeast Asian Nations","All Country Subcodes","All Rate Provisions","All Districts","2011","540276109","539106497","","","","","9134"
"75 Nickel And Articles Thereof","ASEAN - Association of Southeast Asian Nations","All Country Subcodes","All Rate Provisions","All Districts","2017","23870789","23870789","","","","","570"
"80 Tin And Articles Thereof","ASEAN - Association of Southeast Asian Nations","All Country Subcodes","All Rate Provisions","All Districts","2017","338482272","337462919","","","","","451"
"75 Nickel And Articles Thereof","ASEAN - Association of Southeast Asian Nations","All Country Subcodes","All Rate Provisions","All Districts","2011","46747233","46747233","","","","","385"
"74 Copper And Articles Thereof","ASEAN - Association of Southeast Asian Nations","All Country Subcodes","All Rate Provisions","All Districts","2011","255734463","255719382","","","","","4188"
"74 Copper And Articles Thereof","ASEAN - Association of Southeast Asian Nations","All Country Subcodes","All Rate Provisions","All Districts","2015","151029722","150891410","","","","","4031"
"76 Aluminum And Articles Thereof","ASEAN - Association of Southeast Asian Nations","All Country Subcodes","All Rate Provisions","All Districts","2018","886118950","880655394","","","","","22728"
"74 Copper And Articles Thereof","ASEAN - Association of Southeast Asian Nations","All Country Subcodes","All Rate Provisions","All Districts","2012","213746601","213634783","","","","","3673"
"80 Tin And Articles Thereof","ASEAN - Association of Southeast Asian Nations","All Country Subcodes","All Rate Provisions","All Districts","2016","270807562","269736317","","","","","363"
"74 Copper And Articles Thereof","ASEAN - Association of Southeast Asian Nations","All Country Subcodes","All Rate Provisions","All Districts","2016","169530370","169590012","","","","","4770"
"75 Nickel And Articles Thereof","ASEAN - Association of Southeast Asian Nations","All Country Subcodes","All Rate Provisions","All Districts","2016","17449221","17449221","","","","","388"
"75 Nickel And Articles Thereof","ASEAN - Association of Southeast Asian Nations","All Country Subcodes","All Rate Provisions","All Districts","2019","41014957","41044826","","","","","591"
"75 Nickel And Articles Thereof","ASEAN - Association of Southeast Asian Nations","All Country Subcodes","All Rate Provisions","All Districts","2015","16986177","16986177","","","","","490"
"76 Aluminum And Articles Thereof","ASEAN - Association of Southeast Asian Nations","All Country Subcodes","All Rate Provisions","All Districts","2015","613370944","613118646","","","","","13934"
"80 Tin And Articles Thereof","ASEAN - Association of Southeast Asian Nations","All Country Subcodes","All Rate Provisions","All Districts","2015","245647582","247262196","","","","","339"
"76 Aluminum And Articles Thereof","ASEAN - Association of Southeast Asian Nations","All Country Subcodes","All Rate Provisions","All Districts","2014","482814097","481086799","","","","","11593"
"80 Tin And Articles Thereof","ASEAN - Association of Southeast Asian Nations","All Country Subcodes","All Rate Provisions","All Districts","2011","264135415","270176822","","","","","327"
"75 Nickel And Articles Thereof","ASEAN - Association of Southeast Asian Nations","All Country Subcodes","All Rate Provisions","All Districts","2018","26515199","35440965","","","","","503"
"76 Aluminum And Articles Thereof","ASEAN - Association of Southeast Asian Nations","All Country Subcodes","All Rate Provisions","All Districts","2019","854391082","855062934","","","","","24267"
"75 Nickel And Articles Thereof","ASEAN - Association of Southeast Asian Nations","All Country Subcodes","All Rate Provisions","All Districts","2014","33075907","33075907","","","","","595"
"80 Tin And Articles Thereof","ASEAN - Association of Southeast Asian Nations","All Country Subcodes","All Rate Provisions","All Districts","2020","213570742","216670044","","","","","268"
"8110 Antimony And Artcls Throf Incl Waste And Scrap","Vietnam","All Country Subcodes","All Rate Provisions","All Districts","2013","189138","189138","","","","","1"
"8110 Antimony And Artcls Throf Incl Waste And Scrap","Hong Kong","All Country Subcodes","All Rate Provisions","All Districts","2019","527243","527243","","","","","5"
"2504 Natural Graphite","Taiwan","All Country Subcodes","All Rate Provisions","All Districts","2017","28049","28049","","","","","4"
"8105 Cobalt Mattes Etc, Cobalt & Art, Inc Waste & Scrap","Cambodia","All Country Subcodes","All Rate Provisions","All Districts","2017","5684","5684","","","","","1"
"7226 Fl-rl Alloy Steel Nesoi Un 600mm Wide","Japan","All Country Subcodes","All Rate Provisions","All Districts","2020","30789925","30789925","","","","","1987"
"3801 Artificial Graphite; Collodial Graphite & Prep Etc","Korea, South","All Country Subcodes","All Rate Provisions","All Districts","2011","699986","699986","","","","","33"
"7225 Fl-rl Alloy Steel Nesoi Nun 600mm Wide","Japan","All Country Subcodes","All Rate Provisions","All Districts","2019","67452355","66859573","","","","","1141"
"8108 Titanium & Articles Thereof, Includ Waste & Scrap","Japan","All Country Subcodes","All Rate Provisions","All Districts","2017","214191684","214191684","","","","","1376"
"8110 Antimony And Artcls Throf Incl Waste And Scrap","Thailand","All Country Subcodes","All Rate Provisions","All Districts","2013","181488","181488","","","","","1"
"8112 Beryllium,chromium,hafnium,rhenium Etc & Articles","Taiwan","All Country Subcodes","All Rate Provisions","All Districts","2013","2950388","2950388","","","","","22"
"3910 Silicones, In Primary Forms","Singapore","All Country Subcodes","All Rate Provisions","All Districts","2017","11331","11331","","","","","10"
"7225 Fl-rl Alloy Steel Nesoi Nun 600mm Wide","Taiwan","All Country Subcodes","All Rate Provisions","All Districts","2016","17604087","17604087","","","","","124"
"2604 Nickel Ores And Concentrates","Korea, South","All Country Subcodes","All Rate Provisions","All Districts","2014","13287","13287","","","","","1"
"2614 Titanium Ores And Concentrates","Malaysia","All Country Subcodes","All Rate Provisions","All Districts","2019","82922","82922","","","","","2"
"2614 Titanium Ores And Concentrates","Japan","All Country Subcodes","All Rate Provisions","All Districts","2013","9991","9991","","","","","1"
"2801 Fluorine, Chlorine, Bromine & Iodine","Japan","All Country Subcodes","All Rate Provisions","All Districts","2015","14943104","14943104","","","","","34"
"3801 Artificial Graphite; Collodial Graphite & Prep Etc","Korea, South","All Country Subcodes","All Rate Provisions","All Districts","2020","6907101","6907101","","","","","60"
"7225 Fl-rl Alloy Steel Nesoi Nun 600mm Wide","Japan","All Country Subcodes","All Rate Provisions","All Districts","2020","40092974","36726728","","","","","662"
"2846 Rare-earth Metal Compounds Of Yttrium Or Scandium","Malaysia","All Country Subcodes","All Rate Provisions","All Districts","2011","11768","11768","","","","","1"
"8108 Titanium & Articles Thereof, Includ Waste & Scrap","Japan","All Country Subcodes","All Rate Provisions","All Districts","2016","177647145","177647145","","","","","1147"
"7226 Fl-rl Alloy Steel Nesoi Un 600mm Wide","Japan","All Country Subcodes","All Rate Provisions","All Districts","2013","51875526","51862509","","","","","1426"
"3910 Silicones, In Primary Forms","Thailand","All Country Subcodes","All Rate Provisions","All Districts","2015","10442795","14400712","","","","","203"
"8108 Titanium & Articles Thereof, Includ Waste & Scrap","Taiwan","All Country Subcodes","All Rate Provisions","All Districts","2015","7553091","7308068","","","","","434"
"8111 Manganese And Artcles Thereof, Inc Waste And Scrap","Hong Kong","All Country Subcodes","All Rate Provisions","All Districts","2017","96250","96250","","","","","1"
"7110 Platinum, Unwrought, Semimfr Forms Or In Powder Fm","Korea, South","All Country Subcodes","All Rate Provisions","All Districts","2017","7340364","7340364","","","","","13"
"8110 Antimony And Artcls Throf Incl Waste And Scrap","Japan","All Country Subcodes","All Rate Provisions","All Districts","2011","341140","341140","","","","","17"
"3910 Silicones, In Primary Forms","Japan","All Country Subcodes","All Rate Provisions","All Districts","2018","138625551","138321699","","","","","3824"
"3801 Artificial Graphite; Collodial Graphite & Prep Etc","Japan","All Country Subcodes","All Rate Provisions","All Districts","2015","24400006","24400006","","","","","315"
"3910 Silicones, In Primary Forms","Malaysia","All Country Subcodes","All Rate Provisions","All Districts","2020","324953","324953","","","","","27"
"3801 Artificial Graphite; Collodial Graphite & Prep Etc","Taiwan","All Country Subcodes","All Rate Provisions","All Districts","2018","266572","266572","","","","","18"
"3910 Silicones, In Primary Forms","Philippines","All Country Subcodes","All Rate Provisions","All Districts","2015","591","591","","","","","1"
"8112 Beryllium,chromium,hafnium,rhenium Etc & Articles","Singapore","All Country Subcodes","All Rate Provisions","All Districts","2013","95864","95864","","","","","5"
"8105 Cobalt Mattes Etc, Cobalt & Art, Inc Waste & Scrap","Korea, South","All Country Subcodes","All Rate Provisions","All Districts","2013","1019013","1019013","","","","","22"
"8108 Titanium & Articles Thereof, Includ Waste & Scrap","Japan","All Country Subcodes","All Rate Provisions","All Districts","2013","194002817","194002817","","","","","659"
"3910 Silicones, In Primary Forms","Japan","All Country Subcodes","All Rate Provisions","All Districts","2012","132171571","130172593","","","","","2852"
"8112 Beryllium,chromium,hafnium,rhenium Etc & Articles","Japan","All Country Subcodes","All Rate Provisions","All Districts","2013","6790145","6790145","","","","","78"
"8112 Beryllium,chromium,hafnium,rhenium Etc & Articles","Malaysia","All Country Subcodes","All Rate Provisions","All Districts","2011","181641","181641","","","","","6"
"2504 Natural Graphite","Japan","All Country Subcodes","All Rate Provisions","All Districts","2015","4067722","4067722","","","","","146"
"8108 Titanium & Articles Thereof, Includ Waste & Scrap","Malaysia","All Country Subcodes","All Rate Provisions","All Districts","2012","247836","247836","","","","","43"
"7110 Platinum, Unwrought, Semimfr Forms Or In Powder Fm","Hong Kong","All Country Subcodes","All Rate Provisions","All Districts","2011","534307","534307","","","","","2"
"2801 Fluorine, Chlorine, Bromine & Iodine","Korea, South","All Country Subcodes","All Rate Provisions","All Districts","2019","1475276","1475276","","","","","38"
"7110 Platinum, Unwrought, Semimfr Forms Or In Powder Fm","Malaysia","All Country Subcodes","All Rate Provisions","All Districts","2020","5174","5174","","","","","1"
"8108 Titanium & Articles Thereof, Includ Waste & Scrap","Indonesia","All Country Subcodes","All Rate Provisions","All Districts","2016","47420","47420","","","","","1"
"3910 Silicones, In Primary Forms","Indonesia","All Country Subcodes","All Rate Provisions","All Districts","2013","1218","1218","","","","","3"
"7110 Platinum, Unwrought, Semimfr Forms Or In Powder Fm","Japan","All Country Subcodes","All Rate Provisions","All Districts","2013","90544419","90544419","","","","","209"
"8108 Titanium & Articles Thereof, Includ Waste & Scrap","Thailand","All Country Subcodes","All Rate Provisions","All Districts","2015","237714","237714","","","","","11"
"8108 Titanium & Articles Thereof, Includ Waste & Scrap","Taiwan","All Country Subcodes","All Rate Provisions","All Districts","2017","4586069","4760953","","","","","436"
"8112 Beryllium,chromium,hafnium,rhenium Etc & Articles","Thailand","All Country Subcodes","All Rate Provisions","All Districts","2012","200190","200190","","","","","5"
"3910 Silicones, In Primary Forms","Indonesia","All Country Subcodes","All Rate Provisions","All Districts","2019","781682","781682","","","","","15"
"8108 Titanium & Articles Thereof, Includ Waste & Scrap","Hong Kong","All Country Subcodes","All Rate Provisions","All Districts","2012","9491","9491","","","","","3"
"8110 Antimony And Artcls Throf Incl Waste And Scrap","Vietnam","All Country Subcodes","All Rate Provisions","All Districts","2012","595762","595762","","","","","1"
"7110 Platinum, Unwrought, Semimfr Forms Or In Powder Fm","Vietnam","All Country Subcodes","All Rate Provisions","All Districts","2016","41371","41371","","","","","1"
"3801 Artificial Graphite; Collodial Graphite & Prep Etc","Hong Kong","All Country Subcodes","All Rate Provisions","All Districts","2016","300101","300101","","","","","4"
"3801 Artificial Graphite; Collodial Graphite & Prep Etc","Singapore","All Country Subcodes","All Rate Provisions","All Districts","2019","3600","3600","","","","","1"
"3801 Artificial Graphite; Collodial Graphite & Prep Etc","Japan","All Country Subcodes","All Rate Provisions","All Districts","2014","24620380","24620380","","","","","256"
"8108 Titanium & Articles Thereof, Includ Waste & Scrap","Singapore","All Country Subcodes","All Rate Provisions","All Districts","2015","9242589","9242589","","","","","391"
"3801 Artificial Graphite; Collodial Graphite & Prep Etc","Taiwan","All Country Subcodes","All Rate Provisions","All Districts","2013","24723","24723","","","","","2"
"7226 Fl-rl Alloy Steel Nesoi Un 600mm Wide","Taiwan","All Country Subcodes","All Rate Provisions","All Districts","2016","140169","140169","","","","","11"
"7225 Fl-rl Alloy Steel Nesoi Nun 600mm Wide","Japan","All Country Subcodes","All Rate Provisions","All Districts","2013","241737640","241737640","","","","","1984"
"7225 Fl-rl Alloy Steel Nesoi Nun 600mm Wide","Vietnam","All Country Subcodes","All Rate Provisions","All Districts","2015","27541","27541","","","","","1"
"8112 Beryllium,chromium,hafnium,rhenium Etc & Articles","Japan","All Country Subcodes","All Rate Provisions","All Districts","2017","6047916","6047916","","","","","114"
"8111 Manganese And Artcles Thereof, Inc Waste And Scrap","Singapore","All Country Subcodes","All Rate Provisions","All Districts","2020","73225","73225","","","","","1"
"3910 Silicones, In Primary Forms","Korea, South","All Country Subcodes","All Rate Provisions","All Districts","2014","15585106","15080615","","","","","365"
"3910 Silicones, In Primary Forms","Singapore","All Country Subcodes","All Rate Provisions","All Districts","2020","29451","29451","","","","","6"
"2820 Manganese Oxides","Japan","All Country Subcodes","All Rate Provisions","All Districts","2014","13744172","13744172","","","","","108"
"3910 Silicones, In Primary Forms","Malaysia","All Country Subcodes","All Rate Provisions","All Districts","2017","131284","131284","","","","","18"
"8108 Titanium & Articles Thereof, Includ Waste & Scrap","Indonesia","All Country Subcodes","All Rate Provisions","All Districts","2011","411227","411227","","","","","5"
"2820 Manganese Oxides","Japan","All Country Subcodes","All Rate Provisions","All Districts","2019","7460248","7460248","","","","","83"
"8112 Beryllium,chromium,hafnium,rhenium Etc & Articles","Thailand","All Country Subcodes","All Rate Provisions","All Districts","2013","447374","447374","","","","","8"
"8105 Cobalt Mattes Etc, Cobalt & Art, Inc Waste & Scrap","Hong Kong","All Country Subcodes","All Rate Provisions","All Districts","2013","31400","31400","","","","","1"
"8108 Titanium & Articles Thereof, Includ Waste & Scrap","Taiwan","All Country Subcodes","All Rate Provisions","All Districts","2012","8621721","8625163","","","","","249"
"2602 Manganese Ores A Concntrts Inc Ferr Mangn Iron Ore","Japan","All Country Subcodes","All Rate Provisions","All Districts","2012","14800","14800","","","","","1"
"8108 Titanium & Articles Thereof, Includ Waste & Scrap","Japan","All Country Subcodes","All Rate Provisions","All Districts","2015","203175929","203155043","","","","","1181"
"2605 Cobalt Ores And Concentrates","Japan","All Country Subcodes","All Rate Provisions","All Districts","2012","692673","692673","","","","","6"
"8111 Manganese And Artcles Thereof, Inc Waste And Scrap","Korea, South","All Country Subcodes","All Rate Provisions","All Districts","2011","8219","8219","","","","","1"
"2846 Rare-earth Metal Compounds Of Yttrium Or Scandium","Hong Kong","All Country Subcodes","All Rate Provisions","All Districts","2013","1367000","1367000","","","","","17"
"8105 Cobalt Mattes Etc, Cobalt & Art, Inc Waste & Scrap","Korea, South","All Country Subcodes","All Rate Provisions","All Districts","2011","189790","189790","","","","","6"
"7110 Platinum, Unwrought, Semimfr Forms Or In Powder Fm","Singapore","All Country Subcodes","All Rate Provisions","All Districts","2020","135903416","135903416","","","","","294"
"8108 Titanium & Articles Thereof, Includ Waste & Scrap","Philippines","All Country Subcodes","All Rate Provisions","All Districts","2016","69268","69268","","","","","5"
"2504 Natural Graphite","Japan","All Country Subcodes","All Rate Provisions","All Districts","2018","1939858","1923938","","","","","129"
"8105 Cobalt Mattes Etc, Cobalt & Art, Inc Waste & Scrap","Hong Kong","All Country Subcodes","All Rate Provisions","All Districts","2020","32193","32193","","","","","2"
"7225 Fl-rl Alloy Steel Nesoi Nun 600mm Wide","Japan","All Country Subcodes","All Rate Provisions","All Districts","2015","236894427","236891073","","","","","1400"
"7110 Platinum, Unwrought, Semimfr Forms Or In Powder Fm","Hong Kong","All Country Subcodes","All Rate Provisions","All Districts","2019","494894","494894","","","","","3"
"8110 Antimony And Artcls Throf Incl Waste And Scrap","Thailand","All Country Subcodes","All Rate Provisions","All Districts","2020","222282","222282","","","","","2"
"8112 Beryllium,chromium,hafnium,rhenium Etc & Articles","Korea, South","All Country Subcodes","All Rate Provisions","All Districts","2018","3957304","3957304","","","","","41"
"7110 Platinum, Unwrought, Semimfr Forms Or In Powder Fm","Taiwan","All Country Subcodes","All Rate Provisions","All Districts","2011","1733862","1733862","","","","","3"
"3910 Silicones, In Primary Forms","Japan","All Country Subcodes","All Rate Provisions","All Districts","2017","133824603","131140770","","","","","3461"
"8108 Titanium & Articles Thereof, Includ Waste & Scrap","Vietnam","All Country Subcodes","All Rate Provisions","All Districts","2017","49633","49633","","","","","3"
"8111 Manganese And Artcles Thereof, Inc Waste And Scrap","Malaysia","All Country Subcodes","All Rate Provisions","All Districts","2017","3646","3646","","","","","1"
"8105 Cobalt Mattes Etc, Cobalt & Art, Inc Waste & Scrap","Singapore","All Country Subcodes","All Rate Provisions","All Districts","2012","188785","188785","","","","","3"
"3910 Silicones, In Primary Forms","Japan","All Country Subcodes","All Rate Provisions","All Districts","2016","108057010","105868018","","","","","3182"
"8112 Beryllium,chromium,hafnium,rhenium Etc & Articles","Korea, South","All Country Subcodes","All Rate Provisions","All Districts","2012","10308503","10308503","","","","","40"
"2801 Fluorine, Chlorine, Bromine & Iodine","Japan","All Country Subcodes","All Rate Provisions","All Districts","2020","10734453","10734453","","","","","29"
"7225 Fl-rl Alloy Steel Nesoi Nun 600mm Wide","Taiwan","All Country Subcodes","All Rate Provisions","All Districts","2014","35757693","35757693","","","","","247"
"2846 Rare-earth Metal Compounds Of Yttrium Or Scandium","Japan","All Country Subcodes","All Rate Provisions","All Districts","2013","36533517","24014261","","","","","394"
"2504 Natural Graphite","Japan","All Country Subcodes","All Rate Provisions","All Districts","2020","476197","470246","","","","","44"
"8108 Titanium & Articles Thereof, Includ Waste & Scrap","Vietnam","All Country Subcodes","All Rate Provisions","All Districts","2014","84897","84897","","","","","1"
"2504 Natural Graphite","Singapore","All Country Subcodes","All Rate Provisions","All Districts","2018","2700","2700","","","","","1"
"3910 Silicones, In Primary Forms","Hong Kong","All Country Subcodes","All Rate Provisions","All Districts","2012","4240","4240","","","","","4"
"8108 Titanium & Articles Thereof, Includ Waste & Scrap","Singapore","All Country Subcodes","All Rate Provisions","All Districts","2018","6276590","6276590","","","","","584"
"2504 Natural Graphite","Mongolia","All Country Subcodes","All Rate Provisions","All Districts","2014","71820","71820","","","","","1"
"8105 Cobalt Mattes Etc, Cobalt & Art, Inc Waste & Scrap","Macau","All Country Subcodes","All Rate Provisions","All Districts","2016","941842","941842","","","","","3"
"8111 Manganese And Artcles Thereof, Inc Waste And Scrap","Hong Kong","All Country Subcodes","All Rate Provisions","All Districts","2011","318906","318906","","","","","2"
"2846 Rare-earth Metal Compounds Of Yttrium Or Scandium","Malaysia","All Country Subcodes","All Rate Provisions","All Districts","2013","126200","126200","","","","","1"
"8108 Titanium & Articles Thereof, Includ Waste & Scrap","Korea, South","All Country Subcodes","All Rate Provisions","All Districts","2020","13696852","13696852","","","","","169"
"2801 Fluorine, Chlorine, Bromine & Iodine","Korea, South","All Country Subcodes","All Rate Provisions","All Districts","2018","1506721","1506721","","","","","30"
"8105 Cobalt Mattes Etc, Cobalt & Art, Inc Waste & Scrap","Taiwan","All Country Subcodes","All Rate Provisions","All Districts","2016","840693","731950","","","","","34"
"8108 Titanium & Articles Thereof, Includ Waste & Scrap","Indonesia","All Country Subcodes","All Rate Provisions","All Districts","2012","321240","321240","","","","","3"
"3801 Artificial Graphite; Collodial Graphite & Prep Etc","Malaysia","All Country Subcodes","All Rate Provisions","All Districts","2018","630125","630125","","","","","10"
"2605 Cobalt Ores And Concentrates","Japan","All Country Subcodes","All Rate Provisions","All Districts","2015","176763","176763","","","","","2"
"8112 Beryllium,chromium,hafnium,rhenium Etc & Articles","Japan","All Country Subcodes","All Rate Provisions","All Districts","2020","3617303","3617303","","","","","90"
"3801 Artificial Graphite; Collodial Graphite & Prep Etc","Korea, South","All Country Subcodes","All Rate Provisions","All Districts","2015","1775322","1775322","","","","","29"
"2846 Rare-earth Metal Compounds Of Yttrium Or Scandium","Korea, South","All Country Subcodes","All Rate Provisions","All Districts","2019","8076762","1604016","","","","","122"
"3801 Artificial Graphite; Collodial Graphite & Prep Etc","Japan","All Country Subcodes","All Rate Provisions","All Districts","2012","39805200","39805200","","","","","321"
"7110 Platinum, Unwrought, Semimfr Forms Or In Powder Fm","Korea, South","All Country Subcodes","All Rate Provisions","All Districts","2019","26392725","26392725","","","","","16"
"8105 Cobalt Mattes Etc, Cobalt & Art, Inc Waste & Scrap","Malaysia","All Country Subcodes","All Rate Provisions","All Districts","2017","19125","19125","","","","","1"
"3801 Artificial Graphite; Collodial Graphite & Prep Etc","Taiwan","All Country Subcodes","All Rate Provisions","All Districts","2020","248546","248546","","","","","30"
"8108 Titanium & Articles Thereof, Includ Waste & Scrap","Malaysia","All Country Subcodes","All Rate Provisions","All Districts","2011","173010","173010","","","","","40"
"3801 Artificial Graphite; Collodial Graphite & Prep Etc","Taiwan","All Country Subcodes","All Rate Provisions","All Districts","2019","258556","258556","","","","","31"
"3801 Artificial Graphite; Collodial Graphite & Prep Etc","Singapore","All Country Subcodes","All Rate Provisions","All Districts","2014","65382","65382","","","","","1"
"3910 Silicones, In Primary Forms","Thailand","All Country Subcodes","All Rate Provisions","All Districts","2019","29571850","29571850","","","","","467"
"8112 Beryllium,chromium,hafnium,rhenium Etc & Articles","Taiwan","All Country Subcodes","All Rate Provisions","All Districts","2014","15204838","15185486","","","","","72"
"2820 Manganese Oxides","Japan","All Country Subcodes","All Rate Provisions","All Districts","2011","20148354","20148354","","","","","142"
"8108 Titanium & Articles Thereof, Includ Waste & Scrap","Taiwan","All Country Subcodes","All Rate Provisions","All Districts","2018","3207608","3775876","","","","","336"
"2846 Rare-earth Metal Compounds Of Yttrium Or Scandium","Hong Kong","All Country Subcodes","All Rate Provisions","All Districts","2014","279000","279000","","","","","3"
"8108 Titanium & Articles Thereof, Includ Waste & Scrap","Indonesia","All Country Subcodes","All Rate Provisions","All Districts","2019","35131","35131","","","","","1"
"2504 Natural Graphite","Japan","All Country Subcodes","All Rate Provisions","All Districts","2017","1494088","1494088","","","","","109"
"3910 Silicones, In Primary Forms","Taiwan","All Country Subcodes","All Rate Provisions","All Districts","2020","3047498","3047498","","","","","70"
"2614 Titanium Ores And Concentrates","Korea, South","All Country Subcodes","All Rate Provisions","All Districts","2017","7001","7001","","","","","1"
"2504 Natural Graphite","Hong Kong","All Country Subcodes","All Rate Provisions","All Districts","2013","628290","628290","","","","","2"
"2820 Manganese Oxides","Taiwan","All Country Subcodes","All Rate Provisions","All Districts","2014","3870","3870","","","","","1"
"7225 Fl-rl Alloy Steel Nesoi Nun 600mm Wide","Korea, South","All Country Subcodes","All Rate Provisions","All Districts","2015","135014835","135108745","","","","","513"
"3801 Artificial Graphite; Collodial Graphite & Prep Etc","Japan","All Country Subcodes","All Rate Provisions","All Districts","2013","24466247","24466247","","","","","232"
"8108 Titanium & Articles Thereof, Includ Waste & Scrap","Indonesia","All Country Subcodes","All Rate Provisions","All Districts","2018","18902","18902","","","","","1"
"2603 Copper Ores And Concentrates","Singapore","All Country Subcodes","All Rate Provisions","All Districts","2019","2556","2556","","","","","1"
"3910 Silicones, In Primary Forms","Taiwan","All Country Subcodes","All Rate Provisions","All Districts","2013","1613744","1613744","","","","","65"
"8105 Cobalt Mattes Etc, Cobalt & Art, Inc Waste & Scrap","Japan","All Country Subcodes","All Rate Provisions","All Districts","2019","54621770","54677826","","","","","210"
"2614 Titanium Ores And Concentrates","Malaysia","All Country Subcodes","All Rate Provisions","All Districts","2013","4199629","4199629","","","","","24"
"7110 Platinum, Unwrought, Semimfr Forms Or In Powder Fm","Thailand","All Country Subcodes","All Rate Provisions","All Districts","2018","6530","6530","","","","","1"
"8108 Titanium & Articles Thereof, Includ Waste & Scrap","Thailand","All Country Subcodes","All Rate Provisions","All Districts","2011","220573","220573","","","","","16"
"2504 Natural Graphite","Taiwan","All Country Subcodes","All Rate Provisions","All Districts","2016","6600","6600","","","","","1"
"2606 Aluminum Ores And Concentrates","Korea, South","All Country Subcodes","All Rate Provisions","All Districts","2020","16800","16800","","","","","3"
"2604 Nickel Ores And Concentrates","Hong Kong","All Country Subcodes","All Rate Provisions","All Districts","2015","2820","2820","","","","","1"
"8110 Antimony And Artcls Throf Incl Waste And Scrap","Vietnam","All Country Subcodes","All Rate Provisions","All Districts","2020","2239375","2239375","","","","","14"
"3910 Silicones, In Primary Forms","Singapore","All Country Subcodes","All Rate Provisions","All Districts","2016","672","672","","","","","2"
"3910 Silicones, In Primary Forms","Taiwan","All Country Subcodes","All Rate Provisions","All Districts","2015","737096","737096","","","","","51"
"2846 Rare-earth Metal Compounds Of Yttrium Or Scandium","Taiwan","All Country Subcodes","All Rate Provisions","All Districts","2016","35600","35600","","","","","3"
"2504 Natural Graphite","Japan","All Country Subcodes","All Rate Provisions","All Districts","2013","5095325","5095325","","","","","179"
"3801 Artificial Graphite; Collodial Graphite & Prep Etc","Taiwan","All Country Subcodes","All Rate Provisions","All Districts","2011","48350","48350","","","","","4"
"7110 Platinum, Unwrought, Semimfr Forms Or In Powder Fm","Thailand","All Country Subcodes","All Rate Provisions","All Districts","2011","22719","22719","","","","","2"
"8112 Beryllium,chromium,hafnium,rhenium Etc & Articles","Philippines","All Country Subcodes","All Rate Provisions","All Districts","2018","16848","16848","","","","","1"
"2846 Rare-earth Metal Compounds Of Yttrium Or Scandium","Laos","All Country Subcodes","All Rate Provisions","All Districts","2013","107300","107300","","","","","1"
"2604 Nickel Ores And Concentrates","Taiwan","All Country Subcodes","All Rate Provisions","All Districts","2017","6944","6944","","","","","1"
"7226 Fl-rl Alloy Steel Nesoi Un 600mm Wide","Vietnam","All Country Subcodes","All Rate Provisions","All Districts","2016","6822","6822","","","","","1"
"7110 Platinum, Unwrought, Semimfr Forms Or In Powder Fm","Taiwan","All Country Subcodes","All Rate Provisions","All Districts","2018","4764535","4764535","","","","","8"
"7110 Platinum, Unwrought, Semimfr Forms Or In Powder Fm","Singapore","All Country Subcodes","All Rate Provisions","All Districts","2013","37375836","37375836","","","","","37"
"7225 Fl-rl Alloy Steel Nesoi Nun 600mm Wide","Indonesia","All Country Subcodes","All Rate Provisions","All Districts","2016","99267","99267","","","","","2"
"8108 Titanium & Articles Thereof, Includ Waste & Scrap","Japan","All Country Subcodes","All Rate Provisions","All Districts","2018","241810300","241810300","","","","","1202"
"8110 Antimony And Artcls Throf Incl Waste And Scrap","Japan","All Country Subcodes","All Rate Provisions","All Districts","2014","510313","510313","","","","","15"
"8108 Titanium & Articles Thereof, Includ Waste & Scrap","Philippines","All Country Subcodes","All Rate Provisions","All Districts","2019","89125","89125","","","","","6"
"8110 Antimony And Artcls Throf Incl Waste And Scrap","Burma","All Country Subcodes","All Rate Provisions","All Districts","2018","1046022","1046022","","","","","6"
"7226 Fl-rl Alloy Steel Nesoi Un 600mm Wide","Taiwan","All Country Subcodes","All Rate Provisions","All Districts","2011","1627978","1627978","","","","","46"
"2504 Natural Graphite","Hong Kong","All Country Subcodes","All Rate Provisions","All Districts","2012","49200","49200","","","","","1"
"7226 Fl-rl Alloy Steel Nesoi Un 600mm Wide","Thailand","All Country Subcodes","All Rate Provisions","All Districts","2014","117397","117397","","","","","3"
"2801 Fluorine, Chlorine, Bromine & Iodine","Japan","All Country Subcodes","All Rate Provisions","All Districts","2011","16899242","16899242","","","","","62"
"8110 Antimony And Artcls Throf Incl Waste And Scrap","Korea, South","All Country Subcodes","All Rate Provisions","All Districts","2016","876016","876016","","","","","5"
"7110 Platinum, Unwrought, Semimfr Forms Or In Powder Fm","Thailand","All Country Subcodes","All Rate Provisions","All Districts","2012","15818","15818","","","","","1"
"8112 Beryllium,chromium,hafnium,rhenium Etc & Articles","Malaysia","All Country Subcodes","All Rate Provisions","All Districts","2013","22606","22606","","","","","4"
"8108 Titanium & Articles Thereof, Includ Waste & Scrap","Taiwan","All Country Subcodes","All Rate Provisions","All Districts","2011","14869115","14849669","","","","","245"
"2604 Nickel Ores And Concentrates","Japan","All Country Subcodes","All Rate Provisions","All Districts","2016","2313","2313","","","","","1"
"2602 Manganese Ores A Concntrts Inc Ferr Mangn Iron Ore","Korea, South","All Country Subcodes","All Rate Provisions","All Districts","2017","12795","12795","","","","","1"
"2504 Natural Graphite","Japan","All Country Subcodes","All Rate Provisions","All Districts","2014","7284190","7284190","","","","","146"
"2820 Manganese Oxides","Singapore","All Country Subcodes","All Rate Provisions","All Districts","2011","310080","310080","","","","","16"
"8105 Cobalt Mattes Etc, Cobalt & Art, Inc Waste & Scrap","Vietnam","All Country Subcodes","All Rate Provisions","All Districts","2018","49070","49070","","","","","10"
"7226 Fl-rl Alloy Steel Nesoi Un 600mm Wide","Malaysia","All Country Subcodes","All Rate Provisions","All Districts","2020","36790","36790","","","","","6"
"3801 Artificial Graphite; Collodial Graphite & Prep Etc","Japan","All Country Subcodes","All Rate Provisions","All Districts","2020","52682405","52626543","","","","","328"
"8112 Beryllium,chromium,hafnium,rhenium Etc & Articles","Malaysia","All Country Subcodes","All Rate Provisions","All Districts","2017","51672","51672","","","","","7"
"3801 Artificial Graphite; Collodial Graphite & Prep Etc","Indonesia","All Country Subcodes","All Rate Provisions","All Districts","2018","7377","7377","","","","","1"
"8110 Antimony And Artcls Throf Incl Waste And Scrap","Hong Kong","All Country Subcodes","All Rate Provisions","All Districts","2013","4436513","4436513","","","","","9"
"8105 Cobalt Mattes Etc, Cobalt & Art, Inc Waste & Scrap","Singapore","All Country Subcodes","All Rate Provisions","All Districts","2013","104843","104843","","","","","5"
"7226 Fl-rl Alloy Steel Nesoi Un 600mm Wide","Japan","All Country Subcodes","All Rate Provisions","All Districts","2016","29999515","29968173","","","","","802"
"7225 Fl-rl Alloy Steel Nesoi Nun 600mm Wide","Taiwan","All Country Subcodes","All Rate Provisions","All Districts","2017","1844797","1844797","","","","","23"
"2820 Manganese Oxides","Korea, South","All Country Subcodes","All Rate Provisions","All Districts","2012","25160","25160","","","","","2"
"8112 Beryllium,chromium,hafnium,rhenium Etc & Articles","Singapore","All Country Subcodes","All Rate Provisions","All Districts","2017","467786","467786","","","","","10"
"8108 Titanium & Articles Thereof, Includ Waste & Scrap","Philippines","All Country Subcodes","All Rate Provisions","All Districts","2015","66397","66397","","","","","4"
"7226 Fl-rl Alloy Steel Nesoi Un 600mm Wide","Japan","All Country Subcodes","All Rate Provisions","All Districts","2019","27684335","27684335","","","","","990"
"3910 Silicones, In Primary Forms","Philippines","All Country Subcodes","All Rate Provisions","All Districts","2018","3293","3293","","","","","5"
"3801 Artificial Graphite; Collodial Graphite & Prep Etc","Taiwan","All Country Subcodes","All Rate Provisions","All Districts","2014","39585","39585","","","","","6"
"7110 Platinum, Unwrought, Semimfr Forms Or In Powder Fm","Thailand","All Country Subcodes","All Rate Provisions","All Districts","2013","117204","117204","","","","","2"
"2504 Natural Graphite","Taiwan","All Country Subcodes","All Rate Provisions","All Districts","2012","12896","12896","","","","","1"
"2602 Manganese Ores A Concntrts Inc Ferr Mangn Iron Ore","Korea, South","All Country Subcodes","All Rate Provisions","All Districts","2013","72800","72800","","","","","1"
"7225 Fl-rl Alloy Steel Nesoi Nun 600mm Wide","Korea, South","All Country Subcodes","All Rate Provisions","All Districts","2018","127893697","127841212","","","","","219"
"8111 Manganese And Artcles Thereof, Inc Waste And Scrap","Hong Kong","All Country Subcodes","All Rate Provisions","All Districts","2012","159870","159870","","","","","1"
"8110 Antimony And Artcls Throf Incl Waste And Scrap","Burma","All Country Subcodes","All Rate Provisions","All Districts","2019","3379661","3379661","","","","","18"
"8112 Beryllium,chromium,hafnium,rhenium Etc & Articles","Japan","All Country Subcodes","All Rate Provisions","All Districts","2018","6965895","7058395","","","","","106"
"7226 Fl-rl Alloy Steel Nesoi Un 600mm Wide","Hong Kong","All Country Subcodes","All Rate Provisions","All Districts","2013","3875","3875","","","","","1"
"2820 Manganese Oxides","Japan","All Country Subcodes","All Rate Provisions","All Districts","2012","20707402","20707402","","","","","130"
"8105 Cobalt Mattes Etc, Cobalt & Art, Inc Waste & Scrap","Vietnam","All Country Subcodes","All Rate Provisions","All Districts","2017","46724","46724","","","","","9"
"3910 Silicones, In Primary Forms","Korea, South","All Country Subcodes","All Rate Provisions","All Districts","2018","15396747","15568805","","","","","413"
"2801 Fluorine, Chlorine, Bromine & Iodine","Korea, South","All Country Subcodes","All Rate Provisions","All Districts","2015","487194","482394","","","","","21"
"8111 Manganese And Artcles Thereof, Inc Waste And Scrap","Taiwan","All Country Subcodes","All Rate Provisions","All Districts","2014","3620","3620","","","","","1"
"2614 Titanium Ores And Concentrates","Japan","All Country Subcodes","All Rate Provisions","All Districts","2012","6250","6250","","","","","1"
"8112 Beryllium,chromium,hafnium,rhenium Etc & Articles","Malaysia","All Country Subcodes","All Rate Provisions","All Districts","2016","20455","20455","","","","","4"
"2820 Manganese Oxides","Singapore","All Country Subcodes","All Rate Provisions","All Districts","2016","152760","152760","","","","","8"
"3910 Silicones, In Primary Forms","Singapore","All Country Subcodes","All Rate Provisions","All Districts","2015","122015","122015","","","","","3"
"3910 Silicones, In Primary Forms","Malaysia","All Country Subcodes","All Rate Provisions","All Districts","2013","16576","16576","","","","","9"
"8108 Titanium & Articles Thereof, Includ Waste & Scrap","Philippines","All Country Subcodes","All Rate Provisions","All Districts","2018","77030","77030","","","","","4"
"8112 Beryllium,chromium,hafnium,rhenium Etc & Articles","Korea, South","All Country Subcodes","All Rate Provisions","All Districts","2013","5607768","5607768","","","","","23"
"2846 Rare-earth Metal Compounds Of Yttrium Or Scandium","Malaysia","All Country Subcodes","All Rate Provisions","All Districts","2019","4528969","4528969","","","","","40"
"2504 Natural Graphite","Japan","All Country Subcodes","All Rate Provisions","All Districts","2011","3763618","3763618","","","","","138"
"2603 Copper Ores And Concentrates","Japan","All Country Subcodes","All Rate Provisions","All Districts","2016","4650","4650","","","","","1"
"8108 Titanium & Articles Thereof, Includ Waste & Scrap","Singapore","All Country Subcodes","All Rate Provisions","All Districts","2012","4582650","4582650","","","","","122"
"7225 Fl-rl Alloy Steel Nesoi Nun 600mm Wide","Korea, South","All Country Subcodes","All Rate Provisions","All Districts","2014","119124569","119112999","","","","","416"
"7110 Platinum, Unwrought, Semimfr Forms Or In Powder Fm","Indonesia","All Country Subcodes","All Rate Provisions","All Districts","2011","19000","19000","","","","","1"
"7110 Platinum, Unwrought, Semimfr Forms Or In Powder Fm","Taiwan","All Country Subcodes","All Rate Provisions","All Districts","2015","532371","532371","","","","","4"
"8110 Antimony And Artcls Throf Incl Waste And Scrap","Vietnam","All Country Subcodes","All Rate Provisions","All Districts","2015","1582754","1582754","","","","","10"
"7226 Fl-rl Alloy Steel Nesoi Un 600mm Wide","Thailand","All Country Subcodes","All Rate Provisions","All Districts","2013","1754337","1754337","","","","","9"
"7225 Fl-rl Alloy Steel Nesoi Nun 600mm Wide","Korea, South","All Country Subcodes","All Rate Provisions","All Districts","2016","110074935","110694685","","","","","391"
"8108 Titanium & Articles Thereof, Includ Waste & Scrap","Vietnam","All Country Subcodes","All Rate Provisions","All Districts","2015","2133","2133","","","","","1"
"8112 Beryllium,chromium,hafnium,rhenium Etc & Articles","Thailand","All Country Subcodes","All Rate Provisions","All Districts","2011","354417","354417","","","","","10"
"8110 Antimony And Artcls Throf Incl Waste And Scrap","Hong Kong","All Country Subcodes","All Rate Provisions","All Districts","2020","537153","675297","","","","","3"
"8105 Cobalt Mattes Etc, Cobalt & Art, Inc Waste & Scrap","Japan","All Country Subcodes","All Rate Provisions","All Districts","2020","48352818","48451750","","","","","166"
"8111 Manganese And Artcles Thereof, Inc Waste And Scrap","Japan","All Country Subcodes","All Rate Provisions","All Districts","2011","22776","22776","","","","","3"
"7225 Fl-rl Alloy Steel Nesoi Nun 600mm Wide","Vietnam","All Country Subcodes","All Rate Provisions","All Districts","2017","1021774","457518","","","","","4"
"2846 Rare-earth Metal Compounds Of Yttrium Or Scandium","Korea, South","All Country Subcodes","All Rate Provisions","All Districts","2015","7038697","1128585","","","","","177"
"8112 Beryllium,chromium,hafnium,rhenium Etc & Articles","Hong Kong","All Country Subcodes","All Rate Provisions","All Districts","2013","717004","717004","","","","","15"
"2605 Cobalt Ores And Concentrates","Japan","All Country Subcodes","All Rate Provisions","All Districts","2014","247149","247149","","","","","3"
"8108 Titanium & Articles Thereof, Includ Waste & Scrap","Korea, South","All Country Subcodes","All Rate Provisions","All Districts","2018","12622091","12622091","","","","","197"
"8111 Manganese And Artcles Thereof, Inc Waste And Scrap","Hong Kong","All Country Subcodes","All Rate Provisions","All Districts","2019","452015","452015","","","","","2"
"7226 Fl-rl Alloy Steel Nesoi Un 600mm Wide","Korea, South","All Country Subcodes","All Rate Provisions","All Districts","2014","442255","442255","","","","","28"
"8108 Titanium & Articles Thereof, Includ Waste & Scrap","Malaysia","All Country Subcodes","All Rate Provisions","All Districts","2019","263986","263986","","","","","20"
"8105 Cobalt Mattes Etc, Cobalt & Art, Inc Waste & Scrap","Singapore","All Country Subcodes","All Rate Provisions","All Districts","2020","1510456","1510456","","","","","16"
"2820 Manganese Oxides","Singapore","All Country Subcodes","All Rate Provisions","All Districts","2014","303525","303525","","","","","15"
"2846 Rare-earth Metal Compounds Of Yttrium Or Scandium","Singapore","All Country Subcodes","All Rate Provisions","All Districts","2011","11400","11400","","","","","1"
"8111 Manganese And Artcles Thereof, Inc Waste And Scrap","Japan","All Country Subcodes","All Rate Provisions","All Districts","2018","3124898","3124898","","","","","60"
"3801 Artificial Graphite; Collodial Graphite & Prep Etc","Hong Kong","All Country Subcodes","All Rate Provisions","All Districts","2013","404880","404880","","","","","4"
"8112 Beryllium,chromium,hafnium,rhenium Etc & Articles","Taiwan","All Country Subcodes","All Rate Provisions","All Districts","2018","964831","964831","","","","","21"
"8111 Manganese And Artcles Thereof, Inc Waste And Scrap","Korea, South","All Country Subcodes","All Rate Provisions","All Districts","2013","142025","142025","","","","","3"
"7226 Fl-rl Alloy Steel Nesoi Un 600mm Wide","Hong Kong","All Country Subcodes","All Rate Provisions","All Districts","2014","26006","26006","","","","","5"
"2846 Rare-earth Metal Compounds Of Yttrium Or Scandium","Malaysia","All Country Subcodes","All Rate Provisions","All Districts","2016","819600","819600","","","","","22"
"8105 Cobalt Mattes Etc, Cobalt & Art, Inc Waste & Scrap","Singapore","All Country Subcodes","All Rate Provisions","All Districts","2018","546545","546545","","","","","9"
"8112 Beryllium,chromium,hafnium,rhenium Etc & Articles","Hong Kong","All Country Subcodes","All Rate Provisions","All Districts","2018","2182416","2182416","","","","","9"
"3910 Silicones, In Primary Forms","Taiwan","All Country Subcodes","All Rate Provisions","All Districts","2017","2682114","2682114","","","","","82"
"8108 Titanium & Articles Thereof, Includ Waste & Scrap","Hong Kong","All Country Subcodes","All Rate Provisions","All Districts","2019","157361","157361","","","","","9"
"7225 Fl-rl Alloy Steel Nesoi Nun 600mm Wide","Japan","All Country Subcodes","All Rate Provisions","All Districts","2012","263594388","263594388","","","","","2081"
"2820 Manganese Oxides","Japan","All Country Subcodes","All Rate Provisions","All Districts","2015","13518607","13518607","","","","","110"
"8108 Titanium & Articles Thereof, Includ Waste & Scrap","Thailand","All Country Subcodes","All Rate Provisions","All Districts","2014","178338","178338","","","","","8"
"8110 Antimony And Artcls Throf Incl Waste And Scrap","Hong Kong","All Country Subcodes","All Rate Provisions","All Districts","2017","976665","307575","","","","","3"
"8105 Cobalt Mattes Etc, Cobalt & Art, Inc Waste & Scrap","Singapore","All Country Subcodes","All Rate Provisions","All Districts","2016","786893","786893","","","","","17"
"2504 Natural Graphite","Korea, South","All Country Subcodes","All Rate Provisions","All Districts","2012","8435","8435","","","","","2"
"8105 Cobalt Mattes Etc, Cobalt & Art, Inc Waste & Scrap","Korea, South","All Country Subcodes","All Rate Provisions","All Districts","2020","66012","66012","","","","","10"
"8105 Cobalt Mattes Etc, Cobalt & Art, Inc Waste & Scrap","Hong Kong","All Country Subcodes","All Rate Provisions","All Districts","2018","3779218","3779218","","","","","3"
"7110 Platinum, Unwrought, Semimfr Forms Or In Powder Fm","Korea, South","All Country Subcodes","All Rate Provisions","All Districts","2015","240252950","240252950","","","","","80"
"8108 Titanium & Articles Thereof, Includ Waste & Scrap","Malaysia","All Country Subcodes","All Rate Provisions","All Districts","2015","239038","239038","","","","","18"
"3910 Silicones, In Primary Forms","Japan","All Country Subcodes","All Rate Provisions","All Districts","2011","143386001","143323425","","","","","3394"
"7226 Fl-rl Alloy Steel Nesoi Un 600mm Wide","Korea, South","All Country Subcodes","All Rate Provisions","All Districts","2012","180896","180896","","","","","20"
"8105 Cobalt Mattes Etc, Cobalt & Art, Inc Waste & Scrap","Vietnam","All Country Subcodes","All Rate Provisions","All Districts","2020","22702","22702","","","","","5"
"8108 Titanium & Articles Thereof, Includ Waste & Scrap","Hong Kong","All Country Subcodes","All Rate Provisions","All Districts","2013","141372","141372","","","","","9"
"8108 Titanium & Articles Thereof, Includ Waste & Scrap","Japan","All Country Subcodes","All Rate Provisions","All Districts","2011","221694341","221542237","","","","","917"
"8108 Titanium & Articles Thereof, Includ Waste & Scrap","Taiwan","All Country Subcodes","All Rate Provisions","All Districts","2014","6362028","6367510","","","","","291"
"8105 Cobalt Mattes Etc, Cobalt & Art, Inc Waste & Scrap","Japan","All Country Subcodes","All Rate Provisions","All Districts","2012","22631766","22631766","","","","","178"
"3910 Silicones, In Primary Forms","Philippines","All Country Subcodes","All Rate Provisions","All Districts","2017","703","703","","","","","1"
"7110 Platinum, Unwrought, Semimfr Forms Or In Powder Fm","Korea, South","All Country Subcodes","All Rate Provisions","All Districts","2011","13817767","13817767","","","","","13"
"8105 Cobalt Mattes Etc, Cobalt & Art, Inc Waste & Scrap","Malaysia","All Country Subcodes","All Rate Provisions","All Districts","2012","68542","68542","","","","","1"
"2846 Rare-earth Metal Compounds Of Yttrium Or Scandium","Hong Kong","All Country Subcodes","All Rate Provisions","All Districts","2016","51146","51146","","","","","2"
"3910 Silicones, In Primary Forms","Japan","All Country Subcodes","All Rate Provisions","All Districts","2014","113015995","112469609","","","","","2710"
"8110 Antimony And Artcls Throf Incl Waste And Scrap","Thailand","All Country Subcodes","All Rate Provisions","All Districts","2019","1970934","1970934","","","","","14"
"8108 Titanium & Articles Thereof, Includ Waste & Scrap","Singapore","All Country Subcodes","All Rate Provisions","All Districts","2011","2314173","2314173","","","","","37"
"8110 Antimony And Artcls Throf Incl Waste And Scrap","Japan","All Country Subcodes","All Rate Provisions","All Districts","2013","338971","338971","","","","","9"
"8110 Antimony And Artcls Throf Incl Waste And Scrap","Korea, South","All Country Subcodes","All Rate Provisions","All Districts","2017","1840706","1840706","","","","","12"
"3910 Silicones, In Primary Forms","Hong Kong","All Country Subcodes","All Rate Provisions","All Districts","2020","25145","25145","","","","","9"
"3910 Silicones, In Primary Forms","Hong Kong","All Country Subcodes","All Rate Provisions","All Districts","2017","134168","134168","","","","","8"
"7110 Platinum, Unwrought, Semimfr Forms Or In Powder Fm","Philippines","All Country Subcodes","All Rate Provisions","All Districts","2019","8930","8930","","","","","1"
"2614 Titanium Ores And Concentrates","Malaysia","All Country Subcodes","All Rate Provisions","All Districts","2014","4025099","4025099","","","","","29"
"8105 Cobalt Mattes Etc, Cobalt & Art, Inc Waste & Scrap","Indonesia","All Country Subcodes","All Rate Provisions","All Districts","2014","158749","158749","","","","","1"
"2801 Fluorine, Chlorine, Bromine & Iodine","Japan","All Country Subcodes","All Rate Provisions","All Districts","2018","11875139","11875139","","","","","35"
"8112 Beryllium,chromium,hafnium,rhenium Etc & Articles","Hong Kong","All Country Subcodes","All Rate Provisions","All Districts","2020","62375","62375","","","","","1"
"7226 Fl-rl Alloy Steel Nesoi Un 600mm Wide","Thailand","All Country Subcodes","All Rate Provisions","All Districts","2018","9214","9214","","","","","3"
"8105 Cobalt Mattes Etc, Cobalt & Art, Inc Waste & Scrap","Korea, South","All Country Subcodes","All Rate Provisions","All Districts","2015","238690","238690","","","","","20"
"7225 Fl-rl Alloy Steel Nesoi Nun 600mm Wide","Hong Kong","All Country Subcodes","All Rate Provisions","All Districts","2013","60191","60191","","","","","1"
"7110 Platinum, Unwrought, Semimfr Forms Or In Powder Fm","Japan","All Country Subcodes","All Rate Provisions","All Districts","2020","98437397","98437397","","","","","127"
"3910 Silicones, In Primary Forms","Indonesia","All Country Subcodes","All Rate Provisions","All Districts","2017","1172","1172","","","","","2"
"2846 Rare-earth Metal Compounds Of Yttrium Or Scandium","Japan","All Country Subcodes","All Rate Provisions","All Districts","2014","37870311","29316162","","","","","488"
"8112 Beryllium,chromium,hafnium,rhenium Etc & Articles","Malaysia","All Country Subcodes","All Rate Provisions","All Districts","2020","32110","32110","","","","","4"
"7110 Platinum, Unwrought, Semimfr Forms Or In Powder Fm","Taiwan","All Country Subcodes","All Rate Provisions","All Districts","2014","844167","844167","","","","","6"
"2846 Rare-earth Metal Compounds Of Yttrium Or Scandium","Malaysia","All Country Subcodes","All Rate Provisions","All Districts","2020","2199417","2199417","","","","","23"
"8108 Titanium & Articles Thereof, Includ Waste & Scrap","Singapore","All Country Subcodes","All Rate Provisions","All Districts","2014","8702406","8702406","","","","","369"
"3801 Artificial Graphite; Collodial Graphite & Prep Etc","Hong Kong","All Country Subcodes","All Rate Provisions","All Districts","2015","724126","724126","","","","","5"
"8108 Titanium & Articles Thereof, Includ Waste & Scrap","Japan","All Country Subcodes","All Rate Provisions","All Districts","2020","178228973","178300401","","","","","875"
"8105 Cobalt Mattes Etc, Cobalt & Art, Inc Waste & Scrap","Korea, South","All Country Subcodes","All Rate Provisions","All Districts","2012","1744106","1744106","","","","","18"
"3910 Silicones, In Primary Forms","Korea, South","All Country Subcodes","All Rate Provisions","All Districts","2011","6999481","6870476","","","","","199"
"3910 Silicones, In Primary Forms","Singapore","All Country Subcodes","All Rate Provisions","All Districts","2013","83283","83283","","","","","7"
"3910 Silicones, In Primary Forms","Malaysia","All Country Subcodes","All Rate Provisions","All Districts","2012","39773","39773","","","","","8"
"3910 Silicones, In Primary Forms","Hong Kong","All Country Subcodes","All Rate Provisions","All Districts","2014","89492","89492","","","","","6"
"8105 Cobalt Mattes Etc, Cobalt & Art, Inc Waste & Scrap","Singapore","All Country Subcodes","All Rate Provisions","All Districts","2014","623412","623412","","","","","21"
"7225 Fl-rl Alloy Steel Nesoi Nun 600mm Wide","Taiwan","All Country Subcodes","All Rate Provisions","All Districts","2018","472547","472547","","","","","8"
"8111 Manganese And Artcles Thereof, Inc Waste And Scrap","Malaysia","All Country Subcodes","All Rate Provisions","All Districts","2014","12412","12412","","","","","2"
"3801 Artificial Graphite; Collodial Graphite & Prep Etc","Hong Kong","All Country Subcodes","All Rate Provisions","All Districts","2018","1135260","1135260","","","","","3"
"8111 Manganese And Artcles Thereof, Inc Waste And Scrap","Korea, South","All Country Subcodes","All Rate Provisions","All Districts","2015","1923754","1923754","","","","","4"
"3801 Artificial Graphite; Collodial Graphite & Prep Etc","Taiwan","All Country Subcodes","All Rate Provisions","All Districts","2016","323271","323271","","","","","34"
"8112 Beryllium,chromium,hafnium,rhenium Etc & Articles","Korea, South","All Country Subcodes","All Rate Provisions","All Districts","2017","3308027","3308027","","","","","36"
"7225 Fl-rl Alloy Steel Nesoi Nun 600mm Wide","Taiwan","All Country Subcodes","All Rate Provisions","All Districts","2013","33365402","33365402","","","","","263"
"8112 Beryllium,chromium,hafnium,rhenium Etc & Articles","Taiwan","All Country Subcodes","All Rate Provisions","All Districts","2012","1915876","1915876","","","","","20"
"7225 Fl-rl Alloy Steel Nesoi Nun 600mm Wide","Taiwan","All Country Subcodes","All Rate Provisions","All Districts","2020","264767","264767","","","","","4"
"8108 Titanium & Articles Thereof, Includ Waste & Scrap","Thailand","All Country Subcodes","All Rate Provisions","All Districts","2019","272943","272943","","","","","15"
"8105 Cobalt Mattes Etc, Cobalt & Art, Inc Waste & Scrap","Indonesia","All Country Subcodes","All Rate Provisions","All Districts","2012","62380","62380","","","","","1"
"7226 Fl-rl Alloy Steel Nesoi Un 600mm Wide","Korea, South","All Country Subcodes","All Rate Provisions","All Districts","2015","201867","201867","","","","","12"
"3910 Silicones, In Primary Forms","Korea, South","All Country Subcodes","All Rate Provisions","All Districts","2019","8779422","8767022","","","","","359"
"2604 Nickel Ores And Concentrates","Japan","All Country Subcodes","All Rate Provisions","All Districts","2017","8896","8896","","","","","1"
"3910 Silicones, In Primary Forms","Indonesia","All Country Subcodes","All Rate Provisions","All Districts","2020","19650","19650","","","","","5"
"7225 Fl-rl Alloy Steel Nesoi Nun 600mm Wide","Malaysia","All Country Subcodes","All Rate Provisions","All Districts","2015","373670","373670","","","","","1"
"8108 Titanium & Articles Thereof, Includ Waste & Scrap","Korea, South","All Country Subcodes","All Rate Provisions","All Districts","2014","11343950","11343950","","","","","147"
"2801 Fluorine, Chlorine, Bromine & Iodine","Taiwan","All Country Subcodes","All Rate Provisions","All Districts","2020","11250","11250","","","","","1"
"3801 Artificial Graphite; Collodial Graphite & Prep Etc","Taiwan","All Country Subcodes","All Rate Provisions","All Districts","2015","243066","243066","","","","","22"
"2504 Natural Graphite","Vietnam","All Country Subcodes","All Rate Provisions","All Districts","2013","8496","8496","","","","","1"
"3910 Silicones, In Primary Forms","Philippines","All Country Subcodes","All Rate Provisions","All Districts","2016","4049","4049","","","","","3"
"2846 Rare-earth Metal Compounds Of Yttrium Or Scandium","Korea, South","All Country Subcodes","All Rate Provisions","All Districts","2012","4219095","2639560","","","","","93"
"3801 Artificial Graphite; Collodial Graphite & Prep Etc","Hong Kong","All Country Subcodes","All Rate Provisions","All Districts","2019","1686720","1686720","","","","","10"
"2603 Copper Ores And Concentrates","Indonesia","All Country Subcodes","All Rate Provisions","All Districts","2016","43973","43973","","","","","1"
"7226 Fl-rl Alloy Steel Nesoi Un 600mm Wide","Japan","All Country Subcodes","All Rate Provisions","All Districts","2011","53158853","53158853","","","","","885"
"7225 Fl-rl Alloy Steel Nesoi Nun 600mm Wide","Thailand","All Country Subcodes","All Rate Provisions","All Districts","2020","302980","302980","","","","","2"
"3910 Silicones, In Primary Forms","Hong Kong","All Country Subcodes","All Rate Provisions","All Districts","2011","86546","86546","","","","","5"
"8112 Beryllium,chromium,hafnium,rhenium Etc & Articles","Taiwan","All Country Subcodes","All Rate Provisions","All Districts","2016","3779735","3779735","","","","","54"
"2603 Copper Ores And Concentrates","Indonesia","All Country Subcodes","All Rate Provisions","All Districts","2015","174400","174400","","","","","1"
"8112 Beryllium,chromium,hafnium,rhenium Etc & Articles","Singapore","All Country Subcodes","All Rate Provisions","All Districts","2020","567140","567140","","","","","3"
"7225 Fl-rl Alloy Steel Nesoi Nun 600mm Wide","Korea, South","All Country Subcodes","All Rate Provisions","All Districts","2012","65544495","63180487","","","","","219"
"7226 Fl-rl Alloy Steel Nesoi Un 600mm Wide","Korea, South","All Country Subcodes","All Rate Provisions","All Districts","2016","719804","719804","","","","","14"
"2504 Natural Graphite","Singapore","All Country Subcodes","All Rate Provisions","All Districts","2020","20895","20895","","","","","2"
"8112 Beryllium,chromium,hafnium,rhenium Etc & Articles","Singapore","All Country Subcodes","All Rate Provisions","All Districts","2014","162122","162122","","","","","5"
"2801 Fluorine, Chlorine, Bromine & Iodine","Korea, South","All Country Subcodes","All Rate Provisions","All Districts","2016","1031467","1031467","","","","","26"
"2606 Aluminum Ores And Concentrates","Singapore","All Country Subcodes","All Rate Provisions","All Districts","2020","14613","14613","","","","","1"
"8105 Cobalt Mattes Etc, Cobalt & Art, Inc Waste & Scrap","Taiwan","All Country Subcodes","All Rate Provisions","All Districts","2019","1315749","1298843","","","","","42"
"8108 Titanium & Articles Thereof, Includ Waste & Scrap","Vietnam","All Country Subcodes","All Rate Provisions","All Districts","2011","7257","7257","","","","","1"
"8108 Titanium & Articles Thereof, Includ Waste & Scrap","Malaysia","All Country Subcodes","All Rate Provisions","All Districts","2017","60976","60976","","","","","24"
"8105 Cobalt Mattes Etc, Cobalt & Art, Inc Waste & Scrap","Malaysia","All Country Subcodes","All Rate Provisions","All Districts","2014","5938","5938","","","","","1"
"8105 Cobalt Mattes Etc, Cobalt & Art, Inc Waste & Scrap","Thailand","All Country Subcodes","All Rate Provisions","All Districts","2011","341387","341387","","","","","4"
"8108 Titanium & Articles Thereof, Includ Waste & Scrap","Singapore","All Country Subcodes","All Rate Provisions","All Districts","2017","7327440","7327440","","","","","520"
"8108 Titanium & Articles Thereof, Includ Waste & Scrap","Hong Kong","All Country Subcodes","All Rate Provisions","All Districts","2011","44295","44295","","","","","1"
"8108 Titanium & Articles Thereof, Includ Waste & Scrap","Malaysia","All Country Subcodes","All Rate Provisions","All Districts","2013","244718","244718","","","","","28"
"3801 Artificial Graphite; Collodial Graphite & Prep Etc","Korea, South","All Country Subcodes","All Rate Provisions","All Districts","2012","652759","652759","","","","","24"
"2820 Manganese Oxides","Japan","All Country Subcodes","All Rate Provisions","All Districts","2018","11191155","11191155","","","","","109"
"8110 Antimony And Artcls Throf Incl Waste And Scrap","Thailand","All Country Subcodes","All Rate Provisions","All Districts","2018","3171774","3171774","","","","","14"
"8105 Cobalt Mattes Etc, Cobalt & Art, Inc Waste & Scrap","Indonesia","All Country Subcodes","All Rate Provisions","All Districts","2016","48863","48863","","","","","1"
"7110 Platinum, Unwrought, Semimfr Forms Or In Powder Fm","Japan","All Country Subcodes","All Rate Provisions","All Districts","2016","22948716","22948716","","","","","99"
"3910 Silicones, In Primary Forms","Korea, South","All Country Subcodes","All Rate Provisions","All Districts","2015","9762605","9271154","","","","","421"
"2504 Natural Graphite","Vietnam","All Country Subcodes","All Rate Provisions","All Districts","2019","19775","19775","","","","","2"
"2504 Natural Graphite","Taiwan","All Country Subcodes","All Rate Provisions","All Districts","2015","7823","7823","","","","","2"
"2605 Cobalt Ores And Concentrates","Korea, South","All Country Subcodes","All Rate Provisions","All Districts","2019","89622","89622","","","","","1"
"7225 Fl-rl Alloy Steel Nesoi Nun 600mm Wide","Korea, South","All Country Subcodes","All Rate Provisions","All Districts","2019","111397458","109115762","","","","","275"
"2846 Rare-earth Metal Compounds Of Yttrium Or Scandium","Korea, South","All Country Subcodes","All Rate Provisions","All Districts","2020","1392760","1392760","","","","","50"
"8108 Titanium & Articles Thereof, Includ Waste & Scrap","Hong Kong","All Country Subcodes","All Rate Provisions","All Districts","2018","74209","74209","","","","","10"
"2846 Rare-earth Metal Compounds Of Yttrium Or Scandium","Taiwan","All Country Subcodes","All Rate Provisions","All Districts","2014","181385","181385","","","","","10"
"2820 Manganese Oxides","Japan","All Country Subcodes","All Rate Provisions","All Districts","2016","10894431","10894431","","","","","105"
"2846 Rare-earth Metal Compounds Of Yttrium Or Scandium","Korea, South","All Country Subcodes","All Rate Provisions","All Districts","2013","2474047","1364416","","","","","93"
"2820 Manganese Oxides","Korea, South","All Country Subcodes","All Rate Provisions","All Districts","2015","3808823","3808823","","","","","51"
"3910 Silicones, In Primary Forms","Vietnam","All Country Subcodes","All Rate Provisions","All Districts","2018","355185","355185","","","","","6"
"8108 Titanium & Articles Thereof, Includ Waste & Scrap","Malaysia","All Country Subcodes","All Rate Provisions","All Districts","2018","145019","145019","","","","","35"
"3910 Silicones, In Primary Forms","Thailand","All Country Subcodes","All Rate Provisions","All Districts","2012","19575870","19575870","","","","","358"
"8108 Titanium & Articles Thereof, Includ Waste & Scrap","Hong Kong","All Country Subcodes","All Rate Provisions","All Districts","2016","72707","72707","","","","","7"
"2504 Natural Graphite","Taiwan","All Country Subcodes","All Rate Provisions","All Districts","2019","12396","12396","","","","","2"
"2504 Natural Graphite","Hong Kong","All Country Subcodes","All Rate Provisions","All Districts","2020","290400","290400","","","","","2"
"7225 Fl-rl Alloy Steel Nesoi Nun 600mm Wide","Hong Kong","All Country Subcodes","All Rate Provisions","All Districts","2015","20344","20344","","","","","4"
"2846 Rare-earth Metal Compounds Of Yttrium Or Scandium","Singapore","All Country Subcodes","All Rate Provisions","All Districts","2020","17000","17000","","","","","1"
"2801 Fluorine, Chlorine, Bromine & Iodine","Taiwan","All Country Subcodes","All Rate Provisions","All Districts","2017","9000","9000","","","","","1"
"3801 Artificial Graphite; Collodial Graphite & Prep Etc","Malaysia","All Country Subcodes","All Rate Provisions","All Districts","2015","1714883","1714883","","","","","30"
"7110 Platinum, Unwrought, Semimfr Forms Or In Powder Fm","Korea, South","All Country Subcodes","All Rate Provisions","All Districts","2013","91454708","91454708","","","","","54"
"8108 Titanium & Articles Thereof, Includ Waste & Scrap","Thailand","All Country Subcodes","All Rate Provisions","All Districts","2018","307256","307256","","","","","19"
"2820 Manganese Oxides","Korea, South","All Country Subcodes","All Rate Provisions","All Districts","2014","3452412","3452412","","","","","48"
"2846 Rare-earth Metal Compounds Of Yttrium Or Scandium","Korea, South","All Country Subcodes","All Rate Provisions","All Districts","2017","9033013","1342195","","","","","295"
"3801 Artificial Graphite; Collodial Graphite & Prep Etc","Malaysia","All Country Subcodes","All Rate Provisions","All Districts","2011","1841569","1841569","","","","","65"
"2846 Rare-earth Metal Compounds Of Yttrium Or Scandium","Vietnam","All Country Subcodes","All Rate Provisions","All Districts","2011","34807500","3270000","","","","","9"
"8112 Beryllium,chromium,hafnium,rhenium Etc & Articles","Taiwan","All Country Subcodes","All Rate Provisions","All Districts","2020","582264","582264","","","","","17"
"8110 Antimony And Artcls Throf Incl Waste And Scrap","Hong Kong","All Country Subcodes","All Rate Provisions","All Districts","2016","96087","96087","","","","","1"
"7110 Platinum, Unwrought, Semimfr Forms Or In Powder Fm","Hong Kong","All Country Subcodes","All Rate Provisions","All Districts","2016","50882","50882","","","","","1"
"2801 Fluorine, Chlorine, Bromine & Iodine","Korea, South","All Country Subcodes","All Rate Provisions","All Districts","2014","729890","729890","","","","","13"
"8111 Manganese And Artcles Thereof, Inc Waste And Scrap","Japan","All Country Subcodes","All Rate Provisions","All Districts","2020","2182413","2182413","","","","","41"
"8112 Beryllium,chromium,hafnium,rhenium Etc & Articles","Korea, South","All Country Subcodes","All Rate Provisions","All Districts","2020","5866934","5866934","","","","","51"
"7226 Fl-rl Alloy Steel Nesoi Un 600mm Wide","Korea, South","All Country Subcodes","All Rate Provisions","All Districts","2017","703212","703212","","","","","20"
"3801 Artificial Graphite; Collodial Graphite & Prep Etc","Korea, South","All Country Subcodes","All Rate Provisions","All Districts","2017","2151049","2151049","","","","","43"
"7226 Fl-rl Alloy Steel Nesoi Un 600mm Wide","Taiwan","All Country Subcodes","All Rate Provisions","All Districts","2017","39113","39113","","","","","4"
"3801 Artificial Graphite; Collodial Graphite & Prep Etc","Malaysia","All Country Subcodes","All Rate Provisions","All Districts","2016","1461932","1461932","","","","","29"
"7226 Fl-rl Alloy Steel Nesoi Un 600mm Wide","Korea, South","All Country Subcodes","All Rate Provisions","All Districts","2018","587236","573570","","","","","26"
"8105 Cobalt Mattes Etc, Cobalt & Art, Inc Waste & Scrap","Malaysia","All Country Subcodes","All Rate Provisions","All Districts","2011","9364","9364","","","","","1"
"8112 Beryllium,chromium,hafnium,rhenium Etc & Articles","Indonesia","All Country Subcodes","All Rate Provisions","All Districts","2012","3086","3086","","","","","1"
"8105 Cobalt Mattes Etc, Cobalt & Art, Inc Waste & Scrap","Malaysia","All Country Subcodes","All Rate Provisions","All Districts","2015","2529","2529","","","","","1"
"8112 Beryllium,chromium,hafnium,rhenium Etc & Articles","Taiwan","All Country Subcodes","All Rate Provisions","All Districts","2019","937655","937655","","","","","21"
"8108 Titanium & Articles Thereof, Includ Waste & Scrap","Hong Kong","All Country Subcodes","All Rate Provisions","All Districts","2014","54245","54245","","","","","8"
"8112 Beryllium,chromium,hafnium,rhenium Etc & Articles","Japan","All Country Subcodes","All Rate Provisions","All Districts","2011","9860661","9860661","","","","","111"
"7110 Platinum, Unwrought, Semimfr Forms Or In Powder Fm","Japan","All Country Subcodes","All Rate Provisions","All Districts","2019","84170895","84170895","","","","","144"
"8112 Beryllium,chromium,hafnium,rhenium Etc & Articles","Singapore","All Country Subcodes","All Rate Provisions","All Districts","2019","42966","42966","","","","","2"
"8108 Titanium & Articles Thereof, Includ Waste & Scrap","Singapore","All Country Subcodes","All Rate Provisions","All Districts","2013","3863213","3863213","","","","","250"
"3801 Artificial Graphite; Collodial Graphite & Prep Etc","Malaysia","All Country Subcodes","All Rate Provisions","All Districts","2013","26401","26401","","","","","8"
"7110 Platinum, Unwrought, Semimfr Forms Or In Powder Fm","Korea, South","All Country Subcodes","All Rate Provisions","All Districts","2018","21324914","21324914","","","","","10"
"8111 Manganese And Artcles Thereof, Inc Waste And Scrap","Vietnam","All Country Subcodes","All Rate Provisions","All Districts","2011","2556358","2556358","","","","","6"
"2846 Rare-earth Metal Compounds Of Yttrium Or Scandium","Japan","All Country Subcodes","All Rate Provisions","All Districts","2018","24055791","23506259","","","","","264"
"3910 Silicones, In Primary Forms","Korea, South","All Country Subcodes","All Rate Provisions","All Districts","2016","11178946","11681539","","","","","376"
"3801 Artificial Graphite; Collodial Graphite & Prep Etc","Japan","All Country Subcodes","All Rate Provisions","All Districts","2018","88132473","88078596","","","","","758"
"8110 Antimony And Artcls Throf Incl Waste And Scrap","Korea, South","All Country Subcodes","All Rate Provisions","All Districts","2014","312001","312001","","","","","2"
"8112 Beryllium,chromium,hafnium,rhenium Etc & Articles","Singapore","All Country Subcodes","All Rate Provisions","All Districts","2012","593833","593833","","","","","8"
"8111 Manganese And Artcles Thereof, Inc Waste And Scrap","Japan","All Country Subcodes","All Rate Provisions","All Districts","2017","2547460","2547460","","","","","64"
"2801 Fluorine, Chlorine, Bromine & Iodine","Japan","All Country Subcodes","All Rate Provisions","All Districts","2016","11643878","11643878","","","","","37"
"7225 Fl-rl Alloy Steel Nesoi Nun 600mm Wide","Japan","All Country Subcodes","All Rate Provisions","All Districts","2016","139525230","139524732","","","","","812"
"8105 Cobalt Mattes Etc, Cobalt & Art, Inc Waste & Scrap","Taiwan","All Country Subcodes","All Rate Provisions","All Districts","2018","1276851","1225464","","","","","35"
"8110 Antimony And Artcls Throf Incl Waste And Scrap","Japan","All Country Subcodes","All Rate Provisions","All Districts","2020","1277447","1277447","","","","","23"
"7110 Platinum, Unwrought, Semimfr Forms Or In Powder Fm","Indonesia","All Country Subcodes","All Rate Provisions","All Districts","2015","10200","10200","","","","","1"
"3910 Silicones, In Primary Forms","Hong Kong","All Country Subcodes","All Rate Provisions","All Districts","2013","3754","3754","","","","","1"
"7225 Fl-rl Alloy Steel Nesoi Nun 600mm Wide","Taiwan","All Country Subcodes","All Rate Provisions","All Districts","2015","50756663","50756663","","","","","317"
"2846 Rare-earth Metal Compounds Of Yttrium Or Scandium","Thailand","All Country Subcodes","All Rate Provisions","All Districts","2011","68000","68000","","","","","1"
"8111 Manganese And Artcles Thereof, Inc Waste And Scrap","Japan","All Country Subcodes","All Rate Provisions","All Districts","2013","856050","856050","","","","","27"
"2846 Rare-earth Metal Compounds Of Yttrium Or Scandium","Vietnam","All Country Subcodes","All Rate Provisions","All Districts","2013","483650","483650","","","","","2"
"7226 Fl-rl Alloy Steel Nesoi Un 600mm Wide","Taiwan","All Country Subcodes","All Rate Provisions","All Districts","2013","2375751","2375751","","","","","48"
"2846 Rare-earth Metal Compounds Of Yttrium Or Scandium","Hong Kong","All Country Subcodes","All Rate Provisions","All Districts","2011","135413","135413","","","","","4"
"8108 Titanium & Articles Thereof, Includ Waste & Scrap","Thailand","All Country Subcodes","All Rate Provisions","All Districts","2012","190431","190431","","","","","11"
"7225 Fl-rl Alloy Steel Nesoi Nun 600mm Wide","Korea, South","All Country Subcodes","All Rate Provisions","All Districts","2011","64370133","64370133","","","","","192"
"3801 Artificial Graphite; Collodial Graphite & Prep Etc","Korea, South","All Country Subcodes","All Rate Provisions","All Districts","2014","1153524","1153524","","","","","16"
"8105 Cobalt Mattes Etc, Cobalt & Art, Inc Waste & Scrap","Indonesia","All Country Subcodes","All Rate Provisions","All Districts","2013","76222","76222","","","","","1"
"8110 Antimony And Artcls Throf Incl Waste And Scrap","Burma","All Country Subcodes","All Rate Provisions","All Districts","2020","9565020","9299049","","","","","65"
"8112 Beryllium,chromium,hafnium,rhenium Etc & Articles","Cambodia","All Country Subcodes","All Rate Provisions","All Districts","2012","2305","2305","","","","","1"
"8105 Cobalt Mattes Etc, Cobalt & Art, Inc Waste & Scrap","Japan","All Country Subcodes","All Rate Provisions","All Districts","2011","11715195","11719095","","","","","116"
"3910 Silicones, In Primary Forms","Malaysia","All Country Subcodes","All Rate Provisions","All Districts","2019","774544","774544","","","","","33"
"7110 Platinum, Unwrought, Semimfr Forms Or In Powder Fm","Singapore","All Country Subcodes","All Rate Provisions","All Districts","2018","30968252","30968252","","","","","199"
"8112 Beryllium,chromium,hafnium,rhenium Etc & Articles","Singapore","All Country Subcodes","All Rate Provisions","All Districts","2018","60737","60737","","","","","2"
"2614 Titanium Ores And Concentrates","Malaysia","All Country Subcodes","All Rate Provisions","All Districts","2015","2815171","2815171","","","","","29"
"3801 Artificial Graphite; Collodial Graphite & Prep Etc","Thailand","All Country Subcodes","All Rate Provisions","All Districts","2020","155120","155120","","","","","2"
"3910 Silicones, In Primary Forms","Singapore","All Country Subcodes","All Rate Provisions","All Districts","2012","1004","1004","","","","","3"
"8112 Beryllium,chromium,hafnium,rhenium Etc & Articles","Hong Kong","All Country Subcodes","All Rate Provisions","All Districts","2012","2251680","2251680","","","","","19"
"3801 Artificial Graphite; Collodial Graphite & Prep Etc","Hong Kong","All Country Subcodes","All Rate Provisions","All Districts","2014","731280","731280","","","","","6"
"7110 Platinum, Unwrought, Semimfr Forms Or In Powder Fm","Philippines","All Country Subcodes","All Rate Provisions","All Districts","2013","19684","19684","","","","","2"
"2846 Rare-earth Metal Compounds Of Yttrium Or Scandium","Taiwan","All Country Subcodes","All Rate Provisions","All Districts","2020","32034","32034","","","","","6"
"2801 Fluorine, Chlorine, Bromine & Iodine","Japan","All Country Subcodes","All Rate Provisions","All Districts","2012","20025993","20025993","","","","","51"
"3910 Silicones, In Primary Forms","Vietnam","All Country Subcodes","All Rate Provisions","All Districts","2017","18270","18270","","","","","4"
"2846 Rare-earth Metal Compounds Of Yttrium Or Scandium","Taiwan","All Country Subcodes","All Rate Provisions","All Districts","2011","62549","62549","","","","","7"
"8110 Antimony And Artcls Throf Incl Waste And Scrap","Singapore","All Country Subcodes","All Rate Provisions","All Districts","2019","190247","190247","","","","","2"
"2846 Rare-earth Metal Compounds Of Yttrium Or Scandium","Taiwan","All Country Subcodes","All Rate Provisions","All Districts","2012","66234","66234","","","","","10"
"8111 Manganese And Artcles Thereof, Inc Waste And Scrap","Japan","All Country Subcodes","All Rate Provisions","All Districts","2016","1558604","1558604","","","","","45"
"7225 Fl-rl Alloy Steel Nesoi Nun 600mm Wide","Korea, South","All Country Subcodes","All Rate Provisions","All Districts","2013","96370663","95134051","","","","","493"
"8112 Beryllium,chromium,hafnium,rhenium Etc & Articles","Singapore","All Country Subcodes","All Rate Provisions","All Districts","2011","3068804","3068804","","","","","18"
"8110 Antimony And Artcls Throf Incl Waste And Scrap","Thailand","All Country Subcodes","All Rate Provisions","All Districts","2015","623613","623613","","","","","2"
"3910 Silicones, In Primary Forms","Taiwan","All Country Subcodes","All Rate Provisions","All Districts","2019","2681001","2681001","","","","","64"
"2614 Titanium Ores And Concentrates","Malaysia","All Country Subcodes","All Rate Provisions","All Districts","2017","1931497","1931497","","","","","10"
"8111 Manganese And Artcles Thereof, Inc Waste And Scrap","Hong Kong","All Country Subcodes","All Rate Provisions","All Districts","2018","172260","262980","","","","","3"
"3910 Silicones, In Primary Forms","Malaysia","All Country Subcodes","All Rate Provisions","All Districts","2014","2989","2989","","","","","4"
"2820 Manganese Oxides","Japan","All Country Subcodes","All Rate Provisions","All Districts","2017","14804187","14804187","","","","","137"
"2614 Titanium Ores And Concentrates","Malaysia","All Country Subcodes","All Rate Provisions","All Districts","2012","1752377","1752377","","","","","11"
"3910 Silicones, In Primary Forms","Philippines","All Country Subcodes","All Rate Provisions","All Districts","2019","2669","2669","","","","","7"
"3910 Silicones, In Primary Forms","Singapore","All Country Subcodes","All Rate Provisions","All Districts","2011","29675","29675","","","","","5"
"3910 Silicones, In Primary Forms","Thailand","All Country Subcodes","All Rate Provisions","All Districts","2016","10979450","10979450","","","","","267"
"8112 Beryllium,chromium,hafnium,rhenium Etc & Articles","Malaysia","All Country Subcodes","All Rate Provisions","All Districts","2018","56927","56927","","","","","6"
"8112 Beryllium,chromium,hafnium,rhenium Etc & Articles","Hong Kong","All Country Subcodes","All Rate Provisions","All Districts","2017","3724929","3724929","","","","","29"
"2846 Rare-earth Metal Compounds Of Yttrium Or Scandium","Singapore","All Country Subcodes","All Rate Provisions","All Districts","2013","15000","15000","","","","","1"
"2846 Rare-earth Metal Compounds Of Yttrium Or Scandium","Korea, South","All Country Subcodes","All Rate Provisions","All Districts","2014","3010006","967238","","","","","82"
"3801 Artificial Graphite; Collodial Graphite & Prep Etc","Malaysia","All Country Subcodes","All Rate Provisions","All Districts","2012","946029","946029","","","","","35"
"3801 Artificial Graphite; Collodial Graphite & Prep Etc","Korea, South","All Country Subcodes","All Rate Provisions","All Districts","2013","380953","380953","","","","","10"
"3910 Silicones, In Primary Forms","Indonesia","All Country Subcodes","All Rate Provisions","All Districts","2014","583","583","","","","","1"
"7110 Platinum, Unwrought, Semimfr Forms Or In Powder Fm","Korea, South","All Country Subcodes","All Rate Provisions","All Districts","2020","90811221","90811221","","","","","23"
"3801 Artificial Graphite; Collodial Graphite & Prep Etc","Korea, South","All Country Subcodes","All Rate Provisions","All Districts","2019","6185202","6185202","","","","","59"
"2820 Manganese Oxides","Korea, South","All Country Subcodes","All Rate Provisions","All Districts","2018","9493803","9493803","","","","","69"
"3910 Silicones, In Primary Forms","Korea, South","All Country Subcodes","All Rate Provisions","All Districts","2017","14056014","14069545","","","","","409"
"2846 Rare-earth Metal Compounds Of Yttrium Or Scandium","Japan","All Country Subcodes","All Rate Provisions","All Districts","2016","32502860","17905757","","","","","395"
"8112 Beryllium,chromium,hafnium,rhenium Etc & Articles","Hong Kong","All Country Subcodes","All Rate Provisions","All Districts","2014","1140653","1140653","","","","","9"
"2504 Natural Graphite","Hong Kong","All Country Subcodes","All Rate Provisions","All Districts","2011","45440","45440","","","","","1"
"3910 Silicones, In Primary Forms","Japan","All Country Subcodes","All Rate Provisions","All Districts","2020","115595525","114218868","","","","","3002"
"8110 Antimony And Artcls Throf Incl Waste And Scrap","Korea, South","All Country Subcodes","All Rate Provisions","All Districts","2020","14688","14688","","","","","1"
"3910 Silicones, In Primary Forms","Singapore","All Country Subcodes","All Rate Provisions","All Districts","2014","22245","22245","","","","","3"
"7110 Platinum, Unwrought, Semimfr Forms Or In Powder Fm","Singapore","All Country Subcodes","All Rate Provisions","All Districts","2016","13489151","13489151","","","","","85"
"8112 Beryllium,chromium,hafnium,rhenium Etc & Articles","Taiwan","All Country Subcodes","All Rate Provisions","All Districts","2011","7456998","7456998","","","","","38"
"7225 Fl-rl Alloy Steel Nesoi Nun 600mm Wide","Korea, South","All Country Subcodes","All Rate Provisions","All Districts","2020","81051736","83353400","","","","","268"
"8112 Beryllium,chromium,hafnium,rhenium Etc & Articles","Korea, South","All Country Subcodes","All Rate Provisions","All Districts","2015","4817551","4817551","","","","","18"
"7110 Platinum, Unwrought, Semimfr Forms Or In Powder Fm","Japan","All Country Subcodes","All Rate Provisions","All Districts","2015","19059775","19059775","","","","","103"
"2846 Rare-earth Metal Compounds Of Yttrium Or Scandium","Japan","All Country Subcodes","All Rate Provisions","All Districts","2020","30536429","30536429","","","","","248"
"2846 Rare-earth Metal Compounds Of Yttrium Or Scandium","Taiwan","All Country Subcodes","All Rate Provisions","All Districts","2017","18691","18691","","","","","3"
"3801 Artificial Graphite; Collodial Graphite & Prep Etc","Thailand","All Country Subcodes","All Rate Provisions","All Districts","2012","18467","18467","","","","","1"
"7110 Platinum, Unwrought, Semimfr Forms Or In Powder Fm","Laos","All Country Subcodes","All Rate Provisions","All Districts","2014","19912","19912","","","","","2"
"7110 Platinum, Unwrought, Semimfr Forms Or In Powder Fm","Taiwan","All Country Subcodes","All Rate Provisions","All Districts","2016","4448949","4448949","","","","","4"
"8112 Beryllium,chromium,hafnium,rhenium Etc & Articles","Thailand","All Country Subcodes","All Rate Provisions","All Districts","2015","5580","5580","","","","","1"
"8112 Beryllium,chromium,hafnium,rhenium Etc & Articles","Laos","All Country Subcodes","All Rate Provisions","All Districts","2014","38432","38432","","","","","2"
"3801 Artificial Graphite; Collodial Graphite & Prep Etc","Malaysia","All Country Subcodes","All Rate Provisions","All Districts","2014","2039270","2039270","","","","","27"
"2614 Titanium Ores And Concentrates","Malaysia","All Country Subcodes","All Rate Provisions","All Districts","2016","3738504","3738504","","","","","29"
"7110 Platinum, Unwrought, Semimfr Forms Or In Powder Fm","Taiwan","All Country Subcodes","All Rate Provisions","All Districts","2012","4316","4316","","","","","1"
"3801 Artificial Graphite; Collodial Graphite & Prep Etc","Malaysia","All Country Subcodes","All Rate Provisions","All Districts","2020","205489","205489","","","","","31"
"2846 Rare-earth Metal Compounds Of Yttrium Or Scandium","Singapore","All Country Subcodes","All Rate Provisions","All Districts","2018","60000","60000","","","","","2"
"2846 Rare-earth Metal Compounds Of Yttrium Or Scandium","Malaysia","All Country Subcodes","All Rate Provisions","All Districts","2014","2854857","2854857","","","","","27"
"8111 Manganese And Artcles Thereof, Inc Waste And Scrap","Taiwan","All Country Subcodes","All Rate Provisions","All Districts","2016","16800","16800","","","","","1"
"3910 Silicones, In Primary Forms","Thailand","All Country Subcodes","All Rate Provisions","All Districts","2018","24412145","26046847","","","","","388"
"3801 Artificial Graphite; Collodial Graphite & Prep Etc","Taiwan","All Country Subcodes","All Rate Provisions","All Districts","2017","263919","263919","","","","","28"
"8111 Manganese And Artcles Thereof, Inc Waste And Scrap","Taiwan","All Country Subcodes","All Rate Provisions","All Districts","2012","159870","159870","","","","","1"
"2846 Rare-earth Metal Compounds Of Yttrium Or Scandium","Hong Kong","All Country Subcodes","All Rate Provisions","All Districts","2018","494824","494824","","","","","5"
"2820 Manganese Oxides","Japan","All Country Subcodes","All Rate Provisions","All Districts","2013","14564232","14564232","","","","","112"
"2846 Rare-earth Metal Compounds Of Yttrium Or Scandium","Taiwan","All Country Subcodes","All Rate Provisions","All Districts","2019","28188","28188","","","","","6"
"8112 Beryllium,chromium,hafnium,rhenium Etc & Articles","Malaysia","All Country Subcodes","All Rate Provisions","All Districts","2014","31760","31760","","","","","6"
"3910 Silicones, In Primary Forms","Singapore","All Country Subcodes","All Rate Provisions","All Districts","2019","68363","68363","","","","","7"
"3910 Silicones, In Primary Forms","Malaysia","All Country Subcodes","All Rate Provisions","All Districts","2011","78629","78629","","","","","9"
"7226 Fl-rl Alloy Steel Nesoi Un 600mm Wide","Taiwan","All Country Subcodes","All Rate Provisions","All Districts","2019","31167","31167","","","","","2"
"8112 Beryllium,chromium,hafnium,rhenium Etc & Articles","Laos","All Country Subcodes","All Rate Provisions","All Districts","2013","369601","369601","","","","","3"
"3910 Silicones, In Primary Forms","Indonesia","All Country Subcodes","All Rate Provisions","All Districts","2016","18842","18842","","","","","2"
"2504 Natural Graphite","Hong Kong","All Country Subcodes","All Rate Provisions","All Districts","2016","168782","168782","","","","","5"
"7226 Fl-rl Alloy Steel Nesoi Un 600mm Wide","Japan","All Country Subcodes","All Rate Provisions","All Districts","2014","26137608","26137126","","","","","644"
"2846 Rare-earth Metal Compounds Of Yttrium Or Scandium","Taiwan","All Country Subcodes","All Rate Provisions","All Districts","2013","187527","187527","","","","","14"
"3910 Silicones, In Primary Forms","Thailand","All Country Subcodes","All Rate Provisions","All Districts","2014","14157879","23488947","","","","","251"
"3801 Artificial Graphite; Collodial Graphite & Prep Etc","Japan","All Country Subcodes","All Rate Provisions","All Districts","2019","97653117","97602745","","","","","530"
"7225 Fl-rl Alloy Steel Nesoi Nun 600mm Wide","Thailand","All Country Subcodes","All Rate Provisions","All Districts","2017","11879412","11879412","","","","","12"
"2846 Rare-earth Metal Compounds Of Yttrium Or Scandium","Singapore","All Country Subcodes","All Rate Provisions","All Districts","2019","86400","86400","","","","","1"
"3801 Artificial Graphite; Collodial Graphite & Prep Etc","Japan","All Country Subcodes","All Rate Provisions","All Districts","2011","39640864","39640864","","","","","374"
"8108 Titanium & Articles Thereof, Includ Waste & Scrap","Malaysia","All Country Subcodes","All Rate Provisions","All Districts","2020","109362","109362","","","","","14"
"8108 Titanium & Articles Thereof, Includ Waste & Scrap","Thailand","All Country Subcodes","All Rate Provisions","All Districts","2020","302482","302482","","","","","26"
"8112 Beryllium,chromium,hafnium,rhenium Etc & Articles","Korea, South","All Country Subcodes","All Rate Provisions","All Districts","2016","5038779","5038779","","","","","34"
"7110 Platinum, Unwrought, Semimfr Forms Or In Powder Fm","Japan","All Country Subcodes","All Rate Provisions","All Districts","2017","40995680","40995680","","","","","113"
"2801 Fluorine, Chlorine, Bromine & Iodine","Korea, South","All Country Subcodes","All Rate Provisions","All Districts","2020","1175660","1175660","","","","","29"
"2846 Rare-earth Metal Compounds Of Yttrium Or Scandium","Japan","All Country Subcodes","All Rate Provisions","All Districts","2019","30760316","30679846","","","","","231"
"3910 Silicones, In Primary Forms","Vietnam","All Country Subcodes","All Rate Provisions","All Districts","2013","30107","30107","","","","","1"
"8108 Titanium & Articles Thereof, Includ Waste & Scrap","Hong Kong","All Country Subcodes","All Rate Provisions","All Districts","2020","179753","179753","","","","","16"
"2604 Nickel Ores And Concentrates","Thailand","All Country Subcodes","All Rate Provisions","All Districts","2015","14775","14775","","","","","1"
"8108 Titanium & Articles Thereof, Includ Waste & Scrap","Philippines","All Country Subcodes","All Rate Provisions","All Districts","2017","63934","63934","","","","","4"
"2605 Cobalt Ores And Concentrates","Japan","All Country Subcodes","All Rate Provisions","All Districts","2017","119440","119440","","","","","1"
"3910 Silicones, In Primary Forms","Thailand","All Country Subcodes","All Rate Provisions","All Districts","2020","22897364","22897364","","","","","506"
"3910 Silicones, In Primary Forms","Thailand","All Country Subcodes","All Rate Provisions","All Districts","2013","13730672","13730672","","","","","258"
"8111 Manganese And Artcles Thereof, Inc Waste And Scrap","Korea, South","All Country Subcodes","All Rate Provisions","All Districts","2019","51000","51000","","","","","1"
"2846 Rare-earth Metal Compounds Of Yttrium Or Scandium","Korea, South","All Country Subcodes","All Rate Provisions","All Districts","2016","10963589","1085375","","","","","267"
"8110 Antimony And Artcls Throf Incl Waste And Scrap","Vietnam","All Country Subcodes","All Rate Provisions","All Districts","2018","5306194","5306194","","","","","29"
"8108 Titanium & Articles Thereof, Includ Waste & Scrap","Thailand","All Country Subcodes","All Rate Provisions","All Districts","2017","336441","336441","","","","","16"
"7110 Platinum, Unwrought, Semimfr Forms Or In Powder Fm","Singapore","All Country Subcodes","All Rate Provisions","All Districts","2015","35851572","35851572","","","","","98"
"3910 Silicones, In Primary Forms","Malaysia","All Country Subcodes","All Rate Provisions","All Districts","2015","26526","26526","","","","","9"
"7110 Platinum, Unwrought, Semimfr Forms Or In Powder Fm","Laos","All Country Subcodes","All Rate Provisions","All Districts","2016","56443","56443","","","","","2"
"7110 Platinum, Unwrought, Semimfr Forms Or In Powder Fm","Hong Kong","All Country Subcodes","All Rate Provisions","All Districts","2020","13888","13888","","","","","3"
"7225 Fl-rl Alloy Steel Nesoi Nun 600mm Wide","Malaysia","All Country Subcodes","All Rate Provisions","All Districts","2017","590678","590678","","","","","11"
"7225 Fl-rl Alloy Steel Nesoi Nun 600mm Wide","Korea, South","All Country Subcodes","All Rate Provisions","All Districts","2017","119189167","119189167","","","","","273"
"3801 Artificial Graphite; Collodial Graphite & Prep Etc","Hong Kong","All Country Subcodes","All Rate Provisions","All Districts","2017","706138","706138","","","","","6"
"8105 Cobalt Mattes Etc, Cobalt & Art, Inc Waste & Scrap","Malaysia","All Country Subcodes","All Rate Provisions","All Districts","2018","8920","8920","","","","","1"
"2604 Nickel Ores And Concentrates","Thailand","All Country Subcodes","All Rate Provisions","All Districts","2016","5615","5615","","","","","1"
"7225 Fl-rl Alloy Steel Nesoi Nun 600mm Wide","Thailand","All Country Subcodes","All Rate Provisions","All Districts","2018","6050512","6050512","","","","","6"
"8112 Beryllium,chromium,hafnium,rhenium Etc & Articles","Singapore","All Country Subcodes","All Rate Provisions","All Districts","2016","34475","34475","","","","","2"
"8112 Beryllium,chromium,hafnium,rhenium Etc & Articles","Thailand","All Country Subcodes","All Rate Provisions","All Districts","2014","13805","13805","","","","","4"
"7225 Fl-rl Alloy Steel Nesoi Nun 600mm Wide","Thailand","All Country Subcodes","All Rate Provisions","All Districts","2019","2483507","2483507","","","","","5"
"2846 Rare-earth Metal Compounds Of Yttrium Or Scandium","Malaysia","All Country Subcodes","All Rate Provisions","All Districts","2018","3547685","3547685","","","","","21"
"8110 Antimony And Artcls Throf Incl Waste And Scrap","Japan","All Country Subcodes","All Rate Provisions","All Districts","2018","1899838","1899838","","","","","24"
"2846 Rare-earth Metal Compounds Of Yttrium Or Scandium","Malaysia","All Country Subcodes","All Rate Provisions","All Districts","2017","433888","433888","","","","","3"
"8111 Manganese And Artcles Thereof, Inc Waste And Scrap","Korea, South","All Country Subcodes","All Rate Provisions","All Districts","2014","4962444","4962444","","","","","4"
"3910 Silicones, In Primary Forms","Indonesia","All Country Subcodes","All Rate Provisions","All Districts","2012","2380","2380","","","","","2"
"3910 Silicones, In Primary Forms","Korea, South","All Country Subcodes","All Rate Provisions","All Districts","2013","16969028","16447070","","","","","381"
"8108 Titanium & Articles Thereof, Includ Waste & Scrap","Singapore","All Country Subcodes","All Rate Provisions","All Districts","2020","6380563","6380563","","","","","687"
"7225 Fl-rl Alloy Steel Nesoi Nun 600mm Wide","Taiwan","All Country Subcodes","All Rate Provisions","All Districts","2019","905988","905988","","","","","13"
"2801 Fluorine, Chlorine, Bromine & Iodine","Japan","All Country Subcodes","All Rate Provisions","All Districts","2014","21476977","21476977","","","","","48"
"8110 Antimony And Artcls Throf Incl Waste And Scrap","Japan","All Country Subcodes","All Rate Provisions","All Districts","2019","1344618","1344618","","","","","19"
"8108 Titanium & Articles Thereof, Includ Waste & Scrap","Korea, South","All Country Subcodes","All Rate Provisions","All Districts","2016","12997675","12997675","","","","","192"
"3801 Artificial Graphite; Collodial Graphite & Prep Etc","Korea, South","All Country Subcodes","All Rate Provisions","All Districts","2016","1683277","1683277","","","","","31"
"8105 Cobalt Mattes Etc, Cobalt & Art, Inc Waste & Scrap","Singapore","All Country Subcodes","All Rate Provisions","All Districts","2011","15743","15743","","","","","5"
"3910 Silicones, In Primary Forms","Taiwan","All Country Subcodes","All Rate Provisions","All Districts","2016","2175716","2175716","","","","","70"
"3910 Silicones, In Primary Forms","Indonesia","All Country Subcodes","All Rate Provisions","All Districts","2011","111600","111600","","","","","2"
"7110 Platinum, Unwrought, Semimfr Forms Or In Powder Fm","Korea, South","All Country Subcodes","All Rate Provisions","All Districts","2012","64007499","64007499","","","","","48"
"8112 Beryllium,chromium,hafnium,rhenium Etc & Articles","Indonesia","All Country Subcodes","All Rate Provisions","All Districts","2014","9723","9723","","","","","1"
"8112 Beryllium,chromium,hafnium,rhenium Etc & Articles","Japan","All Country Subcodes","All Rate Provisions","All Districts","2019","3179861","3179861","","","","","95"
"2504 Natural Graphite","Japan","All Country Subcodes","All Rate Provisions","All Districts","2016","3771859","3771859","","","","","124"
"8105 Cobalt Mattes Etc, Cobalt & Art, Inc Waste & Scrap","Taiwan","All Country Subcodes","All Rate Provisions","All Districts","2014","484920","484920","","","","","23"
"3910 Silicones, In Primary Forms","Japan","All Country Subcodes","All Rate Provisions","All Districts","2015","118348453","113879780","","","","","2839"
"8105 Cobalt Mattes Etc, Cobalt & Art, Inc Waste & Scrap","Singapore","All Country Subcodes","All Rate Provisions","All Districts","2017","383132","383132","","","","","15"
"8108 Titanium & Articles Thereof, Includ Waste & Scrap","Thailand","All Country Subcodes","All Rate Provisions","All Districts","2016","272824","272824","","","","","12"
"7225 Fl-rl Alloy Steel Nesoi Nun 600mm Wide","Malaysia","All Country Subcodes","All Rate Provisions","All Districts","2014","610891","610891","","","","","4"
"8105 Cobalt Mattes Etc, Cobalt & Art, Inc Waste & Scrap","Taiwan","All Country Subcodes","All Rate Provisions","All Districts","2015","757975","657146","","","","","44"
"2801 Fluorine, Chlorine, Bromine & Iodine","Korea, South","All Country Subcodes","All Rate Provisions","All Districts","2012","760165","760165","","","","","14"
"7110 Platinum, Unwrought, Semimfr Forms Or In Powder Fm","Hong Kong","All Country Subcodes","All Rate Provisions","All Districts","2013","9819","9819","","","","","1"
"7225 Fl-rl Alloy Steel Nesoi Nun 600mm Wide","Vietnam","All Country Subcodes","All Rate Provisions","All Districts","2014","8987","8987","","","","","1"
"8108 Titanium & Articles Thereof, Includ Waste & Scrap","Japan","All Country Subcodes","All Rate Provisions","All Districts","2014","188840033","188840033","","","","","1031"
"2504 Natural Graphite","Korea, South","All Country Subcodes","All Rate Provisions","All Districts","2014","19200","19200","","","","","1"
"3801 Artificial Graphite; Collodial Graphite & Prep Etc","Malaysia","All Country Subcodes","All Rate Provisions","All Districts","2019","152371","152371","","","","","28"
"8105 Cobalt Mattes Etc, Cobalt & Art, Inc Waste & Scrap","Korea, South","All Country Subcodes","All Rate Provisions","All Districts","2019","121545","121545","","","","","11"
"2846 Rare-earth Metal Compounds Of Yttrium Or Scandium","Japan","All Country Subcodes","All Rate Provisions","All Districts","2011","101277629","86827467","","","","","412"
"8105 Cobalt Mattes Etc, Cobalt & Art, Inc Waste & Scrap","Vietnam","All Country Subcodes","All Rate Provisions","All Districts","2019","13560","13560","","","","","3"
"2820 Manganese Oxides","Singapore","All Country Subcodes","All Rate Provisions","All Districts","2013","317693","317693","","","","","16"
"7110 Platinum, Unwrought, Semimfr Forms Or In Powder Fm","Philippines","All Country Subcodes","All Rate Provisions","All Districts","2011","8023","8023","","","","","1"
"8108 Titanium & Articles Thereof, Includ Waste & Scrap","Hong Kong","All Country Subcodes","All Rate Provisions","All Districts","2015","218874","218874","","","","","12"
"7226 Fl-rl Alloy Steel Nesoi Un 600mm Wide","Taiwan","All Country Subcodes","All Rate Provisions","All Districts","2015","17028","17028","","","","","4"
"8108 Titanium & Articles Thereof, Includ Waste & Scrap","Vietnam","All Country Subcodes","All Rate Provisions","All Districts","2016","3058","3058","","","","","1"
"7110 Platinum, Unwrought, Semimfr Forms Or In Powder Fm","Singapore","All Country Subcodes","All Rate Provisions","All Districts","2017","5178086","5178086","","","","","106"
"8108 Titanium & Articles Thereof, Includ Waste & Scrap","Malaysia","All Country Subcodes","All Rate Provisions","All Districts","2016","54801","54801","","","","","16"
"8110 Antimony And Artcls Throf Incl Waste And Scrap","Hong Kong","All Country Subcodes","All Rate Provisions","All Districts","2018","314596","314596","","","","","1"
"3910 Silicones, In Primary Forms","Thailand","All Country Subcodes","All Rate Provisions","All Districts","2011","21269583","21709919","","","","","436"
"2614 Titanium Ores And Concentrates","Malaysia","All Country Subcodes","All Rate Provisions","All Districts","2011","6831832","6831832","","","","","11"
"7226 Fl-rl Alloy Steel Nesoi Un 600mm Wide","Taiwan","All Country Subcodes","All Rate Provisions","All Districts","2018","31841","31841","","","","","6"
"7225 Fl-rl Alloy Steel Nesoi Nun 600mm Wide","Malaysia","All Country Subcodes","All Rate Provisions","All Districts","2016","460252","460252","","","","","7"
"3910 Silicones, In Primary Forms","Taiwan","All Country Subcodes","All Rate Provisions","All Districts","2011","1178642","1178642","","","","","101"
"8111 Manganese And Artcles Thereof, Inc Waste And Scrap","Malaysia","All Country Subcodes","All Rate Provisions","All Districts","2018","3038","3038","","","","","1"
"3801 Artificial Graphite; Collodial Graphite & Prep Etc","Korea, South","All Country Subcodes","All Rate Provisions","All Districts","2018","5435922","5435922","","","","","76"
"8110 Antimony And Artcls Throf Incl Waste And Scrap","Hong Kong","All Country Subcodes","All Rate Provisions","All Districts","2011","810594","810594","","","","","3"
"8110 Antimony And Artcls Throf Incl Waste And Scrap","Hong Kong","All Country Subcodes","All Rate Provisions","All Districts","2015","334327","334327","","","","","2"
"2801 Fluorine, Chlorine, Bromine & Iodine","Japan","All Country Subcodes","All Rate Provisions","All Districts","2019","10629796","10629796","","","","","26"
"3910 Silicones, In Primary Forms","Thailand","All Country Subcodes","All Rate Provisions","All Districts","2017","18242779","18311504","","","","","433"
"3910 Silicones, In Primary Forms","Hong Kong","All Country Subcodes","All Rate Provisions","All Districts","2018","12656","12656","","","","","3"
"8112 Beryllium,chromium,hafnium,rhenium Etc & Articles","Korea, South","All Country Subcodes","All Rate Provisions","All Districts","2019","4856605","4856605","","","","","52"
"8110 Antimony And Artcls Throf Incl Waste And Scrap","Korea, South","All Country Subcodes","All Rate Provisions","All Districts","2018","147694","147694","","","","","1"
"2606 Aluminum Ores And Concentrates","Singapore","All Country Subcodes","All Rate Provisions","All Districts","2012","578699","578699","","","","","1"
"8112 Beryllium,chromium,hafnium,rhenium Etc & Articles","Hong Kong","All Country Subcodes","All Rate Provisions","All Districts","2015","499787","499787","","","","","9"
"7225 Fl-rl Alloy Steel Nesoi Nun 600mm Wide","Hong Kong","All Country Subcodes","All Rate Provisions","All Districts","2016","9973","9973","","","","","3"
"2604 Nickel Ores And Concentrates","Japan","All Country Subcodes","All Rate Provisions","All Districts","2015","42816","42816","","","","","2"
"8108 Titanium & Articles Thereof, Includ Waste & Scrap","Korea, South","All Country Subcodes","All Rate Provisions","All Districts","2011","9750809","9750809","","","","","71"
"3801 Artificial Graphite; Collodial Graphite & Prep Etc","Singapore","All Country Subcodes","All Rate Provisions","All Districts","2020","4495","4495","","","","","1"
"3801 Artificial Graphite; Collodial Graphite & Prep Etc","Malaysia","All Country Subcodes","All Rate Provisions","All Districts","2017","579985","579985","","","","","16"
"7110 Platinum, Unwrought, Semimfr Forms Or In Powder Fm","Japan","All Country Subcodes","All Rate Provisions","All Districts","2011","90478759","90543918","","","","","233"
"2605 Cobalt Ores And Concentrates","Japan","All Country Subcodes","All Rate Provisions","All Districts","2016","401872","401872","","","","","4"
"2801 Fluorine, Chlorine, Bromine & Iodine","Japan","All Country Subcodes","All Rate Provisions","All Districts","2013","20880097","20880097","","","","","42"
"7110 Platinum, Unwrought, Semimfr Forms Or In Powder Fm","Hong Kong","All Country Subcodes","All Rate Provisions","All Districts","2014","1200059","1200059","","","","","3"
"7226 Fl-rl Alloy Steel Nesoi Un 600mm Wide","Korea, South","All Country Subcodes","All Rate Provisions","All Districts","2020","666145","666145","","","","","25"
"2846 Rare-earth Metal Compounds Of Yttrium Or Scandium","Japan","All Country Subcodes","All Rate Provisions","All Districts","2017","22170017","20271233","","","","","318"
"8112 Beryllium,chromium,hafnium,rhenium Etc & Articles","Malaysia","All Country Subcodes","All Rate Provisions","All Districts","2019","158720","158720","","","","","5"
"2820 Manganese Oxides","Korea, South","All Country Subcodes","All Rate Provisions","All Districts","2011","225600","225600","","","","","3"
"7226 Fl-rl Alloy Steel Nesoi Un 600mm Wide","Korea, South","All Country Subcodes","All Rate Provisions","All Districts","2019","843772","857438","","","","","34"
"3801 Artificial Graphite; Collodial Graphite & Prep Etc","Japan","All Country Subcodes","All Rate Provisions","All Districts","2016","22954978","22954978","","","","","307"
"8105 Cobalt Mattes Etc, Cobalt & Art, Inc Waste & Scrap","Korea, South","All Country Subcodes","All Rate Provisions","All Districts","2018","408065","408065","","","","","16"
"8112 Beryllium,chromium,hafnium,rhenium Etc & Articles","Hong Kong","All Country Subcodes","All Rate Provisions","All Districts","2011","3331908","3331908","","","","","33"
"8110 Antimony And Artcls Throf Incl Waste And Scrap","Japan","All Country Subcodes","All Rate Provisions","All Districts","2015","584236","584236","","","","","15"
"8110 Antimony And Artcls Throf Incl Waste And Scrap","Japan","All Country Subcodes","All Rate Provisions","All Districts","2016","1565921","1565921","","","","","8"
"2846 Rare-earth Metal Compounds Of Yttrium Or Scandium","Hong Kong","All Country Subcodes","All Rate Provisions","All Districts","2015","286272","286272","","","","","8"
"8105 Cobalt Mattes Etc, Cobalt & Art, Inc Waste & Scrap","Japan","All Country Subcodes","All Rate Provisions","All Districts","2014","33460837","33456917","","","","","184"
"8105 Cobalt Mattes Etc, Cobalt & Art, Inc Waste & Scrap","Japan","All Country Subcodes","All Rate Provisions","All Districts","2015","34975095","34961563","","","","","157"
"8111 Manganese And Artcles Thereof, Inc Waste And Scrap","Japan","All Country Subcodes","All Rate Provisions","All Districts","2014","1788805","1788805","","","","","48"
"7110 Platinum, Unwrought, Semimfr Forms Or In Powder Fm","Korea, South","All Country Subcodes","All Rate Provisions","All Districts","2016","57431934","57431934","","","","","51"
"2504 Natural Graphite","Taiwan","All Country Subcodes","All Rate Provisions","All Districts","2020","6948","6948","","","","","2"
"7110 Platinum, Unwrought, Semimfr Forms Or In Powder Fm","Japan","All Country Subcodes","All Rate Provisions","All Districts","2014","35620759","35620759","","","","","164"
"2820 Manganese Oxides","Singapore","All Country Subcodes","All Rate Provisions","All Districts","2012","251940","251940","","","","","13"
"8110 Antimony And Artcls Throf Incl Waste And Scrap","Japan","All Country Subcodes","All Rate Provisions","All Districts","2017","1523395","1523395","","","","","21"
"8111 Manganese And Artcles Thereof, Inc Waste And Scrap","Hong Kong","All Country Subcodes","All Rate Provisions","All Districts","2013","520522","520522","","","","","6"
"3910 Silicones, In Primary Forms","Hong Kong","All Country Subcodes","All Rate Provisions","All Districts","2015","11626","11626","","","","","4"
"3910 Silicones, In Primary Forms","Vietnam","All Country Subcodes","All Rate Provisions","All Districts","2020","486380","488300","","","","","22"
"2820 Manganese Oxides","Korea, South","All Country Subcodes","All Rate Provisions","All Districts","2016","6811382","6811382","","","","","85"
"7110 Platinum, Unwrought, Semimfr Forms Or In Powder Fm","Laos","All Country Subcodes","All Rate Provisions","All Districts","2017","23704","23704","","","","","1"
"3910 Silicones, In Primary Forms","Indonesia","All Country Subcodes","All Rate Provisions","All Districts","2015","3000","3000","","","","","3"
"8108 Titanium & Articles Thereof, Includ Waste & Scrap","Taiwan","All Country Subcodes","All Rate Provisions","All Districts","2020","4314134","4912683","","","","","340"
"7225 Fl-rl Alloy Steel Nesoi Nun 600mm Wide","Vietnam","All Country Subcodes","All Rate Provisions","All Districts","2016","2122302","2122302","","","","","6"
"8111 Manganese And Artcles Thereof, Inc Waste And Scrap","Hong Kong","All Country Subcodes","All Rate Provisions","All Districts","2014","130050","130050","","","","","1"
"7226 Fl-rl Alloy Steel Nesoi Un 600mm Wide","Korea, South","All Country Subcodes","All Rate Provisions","All Districts","2011","1380878","1380878","","","","","87"
"8110 Antimony And Artcls Throf Incl Waste And Scrap","Hong Kong","All Country Subcodes","All Rate Provisions","All Districts","2012","2292746","1680266","","","","","6"
"8108 Titanium & Articles Thereof, Includ Waste & Scrap","Korea, South","All Country Subcodes","All Rate Provisions","All Districts","2019","14762482","14762482","","","","","248"
"2846 Rare-earth Metal Compounds Of Yttrium Or Scandium","Korea, South","All Country Subcodes","All Rate Provisions","All Districts","2011","4051756","2483124","","","","","70"
"3910 Silicones, In Primary Forms","Mongolia","All Country Subcodes","All Rate Provisions","All Districts","2018","48941","48941","","","","","1"
"8105 Cobalt Mattes Etc, Cobalt & Art, Inc Waste & Scrap","Korea, South","All Country Subcodes","All Rate Provisions","All Districts","2014","506395","506395","","","","","24"
"7110 Platinum, Unwrought, Semimfr Forms Or In Powder Fm","Singapore","All Country Subcodes","All Rate Provisions","All Districts","2019","113533743","113533743","","","","","269"
"8110 Antimony And Artcls Throf Incl Waste And Scrap","Korea, South","All Country Subcodes","All Rate Provisions","All Districts","2013","668833","668833","","","","","4"
"3910 Silicones, In Primary Forms","Singapore","All Country Subcodes","All Rate Provisions","All Districts","2018","3004","3004","","","","","3"
"2801 Fluorine, Chlorine, Bromine & Iodine","Korea, South","All Country Subcodes","All Rate Provisions","All Districts","2013","529593","529593","","","","","9"
"2801 Fluorine, Chlorine, Bromine & Iodine","Japan","All Country Subcodes","All Rate Provisions","All Districts","2017","10104480","10104480","","","","","35"
"3910 Silicones, In Primary Forms","Vietnam","All Country Subcodes","All Rate Provisions","All Districts","2011","14469","14469","","","","","2"
"8111 Manganese And Artcles Thereof, Inc Waste And Scrap","Japan","All Country Subcodes","All Rate Provisions","All Districts","2015","1505120","1505120","","","","","38"
"8105 Cobalt Mattes Etc, Cobalt & Art, Inc Waste & Scrap","Taiwan","All Country Subcodes","All Rate Provisions","All Districts","2017","729372","616284","","","","","47"
"2504 Natural Graphite","Japan","All Country Subcodes","All Rate Provisions","All Districts","2019","1992601","1980885","","","","","83"
"2846 Rare-earth Metal Compounds Of Yttrium Or Scandium","Singapore","All Country Subcodes","All Rate Provisions","All Districts","2016","79200","79200","","","","","3"
"8112 Beryllium,chromium,hafnium,rhenium Etc & Articles","Taiwan","All Country Subcodes","All Rate Provisions","All Districts","2017","1515092","1515092","","","","","32"
"2846 Rare-earth Metal Compounds Of Yttrium Or Scandium","Hong Kong","All Country Subcodes","All Rate Provisions","All Districts","2019","111765","111765","","","","","3"
"7110 Platinum, Unwrought, Semimfr Forms Or In Powder Fm","Singapore","All Country Subcodes","All Rate Provisions","All Districts","2014","93070395","93070395","","","","","73"
"8110 Antimony And Artcls Throf Incl Waste And Scrap","Thailand","All Country Subcodes","All Rate Provisions","All Districts","2017","502379","502379","","","","","3"
"7110 Platinum, Unwrought, Semimfr Forms Or In Powder Fm","Taiwan","All Country Subcodes","All Rate Provisions","All Districts","2013","524692","524692","","","","","4"
"7110 Platinum, Unwrought, Semimfr Forms Or In Powder Fm","Thailand","All Country Subcodes","All Rate Provisions","All Districts","2020","85675","85675","","","","","3"
"2820 Manganese Oxides","Korea, South","All Country Subcodes","All Rate Provisions","All Districts","2017","8163915","8163915","","","","","82"
"7226 Fl-rl Alloy Steel Nesoi Un 600mm Wide","Japan","All Country Subcodes","All Rate Provisions","All Districts","2012","46780289","46780289","","","","","995"
"3910 Silicones, In Primary Forms","Taiwan","All Country Subcodes","All Rate Provisions","All Districts","2014","1803767","1803767","","","","","53"
"7225 Fl-rl Alloy Steel Nesoi Nun 600mm Wide","Taiwan","All Country Subcodes","All Rate Provisions","All Districts","2011","10359965","10359965","","","","","59"
"8108 Titanium & Articles Thereof, Includ Waste & Scrap","Malaysia","All Country Subcodes","All Rate Provisions","All Districts","2014","218220","218220","","","","","37"
"7225 Fl-rl Alloy Steel Nesoi Nun 600mm Wide","Malaysia","All Country Subcodes","All Rate Provisions","All Districts","2018","999376","999376","","","","","11"
"2801 Fluorine, Chlorine, Bromine & Iodine","Korea, South","All Country Subcodes","All Rate Provisions","All Districts","2011","617017","617017","","","","","19"
"8105 Cobalt Mattes Etc, Cobalt & Art, Inc Waste & Scrap","Taiwan","All Country Subcodes","All Rate Provisions","All Districts","2020","1309157","1248391","","","","","65"
"3910 Silicones, In Primary Forms","Philippines","All Country Subcodes","All Rate Provisions","All Districts","2012","609","609","","","","","2"
"2820 Manganese Oxides","Korea, South","All Country Subcodes","All Rate Provisions","All Districts","2020","2641319","2641319","","","","","47"
"3910 Silicones, In Primary Forms","Indonesia","All Country Subcodes","All Rate Provisions","All Districts","2018","967","967","","","","","1"
"8108 Titanium & Articles Thereof, Includ Waste & Scrap","Philippines","All Country Subcodes","All Rate Provisions","All Districts","2011","132126","132126","","","","","2"
"8112 Beryllium,chromium,hafnium,rhenium Etc & Articles","Hong Kong","All Country Subcodes","All Rate Provisions","All Districts","2019","140217","140217","","","","","1"
"3910 Silicones, In Primary Forms","Korea, South","All Country Subcodes","All Rate Provisions","All Districts","2012","10981950","10704986","","","","","304"
"3910 Silicones, In Primary Forms","Philippines","All Country Subcodes","All Rate Provisions","All Districts","2020","3415","3415","","","","","6"
"2604 Nickel Ores And Concentrates","Hong Kong","All Country Subcodes","All Rate Provisions","All Districts","2019","5820","5820","","","","","1"
"7110 Platinum, Unwrought, Semimfr Forms Or In Powder Fm","Singapore","All Country Subcodes","All Rate Provisions","All Districts","2011","40101654","40101654","","","","","16"
"8111 Manganese And Artcles Thereof, Inc Waste And Scrap","Japan","All Country Subcodes","All Rate Provisions","All Districts","2012","157671","157671","","","","","11"
"3910 Silicones, In Primary Forms","Hong Kong","All Country Subcodes","All Rate Provisions","All Districts","2016","3120","3120","","","","","1"
"7110 Platinum, Unwrought, Semimfr Forms Or In Powder Fm","Taiwan","All Country Subcodes","All Rate Provisions","All Districts","2017","7342178","7342178","","","","","11"
"8108 Titanium & Articles Thereof, Includ Waste & Scrap","Japan","All Country Subcodes","All Rate Provisions","All Districts","2012","275832135","275895903","","","","","855"
"7225 Fl-rl Alloy Steel Nesoi Nun 600mm Wide","Japan","All Country Subcodes","All Rate Provisions","All Districts","2017","113351266","112832549","","","","","839"
"8105 Cobalt Mattes Etc, Cobalt & Art, Inc Waste & Scrap","Taiwan","All Country Subcodes","All Rate Provisions","All Districts","2013","245191","245191","","","","","20"
"8108 Titanium & Articles Thereof, Includ Waste & Scrap","Korea, South","All Country Subcodes","All Rate Provisions","All Districts","2013","4261986","4261986","","","","","86"
"8112 Beryllium,chromium,hafnium,rhenium Etc & Articles","Laos","All Country Subcodes","All Rate Provisions","All Districts","2015","263750","263750","","","","","1"
"8110 Antimony And Artcls Throf Incl Waste And Scrap","Vietnam","All Country Subcodes","All Rate Provisions","All Districts","2019","8144951","8144951","","","","","42"
"8108 Titanium & Articles Thereof, Includ Waste & Scrap","Korea, South","All Country Subcodes","All Rate Provisions","All Districts","2015","16907759","16907759","","","","","181"
"8110 Antimony And Artcls Throf Incl Waste And Scrap","Korea, South","All Country Subcodes","All Rate Provisions","All Districts","2019","14535","14535","","","","","2"
"8105 Cobalt Mattes Etc, Cobalt & Art, Inc Waste & Scrap","Taiwan","All Country Subcodes","All Rate Provisions","All Districts","2012","710010","710010","","","","","31"
"8108 Titanium & Articles Thereof, Includ Waste & Scrap","Korea, South","All Country Subcodes","All Rate Provisions","All Districts","2017","10145953","10145953","","","","","181"
"8108 Titanium & Articles Thereof, Includ Waste & Scrap","Japan","All Country Subcodes","All Rate Provisions","All Districts","2019","279098052","277283077","","","","","1187"
"2504 Natural Graphite","Singapore","All Country Subcodes","All Rate Provisions","All Districts","2017","5593","5593","","","","","2"
"8105 Cobalt Mattes Etc, Cobalt & Art, Inc Waste & Scrap","Hong Kong","All Country Subcodes","All Rate Provisions","All Districts","2014","4529","4529","","","","","1"
"7226 Fl-rl Alloy Steel Nesoi Un 600mm Wide","Japan","All Country Subcodes","All Rate Provisions","All Districts","2015","30110253","29129343","","","","","932"
"2605 Cobalt Ores And Concentrates","Taiwan","All Country Subcodes","All Rate Provisions","All Districts","2018","509275","509275","","","","","3"
"7110 Platinum, Unwrought, Semimfr Forms Or In Powder Fm","Thailand","All Country Subcodes","All Rate Provisions","All Districts","2017","96598","96598","","","","","5"
"8105 Cobalt Mattes Etc, Cobalt & Art, Inc Waste & Scrap","Malaysia","All Country Subcodes","All Rate Provisions","All Districts","2013","4800","4800","","","","","1"
"8110 Antimony And Artcls Throf Incl Waste And Scrap","Thailand","All Country Subcodes","All Rate Provisions","All Districts","2016","274000","274000","","","","","2"
"2801 Fluorine, Chlorine, Bromine & Iodine","Taiwan","All Country Subcodes","All Rate Provisions","All Districts","2016","2700","2700","","","","","1"
"7110 Platinum, Unwrought, Semimfr Forms Or In Powder Fm","Vietnam","All Country Subcodes","All Rate Provisions","All Districts","2013","74312","74312","","","","","1"
"7225 Fl-rl Alloy Steel Nesoi Nun 600mm Wide","Japan","All Country Subcodes","All Rate Provisions","All Districts","2014","232625454","235597798","","","","","1532"
"2604 Nickel Ores And Concentrates","Japan","All Country Subcodes","All Rate Provisions","All Districts","2018","6020","6020","","","","","1"
"8108 Titanium & Articles Thereof, Includ Waste & Scrap","Taiwan","All Country Subcodes","All Rate Provisions","All Districts","2013","7930823","7913649","","","","","265"
"2846 Rare-earth Metal Compounds Of Yttrium Or Scandium","Malaysia","All Country Subcodes","All Rate Provisions","All Districts","2012","906906","906906","","","","","1"
"8105 Cobalt Mattes Etc, Cobalt & Art, Inc Waste & Scrap","Korea, South","All Country Subcodes","All Rate Provisions","All Districts","2017","300109","300109","","","","","12"
"8112 Beryllium,chromium,hafnium,rhenium Etc & Articles","Indonesia","All Country Subcodes","All Rate Provisions","All Districts","2011","13765","13765","","","","","2"
"3801 Artificial Graphite; Collodial Graphite & Prep Etc","Philippines","All Country Subcodes","All Rate Provisions","All Districts","2019","8033","8033","","","","","1"
"7110 Platinum, Unwrought, Semimfr Forms Or In Powder Fm","Hong Kong","All Country Subcodes","All Rate Provisions","All Districts","2017","2700","2700","","","","","1"
"2846 Rare-earth Metal Compounds Of Yttrium Or Scandium","Laos","All Country Subcodes","All Rate Provisions","All Districts","2012","750250","750250","","","","","1"
"2801 Fluorine, Chlorine, Bromine & Iodine","Taiwan","All Country Subcodes","All Rate Provisions","All Districts","2012","46268","46268","","","","","1"
"7225 Fl-rl Alloy Steel Nesoi Nun 600mm Wide","Japan","All Country Subcodes","All Rate Provisions","All Districts","2018","103163569","103163569","","","","","1209"
"7110 Platinum, Unwrought, Semimfr Forms Or In Powder Fm","Philippines","All Country Subcodes","All Rate Provisions","All Districts","2012","61525","61525","","","","","2"
"8105 Cobalt Mattes Etc, Cobalt & Art, Inc Waste & Scrap","Hong Kong","All Country Subcodes","All Rate Provisions","All Districts","2017","4139108","4139108","","","","","6"
"3910 Silicones, In Primary Forms","Taiwan","All Country Subcodes","All Rate Provisions","All Districts","2018","2535752","2447913","","","","","63"
"8105 Cobalt Mattes Etc, Cobalt & Art, Inc Waste & Scrap","Malaysia","All Country Subcodes","All Rate Provisions","All Districts","2020","5955","5955","","","","","1"
"2846 Rare-earth Metal Compounds Of Yttrium Or Scandium","Singapore","All Country Subcodes","All Rate Provisions","All Districts","2017","90850","90850","","","","","2"
"7226 Fl-rl Alloy Steel Nesoi Un 600mm Wide","Japan","All Country Subcodes","All Rate Provisions","All Districts","2017","74813953","73820450","","","","","2737"
"8108 Titanium & Articles Thereof, Includ Waste & Scrap","Philippines","All Country Subcodes","All Rate Provisions","All Districts","2014","37376","37376","","","","","6"
"8112 Beryllium,chromium,hafnium,rhenium Etc & Articles","Laos","All Country Subcodes","All Rate Provisions","All Districts","2012","72953","72953","","","","","2"
"8111 Manganese And Artcles Thereof, Inc Waste And Scrap","Japan","All Country Subcodes","All Rate Provisions","All Districts","2019","2378033","2378033","","","","","43"
"7225 Fl-rl Alloy Steel Nesoi Nun 600mm Wide","Japan","All Country Subcodes","All Rate Provisions","All Districts","2011","265637284","261078509","","","","","1767"
"3910 Silicones, In Primary Forms","Vietnam","All Country Subcodes","All Rate Provisions","All Districts","2019","533321","533321","","","","","16"
"2614 Titanium Ores And Concentrates","Korea, South","All Country Subcodes","All Rate Provisions","All Districts","2011","51960","51960","","","","","3"
"3910 Silicones, In Primary Forms","Taiwan","All Country Subcodes","All Rate Provisions","All Districts","2012","1315700","1315700","","","","","106"
"7226 Fl-rl Alloy Steel Nesoi Un 600mm Wide","Taiwan","All Country Subcodes","All Rate Provisions","All Districts","2020","8303","8303","","","","","2"
"8105 Cobalt Mattes Etc, Cobalt & Art, Inc Waste & Scrap","Singapore","All Country Subcodes","All Rate Provisions","All Districts","2019","982423","982423","","","","","8"
"2820 Manganese Oxides","Japan","All Country Subcodes","All Rate Provisions","All Districts","2020","9558233","9558233","","","","","88"
"2801 Fluorine, Chlorine, Bromine & Iodine","Korea, South","All Country Subcodes","All Rate Provisions","All Districts","2017","1299326","1299326","","","","","17"
"8110 Antimony And Artcls Throf Incl Waste And Scrap","Vietnam","All Country Subcodes","All Rate Provisions","All Districts","2014","1371531","1371531","","","","","7"
"2820 Manganese Oxides","Singapore","All Country Subcodes","All Rate Provisions","All Districts","2015","352830","352830","","","","","18"
"8108 Titanium & Articles Thereof, Includ Waste & Scrap","Philippines","All Country Subcodes","All Rate Provisions","All Districts","2020","40602","40602","","","","","2"
"2846 Rare-earth Metal Compounds Of Yttrium Or Scandium","Korea, South","All Country Subcodes","All Rate Provisions","All Districts","2018","8456914","1211638","","","","","143"
"8111 Manganese And Artcles Thereof, Inc Waste And Scrap","Hong Kong","All Country Subcodes","All Rate Provisions","All Districts","2016","372710","372710","","","","","1"
"8110 Antimony And Artcls Throf Incl Waste And Scrap","Vietnam","All Country Subcodes","All Rate Provisions","All Districts","2016","3246581","3246581","","","","","22"
"8112 Beryllium,chromium,hafnium,rhenium Etc & Articles","Malaysia","All Country Subcodes","All Rate Provisions","All Districts","2015","113120","113120","","","","","11"
"2602 Manganese Ores A Concntrts Inc Ferr Mangn Iron Ore","Japan","All Country Subcodes","All Rate Provisions","All Districts","2014","6000","6000","","","","","1"
"7110 Platinum, Unwrought, Semimfr Forms Or In Powder Fm","Hong Kong","All Country Subcodes","All Rate Provisions","All Districts","2018","366626","366626","","","","","4"
"3910 Silicones, In Primary Forms","Philippines","All Country Subcodes","All Rate Provisions","All Districts","2011","5507","5507","","","","","4"
"8105 Cobalt Mattes Etc, Cobalt & Art, Inc Waste & Scrap","Japan","All Country Subcodes","All Rate Provisions","All Districts","2016","42109620","42079373","","","","","168"
"2846 Rare-earth Metal Compounds Of Yttrium Or Scandium","Hong Kong","All Country Subcodes","All Rate Provisions","All Districts","2012","42250","42250","","","","","1"
"7110 Platinum, Unwrought, Semimfr Forms Or In Powder Fm","Vietnam","All Country Subcodes","All Rate Provisions","All Districts","2017","3330","3330","","","","","1"
"8105 Cobalt Mattes Etc, Cobalt & Art, Inc Waste & Scrap","Japan","All Country Subcodes","All Rate Provisions","All Districts","2017","75834147","75816992","","","","","186"
"7226 Fl-rl Alloy Steel Nesoi Un 600mm Wide","Taiwan","All Country Subcodes","All Rate Provisions","All Districts","2014","695216","695216","","","","","13"
"8108 Titanium & Articles Thereof, Includ Waste & Scrap","Taiwan","All Country Subcodes","All Rate Provisions","All Districts","2016","4066094","3705948","","","","","456"
"2846 Rare-earth Metal Compounds Of Yttrium Or Scandium","Japan","All Country Subcodes","All Rate Provisions","All Districts","2012","109291226","92680447","","","","","340"
"8111 Manganese And Artcles Thereof, Inc Waste And Scrap","Vietnam","All Country Subcodes","All Rate Provisions","All Districts","2012","1052860","1199348","","","","","7"
"8105 Cobalt Mattes Etc, Cobalt & Art, Inc Waste & Scrap","Singapore","All Country Subcodes","All Rate Provisions","All Districts","2015","302513","302513","","","","","16"
"2614 Titanium Ores And Concentrates","Taiwan","All Country Subcodes","All Rate Provisions","All Districts","2016","4198","4198","","","","","1"
"7110 Platinum, Unwrought, Semimfr Forms Or In Powder Fm","Singapore","All Country Subcodes","All Rate Provisions","All Districts","2012","22777182","22777182","","","","","27"
"7226 Fl-rl Alloy Steel Nesoi Un 600mm Wide","Thailand","All Country Subcodes","All Rate Provisions","All Districts","2011","1006707","1006707","","","","","6"
"3910 Silicones, In Primary Forms","Japan","All Country Subcodes","All Rate Provisions","All Districts","2013","119257636","118330948","","","","","2335"
"8108 Titanium & Articles Thereof, Includ Waste & Scrap","Singapore","All Country Subcodes","All Rate Provisions","All Districts","2019","6946301","6946301","","","","","910"
"8105 Cobalt Mattes Etc, Cobalt & Art, Inc Waste & Scrap","Japan","All Country Subcodes","All Rate Provisions","All Districts","2013","22284774","22284774","","","","","140"
"3910 Silicones, In Primary Forms","Malaysia","All Country Subcodes","All Rate Provisions","All Districts","2018","2337543","2337543","","","","","28"
"3910 Silicones, In Primary Forms","Vietnam","All Country Subcodes","All Rate Provisions","All Districts","2015","486","486","","","","","1"
"3910 Silicones, In Primary Forms","Japan","All Country Subcodes","All Rate Provisions","All Districts","2019","138396191","135141842","","","","","3691"
"7110 Platinum, Unwrought, Semimfr Forms Or In Powder Fm","Taiwan","All Country Subcodes","All Rate Provisions","All Districts","2019","14996062","14996062","","","","","15"
"7226 Fl-rl Alloy Steel Nesoi Un 600mm Wide","Taiwan","All Country Subcodes","All Rate Provisions","All Districts","2012","2557709","2557709","","","","","42"
"7225 Fl-rl Alloy Steel Nesoi Nun 600mm Wide","Taiwan","All Country Subcodes","All Rate Provisions","All Districts","2012","48103618","48103618","","","","","315"
"8112 Beryllium,chromium,hafnium,rhenium Etc & Articles","Korea, South","All Country Subcodes","All Rate Provisions","All Districts","2011","5765444","5765444","","","","","13"
"8105 Cobalt Mattes Etc, Cobalt & Art, Inc Waste & Scrap","Korea, South","All Country Subcodes","All Rate Provisions","All Districts","2016","185948","185948","","","","","17"
"3910 Silicones, In Primary Forms","Malaysia","All Country Subcodes","All Rate Provisions","All Districts","2016","7209","7209","","","","","5"
"7110 Platinum, Unwrought, Semimfr Forms Or In Powder Fm","Malaysia","All Country Subcodes","All Rate Provisions","All Districts","2013","50000","50000","","","","","2"
"3801 Artificial Graphite; Collodial Graphite & Prep Etc","Japan","All Country Subcodes","All Rate Provisions","All Districts","2017","50581819","50551701","","","","","497"
"8108 Titanium & Articles Thereof, Includ Waste & Scrap","Vietnam","All Country Subcodes","All Rate Provisions","All Districts","2019","43696","43696","","","","","1"
"8105 Cobalt Mattes Etc, Cobalt & Art, Inc Waste & Scrap","Japan","All Country Subcodes","All Rate Provisions","All Districts","2018","128432186","128479194","","","","","199"
"8108 Titanium & Articles Thereof, Includ Waste & Scrap","Korea, South","All Country Subcodes","All Rate Provisions","All Districts","2012","8293309","8293309","","","","","88"
"2820 Manganese Oxides","Singapore","All Country Subcodes","All Rate Provisions","All Districts","2017","106875","106875","","","","","5"
"7110 Platinum, Unwrought, Semimfr Forms Or In Powder Fm","Japan","All Country Subcodes","All Rate Provisions","All Districts","2018","39498474","39498474","","","","","116"
"2820 Manganese Oxides","Korea, South","All Country Subcodes","All Rate Provisions","All Districts","2013","697410","697410","","","","","14"
"8112 Beryllium,chromium,hafnium,rhenium Etc & Articles","Japan","All Country Subcodes","All Rate Provisions","All Districts","2016","6021555","6021555","","","","","109"
"7110 Platinum, Unwrought, Semimfr Forms Or In Powder Fm","Japan","All Country Subcodes","All Rate Provisions","All Districts","2012","52000932","52000932","","","","","216"
"7226 Fl-rl Alloy Steel Nesoi Un 600mm Wide","Korea, South","All Country Subcodes","All Rate Provisions","All Districts","2013","357529","357529","","","","","33"
"7110 Platinum, Unwrought, Semimfr Forms Or In Powder Fm","Korea, South","All Country Subcodes","All Rate Provisions","All Districts","2014","190446107","190446107","","","","","87"
"2846 Rare-earth Metal Compounds Of Yttrium Or Scandium","Japan","All Country Subcodes","All Rate Provisions","All Districts","2015","33163987","24074723","","","","","568"
"8110 Antimony And Artcls Throf Incl Waste And Scrap","Vietnam","All Country Subcodes","All Rate Provisions","All Districts","2017","4630076","4630076","","","","","27"
"8108 Titanium & Articles Thereof, Includ Waste & Scrap","Thailand","All Country Subcodes","All Rate Provisions","All Districts","2013","147317","147317","","","","","9"
"2846 Rare-earth Metal Compounds Of Yttrium Or Scandium","Hong Kong","All Country Subcodes","All Rate Provisions","All Districts","2017","44590","44590","","","","","4"
"2504 Natural Graphite","Hong Kong","All Country Subcodes","All Rate Provisions","All Districts","2018","1116000","1116000","","","","","1"
"8108 Titanium & Articles Thereof, Includ Waste & Scrap","Taiwan","All Country Subcodes","All Rate Provisions","All Districts","2019","4634778","5097061","","","","","396"
"8105 Cobalt Mattes Etc, Cobalt & Art, Inc Waste & Scrap","Hong Kong","All Country Subcodes","All Rate Provisions","All Districts","2011","4201","4201","","","","","1"
"7110 Platinum, Unwrought, Semimfr Forms Or In Powder Fm","Thailand","All Country Subcodes","All Rate Provisions","All Districts","2019","2934","2934","","","","","1"
"8110 Antimony And Artcls Throf Incl Waste And Scrap","Singapore","All Country Subcodes","All Rate Provisions","All Districts","2018","203590","203590","","","","","1"
"7110 Platinum, Unwrought, Semimfr Forms Or In Powder Fm","Taiwan","All Country Subcodes","All Rate Provisions","All Districts","2020","23524350","23524350","","","","","12"
"8112 Beryllium,chromium,hafnium,rhenium Etc & Articles","Singapore","All Country Subcodes","All Rate Provisions","All Districts","2015","107638","107638","","","","","6"
"2820 Manganese Oxides","Korea, South","All Country Subcodes","All Rate Provisions","All Districts","2019","2463950","2463950","","","","","33"
"8105 Cobalt Mattes Etc, Cobalt & Art, Inc Waste & Scrap","Thailand","All Country Subcodes","All Rate Provisions","All Districts","2012","227565","227565","","","","","1"
"8108 Titanium & Articles Thereof, Includ Waste & Scrap","Hong Kong","All Country Subcodes","All Rate Provisions","All Districts","2017","14916","14916","","","","","1"
"2504 Natural Graphite","Japan","All Country Subcodes","All Rate Provisions","All Districts","2012","4121163","4121163","","","","","169"
"8105 Cobalt Mattes Etc, Cobalt & Art, Inc Waste & Scrap","Taiwan","All Country Subcodes","All Rate Provisions","All Districts","2011","123588","123588","","","","","12"
"8110 Antimony And Artcls Throf Incl Waste And Scrap","Japan","All Country Subcodes","All Rate Provisions","All Districts","2012","317533","317533","","","","","4"
"8105 Cobalt Mattes Etc, Cobalt & Art, Inc Waste & Scrap","Thailand","All Country Subcodes","All Rate Provisions","All Districts","2020","6931","6931","","","","","2"
"3910 Silicones, In Primary Forms","Korea, South","All Country Subcodes","All Rate Provisions","All Districts","2020","8256237","8270967","","","","","373"
"8112 Beryllium,chromium,hafnium,rhenium Etc & Articles","Japan","All Country Subcodes","All Rate Provisions","All Districts","2015","3199180","3199180","","","","","67"
"7226 Fl-rl Alloy Steel Nesoi Un 600mm Wide","Japan","All Country Subcodes","All Rate Provisions","All Districts","2018","40031651","40031651","","","","","1073"
"3801 Artificial Graphite; Collodial Graphite & Prep Etc","Taiwan","All Country Subcodes","All Rate Provisions","All Districts","2012","38384","38384","","","","","5"
"8108 Titanium & Articles Thereof, Includ Waste & Scrap","Singapore","All Country Subcodes","All Rate Provisions","All Districts","2016","6807722","6807722","","","","","469"
"8112 Beryllium,chromium,hafnium,rhenium Etc & Articles","Korea, South","All Country Subcodes","All Rate Provisions","All Districts","2014","10400853","10400853","","","","","26"
"2504 Natural Graphite","Korea, South","All Country Subcodes","All Rate Provisions","All Districts","2011","12617","12617","","","","","4"
"8108 Titanium & Articles Thereof, Includ Waste & Scrap","Philippines","All Country Subcodes","All Rate Provisions","All Districts","2013","66260","66260","","","","","5"
"8108 Titanium & Articles Thereof, Includ Waste & Scrap","Cambodia","All Country Subcodes","All Rate Provisions","All Districts","2016","4130","4130","","","","","1"
"3801 Artificial Graphite; Collodial Graphite & Prep Etc","Indonesia","All Country Subcodes","All Rate Provisions","All Districts","2013","150701","150701","","","","","1"
"2846 Rare-earth Metal Compounds Of Yttrium Or Scandium","Taiwan","All Country Subcodes","All Rate Provisions","All Districts","2015","33941","33941","","","","","6"
"8110 Antimony And Artcls Throf Incl Waste And Scrap","Hong Kong","All Country Subcodes","All Rate Provisions","All Districts","2014","589014","589014","","","","","2"
"8112 Beryllium,chromium,hafnium,rhenium Etc & Articles","Hong Kong","All Country Subcodes","All Rate Provisions","All Districts","2016","567818","567818","","","","","11"
"7225 Fl-rl Alloy Steel Nesoi Nun 600mm Wide","Singapore","All Country Subcodes","All Rate Provisions","All Districts","2018","6000","6000","","","","","1"
"8112 Beryllium,chromium,hafnium,rhenium Etc & Articles","Japan","All Country Subcodes","All Rate Provisions","All Districts","2012","10759674","10759674","","","","","96"
"2846 Rare-earth Metal Compounds Of Yttrium Or Scandium","Malaysia","All Country Subcodes","All Rate Provisions","All Districts","2015","2841061","2841061","","","","","42"
"8112 Beryllium,chromium,hafnium,rhenium Etc & Articles","Japan","All Country Subcodes","All Rate Provisions","All Districts","2014","10604636","9352025","","","","","86"
"8112 Beryllium,chromium,hafnium,rhenium Etc & Articles","Taiwan","All Country Subcodes","All Rate Provisions","All Districts","2015","4994466","4994466","","","","","48"
"2604 Nickel Ores And Concentrates","Thailand","All Country Subcodes","All Rate Provisions","All Districts","2013","3245","3245","","","","","1"
"3910 Silicones, In Primary Forms","Asia - South","All Country Subcodes","All Rate Provisions","All Districts","2016","2787262","2787262","","","","","62"
"8110 Antimony And Artcls Throf Incl Waste And Scrap","Asia - South","All Country Subcodes","All Rate Provisions","All Districts","2015","10807933","10807933","","","","","65"
"8105 Cobalt Mattes Etc, Cobalt & Art, Inc Waste & Scrap","Asia - South","All Country Subcodes","All Rate Provisions","All Districts","2019","751650","982465","","","","","95"
"2614 Titanium Ores And Concentrates","Asia - South","All Country Subcodes","All Rate Provisions","All Districts","2012","436700","436700","","","","","1"
"7110 Platinum, Unwrought, Semimfr Forms Or In Powder Fm","Asia - South","All Country Subcodes","All Rate Provisions","All Districts","2017","299672","299672","","","","","3"
"3801 Artificial Graphite; Collodial Graphite & Prep Etc","Asia - South","All Country Subcodes","All Rate Provisions","All Districts","2020","2590886","2590886","","","","","32"
"3910 Silicones, In Primary Forms","Asia - South","All Country Subcodes","All Rate Provisions","All Districts","2012","1836438","1836438","","","","","49"
"2846 Rare-earth Metal Compounds Of Yttrium Or Scandium","Asia - South","All Country Subcodes","All Rate Provisions","All Districts","2019","270466","270466","","","","","6"
"7225 Fl-rl Alloy Steel Nesoi Nun 600mm Wide","Asia - South","All Country Subcodes","All Rate Provisions","All Districts","2019","3626583","3626583","","","","","30"
"8112 Beryllium,chromium,hafnium,rhenium Etc & Articles","Asia - South","All Country Subcodes","All Rate Provisions","All Districts","2017","668418","668418","","","","","7"
"7225 Fl-rl Alloy Steel Nesoi Nun 600mm Wide","Asia - South","All Country Subcodes","All Rate Provisions","All Districts","2012","66872","66872","","","","","2"
"3910 Silicones, In Primary Forms","Asia - South","All Country Subcodes","All Rate Provisions","All Districts","2017","2874497","2874497","","","","","84"
"2846 Rare-earth Metal Compounds Of Yttrium Or Scandium","Asia - South","All Country Subcodes","All Rate Provisions","All Districts","2017","142048","142048","","","","","10"
"2820 Manganese Oxides","Asia - South","All Country Subcodes","All Rate Provisions","All Districts","2015","187479","153595","","","","","10"
"2801 Fluorine, Chlorine, Bromine & Iodine","Asia - South","All Country Subcodes","All Rate Provisions","All Districts","2014","6556","6556","","","","","2"
"8105 Cobalt Mattes Etc, Cobalt & Art, Inc Waste & Scrap","Asia - South","All Country Subcodes","All Rate Provisions","All Districts","2020","294936","476966","","","","","62"
"8108 Titanium & Articles Thereof, Includ Waste & Scrap","Asia - South","All Country Subcodes","All Rate Provisions","All Districts","2019","1990170","1994359","","","","","171"
"7226 Fl-rl Alloy Steel Nesoi Un 600mm Wide","Asia - South","All Country Subcodes","All Rate Provisions","All Districts","2017","15547","15547","","","","","2"
"8105 Cobalt Mattes Etc, Cobalt & Art, Inc Waste & Scrap","Asia - South","All Country Subcodes","All Rate Provisions","All Districts","2014","55506","55506","","","","","4"
"3801 Artificial Graphite; Collodial Graphite & Prep Etc","Asia - South","All Country Subcodes","All Rate Provisions","All Districts","2014","3380433","3380433","","","","","100"
"8105 Cobalt Mattes Etc, Cobalt & Art, Inc Waste & Scrap","Asia - South","All Country Subcodes","All Rate Provisions","All Districts","2016","73332","73332","","","","","16"
"8108 Titanium & Articles Thereof, Includ Waste & Scrap","Asia - South","All Country Subcodes","All Rate Provisions","All Districts","2011","1927891","1927891","","","","","31"
"2801 Fluorine, Chlorine, Bromine & Iodine","Asia - South","All Country Subcodes","All Rate Provisions","All Districts","2017","22440","22440","","","","","2"
"2820 Manganese Oxides","Asia - South","All Country Subcodes","All Rate Provisions","All Districts","2012","124850","124850","","","","","5"
"7226 Fl-rl Alloy Steel Nesoi Un 600mm Wide","Asia - South","All Country Subcodes","All Rate Provisions","All Districts","2019","13550","13550","","","","","2"
"2801 Fluorine, Chlorine, Bromine & Iodine","Asia - South","All Country Subcodes","All Rate Provisions","All Districts","2012","11745","11745","","","","","1"
"2820 Manganese Oxides","Asia - South","All Country Subcodes","All Rate Provisions","All Districts","2017","347031","347031","","","","","20"
"2504 Natural Graphite","Asia - South","All Country Subcodes","All Rate Provisions","All Districts","2015","860808","860808","","","","","23"
"2606 Aluminum Ores And Concentrates","Asia - South","All Country Subcodes","All Rate Provisions","All Districts","2017","148210","148210","","","","","4"
"7226 Fl-rl Alloy Steel Nesoi Un 600mm Wide","Asia - South","All Country Subcodes","All Rate Provisions","All Districts","2014","468461","468461","","","","","13"
"8108 Titanium & Articles Thereof, Includ Waste & Scrap","Asia - South","All Country Subcodes","All Rate Provisions","All Districts","2016","796905","796905","","","","","49"
"8112 Beryllium,chromium,hafnium,rhenium Etc & Articles","Asia - South","All Country Subcodes","All Rate Provisions","All Districts","2019","786764","786764","","","","","7"
"2801 Fluorine, Chlorine, Bromine & Iodine","Asia - South","All Country Subcodes","All Rate Provisions","All Districts","2020","353867","353867","","","","","8"
"7226 Fl-rl Alloy Steel Nesoi Un 600mm Wide","Asia - South","All Country Subcodes","All Rate Provisions","All Districts","2015","204244","204244","","","","","11"
"2820 Manganese Oxides","Asia - South","All Country Subcodes","All Rate Provisions","All Districts","2019","1160013","1160013","","","","","25"
"8112 Beryllium,chromium,hafnium,rhenium Etc & Articles","Asia - South","All Country Subcodes","All Rate Provisions","All Districts","2020","1362455","1362455","","","","","8"
"8108 Titanium & Articles Thereof, Includ Waste & Scrap","Asia - South","All Country Subcodes","All Rate Provisions","All Districts","2013","379671","379671","","","","","16"
"2606 Aluminum Ores And Concentrates","Asia - South","All Country Subcodes","All Rate Provisions","All Districts","2012","652980","652980","","","","","9"
"2846 Rare-earth Metal Compounds Of Yttrium Or Scandium","Asia - South","All Country Subcodes","All Rate Provisions","All Districts","2018","801725","801725","","","","","27"
"2846 Rare-earth Metal Compounds Of Yttrium Or Scandium","Asia - South","All Country Subcodes","All Rate Provisions","All Districts","2014","180750","180750","","","","","4"
"7225 Fl-rl Alloy Steel Nesoi Nun 600mm Wide","Asia - South","All Country Subcodes","All Rate Provisions","All Districts","2015","4040735","4040735","","","","","27"
"2504 Natural Graphite","Asia - South","All Country Subcodes","All Rate Provisions","All Districts","2014","1033841","1033841","","","","","27"
"2801 Fluorine, Chlorine, Bromine & Iodine","Asia - South","All Country Subcodes","All Rate Provisions","All Districts","2013","28100","28100","","","","","2"
"2614 Titanium Ores And Concentrates","Asia - South","All Country Subcodes","All Rate Provisions","All Districts","2016","87558","87558","","","","","2"
"2606 Aluminum Ores And Concentrates","Asia - South","All Country Subcodes","All Rate Provisions","All Districts","2013","172800","172800","","","","","2"
"8105 Cobalt Mattes Etc, Cobalt & Art, Inc Waste & Scrap","Asia - South","All Country Subcodes","All Rate Provisions","All Districts","2018","383765","426061","","","","","30"
"8108 Titanium & Articles Thereof, Includ Waste & Scrap","Asia - South","All Country Subcodes","All Rate Provisions","All Districts","2015","890406","890406","","","","","54"
"7110 Platinum, Unwrought, Semimfr Forms Or In Powder Fm","Asia - South","All Country Subcodes","All Rate Provisions","All Districts","2014","108646","108646","","","","","4"
"2614 Titanium Ores And Concentrates","Asia - South","All Country Subcodes","All Rate Provisions","All Districts","2015","216157","216157","","","","","3"
"8110 Antimony And Artcls Throf Incl Waste And Scrap","Asia - South","All Country Subcodes","All Rate Provisions","All Districts","2013","9584903","9584903","","","","","47"
"7226 Fl-rl Alloy Steel Nesoi Un 600mm Wide","Asia - South","All Country Subcodes","All Rate Provisions","All Districts","2012","11566","11566","","","","","1"
"7226 Fl-rl Alloy Steel Nesoi Un 600mm Wide","Asia - South","All Country Subcodes","All Rate Provisions","All Districts","2018","34912","34912","","","","","6"
"2504 Natural Graphite","Asia - South","All Country Subcodes","All Rate Provisions","All Districts","2018","3522174","3522174","","","","","38"
"3910 Silicones, In Primary Forms","Asia - South","All Country Subcodes","All Rate Provisions","All Districts","2020","3286228","3286228","","","","","119"
"3910 Silicones, In Primary Forms","Asia - South","All Country Subcodes","All Rate Provisions","All Districts","2018","4834372","4834372","","","","","110"
"7110 Platinum, Unwrought, Semimfr Forms Or In Powder Fm","Asia - South","All Country Subcodes","All Rate Provisions","All Districts","2020","3771642","3771642","","","","","7"
"2504 Natural Graphite","Asia - South","All Country Subcodes","All Rate Provisions","All Districts","2016","848774","848774","","","","","22"
"2604 Nickel Ores And Concentrates","Asia - South","All Country Subcodes","All Rate Provisions","All Districts","2016","6921","6921","","","","","2"
"2604 Nickel Ores And Concentrates","Asia - South","All Country Subcodes","All Rate Provisions","All Districts","2012","2322","2322","","","","","1"
"3801 Artificial Graphite; Collodial Graphite & Prep Etc","Asia - South","All Country Subcodes","All Rate Provisions","All Districts","2013","7487360","7487360","","","","","155"
"8110 Antimony And Artcls Throf Incl Waste And Scrap","Asia - South","All Country Subcodes","All Rate Provisions","All Districts","2012","8407368","8407368","","","","","35"
"8112 Beryllium,chromium,hafnium,rhenium Etc & Articles","Asia - South","All Country Subcodes","All Rate Provisions","All Districts","2015","213180","213180","","","","","2"
"3910 Silicones, In Primary Forms","Asia - South","All Country Subcodes","All Rate Provisions","All Districts","2014","2140316","2140316","","","","","45"
"2846 Rare-earth Metal Compounds Of Yttrium Or Scandium","Asia - South","All Country Subcodes","All Rate Provisions","All Districts","2011","7381574","7381574","","","","","22"
"8112 Beryllium,chromium,hafnium,rhenium Etc & Articles","Asia - South","All Country Subcodes","All Rate Provisions","All Districts","2012","354500","354500","","","","","4"
"3910 Silicones, In Primary Forms","Asia - South","All Country Subcodes","All Rate Provisions","All Districts","2011","750550","750550","","","","","21"
"7225 Fl-rl Alloy Steel Nesoi Nun 600mm Wide","Asia - South","All Country Subcodes","All Rate Provisions","All Districts","2013","6580","6580","","","","","1"
"2606 Aluminum Ores And Concentrates","Asia - South","All Country Subcodes","All Rate Provisions","All Districts","2016","1775053","1775053","","","","","28"
"2846 Rare-earth Metal Compounds Of Yttrium Or Scandium","Asia - South","All Country Subcodes","All Rate Provisions","All Districts","2012","29181","29181","","","","","5"
"2820 Manganese Oxides","Asia - South","All Country Subcodes","All Rate Provisions","All Districts","2013","144515","144515","","","","","5"
"7110 Platinum, Unwrought, Semimfr Forms Or In Powder Fm","Asia - South","All Country Subcodes","All Rate Provisions","All Districts","2011","917102","917102","","","","","3"
"3801 Artificial Graphite; Collodial Graphite & Prep Etc","Asia - South","All Country Subcodes","All Rate Provisions","All Districts","2018","11002577","11002577","","","","","173"
"2504 Natural Graphite","Asia - South","All Country Subcodes","All Rate Provisions","All Districts","2012","1034210","1034210","","","","","29"
"2846 Rare-earth Metal Compounds Of Yttrium Or Scandium","Asia - South","All Country Subcodes","All Rate Provisions","All Districts","2020","751421","751421","","","","","14"
"7225 Fl-rl Alloy Steel Nesoi Nun 600mm Wide","Asia - South","All Country Subcodes","All Rate Provisions","All Districts","2016","3428209","3428209","","","","","23"
"2603 Copper Ores And Concentrates","Asia - South","All Country Subcodes","All Rate Provisions","All Districts","2016","6560","6560","","","","","2"
"7225 Fl-rl Alloy Steel Nesoi Nun 600mm Wide","Asia - South","All Country Subcodes","All Rate Provisions","All Districts","2017","2227637","2227637","","","","","14"
"2846 Rare-earth Metal Compounds Of Yttrium Or Scandium","Asia - South","All Country Subcodes","All Rate Provisions","All Districts","2016","31200","31200","","","","","2"
"8110 Antimony And Artcls Throf Incl Waste And Scrap","Asia - South","All Country Subcodes","All Rate Provisions","All Districts","2011","8116817","8116817","","","","","31"
"3801 Artificial Graphite; Collodial Graphite & Prep Etc","Asia - South","All Country Subcodes","All Rate Provisions","All Districts","2017","4770986","4770986","","","","","154"
"7226 Fl-rl Alloy Steel Nesoi Un 600mm Wide","Asia - South","All Country Subcodes","All Rate Provisions","All Districts","2020","36446","36446","","","","","12"
"8112 Beryllium,chromium,hafnium,rhenium Etc & Articles","Asia - South","All Country Subcodes","All Rate Provisions","All Districts","2016","13471","13471","","","","","2"
"7226 Fl-rl Alloy Steel Nesoi Un 600mm Wide","Asia - South","All Country Subcodes","All Rate Provisions","All Districts","2011","4816","4816","","","","","1"
"2606 Aluminum Ores And Concentrates","Asia - South","All Country Subcodes","All Rate Provisions","All Districts","2018","831874","831874","","","","","17"
"2820 Manganese Oxides","Asia - South","All Country Subcodes","All Rate Provisions","All Districts","2014","138558","138558","","","","","6"
"2801 Fluorine, Chlorine, Bromine & Iodine","Asia - South","All Country Subcodes","All Rate Provisions","All Districts","2016","15920","15920","","","","","4"
"2614 Titanium Ores And Concentrates","Asia - South","All Country Subcodes","All Rate Provisions","All Districts","2017","141688","141688","","","","","2"
"2606 Aluminum Ores And Concentrates","Asia - South","All Country Subcodes","All Rate Provisions","All Districts","2019","47625","47625","","","","","1"
"8105 Cobalt Mattes Etc, Cobalt & Art, Inc Waste & Scrap","Asia - South","All Country Subcodes","All Rate Provisions","All Districts","2013","253437","253437","","","","","5"
"7110 Platinum, Unwrought, Semimfr Forms Or In Powder Fm","Asia - South","All Country Subcodes","All Rate Provisions","All Districts","2018","2906625","2906625","","","","","2"
"3910 Silicones, In Primary Forms","Asia - South","All Country Subcodes","All Rate Provisions","All Districts","2019","4064638","4064638","","","","","108"
"8108 Titanium & Articles Thereof, Includ Waste & Scrap","Asia - South","All Country Subcodes","All Rate Provisions","All Districts","2012","1463558","1463558","","","","","33"
"7110 Platinum, Unwrought, Semimfr Forms Or In Powder Fm","Asia - South","All Country Subcodes","All Rate Provisions","All Districts","2016","376791","376791","","","","","2"
"2801 Fluorine, Chlorine, Bromine & Iodine","Asia - South","All Country Subcodes","All Rate Provisions","All Districts","2015","9700","9700","","","","","3"
"2504 Natural Graphite","Asia - South","All Country Subcodes","All Rate Provisions","All Districts","2019","602726","602726","","","","","16"
"8110 Antimony And Artcls Throf Incl Waste And Scrap","Asia - South","All Country Subcodes","All Rate Provisions","All Districts","2014","7037026","7037026","","","","","39"
"8110 Antimony And Artcls Throf Incl Waste And Scrap","Asia - South","All Country Subcodes","All Rate Provisions","All Districts","2017","10618709","10618709","","","","","60"
"2820 Manganese Oxides","Asia - South","All Country Subcodes","All Rate Provisions","All Districts","2016","432450","466334","","","","","20"
"3910 Silicones, In Primary Forms","Asia - South","All Country Subcodes","All Rate Provisions","All Districts","2013","2905982","2905982","","","","","72"
"8112 Beryllium,chromium,hafnium,rhenium Etc & Articles","Asia - South","All Country Subcodes","All Rate Provisions","All Districts","2011","302320","302320","","","","","5"
"8111 Manganese And Artcles Thereof, Inc Waste And Scrap","Asia - South","All Country Subcodes","All Rate Provisions","All Districts","2018","5640","5640","","","","","1"
"8108 Titanium & Articles Thereof, Includ Waste & Scrap","Asia - South","All Country Subcodes","All Rate Provisions","All Districts","2014","515898","515898","","","","","26"
"7110 Platinum, Unwrought, Semimfr Forms Or In Powder Fm","Asia - South","All Country Subcodes","All Rate Provisions","All Districts","2012","1966053","1966053","","","","","4"
"8110 Antimony And Artcls Throf Incl Waste And Scrap","Asia - South","All Country Subcodes","All Rate Provisions","All Districts","2016","5351796","5351796","","","","","42"
"2504 Natural Graphite","Asia - South","All Country Subcodes","All Rate Provisions","All Districts","2013","917994","917994","","","","","24"
"2820 Manganese Oxides","Asia - South","All Country Subcodes","All Rate Provisions","All Districts","2020","685249","685249","","","","","10"
"2801 Fluorine, Chlorine, Bromine & Iodine","Asia - South","All Country Subcodes","All Rate Provisions","All Districts","2018","5000","5000","","","","","2"
"3801 Artificial Graphite; Collodial Graphite & Prep Etc","Asia - South","All Country Subcodes","All Rate Provisions","All Districts","2019","7000020","7000020","","","","","83"
"8112 Beryllium,chromium,hafnium,rhenium Etc & Articles","Asia - South","All Country Subcodes","All Rate Provisions","All Districts","2018","458546","458546","","","","","2"
"7225 Fl-rl Alloy Steel Nesoi Nun 600mm Wide","Asia - South","All Country Subcodes","All Rate Provisions","All Districts","2020","2451858","2451858","","","","","21"
"8105 Cobalt Mattes Etc, Cobalt & Art, Inc Waste & Scrap","Asia - South","All Country Subcodes","All Rate Provisions","All Districts","2012","1483022","1483022","","","","","8"
"2606 Aluminum Ores And Concentrates","Asia - South","All Country Subcodes","All Rate Provisions","All Districts","2011","470534","470534","","","","","9"
"7225 Fl-rl Alloy Steel Nesoi Nun 600mm Wide","Asia - South","All Country Subcodes","All Rate Provisions","All Districts","2014","1559452","1559452","","","","","6"
"8111 Manganese And Artcles Thereof, Inc Waste And Scrap","Asia - South","All Country Subcodes","All Rate Provisions","All Districts","2015","17989","17989","","","","","2"
"2504 Natural Graphite","Asia - South","All Country Subcodes","All Rate Provisions","All Districts","2011","1241801","1241801","","","","","34"
"8108 Titanium & Articles Thereof, Includ Waste & Scrap","Asia - South","All Country Subcodes","All Rate Provisions","All Districts","2020","1178800","1260535","","","","","141"
"8108 Titanium & Articles Thereof, Includ Waste & Scrap","Asia - South","All Country Subcodes","All Rate Provisions","All Districts","2018","1567341","1567341","","","","","107"
"8112 Beryllium,chromium,hafnium,rhenium Etc & Articles","Asia - South","All Country Subcodes","All Rate Provisions","All Districts","2014","219242","219242","","","","","3"
"8110 Antimony And Artcls Throf Incl Waste And Scrap","Asia - South","All Country Subcodes","All Rate Provisions","All Districts","2019","10278673","10278673","","","","","69"
"3801 Artificial Graphite; Collodial Graphite & Prep Etc","Asia - South","All Country Subcodes","All Rate Provisions","All Districts","2015","2364279","2364279","","","","","101"
"2606 Aluminum Ores And Concentrates","Asia - South","All Country Subcodes","All Rate Provisions","All Districts","2014","85000","85000","","","","","1"
"8105 Cobalt Mattes Etc, Cobalt & Art, Inc Waste & Scrap","Asia - South","All Country Subcodes","All Rate Provisions","All Districts","2011","4540877","5832233","","","","","28"
"7110 Platinum, Unwrought, Semimfr Forms Or In Powder Fm","Asia - South","All Country Subcodes","All Rate Provisions","All Districts","2019","6903995","6903995","","","","","3"
"8105 Cobalt Mattes Etc, Cobalt & Art, Inc Waste & Scrap","Asia - South","All Country Subcodes","All Rate Provisions","All Districts","2015","256255","256255","","","","","8"
"8111 Manganese And Artcles Thereof, Inc Waste And Scrap","Asia - South","All Country Subcodes","All Rate Provisions","All Districts","2017","2106","2106","","","","","1"
"2801 Fluorine, Chlorine, Bromine & Iodine","Asia - South","All Country Subcodes","All Rate Provisions","All Districts","2019","26466","26466","","","","","6"
"8110 Antimony And Artcls Throf Incl Waste And Scrap","Asia - South","All Country Subcodes","All Rate Provisions","All Districts","2020","8645919","8645919","","","","","76"
"3910 Silicones, In Primary Forms","Asia - South","All Country Subcodes","All Rate Provisions","All Districts","2015","2287745","2287745","","","","","52"
"7110 Platinum, Unwrought, Semimfr Forms Or In Powder Fm","Asia - South","All Country Subcodes","All Rate Provisions","All Districts","2015","2981","2981","","","","","1"
"7226 Fl-rl Alloy Steel Nesoi Un 600mm Wide","Asia - South","All Country Subcodes","All Rate Provisions","All Districts","2016","65148","65148","","","","","5"
"3801 Artificial Graphite; Collodial Graphite & Prep Etc","Asia - South","All Country Subcodes","All Rate Provisions","All Districts","2016","1312693","1312693","","","","","38"
"7225 Fl-rl Alloy Steel Nesoi Nun 600mm Wide","Asia - South","All Country Subcodes","All Rate Provisions","All Districts","2018","1851832","1851832","","","","","15"
"2504 Natural Graphite","Asia - South","All Country Subcodes","All Rate Provisions","All Districts","2020","102899","102899","","","","","3"
"3801 Artificial Graphite; Collodial Graphite & Prep Etc","Asia - South","All Country Subcodes","All Rate Provisions","All Districts","2011","9935586","9935586","","","","","195"
"8112 Beryllium,chromium,hafnium,rhenium Etc & Articles","Asia - South","All Country Subcodes","All Rate Provisions","All Districts","2013","64890","64890","","","","","2"
"2504 Natural Graphite","Asia - South","All Country Subcodes","All Rate Provisions","All Districts","2017","844280","844280","","","","","22"
"2614 Titanium Ores And Concentrates","Asia - South","All Country Subcodes","All Rate Provisions","All Districts","2019","3750","3750","","","","","1"
"2801 Fluorine, Chlorine, Bromine & Iodine","Asia - South","All Country Subcodes","All Rate Provisions","All Districts","2011","244600","244600","","","","","2"
"2820 Manganese Oxides","Asia - South","All Country Subcodes","All Rate Provisions","All Districts","2011","51642","51642","","","","","5"
"8111 Manganese And Artcles Thereof, Inc Waste And Scrap","Asia - South","All Country Subcodes","All Rate Provisions","All Districts","2014","22715","22715","","","","","1"
"8108 Titanium & Articles Thereof, Includ Waste & Scrap","Asia - South","All Country Subcodes","All Rate Provisions","All Districts","2017","1044907","1039507","","","","","62"
"3801 Artificial Graphite; Collodial Graphite & Prep Etc","Asia - South","All Country Subcodes","All Rate Provisions","All Districts","2012","15267027","15267027","","","","","265"
"8110 Antimony And Artcls Throf Incl Waste And Scrap","Asia - South","All Country Subcodes","All Rate Provisions","All Districts","2018","13580969","13580969","","","","","77"
"8105 Cobalt Mattes Etc, Cobalt & Art, Inc Waste & Scrap","Asia - South","All Country Subcodes","All Rate Provisions","All Districts","2017","370921","370921","","","","","16"
"2820 Manganese Oxides","Asia - South","All Country Subcodes","All Rate Provisions","All Districts","2018","379452","379452","","","","","26"
"2846 Rare-earth Metal Compounds Of Yttrium Or Scandium","Asia - South","All Country Subcodes","All Rate Provisions","All Districts","2015","116364","116364","","","","","6"
"2846 Rare-earth Metal Compounds Of Yttrium Or Scandium","Asia - South","All Country Subcodes","All Rate Provisions","All Districts","2013","178374","178374","","","","","7"
"8111 Manganese And Artcles Thereof, Inc Waste And Scrap","APEC - Asia Pacific Economic Co-operation","All Country Subcodes","All Rate Provisions","All Districts","2012","87685525","87734065","","","","","584"
"8110 Antimony And Artcls Throf Incl Waste And Scrap","APEC - Asia Pacific Economic Co-operation","All Country Subcodes","All Rate Provisions","All Districts","2013","46428785","46666209","","","","","232"
"8112 Beryllium,chromium,hafnium,rhenium Etc & Articles","APEC - Asia Pacific Economic Co-operation","All Country Subcodes","All Rate Provisions","All Districts","2012","261772183","261862026","","","","","1510"
"2602 Manganese Ores A Concntrts Inc Ferr Mangn Iron Ore","APEC - Asia Pacific Economic Co-operation","All Country Subcodes","All Rate Provisions","All Districts","2020","14121280","14121280","","","","","12"
"2504 Natural Graphite","APEC - Asia Pacific Economic Co-operation","All Country Subcodes","All Rate Provisions","All Districts","2012","56521267","56521267","","","","","1594"
"2602 Manganese Ores A Concntrts Inc Ferr Mangn Iron Ore","APEC - Asia Pacific Economic Co-operation","All Country Subcodes","All Rate Provisions","All Districts","2018","12705660","12705660","","","","","16"
"2801 Fluorine, Chlorine, Bromine & Iodine","APEC - Asia Pacific Economic Co-operation","All Country Subcodes","All Rate Provisions","All Districts","2020","184591609","184591609","","","","","2484"
"2614 Titanium Ores And Concentrates","APEC - Asia Pacific Economic Co-operation","All Country Subcodes","All Rate Provisions","All Districts","2013","302258325","302258325","","","","","102"
"7110 Platinum, Unwrought, Semimfr Forms Or In Powder Fm","APEC - Asia Pacific Economic Co-operation","All Country Subcodes","All Rate Provisions","All Districts","2016","830635792","830635792","","","","","803"
"7110 Platinum, Unwrought, Semimfr Forms Or In Powder Fm","APEC - Asia Pacific Economic Co-operation","All Country Subcodes","All Rate Provisions","All Districts","2018","1629315034","1629315034","","","","","1094"
"8111 Manganese And Artcles Thereof, Inc Waste And Scrap","APEC - Asia Pacific Economic Co-operation","All Country Subcodes","All Rate Provisions","All Districts","2011","87495260","86951505","","","","","577"
"2820 Manganese Oxides","APEC - Asia Pacific Economic Co-operation","All Country Subcodes","All Rate Provisions","All Districts","2014","19473254","19473254","","","","","288"
"7226 Fl-rl Alloy Steel Nesoi Un 600mm Wide","APEC - Asia Pacific Economic Co-operation","All Country Subcodes","All Rate Provisions","All Districts","2018","81792632","80772730","","","","","5197"
"3910 Silicones, In Primary Forms","APEC - Asia Pacific Economic Co-operation","All Country Subcodes","All Rate Provisions","All Districts","2012","231803394","229478084","","","","","7271"
"2605 Cobalt Ores And Concentrates","APEC - Asia Pacific Economic Co-operation","All Country Subcodes","All Rate Provisions","All Districts","2017","196240","196240","","","","","2"
"2614 Titanium Ores And Concentrates","APEC - Asia Pacific Economic Co-operation","All Country Subcodes","All Rate Provisions","All Districts","2016","121516236","121516236","","","","","90"
"2604 Nickel Ores And Concentrates","APEC - Asia Pacific Economic Co-operation","All Country Subcodes","All Rate Provisions","All Districts","2018","114439","114439","","","","","5"
"3801 Artificial Graphite; Collodial Graphite & Prep Etc","APEC - Asia Pacific Economic Co-operation","All Country Subcodes","All Rate Provisions","All Districts","2014","83475913","83475913","","","","","1876"
"2603 Copper Ores And Concentrates","APEC - Asia Pacific Economic Co-operation","All Country Subcodes","All Rate Provisions","All Districts","2011","226228582","143332582","","","","","2022"
"2602 Manganese Ores A Concntrts Inc Ferr Mangn Iron Ore","APEC - Asia Pacific Economic Co-operation","All Country Subcodes","All Rate Provisions","All Districts","2017","13685511","13685511","","","","","10"
"8112 Beryllium,chromium,hafnium,rhenium Etc & Articles","APEC - Asia Pacific Economic Co-operation","All Country Subcodes","All Rate Provisions","All Districts","2020","127822372","125311157","","","","","1144"
"7110 Platinum, Unwrought, Semimfr Forms Or In Powder Fm","APEC - Asia Pacific Economic Co-operation","All Country Subcodes","All Rate Provisions","All Districts","2020","2940968583","2940968583","","","","","1140"
"2801 Fluorine, Chlorine, Bromine & Iodine","APEC - Asia Pacific Economic Co-operation","All Country Subcodes","All Rate Provisions","All Districts","2012","312962183","312962183","","","","","4475"
"2606 Aluminum Ores And Concentrates","APEC - Asia Pacific Economic Co-operation","All Country Subcodes","All Rate Provisions","All Districts","2020","21700374","21700374","","","","","82"
"7226 Fl-rl Alloy Steel Nesoi Un 600mm Wide","APEC - Asia Pacific Economic Co-operation","All Country Subcodes","All Rate Provisions","All Districts","2011","114850224","114850224","","","","","3172"
"2820 Manganese Oxides","APEC - Asia Pacific Economic Co-operation","All Country Subcodes","All Rate Provisions","All Districts","2015","20103040","20103040","","","","","310"
"2606 Aluminum Ores And Concentrates","APEC - Asia Pacific Economic Co-operation","All Country Subcodes","All Rate Provisions","All Districts","2019","20907942","20907942","","","","","133"
"3801 Artificial Graphite; Collodial Graphite & Prep Etc","APEC - Asia Pacific Economic Co-operation","All Country Subcodes","All Rate Provisions","All Districts","2011","118078177","118078177","","","","","1929"
"2504 Natural Graphite","APEC - Asia Pacific Economic Co-operation","All Country Subcodes","All Rate Provisions","All Districts","2014","60094695","60094695","","","","","1831"
"3910 Silicones, In Primary Forms","APEC - Asia Pacific Economic Co-operation","All Country Subcodes","All Rate Provisions","All Districts","2017","288085343","285590014","","","","","9771"
"7110 Platinum, Unwrought, Semimfr Forms Or In Powder Fm","APEC - Asia Pacific Economic Co-operation","All Country Subcodes","All Rate Provisions","All Districts","2011","1278769865","1278835024","","","","","951"
"2603 Copper Ores And Concentrates","APEC - Asia Pacific Economic Co-operation","All Country Subcodes","All Rate Provisions","All Districts","2012","99182726","29522726","","","","","1253"
"2605 Cobalt Ores And Concentrates","APEC - Asia Pacific Economic Co-operation","All Country Subcodes","All Rate Provisions","All Districts","2012","692673","692673","","","","","6"
"7226 Fl-rl Alloy Steel Nesoi Un 600mm Wide","APEC - Asia Pacific Economic Co-operation","All Country Subcodes","All Rate Provisions","All Districts","2014","72179310","72164881","","","","","2389"
"2820 Manganese Oxides","APEC - Asia Pacific Economic Co-operation","All Country Subcodes","All Rate Provisions","All Districts","2019","11474086","11474086","","","","","185"
"3801 Artificial Graphite; Collodial Graphite & Prep Etc","APEC - Asia Pacific Economic Co-operation","All Country Subcodes","All Rate Provisions","All Districts","2020","216732217","216676355","","","","","1974"
"8105 Cobalt Mattes Etc, Cobalt & Art, Inc Waste & Scrap","APEC - Asia Pacific Economic Co-operation","All Country Subcodes","All Rate Provisions","All Districts","2016","142930009","142402056","","","","","1669"
"2605 Cobalt Ores And Concentrates","APEC - Asia Pacific Economic Co-operation","All Country Subcodes","All Rate Provisions","All Districts","2019","135222","135222","","","","","2"
"2602 Manganese Ores A Concntrts Inc Ferr Mangn Iron Ore","APEC - Asia Pacific Economic Co-operation","All Country Subcodes","All Rate Provisions","All Districts","2016","5466811","5466811","","","","","7"
"2504 Natural Graphite","APEC - Asia Pacific Economic Co-operation","All Country Subcodes","All Rate Provisions","All Districts","2013","55786123","55786123","","","","","1699"
"2604 Nickel Ores And Concentrates","APEC - Asia Pacific Economic Co-operation","All Country Subcodes","All Rate Provisions","All Districts","2014","242191","242191","","","","","21"
"2605 Cobalt Ores And Concentrates","APEC - Asia Pacific Economic Co-operation","All Country Subcodes","All Rate Provisions","All Districts","2016","506272","506272","","","","","5"
"2614 Titanium Ores And Concentrates","APEC - Asia Pacific Economic Co-operation","All Country Subcodes","All Rate Provisions","All Districts","2014","137976209","137976209","","","","","71"
"7225 Fl-rl Alloy Steel Nesoi Nun 600mm Wide","APEC - Asia Pacific Economic Co-operation","All Country Subcodes","All Rate Provisions","All Districts","2020","562849016","561492052","","","","","23040"
"2504 Natural Graphite","APEC - Asia Pacific Economic Co-operation","All Country Subcodes","All Rate Provisions","All Districts","2019","43919428","43844699","","","","","1686"
"2605 Cobalt Ores And Concentrates","APEC - Asia Pacific Economic Co-operation","All Country Subcodes","All Rate Provisions","All Districts","2014","247149","247149","","","","","3"
"8112 Beryllium,chromium,hafnium,rhenium Etc & Articles","APEC - Asia Pacific Economic Co-operation","All Country Subcodes","All Rate Provisions","All Districts","2015","220304745","217750377","","","","","1434"
"3910 Silicones, In Primary Forms","APEC - Asia Pacific Economic Co-operation","All Country Subcodes","All Rate Provisions","All Districts","2015","224397027","222965344","","","","","8109"
"2504 Natural Graphite","APEC - Asia Pacific Economic Co-operation","All Country Subcodes","All Rate Provisions","All Districts","2011","70478753","70478753","","","","","1650"
"8110 Antimony And Artcls Throf Incl Waste And Scrap","APEC - Asia Pacific Economic Co-operation","All Country Subcodes","All Rate Provisions","All Districts","2012","49642469","49289579","","","","","190"
"3910 Silicones, In Primary Forms","APEC - Asia Pacific Economic Co-operation","All Country Subcodes","All Rate Provisions","All Districts","2013","210434382","208999206","","","","","6489"
"2603 Copper Ores And Concentrates","APEC - Asia Pacific Economic Co-operation","All Country Subcodes","All Rate Provisions","All Districts","2016","145287048","207048","","","","","2058"
"2801 Fluorine, Chlorine, Bromine & Iodine","APEC - Asia Pacific Economic Co-operation","All Country Subcodes","All Rate Provisions","All Districts","2011","337433298","337433298","","","","","4927"
"2504 Natural Graphite","APEC - Asia Pacific Economic Co-operation","All Country Subcodes","All Rate Provisions","All Districts","2015","44775131","44775131","","","","","1307"
"8111 Manganese And Artcles Thereof, Inc Waste And Scrap","APEC - Asia Pacific Economic Co-operation","All Country Subcodes","All Rate Provisions","All Districts","2018","37501019","37673546","","","","","400"
"7225 Fl-rl Alloy Steel Nesoi Nun 600mm Wide","APEC - Asia Pacific Economic Co-operation","All Country Subcodes","All Rate Provisions","All Districts","2016","620386980","620530005","","","","","19281"
"2603 Copper Ores And Concentrates","APEC - Asia Pacific Economic Co-operation","All Country Subcodes","All Rate Provisions","All Districts","2019","153002522","148466522","","","","","1798"
"8108 Titanium & Articles Thereof, Includ Waste & Scrap","APEC - Asia Pacific Economic Co-operation","All Country Subcodes","All Rate Provisions","All Districts","2012","549132548","576059337","","","","","4263"
"8111 Manganese And Artcles Thereof, Inc Waste And Scrap","APEC - Asia Pacific Economic Co-operation","All Country Subcodes","All Rate Provisions","All Districts","2019","64684395","60764437","","","","","500"
"2606 Aluminum Ores And Concentrates","APEC - Asia Pacific Economic Co-operation","All Country Subcodes","All Rate Provisions","All Districts","2011","27012602","27012602","","","","","76"
"7225 Fl-rl Alloy Steel Nesoi Nun 600mm Wide","APEC - Asia Pacific Economic Co-operation","All Country Subcodes","All Rate Provisions","All Districts","2018","807004738","806492395","","","","","26883"
"3910 Silicones, In Primary Forms","APEC - Asia Pacific Economic Co-operation","All Country Subcodes","All Rate Provisions","All Districts","2016","215700725","214437784","","","","","8880"
"2820 Manganese Oxides","APEC - Asia Pacific Economic Co-operation","All Country Subcodes","All Rate Provisions","All Districts","2017","24889521","24889521","","","","","324"
"2604 Nickel Ores And Concentrates","APEC - Asia Pacific Economic Co-operation","All Country Subcodes","All Rate Provisions","All Districts","2016","21476","21476","","","","","5"
"2846 Rare-earth Metal Compounds Of Yttrium Or Scandium","APEC - Asia Pacific Economic Co-operation","All Country Subcodes","All Rate Provisions","All Districts","2016","100957025","76481708","","","","","1536"
"8110 Antimony And Artcls Throf Incl Waste And Scrap","APEC - Asia Pacific Economic Co-operation","All Country Subcodes","All Rate Provisions","All Districts","2011","50134804","49859549","","","","","190"
"2846 Rare-earth Metal Compounds Of Yttrium Or Scandium","APEC - Asia Pacific Economic Co-operation","All Country Subcodes","All Rate Provisions","All Districts","2012","327299149","309108835","","","","","3062"
"8112 Beryllium,chromium,hafnium,rhenium Etc & Articles","APEC - Asia Pacific Economic Co-operation","All Country Subcodes","All Rate Provisions","All Districts","2018","241057151","239291656","","","","","1401"
"2603 Copper Ores And Concentrates","APEC - Asia Pacific Economic Co-operation","All Country Subcodes","All Rate Provisions","All Districts","2017","95273559","25721559","","","","","1195"
"8105 Cobalt Mattes Etc, Cobalt & Art, Inc Waste & Scrap","APEC - Asia Pacific Economic Co-operation","All Country Subcodes","All Rate Provisions","All Districts","2011","187132463","187131301","","","","","1584"
"2606 Aluminum Ores And Concentrates","APEC - Asia Pacific Economic Co-operation","All Country Subcodes","All Rate Provisions","All Districts","2012","24372225","24372225","","","","","66"
"7225 Fl-rl Alloy Steel Nesoi Nun 600mm Wide","APEC - Asia Pacific Economic Co-operation","All Country Subcodes","All Rate Provisions","All Districts","2017","685914837","684759851","","","","","21586"
"8111 Manganese And Artcles Thereof, Inc Waste And Scrap","APEC - Asia Pacific Economic Co-operation","All Country Subcodes","All Rate Provisions","All Districts","2015","41454412","40510544","","","","","424"
"8112 Beryllium,chromium,hafnium,rhenium Etc & Articles","APEC - Asia Pacific Economic Co-operation","All Country Subcodes","All Rate Provisions","All Districts","2011","280484554","279856342","","","","","1515"
"2604 Nickel Ores And Concentrates","APEC - Asia Pacific Economic Co-operation","All Country Subcodes","All Rate Provisions","All Districts","2013","6088","6088","","","","","2"
"2614 Titanium Ores And Concentrates","APEC - Asia Pacific Economic Co-operation","All Country Subcodes","All Rate Provisions","All Districts","2011","176394037","176394037","","","","","145"
"2846 Rare-earth Metal Compounds Of Yttrium Or Scandium","APEC - Asia Pacific Economic Co-operation","All Country Subcodes","All Rate Provisions","All Districts","2013","178363055","164782768","","","","","1879"
"7110 Platinum, Unwrought, Semimfr Forms Or In Powder Fm","APEC - Asia Pacific Economic Co-operation","All Country Subcodes","All Rate Provisions","All Districts","2017","1143119029","1143119029","","","","","801"
"2609 Tin Ores And Concentrates","APEC - Asia Pacific Economic Co-operation","All Country Subcodes","All Rate Provisions","All Districts","2011","51510","51510","","","","","2"
"8108 Titanium & Articles Thereof, Includ Waste & Scrap","APEC - Asia Pacific Economic Co-operation","All Country Subcodes","All Rate Provisions","All Districts","2016","443142451","445154892","","","","","7274"
"8110 Antimony And Artcls Throf Incl Waste And Scrap","APEC - Asia Pacific Economic Co-operation","All Country Subcodes","All Rate Provisions","All Districts","2016","37477065","37477065","","","","","270"
"7110 Platinum, Unwrought, Semimfr Forms Or In Powder Fm","APEC - Asia Pacific Economic Co-operation","All Country Subcodes","All Rate Provisions","All Districts","2019","2148855447","2148855447","","","","","1174"
"2846 Rare-earth Metal Compounds Of Yttrium Or Scandium","APEC - Asia Pacific Economic Co-operation","All Country Subcodes","All Rate Provisions","All Districts","2017","104665254","95042652","","","","","1541"
"2606 Aluminum Ores And Concentrates","APEC - Asia Pacific Economic Co-operation","All Country Subcodes","All Rate Provisions","All Districts","2017","36846781","36846781","","","","","145"
"8105 Cobalt Mattes Etc, Cobalt & Art, Inc Waste & Scrap","APEC - Asia Pacific Economic Co-operation","All Country Subcodes","All Rate Provisions","All Districts","2017","226123066","225710417","","","","","1762"
"3801 Artificial Graphite; Collodial Graphite & Prep Etc","APEC - Asia Pacific Economic Co-operation","All Country Subcodes","All Rate Provisions","All Districts","2012","153627567","153627567","","","","","3658"
"2801 Fluorine, Chlorine, Bromine & Iodine","APEC - Asia Pacific Economic Co-operation","All Country Subcodes","All Rate Provisions","All Districts","2018","145029397","145029397","","","","","2424"
"7110 Platinum, Unwrought, Semimfr Forms Or In Powder Fm","APEC - Asia Pacific Economic Co-operation","All Country Subcodes","All Rate Provisions","All Districts","2015","1035408994","1035408994","","","","","825"
"2603 Copper Ores And Concentrates","APEC - Asia Pacific Economic Co-operation","All Country Subcodes","All Rate Provisions","All Districts","2014","88247236","515236","","","","","1361"
"3910 Silicones, In Primary Forms","APEC - Asia Pacific Economic Co-operation","All Country Subcodes","All Rate Provisions","All Districts","2011","226900409","226987166","","","","","7359"
"2602 Manganese Ores A Concntrts Inc Ferr Mangn Iron Ore","APEC - Asia Pacific Economic Co-operation","All Country Subcodes","All Rate Provisions","All Districts","2012","7058472","7058472","","","","","9"
"8110 Antimony And Artcls Throf Incl Waste And Scrap","APEC - Asia Pacific Economic Co-operation","All Country Subcodes","All Rate Provisions","All Districts","2015","29208778","29208778","","","","","193"
"7225 Fl-rl Alloy Steel Nesoi Nun 600mm Wide","APEC - Asia Pacific Economic Co-operation","All Country Subcodes","All Rate Provisions","All Districts","2015","890149932","890240488","","","","","21055"
"8111 Manganese And Artcles Thereof, Inc Waste And Scrap","APEC - Asia Pacific Economic Co-operation","All Country Subcodes","All Rate Provisions","All Districts","2017","36147203","35652222","","","","","455"
"2801 Fluorine, Chlorine, Bromine & Iodine","APEC - Asia Pacific Economic Co-operation","All Country Subcodes","All Rate Provisions","All Districts","2015","186989640","186984840","","","","","2508"
"8111 Manganese And Artcles Thereof, Inc Waste And Scrap","APEC - Asia Pacific Economic Co-operation","All Country Subcodes","All Rate Provisions","All Districts","2016","24293998","24011642","","","","","368"
"2604 Nickel Ores And Concentrates","APEC - Asia Pacific Economic Co-operation","All Country Subcodes","All Rate Provisions","All Districts","2017","48482","48482","","","","","8"
"8110 Antimony And Artcls Throf Incl Waste And Scrap","APEC - Asia Pacific Economic Co-operation","All Country Subcodes","All Rate Provisions","All Districts","2019","27672373","27672373","","","","","226"
"2820 Manganese Oxides","APEC - Asia Pacific Economic Co-operation","All Country Subcodes","All Rate Provisions","All Districts","2012","22645909","22645909","","","","","243"
"2801 Fluorine, Chlorine, Bromine & Iodine","APEC - Asia Pacific Economic Co-operation","All Country Subcodes","All Rate Provisions","All Districts","2019","156112624","156112624","","","","","2708"
"2846 Rare-earth Metal Compounds Of Yttrium Or Scandium","APEC - Asia Pacific Economic Co-operation","All Country Subcodes","All Rate Provisions","All Districts","2020","79303919","79303919","","","","","882"
"3910 Silicones, In Primary Forms","APEC - Asia Pacific Economic Co-operation","All Country Subcodes","All Rate Provisions","All Districts","2014","221458805","229658848","","","","","7639"
"8105 Cobalt Mattes Etc, Cobalt & Art, Inc Waste & Scrap","APEC - Asia Pacific Economic Co-operation","All Country Subcodes","All Rate Provisions","All Districts","2012","174938982","174938982","","","","","1726"
"8105 Cobalt Mattes Etc, Cobalt & Art, Inc Waste & Scrap","APEC - Asia Pacific Economic Co-operation","All Country Subcodes","All Rate Provisions","All Districts","2013","148508084","148505785","","","","","1548"
"2801 Fluorine, Chlorine, Bromine & Iodine","APEC - Asia Pacific Economic Co-operation","All Country Subcodes","All Rate Provisions","All Districts","2016","128420278","128420278","","","","","2585"
"2605 Cobalt Ores And Concentrates","APEC - Asia Pacific Economic Co-operation","All Country Subcodes","All Rate Provisions","All Districts","2020","58500","58500","","","","","1"
"8111 Manganese And Artcles Thereof, Inc Waste And Scrap","APEC - Asia Pacific Economic Co-operation","All Country Subcodes","All Rate Provisions","All Districts","2020","34496585","36092313","","","","","425"
"8110 Antimony And Artcls Throf Incl Waste And Scrap","APEC - Asia Pacific Economic Co-operation","All Country Subcodes","All Rate Provisions","All Districts","2017","39150023","38480933","","","","","236"
"8110 Antimony And Artcls Throf Incl Waste And Scrap","APEC - Asia Pacific Economic Co-operation","All Country Subcodes","All Rate Provisions","All Districts","2014","38682631","38682631","","","","","234"
"8110 Antimony And Artcls Throf Incl Waste And Scrap","APEC - Asia Pacific Economic Co-operation","All Country Subcodes","All Rate Provisions","All Districts","2018","33708487","33708487","","","","","210"
"2846 Rare-earth Metal Compounds Of Yttrium Or Scandium","APEC - Asia Pacific Economic Co-operation","All Country Subcodes","All Rate Provisions","All Districts","2018","123345503","115550695","","","","","1315"
"8108 Titanium & Articles Thereof, Includ Waste & Scrap","APEC - Asia Pacific Economic Co-operation","All Country Subcodes","All Rate Provisions","All Districts","2011","459019058","526674496","","","","","3715"
"2602 Manganese Ores A Concntrts Inc Ferr Mangn Iron Ore","APEC - Asia Pacific Economic Co-operation","All Country Subcodes","All Rate Provisions","All Districts","2011","35575561","35575561","","","","","9"
"3801 Artificial Graphite; Collodial Graphite & Prep Etc","APEC - Asia Pacific Economic Co-operation","All Country Subcodes","All Rate Provisions","All Districts","2013","118859456","118859456","","","","","4593"
"8112 Beryllium,chromium,hafnium,rhenium Etc & Articles","APEC - Asia Pacific Economic Co-operation","All Country Subcodes","All Rate Provisions","All Districts","2017","199443547","199017981","","","","","1355"
"8111 Manganese And Artcles Thereof, Inc Waste And Scrap","APEC - Asia Pacific Economic Co-operation","All Country Subcodes","All Rate Provisions","All Districts","2013","67760322","67700954","","","","","523"
"2605 Cobalt Ores And Concentrates","APEC - Asia Pacific Economic Co-operation","All Country Subcodes","All Rate Provisions","All Districts","2018","509275","509275","","","","","3"
"8111 Manganese And Artcles Thereof, Inc Waste And Scrap","APEC - Asia Pacific Economic Co-operation","All Country Subcodes","All Rate Provisions","All Districts","2014","56307470","54898620","","","","","559"
"7110 Platinum, Unwrought, Semimfr Forms Or In Powder Fm","APEC - Asia Pacific Economic Co-operation","All Country Subcodes","All Rate Provisions","All Districts","2013","884904745","884904745","","","","","945"
"8108 Titanium & Articles Thereof, Includ Waste & Scrap","APEC - Asia Pacific Economic Co-operation","All Country Subcodes","All Rate Provisions","All Districts","2019","679397194","678075646","","","","","10089"
"2801 Fluorine, Chlorine, Bromine & Iodine","APEC - Asia Pacific Economic Co-operation","All Country Subcodes","All Rate Provisions","All Districts","2013","310499941","310499941","","","","","4658"
"2602 Manganese Ores A Concntrts Inc Ferr Mangn Iron Ore","APEC - Asia Pacific Economic Co-operation","All Country Subcodes","All Rate Provisions","All Districts","2015","10483241","10483241","","","","","13"
"2606 Aluminum Ores And Concentrates","APEC - Asia Pacific Economic Co-operation","All Country Subcodes","All Rate Provisions","All Districts","2013","40538145","40538145","","","","","113"
"7225 Fl-rl Alloy Steel Nesoi Nun 600mm Wide","APEC - Asia Pacific Economic Co-operation","All Country Subcodes","All Rate Provisions","All Districts","2019","645370771","642302311","","","","","22812"
"2820 Manganese Oxides","APEC - Asia Pacific Economic Co-operation","All Country Subcodes","All Rate Provisions","All Districts","2011","22420154","22420154","","","","","258"
"2820 Manganese Oxides","APEC - Asia Pacific Economic Co-operation","All Country Subcodes","All Rate Provisions","All Districts","2016","19271156","19271156","","","","","289"
"2801 Fluorine, Chlorine, Bromine & Iodine","APEC - Asia Pacific Economic Co-operation","All Country Subcodes","All Rate Provisions","All Districts","2017","110629563","110629563","","","","","2412"
"2614 Titanium Ores And Concentrates","APEC - Asia Pacific Economic Co-operation","All Country Subcodes","All Rate Provisions","All Districts","2020","51472130","51472130","","","","","27"
"8112 Beryllium,chromium,hafnium,rhenium Etc & Articles","APEC - Asia Pacific Economic Co-operation","All Country Subcodes","All Rate Provisions","All Districts","2014","258612353","255078182","","","","","1651"
"8108 Titanium & Articles Thereof, Includ Waste & Scrap","APEC - Asia Pacific Economic Co-operation","All Country Subcodes","All Rate Provisions","All Districts","2020","478497654","486849948","","","","","7958"
"2606 Aluminum Ores And Concentrates","APEC - Asia Pacific Economic Co-operation","All Country Subcodes","All Rate Provisions","All Districts","2014","45650578","45650578","","","","","99"
"2603 Copper Ores And Concentrates","APEC - Asia Pacific Economic Co-operation","All Country Subcodes","All Rate Provisions","All Districts","2018","139043852","89795852","","","","","1408"
"2604 Nickel Ores And Concentrates","APEC - Asia Pacific Economic Co-operation","All Country Subcodes","All Rate Provisions","All Districts","2020","349150","349150","","","","","11"
"7225 Fl-rl Alloy Steel Nesoi Nun 600mm Wide","APEC - Asia Pacific Economic Co-operation","All Country Subcodes","All Rate Provisions","All Districts","2011","752381801","747823026","","","","","15808"
"3910 Silicones, In Primary Forms","APEC - Asia Pacific Economic Co-operation","All Country Subcodes","All Rate Provisions","All Districts","2018","417679711","419418832","","","","","10403"
"8105 Cobalt Mattes Etc, Cobalt & Art, Inc Waste & Scrap","APEC - Asia Pacific Economic Co-operation","All Country Subcodes","All Rate Provisions","All Districts","2014","173597214","172990551","","","","","1593"
"8112 Beryllium,chromium,hafnium,rhenium Etc & Articles","APEC - Asia Pacific Economic Co-operation","All Country Subcodes","All Rate Provisions","All Districts","2019","187046681","186321513","","","","","1317"
"2602 Manganese Ores A Concntrts Inc Ferr Mangn Iron Ore","APEC - Asia Pacific Economic Co-operation","All Country Subcodes","All Rate Provisions","All Districts","2014","13482125","13482125","","","","","23"
"7225 Fl-rl Alloy Steel Nesoi Nun 600mm Wide","APEC - Asia Pacific Economic Co-operation","All Country Subcodes","All Rate Provisions","All Districts","2014","857970288","860916343","","","","","20560"
"2603 Copper Ores And Concentrates","APEC - Asia Pacific Economic Co-operation","All Country Subcodes","All Rate Provisions","All Districts","2020","42530096","8186096","","","","","593"
"7226 Fl-rl Alloy Steel Nesoi Un 600mm Wide","APEC - Asia Pacific Economic Co-operation","All Country Subcodes","All Rate Provisions","All Districts","2013","105537940","105524923","","","","","3205"
"2846 Rare-earth Metal Compounds Of Yttrium Or Scandium","APEC - Asia Pacific Economic Co-operation","All Country Subcodes","All Rate Provisions","All Districts","2015","125677109","110817733","","","","","1635"
"2504 Natural Graphite","APEC - Asia Pacific Economic Co-operation","All Country Subcodes","All Rate Provisions","All Districts","2018","47886193","47860292","","","","","1522"
"2846 Rare-earth Metal Compounds Of Yttrium Or Scandium","APEC - Asia Pacific Economic Co-operation","All Country Subcodes","All Rate Provisions","All Districts","2014","137545549","127030182","","","","","1554"
"7226 Fl-rl Alloy Steel Nesoi Un 600mm Wide","APEC - Asia Pacific Economic Co-operation","All Country Subcodes","All Rate Provisions","All Districts","2017","117639373","116633323","","","","","5995"
"3801 Artificial Graphite; Collodial Graphite & Prep Etc","APEC - Asia Pacific Economic Co-operation","All Country Subcodes","All Rate Provisions","All Districts","2017","116497935","116503520","","","","","1593"
"2606 Aluminum Ores And Concentrates","APEC - Asia Pacific Economic Co-operation","All Country Subcodes","All Rate Provisions","All Districts","2016","25485749","25485749","","","","","76"
"2820 Manganese Oxides","APEC - Asia Pacific Economic Co-operation","All Country Subcodes","All Rate Provisions","All Districts","2013","17303210","17303210","","","","","245"
"2614 Titanium Ores And Concentrates","APEC - Asia Pacific Economic Co-operation","All Country Subcodes","All Rate Provisions","All Districts","2012","347307511","347307511","","","","","112"
"8112 Beryllium,chromium,hafnium,rhenium Etc & Articles","APEC - Asia Pacific Economic Co-operation","All Country Subcodes","All Rate Provisions","All Districts","2013","221272034","221461813","","","","","1432"
"8105 Cobalt Mattes Etc, Cobalt & Art, Inc Waste & Scrap","APEC - Asia Pacific Economic Co-operation","All Country Subcodes","All Rate Provisions","All Districts","2020","177532423","177667177","","","","","1409"
"2614 Titanium Ores And Concentrates","APEC - Asia Pacific Economic Co-operation","All Country Subcodes","All Rate Provisions","All Districts","2018","141101680","141101680","","","","","46"
"2606 Aluminum Ores And Concentrates","APEC - Asia Pacific Economic Co-operation","All Country Subcodes","All Rate Provisions","All Districts","2015","35087991","35087991","","","","","107"
"7110 Platinum, Unwrought, Semimfr Forms Or In Powder Fm","APEC - Asia Pacific Economic Co-operation","All Country Subcodes","All Rate Provisions","All Districts","2014","1019311290","1019311290","","","","","958"
"2606 Aluminum Ores And Concentrates","APEC - Asia Pacific Economic Co-operation","All Country Subcodes","All Rate Provisions","All Districts","2018","25861105","25861105","","","","","187"
"8105 Cobalt Mattes Etc, Cobalt & Art, Inc Waste & Scrap","APEC - Asia Pacific Economic Co-operation","All Country Subcodes","All Rate Provisions","All Districts","2018","416176394","414394668","","","","","1808"
"7226 Fl-rl Alloy Steel Nesoi Un 600mm Wide","APEC - Asia Pacific Economic Co-operation","All Country Subcodes","All Rate Provisions","All Districts","2020","59680021","59520681","","","","","5048"
"2602 Manganese Ores A Concntrts Inc Ferr Mangn Iron Ore","APEC - Asia Pacific Economic Co-operation","All Country Subcodes","All Rate Provisions","All Districts","2013","18880528","18880528","","","","","42"
"3801 Artificial Graphite; Collodial Graphite & Prep Etc","APEC - Asia Pacific Economic Co-operation","All Country Subcodes","All Rate Provisions","All Districts","2019","348472157","348421785","","","","","3405"
"2604 Nickel Ores And Concentrates","APEC - Asia Pacific Economic Co-operation","All Country Subcodes","All Rate Provisions","All Districts","2015","122861","122861","","","","","11"
"3910 Silicones, In Primary Forms","APEC - Asia Pacific Economic Co-operation","All Country Subcodes","All Rate Provisions","All Districts","2019","320674249","316754953","","","","","9683"
"3801 Artificial Graphite; Collodial Graphite & Prep Etc","APEC - Asia Pacific Economic Co-operation","All Country Subcodes","All Rate Provisions","All Districts","2018","235252624","235198747","","","","","2627"
"2504 Natural Graphite","APEC - Asia Pacific Economic Co-operation","All Country Subcodes","All Rate Provisions","All Districts","2016","35363169","35363169","","","","","1108"
"8105 Cobalt Mattes Etc, Cobalt & Art, Inc Waste & Scrap","APEC - Asia Pacific Economic Co-operation","All Country Subcodes","All Rate Provisions","All Districts","2015","166788478","168239713","","","","","1691"
"2504 Natural Graphite","APEC - Asia Pacific Economic Co-operation","All Country Subcodes","All Rate Provisions","All Districts","2017","46917775","46917775","","","","","1426"
"7226 Fl-rl Alloy Steel Nesoi Un 600mm Wide","APEC - Asia Pacific Economic Co-operation","All Country Subcodes","All Rate Provisions","All Districts","2015","77808878","76735160","","","","","2863"
"7225 Fl-rl Alloy Steel Nesoi Nun 600mm Wide","APEC - Asia Pacific Economic Co-operation","All Country Subcodes","All Rate Provisions","All Districts","2012","816146644","813782636","","","","","19069"
"7110 Platinum, Unwrought, Semimfr Forms Or In Powder Fm","APEC - Asia Pacific Economic Co-operation","All Country Subcodes","All Rate Provisions","All Districts","2012","770605751","770605751","","","","","917"
"8110 Antimony And Artcls Throf Incl Waste And Scrap","APEC - Asia Pacific Economic Co-operation","All Country Subcodes","All Rate Provisions","All Districts","2020","10730601","11276472","","","","","193"
"8108 Titanium & Articles Thereof, Includ Waste & Scrap","APEC - Asia Pacific Economic Co-operation","All Country Subcodes","All Rate Provisions","All Districts","2017","529457638","544268541","","","","","9346"
"2604 Nickel Ores And Concentrates","APEC - Asia Pacific Economic Co-operation","All Country Subcodes","All Rate Provisions","All Districts","2019","58077","58077","","","","","11"
"8108 Titanium & Articles Thereof, Includ Waste & Scrap","APEC - Asia Pacific Economic Co-operation","All Country Subcodes","All Rate Provisions","All Districts","2014","440310525","460049482","","","","","5313"
"7226 Fl-rl Alloy Steel Nesoi Un 600mm Wide","APEC - Asia Pacific Economic Co-operation","All Country Subcodes","All Rate Provisions","All Districts","2012","106818794","106818794","","","","","3109"
"2820 Manganese Oxides","APEC - Asia Pacific Economic Co-operation","All Country Subcodes","All Rate Provisions","All Districts","2020","13036159","13036159","","","","","185"
"8108 Titanium & Articles Thereof, Includ Waste & Scrap","APEC - Asia Pacific Economic Co-operation","All Country Subcodes","All Rate Provisions","All Districts","2015","464603615","461210871","","","","","6694"
"2614 Titanium Ores And Concentrates","APEC - Asia Pacific Economic Co-operation","All Country Subcodes","All Rate Provisions","All Districts","2017","116991911","116991911","","","","","62"
"2846 Rare-earth Metal Compounds Of Yttrium Or Scandium","APEC - Asia Pacific Economic Co-operation","All Country Subcodes","All Rate Provisions","All Districts","2019","128473469","121876453","","","","","1147"
"3910 Silicones, In Primary Forms","APEC - Asia Pacific Economic Co-operation","All Country Subcodes","All Rate Provisions","All Districts","2020","297985409","296752717","","","","","9874"
"2602 Manganese Ores A Concntrts Inc Ferr Mangn Iron Ore","APEC - Asia Pacific Economic Co-operation","All Country Subcodes","All Rate Provisions","All Districts","2019","8682211","8682211","","","","","8"
"8108 Titanium & Articles Thereof, Includ Waste & Scrap","APEC - Asia Pacific Economic Co-operation","All Country Subcodes","All Rate Provisions","All Districts","2013","463537158","469259674","","","","","4571"
"2604 Nickel Ores And Concentrates","APEC - Asia Pacific Economic Co-operation","All Country Subcodes","All Rate Provisions","All Districts","2012","13373","13373","","","","","4"
"3801 Artificial Graphite; Collodial Graphite & Prep Etc","APEC - Asia Pacific Economic Co-operation","All Country Subcodes","All Rate Provisions","All Districts","2015","84206233","84206233","","","","","1709"
"2504 Natural Graphite","APEC - Asia Pacific Economic Co-operation","All Country Subcodes","All Rate Provisions","All Districts","2020","30122236","30094628","","","","","1103"
"2603 Copper Ores And Concentrates","APEC - Asia Pacific Economic Co-operation","All Country Subcodes","All Rate Provisions","All Districts","2013","84116515","18092515","","","","","1048"
"3801 Artificial Graphite; Collodial Graphite & Prep Etc","APEC - Asia Pacific Economic Co-operation","All Country Subcodes","All Rate Provisions","All Districts","2016","74549388","74549388","","","","","1392"
"2846 Rare-earth Metal Compounds Of Yttrium Or Scandium","APEC - Asia Pacific Economic Co-operation","All Country Subcodes","All Rate Provisions","All Districts","2011","638951059","581786845","","","","","2661"
"2614 Titanium Ores And Concentrates","APEC - Asia Pacific Economic Co-operation","All Country Subcodes","All Rate Provisions","All Districts","2015","208947270","208947270","","","","","101"
"2603 Copper Ores And Concentrates","APEC - Asia Pacific Economic Co-operation","All Country Subcodes","All Rate Provisions","All Districts","2015","74334105","1254105","","","","","1142"
"8105 Cobalt Mattes Etc, Cobalt & Art, Inc Waste & Scrap","APEC - Asia Pacific Economic Co-operation","All Country Subcodes","All Rate Provisions","All Districts","2019","253157333","253201017","","","","","1930"
"2801 Fluorine, Chlorine, Bromine & Iodine","APEC - Asia Pacific Economic Co-operation","All Country Subcodes","All Rate Provisions","All Districts","2014","228313196","228313196","","","","","2873"
"7225 Fl-rl Alloy Steel Nesoi Nun 600mm Wide","APEC - Asia Pacific Economic Co-operation","All Country Subcodes","All Rate Provisions","All Districts","2013","778485041","777248429","","","","","18711"
"8112 Beryllium,chromium,hafnium,rhenium Etc & Articles","APEC - Asia Pacific Economic Co-operation","All Country Subcodes","All Rate Provisions","All Districts","2016","176845119","179144451","","","","","1301"
"7226 Fl-rl Alloy Steel Nesoi Un 600mm Wide","APEC - Asia Pacific Economic Co-operation","All Country Subcodes","All Rate Provisions","All Districts","2016","76003273","72784715","","","","","3068"
"7226 Fl-rl Alloy Steel Nesoi Un 600mm Wide","APEC - Asia Pacific Economic Co-operation","All Country Subcodes","All Rate Provisions","All Districts","2019","63721266","63677426","","","","","4705"
"2614 Titanium Ores And Concentrates","APEC - Asia Pacific Economic Co-operation","All Country Subcodes","All Rate Provisions","All Districts","2019","98257745","98257745","","","","","45"
"2820 Manganese Oxides","APEC - Asia Pacific Economic Co-operation","All Country Subcodes","All Rate Provisions","All Districts","2018","22811510","22811510","","","","","283"
"8108 Titanium & Articles Thereof, Includ Waste & Scrap","APEC - Asia Pacific Economic Co-operation","All Country Subcodes","All Rate Provisions","All Districts","2018","587010170","596871208","","","","","9189"
"2605 Cobalt Ores And Concentrates","APEC - Asia Pacific Economic Co-operation","All Country Subcodes","All Rate Provisions","All Districts","2015","176763","176763","","","","","2"
"7225 Fl-rl Alloy Steel Nesoi Nun 600mm Wide","ASEAN - Association of Southeast Asian Nations","All Country Subcodes","All Rate Provisions","All Districts","2020","302980","302980","","","","","2"
"2604 Nickel Ores And Concentrates","ASEAN - Association of Southeast Asian Nations","All Country Subcodes","All Rate Provisions","All Districts","2013","3245","3245","","","","","1"
"8110 Antimony And Artcls Throf Incl Waste And Scrap","ASEAN - Association of Southeast Asian Nations","All Country Subcodes","All Rate Provisions","All Districts","2018","9727580","9727580","","","","","50"
"7225 Fl-rl Alloy Steel Nesoi Nun 600mm Wide","ASEAN - Association of Southeast Asian Nations","All Country Subcodes","All Rate Provisions","All Districts","2019","2483507","2483507","","","","","5"
"8105 Cobalt Mattes Etc, Cobalt & Art, Inc Waste & Scrap","ASEAN - Association of Southeast Asian Nations","All Country Subcodes","All Rate Provisions","All Districts","2020","1546044","1546044","","","","","24"
"2846 Rare-earth Metal Compounds Of Yttrium Or Scandium","ASEAN - Association of Southeast Asian Nations","All Country Subcodes","All Rate Provisions","All Districts","2015","2841061","2841061","","","","","42"
"2846 Rare-earth Metal Compounds Of Yttrium Or Scandium","ASEAN - Association of Southeast Asian Nations","All Country Subcodes","All Rate Provisions","All Districts","2016","898800","898800","","","","","25"
"8105 Cobalt Mattes Etc, Cobalt & Art, Inc Waste & Scrap","ASEAN - Association of Southeast Asian Nations","All Country Subcodes","All Rate Provisions","All Districts","2016","835756","835756","","","","","18"
"7110 Platinum, Unwrought, Semimfr Forms Or In Powder Fm","ASEAN - Association of Southeast Asian Nations","All Country Subcodes","All Rate Provisions","All Districts","2020","135994265","135994265","","","","","298"
"3910 Silicones, In Primary Forms","ASEAN - Association of Southeast Asian Nations","All Country Subcodes","All Rate Provisions","All Districts","2012","19619636","19619636","","","","","373"
"2820 Manganese Oxides","ASEAN - Association of Southeast Asian Nations","All Country Subcodes","All Rate Provisions","All Districts","2016","152760","152760","","","","","8"
"8112 Beryllium,chromium,hafnium,rhenium Etc & Articles","ASEAN - Association of Southeast Asian Nations","All Country Subcodes","All Rate Provisions","All Districts","2012","872367","872367","","","","","17"
"3910 Silicones, In Primary Forms","ASEAN - Association of Southeast Asian Nations","All Country Subcodes","All Rate Provisions","All Districts","2011","21509463","21949799","","","","","458"
"2604 Nickel Ores And Concentrates","ASEAN - Association of Southeast Asian Nations","All Country Subcodes","All Rate Provisions","All Districts","2015","14775","14775","","","","","1"
"8111 Manganese And Artcles Thereof, Inc Waste And Scrap","ASEAN - Association of Southeast Asian Nations","All Country Subcodes","All Rate Provisions","All Districts","2020","73225","73225","","","","","1"
"2603 Copper Ores And Concentrates","ASEAN - Association of Southeast Asian Nations","All Country Subcodes","All Rate Provisions","All Districts","2019","2556","2556","","","","","1"
"3910 Silicones, In Primary Forms","ASEAN - Association of Southeast Asian Nations","All Country Subcodes","All Rate Provisions","All Districts","2016","11010222","11010222","","","","","279"
"7226 Fl-rl Alloy Steel Nesoi Un 600mm Wide","ASEAN - Association of Southeast Asian Nations","All Country Subcodes","All Rate Provisions","All Districts","2013","1754337","1754337","","","","","9"
"8108 Titanium & Articles Thereof, Includ Waste & Scrap","ASEAN - Association of Southeast Asian Nations","All Country Subcodes","All Rate Provisions","All Districts","2016","7259223","7259223","","","","","505"
"2820 Manganese Oxides","ASEAN - Association of Southeast Asian Nations","All Country Subcodes","All Rate Provisions","All Districts","2015","352830","352830","","","","","18"
"3801 Artificial Graphite; Collodial Graphite & Prep Etc","ASEAN - Association of Southeast Asian Nations","All Country Subcodes","All Rate Provisions","All Districts","2011","1841569","1841569","","","","","65"
"7225 Fl-rl Alloy Steel Nesoi Nun 600mm Wide","ASEAN - Association of Southeast Asian Nations","All Country Subcodes","All Rate Provisions","All Districts","2016","2681821","2681821","","","","","15"
"3801 Artificial Graphite; Collodial Graphite & Prep Etc","ASEAN - Association of Southeast Asian Nations","All Country Subcodes","All Rate Provisions","All Districts","2013","177102","177102","","","","","9"
"2603 Copper Ores And Concentrates","ASEAN - Association of Southeast Asian Nations","All Country Subcodes","All Rate Provisions","All Districts","2015","174400","174400","","","","","1"
"7110 Platinum, Unwrought, Semimfr Forms Or In Powder Fm","ASEAN - Association of Southeast Asian Nations","All Country Subcodes","All Rate Provisions","All Districts","2016","13586965","13586965","","","","","88"
"8110 Antimony And Artcls Throf Incl Waste And Scrap","ASEAN - Association of Southeast Asian Nations","All Country Subcodes","All Rate Provisions","All Districts","2017","5132455","5132455","","","","","30"
"8111 Manganese And Artcles Thereof, Inc Waste And Scrap","ASEAN - Association of Southeast Asian Nations","All Country Subcodes","All Rate Provisions","All Districts","2017","3646","3646","","","","","1"
"7110 Platinum, Unwrought, Semimfr Forms Or In Powder Fm","ASEAN - Association of Southeast Asian Nations","All Country Subcodes","All Rate Provisions","All Districts","2013","37637036","37637036","","","","","44"
"3801 Artificial Graphite; Collodial Graphite & Prep Etc","ASEAN - Association of Southeast Asian Nations","All Country Subcodes","All Rate Provisions","All Districts","2015","1714883","1714883","","","","","30"
"7110 Platinum, Unwrought, Semimfr Forms Or In Powder Fm","ASEAN - Association of Southeast Asian Nations","All Country Subcodes","All Rate Provisions","All Districts","2011","40151396","40151396","","","","","20"
"2820 Manganese Oxides","ASEAN - Association of Southeast Asian Nations","All Country Subcodes","All Rate Provisions","All Districts","2014","303525","303525","","","","","15"
"7226 Fl-rl Alloy Steel Nesoi Un 600mm Wide","ASEAN - Association of Southeast Asian Nations","All Country Subcodes","All Rate Provisions","All Districts","2016","6822","6822","","","","","1"
"3910 Silicones, In Primary Forms","ASEAN - Association of Southeast Asian Nations","All Country Subcodes","All Rate Provisions","All Districts","2013","13861856","13861856","","","","","278"
"7110 Platinum, Unwrought, Semimfr Forms Or In Powder Fm","ASEAN - Association of Southeast Asian Nations","All Country Subcodes","All Rate Provisions","All Districts","2012","22854525","22854525","","","","","30"
"8110 Antimony And Artcls Throf Incl Waste And Scrap","ASEAN - Association of Southeast Asian Nations","All Country Subcodes","All Rate Provisions","All Districts","2012","595762","595762","","","","","1"
"2846 Rare-earth Metal Compounds Of Yttrium Or Scandium","ASEAN - Association of Southeast Asian Nations","All Country Subcodes","All Rate Provisions","All Districts","2011","34898668","3361168","","","","","12"
"3801 Artificial Graphite; Collodial Graphite & Prep Etc","ASEAN - Association of Southeast Asian Nations","All Country Subcodes","All Rate Provisions","All Districts","2018","637502","637502","","","","","11"
"2614 Titanium Ores And Concentrates","ASEAN - Association of Southeast Asian Nations","All Country Subcodes","All Rate Provisions","All Districts","2013","4199629","4199629","","","","","24"
"2820 Manganese Oxides","ASEAN - Association of Southeast Asian Nations","All Country Subcodes","All Rate Provisions","All Districts","2011","310080","310080","","","","","16"
"2820 Manganese Oxides","ASEAN - Association of Southeast Asian Nations","All Country Subcodes","All Rate Provisions","All Districts","2013","317693","317693","","","","","16"
"8105 Cobalt Mattes Etc, Cobalt & Art, Inc Waste & Scrap","ASEAN - Association of Southeast Asian Nations","All Country Subcodes","All Rate Provisions","All Districts","2014","788099","788099","","","","","23"
"8108 Titanium & Articles Thereof, Includ Waste & Scrap","ASEAN - Association of Southeast Asian Nations","All Country Subcodes","All Rate Provisions","All Districts","2013","4321508","4321508","","","","","292"
"7110 Platinum, Unwrought, Semimfr Forms Or In Powder Fm","ASEAN - Association of Southeast Asian Nations","All Country Subcodes","All Rate Provisions","All Districts","2017","5301718","5301718","","","","","113"
"3910 Silicones, In Primary Forms","ASEAN - Association of Southeast Asian Nations","All Country Subcodes","All Rate Provisions","All Districts","2019","31732429","31732429","","","","","545"
"3910 Silicones, In Primary Forms","ASEAN - Association of Southeast Asian Nations","All Country Subcodes","All Rate Provisions","All Districts","2018","27112137","28746839","","","","","431"
"8110 Antimony And Artcls Throf Incl Waste And Scrap","ASEAN - Association of Southeast Asian Nations","All Country Subcodes","All Rate Provisions","All Districts","2020","12026677","11760706","","","","","81"
"3910 Silicones, In Primary Forms","ASEAN - Association of Southeast Asian Nations","All Country Subcodes","All Rate Provisions","All Districts","2017","18405539","18474264","","","","","468"
"7110 Platinum, Unwrought, Semimfr Forms Or In Powder Fm","ASEAN - Association of Southeast Asian Nations","All Country Subcodes","All Rate Provisions","All Districts","2015","35861772","35861772","","","","","99"
"8112 Beryllium,chromium,hafnium,rhenium Etc & Articles","ASEAN - Association of Southeast Asian Nations","All Country Subcodes","All Rate Provisions","All Districts","2014","255842","255842","","","","","18"
"2504 Natural Graphite","ASEAN - Association of Southeast Asian Nations","All Country Subcodes","All Rate Provisions","All Districts","2019","19775","19775","","","","","2"
"8110 Antimony And Artcls Throf Incl Waste And Scrap","ASEAN - Association of Southeast Asian Nations","All Country Subcodes","All Rate Provisions","All Districts","2013","370626","370626","","","","","2"
"3801 Artificial Graphite; Collodial Graphite & Prep Etc","ASEAN - Association of Southeast Asian Nations","All Country Subcodes","All Rate Provisions","All Districts","2014","2104652","2104652","","","","","28"
"3910 Silicones, In Primary Forms","ASEAN - Association of Southeast Asian Nations","All Country Subcodes","All Rate Provisions","All Districts","2015","10595413","14553330","","","","","220"
"8110 Antimony And Artcls Throf Incl Waste And Scrap","ASEAN - Association of Southeast Asian Nations","All Country Subcodes","All Rate Provisions","All Districts","2015","2206367","2206367","","","","","12"
"8108 Titanium & Articles Thereof, Includ Waste & Scrap","ASEAN - Association of Southeast Asian Nations","All Country Subcodes","All Rate Provisions","All Districts","2012","5342157","5342157","","","","","179"
"2614 Titanium Ores And Concentrates","ASEAN - Association of Southeast Asian Nations","All Country Subcodes","All Rate Provisions","All Districts","2012","1752377","1752377","","","","","11"
"8108 Titanium & Articles Thereof, Includ Waste & Scrap","ASEAN - Association of Southeast Asian Nations","All Country Subcodes","All Rate Provisions","All Districts","2011","3258366","3258366","","","","","101"
"8112 Beryllium,chromium,hafnium,rhenium Etc & Articles","ASEAN - Association of Southeast Asian Nations","All Country Subcodes","All Rate Provisions","All Districts","2017","519458","519458","","","","","17"
"2820 Manganese Oxides","ASEAN - Association of Southeast Asian Nations","All Country Subcodes","All Rate Provisions","All Districts","2017","106875","106875","","","","","5"
"2504 Natural Graphite","ASEAN - Association of Southeast Asian Nations","All Country Subcodes","All Rate Provisions","All Districts","2018","2700","2700","","","","","1"
"8105 Cobalt Mattes Etc, Cobalt & Art, Inc Waste & Scrap","ASEAN - Association of Southeast Asian Nations","All Country Subcodes","All Rate Provisions","All Districts","2017","454665","454665","","","","","26"
"8105 Cobalt Mattes Etc, Cobalt & Art, Inc Waste & Scrap","ASEAN - Association of Southeast Asian Nations","All Country Subcodes","All Rate Provisions","All Districts","2013","185865","185865","","","","","7"
"8110 Antimony And Artcls Throf Incl Waste And Scrap","ASEAN - Association of Southeast Asian Nations","All Country Subcodes","All Rate Provisions","All Districts","2014","1371531","1371531","","","","","7"
"7225 Fl-rl Alloy Steel Nesoi Nun 600mm Wide","ASEAN - Association of Southeast Asian Nations","All Country Subcodes","All Rate Provisions","All Districts","2017","13491864","12927608","","","","","27"
"2614 Titanium Ores And Concentrates","ASEAN - Association of Southeast Asian Nations","All Country Subcodes","All Rate Provisions","All Districts","2017","1931497","1931497","","","","","10"
"2606 Aluminum Ores And Concentrates","ASEAN - Association of Southeast Asian Nations","All Country Subcodes","All Rate Provisions","All Districts","2020","14613","14613","","","","","1"
"7226 Fl-rl Alloy Steel Nesoi Un 600mm Wide","ASEAN - Association of Southeast Asian Nations","All Country Subcodes","All Rate Provisions","All Districts","2018","9214","9214","","","","","3"
"7226 Fl-rl Alloy Steel Nesoi Un 600mm Wide","ASEAN - Association of Southeast Asian Nations","All Country Subcodes","All Rate Provisions","All Districts","2014","117397","117397","","","","","3"
"2820 Manganese Oxides","ASEAN - Association of Southeast Asian Nations","All Country Subcodes","All Rate Provisions","All Districts","2012","251940","251940","","","","","13"
"8112 Beryllium,chromium,hafnium,rhenium Etc & Articles","ASEAN - Association of Southeast Asian Nations","All Country Subcodes","All Rate Provisions","All Districts","2018","134512","134512","","","","","9"
"2614 Titanium Ores And Concentrates","ASEAN - Association of Southeast Asian Nations","All Country Subcodes","All Rate Provisions","All Districts","2016","3738504","3738504","","","","","29"
"8112 Beryllium,chromium,hafnium,rhenium Etc & Articles","ASEAN - Association of Southeast Asian Nations","All Country Subcodes","All Rate Provisions","All Districts","2011","3618627","3618627","","","","","36"
"8111 Manganese And Artcles Thereof, Inc Waste And Scrap","ASEAN - Association of Southeast Asian Nations","All Country Subcodes","All Rate Provisions","All Districts","2018","3038","3038","","","","","1"
"8105 Cobalt Mattes Etc, Cobalt & Art, Inc Waste & Scrap","ASEAN - Association of Southeast Asian Nations","All Country Subcodes","All Rate Provisions","All Districts","2012","547272","547272","","","","","6"
"8112 Beryllium,chromium,hafnium,rhenium Etc & Articles","ASEAN - Association of Southeast Asian Nations","All Country Subcodes","All Rate Provisions","All Districts","2020","599250","599250","","","","","7"
"8111 Manganese And Artcles Thereof, Inc Waste And Scrap","ASEAN - Association of Southeast Asian Nations","All Country Subcodes","All Rate Provisions","All Districts","2012","1052860","1199348","","","","","7"
"8108 Titanium & Articles Thereof, Includ Waste & Scrap","ASEAN - Association of Southeast Asian Nations","All Country Subcodes","All Rate Provisions","All Districts","2020","6833009","6833009","","","","","729"
"2846 Rare-earth Metal Compounds Of Yttrium Or Scandium","ASEAN - Association of Southeast Asian Nations","All Country Subcodes","All Rate Provisions","All Districts","2017","524738","524738","","","","","5"
"8108 Titanium & Articles Thereof, Includ Waste & Scrap","ASEAN - Association of Southeast Asian Nations","All Country Subcodes","All Rate Provisions","All Districts","2015","9787871","9787871","","","","","425"
"8112 Beryllium,chromium,hafnium,rhenium Etc & Articles","ASEAN - Association of Southeast Asian Nations","All Country Subcodes","All Rate Provisions","All Districts","2016","54930","54930","","","","","6"
"3801 Artificial Graphite; Collodial Graphite & Prep Etc","ASEAN - Association of Southeast Asian Nations","All Country Subcodes","All Rate Provisions","All Districts","2020","365104","365104","","","","","34"
"3910 Silicones, In Primary Forms","ASEAN - Association of Southeast Asian Nations","All Country Subcodes","All Rate Provisions","All Districts","2014","14183696","23514764","","","","","259"
"8105 Cobalt Mattes Etc, Cobalt & Art, Inc Waste & Scrap","ASEAN - Association of Southeast Asian Nations","All Country Subcodes","All Rate Provisions","All Districts","2015","305042","305042","","","","","17"
"8105 Cobalt Mattes Etc, Cobalt & Art, Inc Waste & Scrap","ASEAN - Association of Southeast Asian Nations","All Country Subcodes","All Rate Provisions","All Districts","2019","995983","995983","","","","","11"
"3910 Silicones, In Primary Forms","ASEAN - Association of Southeast Asian Nations","All Country Subcodes","All Rate Provisions","All Districts","2020","23761213","23763133","","","","","572"
"2846 Rare-earth Metal Compounds Of Yttrium Or Scandium","ASEAN - Association of Southeast Asian Nations","All Country Subcodes","All Rate Provisions","All Districts","2013","732150","732150","","","","","5"
"2846 Rare-earth Metal Compounds Of Yttrium Or Scandium","ASEAN - Association of Southeast Asian Nations","All Country Subcodes","All Rate Provisions","All Districts","2018","3607685","3607685","","","","","23"
"7226 Fl-rl Alloy Steel Nesoi Un 600mm Wide","ASEAN - Association of Southeast Asian Nations","All Country Subcodes","All Rate Provisions","All Districts","2011","1006707","1006707","","","","","6"
"3801 Artificial Graphite; Collodial Graphite & Prep Etc","ASEAN - Association of Southeast Asian Nations","All Country Subcodes","All Rate Provisions","All Districts","2016","1461932","1461932","","","","","29"
"7225 Fl-rl Alloy Steel Nesoi Nun 600mm Wide","ASEAN - Association of Southeast Asian Nations","All Country Subcodes","All Rate Provisions","All Districts","2018","7055888","7055888","","","","","18"
"3801 Artificial Graphite; Collodial Graphite & Prep Etc","ASEAN - Association of Southeast Asian Nations","All Country Subcodes","All Rate Provisions","All Districts","2017","579985","579985","","","","","16"
"2614 Titanium Ores And Concentrates","ASEAN - Association of Southeast Asian Nations","All Country Subcodes","All Rate Provisions","All Districts","2014","4025099","4025099","","","","","29"
"2504 Natural Graphite","ASEAN - Association of Southeast Asian Nations","All Country Subcodes","All Rate Provisions","All Districts","2013","8496","8496","","","","","1"
"2614 Titanium Ores And Concentrates","ASEAN - Association of Southeast Asian Nations","All Country Subcodes","All Rate Provisions","All Districts","2015","2815171","2815171","","","","","29"
"7110 Platinum, Unwrought, Semimfr Forms Or In Powder Fm","ASEAN - Association of Southeast Asian Nations","All Country Subcodes","All Rate Provisions","All Districts","2014","93090307","93090307","","","","","75"
"8105 Cobalt Mattes Etc, Cobalt & Art, Inc Waste & Scrap","ASEAN - Association of Southeast Asian Nations","All Country Subcodes","All Rate Provisions","All Districts","2011","366494","366494","","","","","10"
"8108 Titanium & Articles Thereof, Includ Waste & Scrap","ASEAN - Association of Southeast Asian Nations","All Country Subcodes","All Rate Provisions","All Districts","2018","6824797","6824797","","","","","643"
"3801 Artificial Graphite; Collodial Graphite & Prep Etc","ASEAN - Association of Southeast Asian Nations","All Country Subcodes","All Rate Provisions","All Districts","2012","964496","964496","","","","","36"
"7110 Platinum, Unwrought, Semimfr Forms Or In Powder Fm","ASEAN - Association of Southeast Asian Nations","All Country Subcodes","All Rate Provisions","All Districts","2018","30974782","30974782","","","","","200"
"7225 Fl-rl Alloy Steel Nesoi Nun 600mm Wide","ASEAN - Association of Southeast Asian Nations","All Country Subcodes","All Rate Provisions","All Districts","2015","401211","401211","","","","","2"
"2846 Rare-earth Metal Compounds Of Yttrium Or Scandium","ASEAN - Association of Southeast Asian Nations","All Country Subcodes","All Rate Provisions","All Districts","2020","2216417","2216417","","","","","24"
"8112 Beryllium,chromium,hafnium,rhenium Etc & Articles","ASEAN - Association of Southeast Asian Nations","All Country Subcodes","All Rate Provisions","All Districts","2013","935445","935445","","","","","20"
"8112 Beryllium,chromium,hafnium,rhenium Etc & Articles","ASEAN - Association of Southeast Asian Nations","All Country Subcodes","All Rate Provisions","All Districts","2019","201686","201686","","","","","7"
"7226 Fl-rl Alloy Steel Nesoi Un 600mm Wide","ASEAN - Association of Southeast Asian Nations","All Country Subcodes","All Rate Provisions","All Districts","2020","36790","36790","","","","","6"
"8105 Cobalt Mattes Etc, Cobalt & Art, Inc Waste & Scrap","ASEAN - Association of Southeast Asian Nations","All Country Subcodes","All Rate Provisions","All Districts","2018","604535","604535","","","","","20"
"3801 Artificial Graphite; Collodial Graphite & Prep Etc","ASEAN - Association of Southeast Asian Nations","All Country Subcodes","All Rate Provisions","All Districts","2019","164004","164004","","","","","30"
"2504 Natural Graphite","ASEAN - Association of Southeast Asian Nations","All Country Subcodes","All Rate Provisions","All Districts","2017","5593","5593","","","","","2"
"2846 Rare-earth Metal Compounds Of Yttrium Or Scandium","ASEAN - Association of Southeast Asian Nations","All Country Subcodes","All Rate Provisions","All Districts","2012","1657156","1657156","","","","","2"
"2603 Copper Ores And Concentrates","ASEAN - Association of Southeast Asian Nations","All Country Subcodes","All Rate Provisions","All Districts","2016","43973","43973","","","","","1"
"2846 Rare-earth Metal Compounds Of Yttrium Or Scandium","ASEAN - Association of Southeast Asian Nations","All Country Subcodes","All Rate Provisions","All Districts","2019","4615369","4615369","","","","","41"
"2604 Nickel Ores And Concentrates","ASEAN - Association of Southeast Asian Nations","All Country Subcodes","All Rate Provisions","All Districts","2016","5615","5615","","","","","1"
"8110 Antimony And Artcls Throf Incl Waste And Scrap","ASEAN - Association of Southeast Asian Nations","All Country Subcodes","All Rate Provisions","All Districts","2019","13685793","13685793","","","","","76"
"2504 Natural Graphite","ASEAN - Association of Southeast Asian Nations","All Country Subcodes","All Rate Provisions","All Districts","2020","20895","20895","","","","","2"
"8108 Titanium & Articles Thereof, Includ Waste & Scrap","ASEAN - Association of Southeast Asian Nations","All Country Subcodes","All Rate Provisions","All Districts","2014","9221237","9221237","","","","","421"
"8111 Manganese And Artcles Thereof, Inc Waste And Scrap","ASEAN - Association of Southeast Asian Nations","All Country Subcodes","All Rate Provisions","All Districts","2011","2556358","2556358","","","","","6"
"2614 Titanium Ores And Concentrates","ASEAN - Association of Southeast Asian Nations","All Country Subcodes","All Rate Provisions","All Districts","2019","82922","82922","","","","","2"
"8110 Antimony And Artcls Throf Incl Waste And Scrap","ASEAN - Association of Southeast Asian Nations","All Country Subcodes","All Rate Provisions","All Districts","2016","3520581","3520581","","","","","24"
"8111 Manganese And Artcles Thereof, Inc Waste And Scrap","ASEAN - Association of Southeast Asian Nations","All Country Subcodes","All Rate Provisions","All Districts","2014","12412","12412","","","","","2"
"8112 Beryllium,chromium,hafnium,rhenium Etc & Articles","ASEAN - Association of Southeast Asian Nations","All Country Subcodes","All Rate Provisions","All Districts","2015","490088","490088","","","","","19"
"7110 Platinum, Unwrought, Semimfr Forms Or In Powder Fm","ASEAN - Association of Southeast Asian Nations","All Country Subcodes","All Rate Provisions","All Districts","2019","113545607","113545607","","","","","271"
"2846 Rare-earth Metal Compounds Of Yttrium Or Scandium","ASEAN - Association of Southeast Asian Nations","All Country Subcodes","All Rate Provisions","All Districts","2014","2854857","2854857","","","","","27"
"2606 Aluminum Ores And Concentrates","ASEAN - Association of Southeast Asian Nations","All Country Subcodes","All Rate Provisions","All Districts","2012","578699","578699","","","","","1"
"2614 Titanium Ores And Concentrates","ASEAN - Association of Southeast Asian Nations","All Country Subcodes","All Rate Provisions","All Districts","2011","6831832","6831832","","","","","11"
"7225 Fl-rl Alloy Steel Nesoi Nun 600mm Wide","ASEAN - Association of Southeast Asian Nations","All Country Subcodes","All Rate Provisions","All Districts","2014","619878","619878","","","","","5"
"8108 Titanium & Articles Thereof, Includ Waste & Scrap","ASEAN - Association of Southeast Asian Nations","All Country Subcodes","All Rate Provisions","All Districts","2017","7838424","7838424","","","","","567"
"8108 Titanium & Articles Thereof, Includ Waste & Scrap","ASEAN - Association of Southeast Asian Nations","All Country Subcodes","All Rate Provisions","All Districts","2019","7651182","7651182","","","","","953"
"282520 Lithium Oxide And Hydroxide","Japan","All Country Subcodes","All Rate Provisions","All Districts","2011","108946","108946","","","","","2"
"282520 Lithium Oxide And Hydroxide","Korea, South","All Country Subcodes","All Rate Provisions","All Districts","2012","74826","74826","","","","","3"
"282520 Lithium Oxide And Hydroxide","Hong Kong","All Country Subcodes","All Rate Provisions","All Districts","2012","8822","8822","","","","","1"
"282520 Lithium Oxide And Hydroxide","Japan","All Country Subcodes","All Rate Provisions","All Districts","2012","2644","2644","","","","","1"
"282520 Lithium Oxide And Hydroxide","Korea, South","All Country Subcodes","All Rate Provisions","All Districts","2013","8619","8619","","","","","3"
"282520 Lithium Oxide And Hydroxide","Japan","All Country Subcodes","All Rate Provisions","All Districts","2013","44767","44767","","","","","5"
"282520 Lithium Oxide And Hydroxide","Korea, South","All Country Subcodes","All Rate Provisions","All Districts","2014","3851","3851","","","","","1"
"282520 Lithium Oxide And Hydroxide","Japan","All Country Subcodes","All Rate Provisions","All Districts","2014","123215","123215","","","","","10"
"282520 Lithium Oxide And Hydroxide","Korea, South","All Country Subcodes","All Rate Provisions","All Districts","2015","97184","97184","","","","","3"
"282520 Lithium Oxide And Hydroxide","Taiwan","All Country Subcodes","All Rate Provisions","All Districts","2015","4800","4800","","","","","1"
"282520 Lithium Oxide And Hydroxide","Japan","All Country Subcodes","All Rate Provisions","All Districts","2015","38841","38841","","","","","4"
"282520 Lithium Oxide And Hydroxide","Korea, South","All Country Subcodes","All Rate Provisions","All Districts","2016","20135","20135","","","","","1"
"282520 Lithium Oxide And Hydroxide","Hong Kong","All Country Subcodes","All Rate Provisions","All Districts","2016","10100","10100","","","","","1"
"282520 Lithium Oxide And Hydroxide","Japan","All Country Subcodes","All Rate Provisions","All Districts","2016","14487","14487","","","","","2"
"282520 Lithium Oxide And Hydroxide","Korea, South","All Country Subcodes","All Rate Provisions","All Districts","2017","312680","312680","","","","","8"
"282520 Lithium Oxide And Hydroxide","Taiwan","All Country Subcodes","All Rate Provisions","All Districts","2017","28500","28500","","","","","1"
"282520 Lithium Oxide And Hydroxide","Japan","All Country Subcodes","All Rate Provisions","All Districts","2017","35513","35513","","","","","7"
"282520 Lithium Oxide And Hydroxide","Korea, South","All Country Subcodes","All Rate Provisions","All Districts","2018","25046","25046","","","","","3"
"282520 Lithium Oxide And Hydroxide","Hong Kong","All Country Subcodes","All Rate Provisions","All Districts","2018","192000","192000","","","","","1"
"282520 Lithium Oxide And Hydroxide","Japan","All Country Subcodes","All Rate Provisions","All Districts","2018","210749","210749","","","","","15"
"282520 Lithium Oxide And Hydroxide","Korea, South","All Country Subcodes","All Rate Provisions","All Districts","2019","3968","3968","","","","","1"
"282520 Lithium Oxide And Hydroxide","Japan","All Country Subcodes","All Rate Provisions","All Districts","2019","72009","72009","","","","","6"
"282520 Lithium Oxide And Hydroxide","Taiwan","All Country Subcodes","All Rate Provisions","All Districts","2020","12812","12812","","","","","2"
"282520 Lithium Oxide And Hydroxide","Japan","All Country Subcodes","All Rate Provisions","All Districts","2020","87342","87342","","","","","5"
"282540 Nickel Oxides And Hydroxides","Philippines","All Country Subcodes","All Rate Provisions","All Districts","2011","760564","760564","","","","","2"
"282540 Nickel Oxides And Hydroxides","Taiwan","All Country Subcodes","All Rate Provisions","All Districts","2011","187200","187200","","","","","1"
"282540 Nickel Oxides And Hydroxides","Japan","All Country Subcodes","All Rate Provisions","All Districts","2011","2148606","2148606","","","","","14"
"282540 Nickel Oxides And Hydroxides","Philippines","All Country Subcodes","All Rate Provisions","All Districts","2012","884145","884145","","","","","5"
"282540 Nickel Oxides And Hydroxides","Korea, South","All Country Subcodes","All Rate Provisions","All Districts","2012","60000","60000","","","","","1"
"282540 Nickel Oxides And Hydroxides","Taiwan","All Country Subcodes","All Rate Provisions","All Districts","2012","374000","374000","","","","","1"
"282540 Nickel Oxides And Hydroxides","Japan","All Country Subcodes","All Rate Provisions","All Districts","2012","2474589","2474589","","","","","25"
"282540 Nickel Oxides And Hydroxides","Philippines","All Country Subcodes","All Rate Provisions","All Districts","2013","3052782","3052782","","","","","18"
"282540 Nickel Oxides And Hydroxides","Japan","All Country Subcodes","All Rate Provisions","All Districts","2013","3057278","3057278","","","","","23"
"282540 Nickel Oxides And Hydroxides","Philippines","All Country Subcodes","All Rate Provisions","All Districts","2014","2370259","2370259","","","","","13"
"282540 Nickel Oxides And Hydroxides","Japan","All Country Subcodes","All Rate Provisions","All Districts","2014","4234349","4234349","","","","","21"
"282540 Nickel Oxides And Hydroxides","Philippines","All Country Subcodes","All Rate Provisions","All Districts","2015","1726603","1726603","","","","","10"
"282540 Nickel Oxides And Hydroxides","Korea, South","All Country Subcodes","All Rate Provisions","All Districts","2015","2400","2400","","","","","1"
"282540 Nickel Oxides And Hydroxides","Japan","All Country Subcodes","All Rate Provisions","All Districts","2015","2774789","2774789","","","","","21"
"282540 Nickel Oxides And Hydroxides","Philippines","All Country Subcodes","All Rate Provisions","All Districts","2016","2376822","2376822","","","","","20"
"282540 Nickel Oxides And Hydroxides","Japan","All Country Subcodes","All Rate Provisions","All Districts","2016","3355713","3355713","","","","","26"
"282540 Nickel Oxides And Hydroxides","Philippines","All Country Subcodes","All Rate Provisions","All Districts","2017","3838018","3838018","","","","","31"
"282540 Nickel Oxides And Hydroxides","Korea, South","All Country Subcodes","All Rate Provisions","All Districts","2017","140329","140329","","","","","2"
"282540 Nickel Oxides And Hydroxides","Japan","All Country Subcodes","All Rate Provisions","All Districts","2017","5760238","5760238","","","","","30"
"282540 Nickel Oxides And Hydroxides","Philippines","All Country Subcodes","All Rate Provisions","All Districts","2018","2235737","2235737","","","","","16"
"282540 Nickel Oxides And Hydroxides","Korea, South","All Country Subcodes","All Rate Provisions","All Districts","2018","344014","344014","","","","","4"
"282540 Nickel Oxides And Hydroxides","Hong Kong","All Country Subcodes","All Rate Provisions","All Districts","2018","6000","6000","","","","","1"
"282540 Nickel Oxides And Hydroxides","Japan","All Country Subcodes","All Rate Provisions","All Districts","2018","4228592","4228592","","","","","15"
"282540 Nickel Oxides And Hydroxides","Philippines","All Country Subcodes","All Rate Provisions","All Districts","2019","2095330","2095330","","","","","16"
"282540 Nickel Oxides And Hydroxides","Korea, South","All Country Subcodes","All Rate Provisions","All Districts","2019","113461","113461","","","","","2"
"282540 Nickel Oxides And Hydroxides","Japan","All Country Subcodes","All Rate Provisions","All Districts","2019","4357678","4357678","","","","","19"
"282540 Nickel Oxides And Hydroxides","Malaysia","All Country Subcodes","All Rate Provisions","All Districts","2020","2427","2427","","","","","1"
"282540 Nickel Oxides And Hydroxides","Philippines","All Country Subcodes","All Rate Provisions","All Districts","2020","2122723","2122723","","","","","16"
"282540 Nickel Oxides And Hydroxides","Korea, South","All Country Subcodes","All Rate Provisions","All Districts","2020","272052","272052","","","","","5"
"282540 Nickel Oxides And Hydroxides","Japan","All Country Subcodes","All Rate Provisions","All Districts","2020","3387801","3387801","","","","","13"
"282550 Copper Oxides And Hydroxides","Korea, South","All Country Subcodes","All Rate Provisions","All Districts","2011","223296","223296","","","","","11"
"282550 Copper Oxides And Hydroxides","Hong Kong","All Country Subcodes","All Rate Provisions","All Districts","2011","432750","432750","","","","","5"
"282550 Copper Oxides And Hydroxides","Japan","All Country Subcodes","All Rate Provisions","All Districts","2011","62488","62488","","","","","2"
"282550 Copper Oxides And Hydroxides","Singapore","All Country Subcodes","All Rate Provisions","All Districts","2012","33750","33750","","","","","1"
"282550 Copper Oxides And Hydroxides","Hong Kong","All Country Subcodes","All Rate Provisions","All Districts","2012","356349","356349","","","","","5"
"282550 Copper Oxides And Hydroxides","Taiwan","All Country Subcodes","All Rate Provisions","All Districts","2012","2811","2811","","","","","1"
"282550 Copper Oxides And Hydroxides","Japan","All Country Subcodes","All Rate Provisions","All Districts","2012","21089","21089","","","","","1"
"282550 Copper Oxides And Hydroxides","Singapore","All Country Subcodes","All Rate Provisions","All Districts","2013","178600","178600","","","","","5"
"282550 Copper Oxides And Hydroxides","Korea, South","All Country Subcodes","All Rate Provisions","All Districts","2013","13200","13200","","","","","1"
"282550 Copper Oxides And Hydroxides","Hong Kong","All Country Subcodes","All Rate Provisions","All Districts","2013","202700","202700","","","","","3"
"282550 Copper Oxides And Hydroxides","Taiwan","All Country Subcodes","All Rate Provisions","All Districts","2013","15089","15089","","","","","2"
"282550 Copper Oxides And Hydroxides","Japan","All Country Subcodes","All Rate Provisions","All Districts","2013","91088","91088","","","","","5"
"282550 Copper Oxides And Hydroxides","Singapore","All Country Subcodes","All Rate Provisions","All Districts","2014","411472","411472","","","","","5"
"282550 Copper Oxides And Hydroxides","Korea, South","All Country Subcodes","All Rate Provisions","All Districts","2014","106092","106092","","","","","4"
"282550 Copper Oxides And Hydroxides","Hong Kong","All Country Subcodes","All Rate Provisions","All Districts","2014","260906","260906","","","","","4"
"282550 Copper Oxides And Hydroxides","Taiwan","All Country Subcodes","All Rate Provisions","All Districts","2014","14980","14980","","","","","2"
"282550 Copper Oxides And Hydroxides","Japan","All Country Subcodes","All Rate Provisions","All Districts","2014","34618","34618","","","","","2"
"282550 Copper Oxides And Hydroxides","Singapore","All Country Subcodes","All Rate Provisions","All Districts","2015","385776","385776","","","","","3"
"282550 Copper Oxides And Hydroxides","Korea, South","All Country Subcodes","All Rate Provisions","All Districts","2015","99150","99150","","","","","3"
"282550 Copper Oxides And Hydroxides","Hong Kong","All Country Subcodes","All Rate Provisions","All Districts","2015","150124","150124","","","","","3"
"282550 Copper Oxides And Hydroxides","Taiwan","All Country Subcodes","All Rate Provisions","All Districts","2015","1010396","1010396","","","","","13"
"282550 Copper Oxides And Hydroxides","Japan","All Country Subcodes","All Rate Provisions","All Districts","2015","38599","38599","","","","","2"
"282550 Copper Oxides And Hydroxides","Singapore","All Country Subcodes","All Rate Provisions","All Districts","2016","432000","432000","","","","","4"
"282550 Copper Oxides And Hydroxides","Korea, South","All Country Subcodes","All Rate Provisions","All Districts","2016","115500","115500","","","","","5"
"282550 Copper Oxides And Hydroxides","Hong Kong","All Country Subcodes","All Rate Provisions","All Districts","2016","134061","134061","","","","","3"
"282550 Copper Oxides And Hydroxides","Taiwan","All Country Subcodes","All Rate Provisions","All Districts","2016","500850","500850","","","","","6"
"282550 Copper Oxides And Hydroxides","Singapore","All Country Subcodes","All Rate Provisions","All Districts","2017","886306","886306","","","","","9"
"282550 Copper Oxides And Hydroxides","Korea, South","All Country Subcodes","All Rate Provisions","All Districts","2017","185384","185384","","","","","4"
"282550 Copper Oxides And Hydroxides","Hong Kong","All Country Subcodes","All Rate Provisions","All Districts","2017","113438","113438","","","","","2"
"282550 Copper Oxides And Hydroxides","Taiwan","All Country Subcodes","All Rate Provisions","All Districts","2017","194240","194240","","","","","5"
"282550 Copper Oxides And Hydroxides","Japan","All Country Subcodes","All Rate Provisions","All Districts","2017","60767","60767","","","","","2"
"282550 Copper Oxides And Hydroxides","Singapore","All Country Subcodes","All Rate Provisions","All Districts","2018","346620","346620","","","","","3"
"282550 Copper Oxides And Hydroxides","Korea, South","All Country Subcodes","All Rate Provisions","All Districts","2018","64820","64820","","","","","2"
"282550 Copper Oxides And Hydroxides","Hong Kong","All Country Subcodes","All Rate Provisions","All Districts","2018","116687","116687","","","","","2"
"282550 Copper Oxides And Hydroxides","Taiwan","All Country Subcodes","All Rate Provisions","All Districts","2018","670005","670005","","","","","6"
"282550 Copper Oxides And Hydroxides","Japan","All Country Subcodes","All Rate Provisions","All Districts","2018","39017","39017","","","","","3"
"282550 Copper Oxides And Hydroxides","Singapore","All Country Subcodes","All Rate Provisions","All Districts","2019","456225","456225","","","","","5"
"282550 Copper Oxides And Hydroxides","Korea, South","All Country Subcodes","All Rate Provisions","All Districts","2019","94558","94558","","","","","5"
"282550 Copper Oxides And Hydroxides","Hong Kong","All Country Subcodes","All Rate Provisions","All Districts","2019","55691","55691","","","","","1"
"282550 Copper Oxides And Hydroxides","Taiwan","All Country Subcodes","All Rate Provisions","All Districts","2019","421510","421510","","","","","6"
"282550 Copper Oxides And Hydroxides","Japan","All Country Subcodes","All Rate Provisions","All Districts","2019","72798","72798","","","","","5"
"282550 Copper Oxides And Hydroxides","Korea, South","All Country Subcodes","All Rate Provisions","All Districts","2020","77419","77419","","","","","4"
"282550 Copper Oxides And Hydroxides","Hong Kong","All Country Subcodes","All Rate Provisions","All Districts","2020","106140","106140","","","","","2"
"282550 Copper Oxides And Hydroxides","Taiwan","All Country Subcodes","All Rate Provisions","All Districts","2020","282906","282906","","","","","5"
"282550 Copper Oxides And Hydroxides","Japan","All Country Subcodes","All Rate Provisions","All Districts","2020","168582","168582","","","","","7"
"282580 Antimony Oxides","Thailand","All Country Subcodes","All Rate Provisions","All Districts","2011","2344000","2344000","","","","","6"
"282580 Antimony Oxides","Taiwan","All Country Subcodes","All Rate Provisions","All Districts","2011","1054548","1054548","","","","","18"
"282580 Antimony Oxides","Japan","All Country Subcodes","All Rate Provisions","All Districts","2011","2398329","2398329","","","","","38"
"282580 Antimony Oxides","Thailand","All Country Subcodes","All Rate Provisions","All Districts","2012","920000","920000","","","","","7"
"282580 Antimony Oxides","Singapore","All Country Subcodes","All Rate Provisions","All Districts","2012","25943","25943","","","","","1"
"282580 Antimony Oxides","Hong Kong","All Country Subcodes","All Rate Provisions","All Districts","2012","669056","669056","","","","","3"
"282580 Antimony Oxides","Taiwan","All Country Subcodes","All Rate Provisions","All Districts","2012","271600","271600","","","","","4"
"282580 Antimony Oxides","Japan","All Country Subcodes","All Rate Provisions","All Districts","2012","3040863","3040863","","","","","43"
"282580 Antimony Oxides","Thailand","All Country Subcodes","All Rate Provisions","All Districts","2013","5000000","5000000","","","","","31"
"282580 Antimony Oxides","Hong Kong","All Country Subcodes","All Rate Provisions","All Districts","2013","190000","190000","","","","","1"
"282580 Antimony Oxides","Japan","All Country Subcodes","All Rate Provisions","All Districts","2013","3037610","3037610","","","","","38"
"282580 Antimony Oxides","Thailand","All Country Subcodes","All Rate Provisions","All Districts","2014","5800000","5800000","","","","","35"
"282580 Antimony Oxides","Korea, South","All Country Subcodes","All Rate Provisions","All Districts","2014","83575","83575","","","","","2"
"282580 Antimony Oxides","Hong Kong","All Country Subcodes","All Rate Provisions","All Districts","2014","520000","520000","","","","","3"
"282580 Antimony Oxides","Taiwan","All Country Subcodes","All Rate Provisions","All Districts","2014","4266","4266","","","","","1"
"282580 Antimony Oxides","Japan","All Country Subcodes","All Rate Provisions","All Districts","2014","4210349","4210349","","","","","52"
"282580 Antimony Oxides","Thailand","All Country Subcodes","All Rate Provisions","All Districts","2015","7740000","7740000","","","","","43"
"282580 Antimony Oxides","Korea, South","All Country Subcodes","All Rate Provisions","All Districts","2015","16384","16384","","","","","1"
"282580 Antimony Oxides","Hong Kong","All Country Subcodes","All Rate Provisions","All Districts","2015","2752","2752","","","","","1"
"282580 Antimony Oxides","Japan","All Country Subcodes","All Rate Provisions","All Districts","2015","3462692","3462692","","","","","59"
"282580 Antimony Oxides","Thailand","All Country Subcodes","All Rate Provisions","All Districts","2016","3240000","3240000","","","","","22"
"282580 Antimony Oxides","Korea, South","All Country Subcodes","All Rate Provisions","All Districts","2016","176920","176920","","","","","8"
"282580 Antimony Oxides","Japan","All Country Subcodes","All Rate Provisions","All Districts","2016","3416663","3416663","","","","","55"
"282580 Antimony Oxides","Thailand","All Country Subcodes","All Rate Provisions","All Districts","2017","6854329","6854329","","","","","52"
"282580 Antimony Oxides","Korea, South","All Country Subcodes","All Rate Provisions","All Districts","2017","170679","170679","","","","","8"
"282580 Antimony Oxides","Taiwan","All Country Subcodes","All Rate Provisions","All Districts","2017","128000","128000","","","","","1"
"282580 Antimony Oxides","Japan","All Country Subcodes","All Rate Provisions","All Districts","2017","2753342","2753342","","","","","49"
"282580 Antimony Oxides","Thailand","All Country Subcodes","All Rate Provisions","All Districts","2018","5340000","5340000","","","","","46"
"282580 Antimony Oxides","Korea, South","All Country Subcodes","All Rate Provisions","All Districts","2018","332061","332061","","","","","12"
"282580 Antimony Oxides","Hong Kong","All Country Subcodes","All Rate Provisions","All Districts","2018","435750","435750","","","","","2"
"282580 Antimony Oxides","Taiwan","All Country Subcodes","All Rate Provisions","All Districts","2018","515052","515052","","","","","4"
"282580 Antimony Oxides","Japan","All Country Subcodes","All Rate Provisions","All Districts","2018","4172927","4154774","","","","","94"
"282580 Antimony Oxides","Thailand","All Country Subcodes","All Rate Provisions","All Districts","2019","840000","840000","","","","","7"
"282580 Antimony Oxides","Singapore","All Country Subcodes","All Rate Provisions","All Districts","2019","7303","7303","","","","","1"
"282580 Antimony Oxides","Korea, South","All Country Subcodes","All Rate Provisions","All Districts","2019","389768","389768","","","","","14"
"282580 Antimony Oxides","Hong Kong","All Country Subcodes","All Rate Provisions","All Districts","2019","503050","503050","","","","","2"
"282580 Antimony Oxides","Japan","All Country Subcodes","All Rate Provisions","All Districts","2019","3786493","4033932","","","","","139"
"282580 Antimony Oxides","Korea, South","All Country Subcodes","All Rate Provisions","All Districts","2020","235424","235424","","","","","15"
"282580 Antimony Oxides","Japan","All Country Subcodes","All Rate Provisions","All Districts","2020","2055139","2093315","","","","","47"
"711041 Iridium, Osmium And Ruthenium, Unwrought Or Powder","Singapore","All Country Subcodes","All Rate Provisions","All Districts","2011","9150","9150","","","","","1"
"711041 Iridium, Osmium And Ruthenium, Unwrought Or Powder","Taiwan","All Country Subcodes","All Rate Provisions","All Districts","2011","2530","2530","","","","","1"
"711041 Iridium, Osmium And Ruthenium, Unwrought Or Powder","Japan","All Country Subcodes","All Rate Provisions","All Districts","2011","1172154","1172154","","","","","21"
"711041 Iridium, Osmium And Ruthenium, Unwrought Or Powder","Singapore","All Country Subcodes","All Rate Provisions","All Districts","2012","2248","2248","","","","","1"
"711041 Iridium, Osmium And Ruthenium, Unwrought Or Powder","Japan","All Country Subcodes","All Rate Provisions","All Districts","2012","1349663","1349663","","","","","21"
"711041 Iridium, Osmium And Ruthenium, Unwrought Or Powder","Singapore","All Country Subcodes","All Rate Provisions","All Districts","2013","43784","43784","","","","","2"
"711041 Iridium, Osmium And Ruthenium, Unwrought Or Powder","Japan","All Country Subcodes","All Rate Provisions","All Districts","2013","344017","344017","","","","","3"
"711041 Iridium, Osmium And Ruthenium, Unwrought Or Powder","Singapore","All Country Subcodes","All Rate Provisions","All Districts","2014","78572","78572","","","","","4"
"711041 Iridium, Osmium And Ruthenium, Unwrought Or Powder","Taiwan","All Country Subcodes","All Rate Provisions","All Districts","2014","217449","217449","","","","","2"
"711041 Iridium, Osmium And Ruthenium, Unwrought Or Powder","Japan","All Country Subcodes","All Rate Provisions","All Districts","2014","3643","3643","","","","","1"
"711041 Iridium, Osmium And Ruthenium, Unwrought Or Powder","Japan","All Country Subcodes","All Rate Provisions","All Districts","2015","134969","134969","","","","","2"
"711041 Iridium, Osmium And Ruthenium, Unwrought Or Powder","Thailand","All Country Subcodes","All Rate Provisions","All Districts","2017","34043","34043","","","","","1"
"711041 Iridium, Osmium And Ruthenium, Unwrought Or Powder","Japan","All Country Subcodes","All Rate Provisions","All Districts","2017","202013","202013","","","","","11"
"711041 Iridium, Osmium And Ruthenium, Unwrought Or Powder","Hong Kong","All Country Subcodes","All Rate Provisions","All Districts","2018","354550","354550","","","","","2"
"711041 Iridium, Osmium And Ruthenium, Unwrought Or Powder","Taiwan","All Country Subcodes","All Rate Provisions","All Districts","2018","850574","850574","","","","","3"
"711041 Iridium, Osmium And Ruthenium, Unwrought Or Powder","Japan","All Country Subcodes","All Rate Provisions","All Districts","2018","169978","169978","","","","","5"
"711041 Iridium, Osmium And Ruthenium, Unwrought Or Powder","Korea, South","All Country Subcodes","All Rate Provisions","All Districts","2019","79736","79736","","","","","1"
"711041 Iridium, Osmium And Ruthenium, Unwrought Or Powder","Hong Kong","All Country Subcodes","All Rate Provisions","All Districts","2019","492724","492724","","","","","2"
"711041 Iridium, Osmium And Ruthenium, Unwrought Or Powder","Japan","All Country Subcodes","All Rate Provisions","All Districts","2019","2534354","2534354","","","","","11"
"711041 Iridium, Osmium And Ruthenium, Unwrought Or Powder","Korea, South","All Country Subcodes","All Rate Provisions","All Districts","2020","41282","41282","","","","","1"
"711041 Iridium, Osmium And Ruthenium, Unwrought Or Powder","Japan","All Country Subcodes","All Rate Provisions","All Districts","2020","2031823","2031823","","","","","17"
"711049 Iridium, Osmium And Ruthenium, Semimanufactured","Singapore","All Country Subcodes","All Rate Provisions","All Districts","2011","32497","32497","","","","","1"
"711049 Iridium, Osmium And Ruthenium, Semimanufactured","Japan","All Country Subcodes","All Rate Provisions","All Districts","2011","187038","187038","","","","","4"
"711049 Iridium, Osmium And Ruthenium, Semimanufactured","Japan","All Country Subcodes","All Rate Provisions","All Districts","2012","13145","13145","","","","","1"
"711049 Iridium, Osmium And Ruthenium, Semimanufactured","Taiwan","All Country Subcodes","All Rate Provisions","All Districts","2013","2770","2770","","","","","1"
"711049 Iridium, Osmium And Ruthenium, Semimanufactured","Japan","All Country Subcodes","All Rate Provisions","All Districts","2013","2989004","2989004","","","","","11"
"711049 Iridium, Osmium And Ruthenium, Semimanufactured","Singapore","All Country Subcodes","All Rate Provisions","All Districts","2014","75618","75618","","","","","3"
"711049 Iridium, Osmium And Ruthenium, Semimanufactured","Hong Kong","All Country Subcodes","All Rate Provisions","All Districts","2014","3356","3356","","","","","1"
"711049 Iridium, Osmium And Ruthenium, Semimanufactured","Japan","All Country Subcodes","All Rate Provisions","All Districts","2014","1150129","1150129","","","","","16"
"711049 Iridium, Osmium And Ruthenium, Semimanufactured","Singapore","All Country Subcodes","All Rate Provisions","All Districts","2015","162942","162942","","","","","1"
"711049 Iridium, Osmium And Ruthenium, Semimanufactured","Taiwan","All Country Subcodes","All Rate Provisions","All Districts","2015","2030","2030","","","","","1"
"711049 Iridium, Osmium And Ruthenium, Semimanufactured","Japan","All Country Subcodes","All Rate Provisions","All Districts","2015","3516817","3516817","","","","","25"
"711049 Iridium, Osmium And Ruthenium, Semimanufactured","Singapore","All Country Subcodes","All Rate Provisions","All Districts","2016","115469","115469","","","","","2"
"711049 Iridium, Osmium And Ruthenium, Semimanufactured","Japan","All Country Subcodes","All Rate Provisions","All Districts","2016","3241498","3241498","","","","","19"
"711049 Iridium, Osmium And Ruthenium, Semimanufactured","Singapore","All Country Subcodes","All Rate Provisions","All Districts","2017","3241","3241","","","","","1"
"711049 Iridium, Osmium And Ruthenium, Semimanufactured","Taiwan","All Country Subcodes","All Rate Provisions","All Districts","2017","4851","4851","","","","","1"
"711049 Iridium, Osmium And Ruthenium, Semimanufactured","Japan","All Country Subcodes","All Rate Provisions","All Districts","2017","4311130","4311130","","","","","26"
"711049 Iridium, Osmium And Ruthenium, Semimanufactured","Singapore","All Country Subcodes","All Rate Provisions","All Districts","2018","3020","3020","","","","","1"
"711049 Iridium, Osmium And Ruthenium, Semimanufactured","Japan","All Country Subcodes","All Rate Provisions","All Districts","2018","2745216","2745216","","","","","22"
"711049 Iridium, Osmium And Ruthenium, Semimanufactured","Japan","All Country Subcodes","All Rate Provisions","All Districts","2019","4187312","4187312","","","","","19"
"711049 Iridium, Osmium And Ruthenium, Semimanufactured","Japan","All Country Subcodes","All Rate Provisions","All Districts","2020","3545939","3545939","","","","","24"
"850511 Permanent Magnets Made Of Metal","Thailand","All Country Subcodes","All Rate Provisions","All Districts","2011","157470","151635","","","","","9"
"850511 Permanent Magnets Made Of Metal","Malaysia","All Country Subcodes","All Rate Provisions","All Districts","2011","1786075","1786075","","","","","95"
"850511 Permanent Magnets Made Of Metal","Singapore","All Country Subcodes","All Rate Provisions","All Districts","2011","81438","81438","","","","","17"
"850511 Permanent Magnets Made Of Metal","Indonesia","All Country Subcodes","All Rate Provisions","All Districts","2011","22148","22148","","","","","7"
"850511 Permanent Magnets Made Of Metal","Philippines","All Country Subcodes","All Rate Provisions","All Districts","2011","23888531","23888531","","","","","444"
"850511 Permanent Magnets Made Of Metal","Korea, South","All Country Subcodes","All Rate Provisions","All Districts","2011","5160333","1707921","","","","","249"
"850511 Permanent Magnets Made Of Metal","Hong Kong","All Country Subcodes","All Rate Provisions","All Districts","2011","459352","459352","","","","","35"
"850511 Permanent Magnets Made Of Metal","Taiwan","All Country Subcodes","All Rate Provisions","All Districts","2011","3413004","3411852","","","","","323"
"850511 Permanent Magnets Made Of Metal","Japan","All Country Subcodes","All Rate Provisions","All Districts","2011","31265367","31000234","","","","","1785"
"850511 Permanent Magnets Made Of Metal","Thailand","All Country Subcodes","All Rate Provisions","All Districts","2012","199683","199683","","","","","6"
"850511 Permanent Magnets Made Of Metal","Malaysia","All Country Subcodes","All Rate Provisions","All Districts","2012","5224574","5224574","","","","","112"
"850511 Permanent Magnets Made Of Metal","Singapore","All Country Subcodes","All Rate Provisions","All Districts","2012","140884","140884","","","","","34"
"850511 Permanent Magnets Made Of Metal","Indonesia","All Country Subcodes","All Rate Provisions","All Districts","2012","4913","4913","","","","","2"
"850511 Permanent Magnets Made Of Metal","Philippines","All Country Subcodes","All Rate Provisions","All Districts","2012","31285492","31285492","","","","","354"
"850511 Permanent Magnets Made Of Metal","Korea, South","All Country Subcodes","All Rate Provisions","All Districts","2012","3549021","1830647","","","","","182"
"850511 Permanent Magnets Made Of Metal","Hong Kong","All Country Subcodes","All Rate Provisions","All Districts","2012","609712","609712","","","","","40"
"850511 Permanent Magnets Made Of Metal","Taiwan","All Country Subcodes","All Rate Provisions","All Districts","2012","4332298","4398377","","","","","353"
"850511 Permanent Magnets Made Of Metal","Japan","All Country Subcodes","All Rate Provisions","All Districts","2012","66614542","66688083","","","","","1601"
"850511 Permanent Magnets Made Of Metal","Thailand","All Country Subcodes","All Rate Provisions","All Districts","2013","106850","106850","","","","","8"
"850511 Permanent Magnets Made Of Metal","Malaysia","All Country Subcodes","All Rate Provisions","All Districts","2013","6508167","6508167","","","","","165"
"850511 Permanent Magnets Made Of Metal","Singapore","All Country Subcodes","All Rate Provisions","All Districts","2013","167873","167873","","","","","30"
"850511 Permanent Magnets Made Of Metal","Indonesia","All Country Subcodes","All Rate Provisions","All Districts","2013","3144","3144","","","","","1"
"850511 Permanent Magnets Made Of Metal","Philippines","All Country Subcodes","All Rate Provisions","All Districts","2013","11544502","11516674","","","","","241"
"850511 Permanent Magnets Made Of Metal","Korea, South","All Country Subcodes","All Rate Provisions","All Districts","2013","1333578","1333578","","","","","97"
"850511 Permanent Magnets Made Of Metal","Hong Kong","All Country Subcodes","All Rate Provisions","All Districts","2013","634852","632736","","","","","32"
"850511 Permanent Magnets Made Of Metal","Taiwan","All Country Subcodes","All Rate Provisions","All Districts","2013","3023269","2957190","","","","","323"
"850511 Permanent Magnets Made Of Metal","Japan","All Country Subcodes","All Rate Provisions","All Districts","2013","63254450","63274224","","","","","1470"
"850511 Permanent Magnets Made Of Metal","Thailand","All Country Subcodes","All Rate Provisions","All Districts","2014","105162","105162","","","","","4"
"850511 Permanent Magnets Made Of Metal","Vietnam","All Country Subcodes","All Rate Provisions","All Districts","2014","8519","8519","","","","","2"
"850511 Permanent Magnets Made Of Metal","Malaysia","All Country Subcodes","All Rate Provisions","All Districts","2014","10420237","10420237","","","","","176"
"850511 Permanent Magnets Made Of Metal","Singapore","All Country Subcodes","All Rate Provisions","All Districts","2014","89201","89201","","","","","15"
"850511 Permanent Magnets Made Of Metal","Indonesia","All Country Subcodes","All Rate Provisions","All Districts","2014","120227","120227","","","","","2"
"850511 Permanent Magnets Made Of Metal","Philippines","All Country Subcodes","All Rate Provisions","All Districts","2014","25753513","25753513","","","","","305"
"850511 Permanent Magnets Made Of Metal","Korea, South","All Country Subcodes","All Rate Provisions","All Districts","2014","1025403","1025403","","","","","85"
"850511 Permanent Magnets Made Of Metal","Hong Kong","All Country Subcodes","All Rate Provisions","All Districts","2014","1592588","1592588","","","","","30"
"850511 Permanent Magnets Made Of Metal","Taiwan","All Country Subcodes","All Rate Provisions","All Districts","2014","2171026","2171026","","","","","284"
"850511 Permanent Magnets Made Of Metal","Japan","All Country Subcodes","All Rate Provisions","All Districts","2014","33507432","33393212","","","","","1431"
"850511 Permanent Magnets Made Of Metal","Thailand","All Country Subcodes","All Rate Provisions","All Districts","2015","44423","44423","","","","","6"
"850511 Permanent Magnets Made Of Metal","Vietnam","All Country Subcodes","All Rate Provisions","All Districts","2015","7194","7194","","","","","1"
"850511 Permanent Magnets Made Of Metal","Malaysia","All Country Subcodes","All Rate Provisions","All Districts","2015","9964863","9964863","","","","","193"
"850511 Permanent Magnets Made Of Metal","Singapore","All Country Subcodes","All Rate Provisions","All Districts","2015","30570","30570","","","","","9"
"850511 Permanent Magnets Made Of Metal","Indonesia","All Country Subcodes","All Rate Provisions","All Districts","2015","5470","5470","","","","","1"
"850511 Permanent Magnets Made Of Metal","Philippines","All Country Subcodes","All Rate Provisions","All Districts","2015","20397542","20397542","","","","","353"
"850511 Permanent Magnets Made Of Metal","Korea, South","All Country Subcodes","All Rate Provisions","All Districts","2015","1110380","1110380","","","","","84"
"850511 Permanent Magnets Made Of Metal","Hong Kong","All Country Subcodes","All Rate Provisions","All Districts","2015","634044","629760","","","","","37"
"850511 Permanent Magnets Made Of Metal","Taiwan","All Country Subcodes","All Rate Provisions","All Districts","2015","1992705","1971514","","","","","348"
"850511 Permanent Magnets Made Of Metal","Japan","All Country Subcodes","All Rate Provisions","All Districts","2015","24682866","20190851","","","","","1298"
"850511 Permanent Magnets Made Of Metal","Thailand","All Country Subcodes","All Rate Provisions","All Districts","2016","19438","13736","","","","","4"
"850511 Permanent Magnets Made Of Metal","Vietnam","All Country Subcodes","All Rate Provisions","All Districts","2016","10500","10500","","","","","1"
"850511 Permanent Magnets Made Of Metal","Malaysia","All Country Subcodes","All Rate Provisions","All Districts","2016","9342600","9342600","","","","","157"
"850511 Permanent Magnets Made Of Metal","Singapore","All Country Subcodes","All Rate Provisions","All Districts","2016","77870","77870","","","","","16"
"850511 Permanent Magnets Made Of Metal","Indonesia","All Country Subcodes","All Rate Provisions","All Districts","2016","10590","10590","","","","","4"
"850511 Permanent Magnets Made Of Metal","Philippines","All Country Subcodes","All Rate Provisions","All Districts","2016","13349509","13349509","","","","","362"
"850511 Permanent Magnets Made Of Metal","Korea, South","All Country Subcodes","All Rate Provisions","All Districts","2016","912284","912284","","","","","79"
"850511 Permanent Magnets Made Of Metal","Hong Kong","All Country Subcodes","All Rate Provisions","All Districts","2016","125581","125581","","","","","17"
"850511 Permanent Magnets Made Of Metal","Taiwan","All Country Subcodes","All Rate Provisions","All Districts","2016","1943528","1921391","","","","","265"
"850511 Permanent Magnets Made Of Metal","Japan","All Country Subcodes","All Rate Provisions","All Districts","2016","33668610","22786982","","","","","1440"
"850511 Permanent Magnets Made Of Metal","Thailand","All Country Subcodes","All Rate Provisions","All Districts","2017","46268","50547","","","","","7"
"850511 Permanent Magnets Made Of Metal","Vietnam","All Country Subcodes","All Rate Provisions","All Districts","2017","137012","137012","","","","","9"
"850511 Permanent Magnets Made Of Metal","Malaysia","All Country Subcodes","All Rate Provisions","All Districts","2017","10196988","10196988","","","","","203"
"850511 Permanent Magnets Made Of Metal","Singapore","All Country Subcodes","All Rate Provisions","All Districts","2017","86048","86048","","","","","12"
"850511 Permanent Magnets Made Of Metal","Philippines","All Country Subcodes","All Rate Provisions","All Districts","2017","13827145","13827145","","","","","420"
"850511 Permanent Magnets Made Of Metal","Korea, South","All Country Subcodes","All Rate Provisions","All Districts","2017","1283019","1283019","","","","","105"
"850511 Permanent Magnets Made Of Metal","Hong Kong","All Country Subcodes","All Rate Provisions","All Districts","2017","216818","216818","","","","","28"
"850511 Permanent Magnets Made Of Metal","Taiwan","All Country Subcodes","All Rate Provisions","All Districts","2017","2032640","2013320","","","","","278"
"850511 Permanent Magnets Made Of Metal","Japan","All Country Subcodes","All Rate Provisions","All Districts","2017","42291191","28308589","","","","","1953"
"850511 Permanent Magnets Made Of Metal","Thailand","All Country Subcodes","All Rate Provisions","All Districts","2018","320183","320183","","","","","21"
"850511 Permanent Magnets Made Of Metal","Vietnam","All Country Subcodes","All Rate Provisions","All Districts","2018","2288240","2288240","","","","","44"
"850511 Permanent Magnets Made Of Metal","Malaysia","All Country Subcodes","All Rate Provisions","All Districts","2018","10508251","10508251","","","","","168"
"850511 Permanent Magnets Made Of Metal","Singapore","All Country Subcodes","All Rate Provisions","All Districts","2018","85729","85729","","","","","8"
"850511 Permanent Magnets Made Of Metal","Indonesia","All Country Subcodes","All Rate Provisions","All Districts","2018","5507","5507","","","","","2"
"850511 Permanent Magnets Made Of Metal","Philippines","All Country Subcodes","All Rate Provisions","All Districts","2018","15353302","15337904","","","","","330"
"850511 Permanent Magnets Made Of Metal","Korea, South","All Country Subcodes","All Rate Provisions","All Districts","2018","1151052","1151052","","","","","85"
"850511 Permanent Magnets Made Of Metal","Hong Kong","All Country Subcodes","All Rate Provisions","All Districts","2018","428931","428931","","","","","28"
"850511 Permanent Magnets Made Of Metal","Taiwan","All Country Subcodes","All Rate Provisions","All Districts","2018","2512210","2486424","","","","","310"
"850511 Permanent Magnets Made Of Metal","Japan","All Country Subcodes","All Rate Provisions","All Districts","2018","49943487","36051715","","","","","1873"
"850511 Permanent Magnets Made Of Metal","Thailand","All Country Subcodes","All Rate Provisions","All Districts","2019","461270","461270","","","","","16"
"850511 Permanent Magnets Made Of Metal","Vietnam","All Country Subcodes","All Rate Provisions","All Districts","2019","355101","355101","","","","","12"
"850511 Permanent Magnets Made Of Metal","Malaysia","All Country Subcodes","All Rate Provisions","All Districts","2019","7179337","7179337","","","","","89"
"850511 Permanent Magnets Made Of Metal","Singapore","All Country Subcodes","All Rate Provisions","All Districts","2019","93172","93172","","","","","11"
"850511 Permanent Magnets Made Of Metal","Indonesia","All Country Subcodes","All Rate Provisions","All Districts","2019","9919","9919","","","","","4"
"850511 Permanent Magnets Made Of Metal","Philippines","All Country Subcodes","All Rate Provisions","All Districts","2019","17730948","17730948","","","","","200"
"850511 Permanent Magnets Made Of Metal","Macau","All Country Subcodes","All Rate Provisions","All Districts","2019","7402","7402","","","","","1"
"850511 Permanent Magnets Made Of Metal","Korea, South","All Country Subcodes","All Rate Provisions","All Districts","2019","2413347","2413347","","","","","105"
"850511 Permanent Magnets Made Of Metal","Hong Kong","All Country Subcodes","All Rate Provisions","All Districts","2019","215830","215830","","","","","35"
"850511 Permanent Magnets Made Of Metal","Taiwan","All Country Subcodes","All Rate Provisions","All Districts","2019","3390862","3376989","","","","","374"
"850511 Permanent Magnets Made Of Metal","Japan","All Country Subcodes","All Rate Provisions","All Districts","2019","39061553","27592361","","","","","1483"
"850511 Permanent Magnets Made Of Metal","Thailand","All Country Subcodes","All Rate Provisions","All Districts","2020","202132","202132","","","","","7"
"850511 Permanent Magnets Made Of Metal","Vietnam","All Country Subcodes","All Rate Provisions","All Districts","2020","98211","98211","","","","","14"
"850511 Permanent Magnets Made Of Metal","Malaysia","All Country Subcodes","All Rate Provisions","All Districts","2020","2352495","2352495","","","","","51"
"850511 Permanent Magnets Made Of Metal","Singapore","All Country Subcodes","All Rate Provisions","All Districts","2020","123162","123162","","","","","14"
"850511 Permanent Magnets Made Of Metal","Indonesia","All Country Subcodes","All Rate Provisions","All Districts","2020","23641","23641","","","","","7"
"850511 Permanent Magnets Made Of Metal","Philippines","All Country Subcodes","All Rate Provisions","All Districts","2020","12139895","12139895","","","","","230"
"850511 Permanent Magnets Made Of Metal","Korea, South","All Country Subcodes","All Rate Provisions","All Districts","2020","4317204","4317204","","","","","145"
"850511 Permanent Magnets Made Of Metal","Hong Kong","All Country Subcodes","All Rate Provisions","All Districts","2020","219984","219984","","","","","20"
"850511 Permanent Magnets Made Of Metal","Taiwan","All Country Subcodes","All Rate Provisions","All Districts","2020","3817066","3817038","","","","","367"
"850511 Permanent Magnets Made Of Metal","Japan","All Country Subcodes","All Rate Provisions","All Districts","2020","25964294","18549623","","","","","1153"
"850650 Primary Cells And Batteries, Lithium","Thailand","All Country Subcodes","All Rate Provisions","All Districts","2011","785568","785568","","","","","90"
"850650 Primary Cells And Batteries, Lithium","Vietnam","All Country Subcodes","All Rate Provisions","All Districts","2011","107882","107882","","","","","3"
"850650 Primary Cells And Batteries, Lithium","Malaysia","All Country Subcodes","All Rate Provisions","All Districts","2011","2977508","3046271","","","","","306"
"850650 Primary Cells And Batteries, Lithium","Singapore","All Country Subcodes","All Rate Provisions","All Districts","2011","1230198","1230198","","","","","25"
"850650 Primary Cells And Batteries, Lithium","Indonesia","All Country Subcodes","All Rate Provisions","All Districts","2011","10792726","10680124","","","","","761"
"850650 Primary Cells And Batteries, Lithium","Philippines","All Country Subcodes","All Rate Provisions","All Districts","2011","269667","269667","","","","","7"
"850650 Primary Cells And Batteries, Lithium","Macau","All Country Subcodes","All Rate Provisions","All Districts","2011","17678","17678","","","","","3"
"850650 Primary Cells And Batteries, Lithium","Korea, South","All Country Subcodes","All Rate Provisions","All Districts","2011","22823629","22820200","","","","","403"
"850650 Primary Cells And Batteries, Lithium","Hong Kong","All Country Subcodes","All Rate Provisions","All Districts","2011","2387147","2387147","","","","","149"
"850650 Primary Cells And Batteries, Lithium","Taiwan","All Country Subcodes","All Rate Provisions","All Districts","2011","7078345","7038658","","","","","273"
"850650 Primary Cells And Batteries, Lithium","Japan","All Country Subcodes","All Rate Provisions","All Districts","2011","68340377","66753216","","","","","2590"
"850650 Primary Cells And Batteries, Lithium","Thailand","All Country Subcodes","All Rate Provisions","All Districts","2012","634437","634437","","","","","98"
"850650 Primary Cells And Batteries, Lithium","Vietnam","All Country Subcodes","All Rate Provisions","All Districts","2012","173260","173260","","","","","4"
"850650 Primary Cells And Batteries, Lithium","Malaysia","All Country Subcodes","All Rate Provisions","All Districts","2012","2073173","2108379","","","","","308"
"850650 Primary Cells And Batteries, Lithium","Singapore","All Country Subcodes","All Rate Provisions","All Districts","2012","21909208","21909208","","","","","69"
"850650 Primary Cells And Batteries, Lithium","Indonesia","All Country Subcodes","All Rate Provisions","All Districts","2012","12666647","12579585","","","","","1146"
"850650 Primary Cells And Batteries, Lithium","Philippines","All Country Subcodes","All Rate Provisions","All Districts","2012","30021","30021","","","","","3"
"850650 Primary Cells And Batteries, Lithium","Macau","All Country Subcodes","All Rate Provisions","All Districts","2012","49679","49679","","","","","4"
"850650 Primary Cells And Batteries, Lithium","Korea, South","All Country Subcodes","All Rate Provisions","All Districts","2012","11668189","11668189","","","","","293"
"850650 Primary Cells And Batteries, Lithium","Hong Kong","All Country Subcodes","All Rate Provisions","All Districts","2012","2034332","2034332","","","","","148"
"850650 Primary Cells And Batteries, Lithium","Taiwan","All Country Subcodes","All Rate Provisions","All Districts","2012","5451072","5407410","","","","","213"
"850650 Primary Cells And Batteries, Lithium","Japan","All Country Subcodes","All Rate Provisions","All Districts","2012","55671197","57476954","","","","","1955"
"850650 Primary Cells And Batteries, Lithium","Thailand","All Country Subcodes","All Rate Provisions","All Districts","2013","745631","745631","","","","","52"
"850650 Primary Cells And Batteries, Lithium","Vietnam","All Country Subcodes","All Rate Provisions","All Districts","2013","2325","2325","","","","","1"
"850650 Primary Cells And Batteries, Lithium","Malaysia","All Country Subcodes","All Rate Provisions","All Districts","2013","1608903","1724681","","","","","206"
"850650 Primary Cells And Batteries, Lithium","Singapore","All Country Subcodes","All Rate Provisions","All Districts","2013","26712506","26712506","","","","","76"
"850650 Primary Cells And Batteries, Lithium","Indonesia","All Country Subcodes","All Rate Provisions","All Districts","2013","21195583","21069550","","","","","1620"
"850650 Primary Cells And Batteries, Lithium","Philippines","All Country Subcodes","All Rate Provisions","All Districts","2013","4233","4233","","","","","1"
"850650 Primary Cells And Batteries, Lithium","Macau","All Country Subcodes","All Rate Provisions","All Districts","2013","477847","477847","","","","","8"
"850650 Primary Cells And Batteries, Lithium","Korea, South","All Country Subcodes","All Rate Provisions","All Districts","2013","11901477","11901477","","","","","312"
"850650 Primary Cells And Batteries, Lithium","Hong Kong","All Country Subcodes","All Rate Provisions","All Districts","2013","1672543","1672543","","","","","103"
"850650 Primary Cells And Batteries, Lithium","Taiwan","All Country Subcodes","All Rate Provisions","All Districts","2013","11271226","11196476","","","","","420"
"850650 Primary Cells And Batteries, Lithium","Japan","All Country Subcodes","All Rate Provisions","All Districts","2013","41167577","41329947","","","","","1434"
"850650 Primary Cells And Batteries, Lithium","Thailand","All Country Subcodes","All Rate Provisions","All Districts","2014","1520278","1520278","","","","","116"
"850650 Primary Cells And Batteries, Lithium","Vietnam","All Country Subcodes","All Rate Provisions","All Districts","2014","5378","5378","","","","","1"
"850650 Primary Cells And Batteries, Lithium","Malaysia","All Country Subcodes","All Rate Provisions","All Districts","2014","1640967","1775966","","","","","209"
"850650 Primary Cells And Batteries, Lithium","Singapore","All Country Subcodes","All Rate Provisions","All Districts","2014","50584956","50576288","","","","","123"
"850650 Primary Cells And Batteries, Lithium","Indonesia","All Country Subcodes","All Rate Provisions","All Districts","2014","26972039","26824619","","","","","1630"
"850650 Primary Cells And Batteries, Lithium","Philippines","All Country Subcodes","All Rate Provisions","All Districts","2014","68221","68221","","","","","2"
"850650 Primary Cells And Batteries, Lithium","Korea, South","All Country Subcodes","All Rate Provisions","All Districts","2014","14831029","14831029","","","","","322"
"850650 Primary Cells And Batteries, Lithium","Hong Kong","All Country Subcodes","All Rate Provisions","All Districts","2014","2235446","2235446","","","","","99"
"850650 Primary Cells And Batteries, Lithium","Taiwan","All Country Subcodes","All Rate Provisions","All Districts","2014","6073921","6050972","","","","","225"
"850650 Primary Cells And Batteries, Lithium","Japan","All Country Subcodes","All Rate Provisions","All Districts","2014","39427900","39162778","","","","","1226"
"850650 Primary Cells And Batteries, Lithium","Thailand","All Country Subcodes","All Rate Provisions","All Districts","2015","1291614","1291614","","","","","110"
"850650 Primary Cells And Batteries, Lithium","Malaysia","All Country Subcodes","All Rate Provisions","All Districts","2015","1260909","1367240","","","","","166"
"850650 Primary Cells And Batteries, Lithium","Singapore","All Country Subcodes","All Rate Provisions","All Districts","2015","51565522","51556842","","","","","123"
"850650 Primary Cells And Batteries, Lithium","Indonesia","All Country Subcodes","All Rate Provisions","All Districts","2015","28170604","27941647","","","","","1752"
"850650 Primary Cells And Batteries, Lithium","Philippines","All Country Subcodes","All Rate Provisions","All Districts","2015","101802","101802","","","","","8"
"850650 Primary Cells And Batteries, Lithium","Korea, South","All Country Subcodes","All Rate Provisions","All Districts","2015","12679844","12679844","","","","","330"
"850650 Primary Cells And Batteries, Lithium","Hong Kong","All Country Subcodes","All Rate Provisions","All Districts","2015","3107563","3107563","","","","","134"
"850650 Primary Cells And Batteries, Lithium","Taiwan","All Country Subcodes","All Rate Provisions","All Districts","2015","3831011","3831011","","","","","211"
"850650 Primary Cells And Batteries, Lithium","Japan","All Country Subcodes","All Rate Provisions","All Districts","2015","44575513","44086189","","","","","1293"
"850650 Primary Cells And Batteries, Lithium","Thailand","All Country Subcodes","All Rate Provisions","All Districts","2016","591880","591880","","","","","76"
"850650 Primary Cells And Batteries, Lithium","Vietnam","All Country Subcodes","All Rate Provisions","All Districts","2016","20842","20842","","","","","2"
"850650 Primary Cells And Batteries, Lithium","Malaysia","All Country Subcodes","All Rate Provisions","All Districts","2016","6155761","6275160","","","","","318"
"850650 Primary Cells And Batteries, Lithium","Singapore","All Country Subcodes","All Rate Provisions","All Districts","2016","35616866","35616866","","","","","152"
"850650 Primary Cells And Batteries, Lithium","Indonesia","All Country Subcodes","All Rate Provisions","All Districts","2016","25134164","24602970","","","","","1585"
"850650 Primary Cells And Batteries, Lithium","Philippines","All Country Subcodes","All Rate Provisions","All Districts","2016","31163","31163","","","","","2"
"850650 Primary Cells And Batteries, Lithium","Macau","All Country Subcodes","All Rate Provisions","All Districts","2016","24687","24687","","","","","1"
"850650 Primary Cells And Batteries, Lithium","Korea, South","All Country Subcodes","All Rate Provisions","All Districts","2016","14744998","14744998","","","","","349"
"850650 Primary Cells And Batteries, Lithium","Hong Kong","All Country Subcodes","All Rate Provisions","All Districts","2016","2760481","2760481","","","","","118"
"850650 Primary Cells And Batteries, Lithium","Taiwan","All Country Subcodes","All Rate Provisions","All Districts","2016","2683400","2683400","","","","","172"
"850650 Primary Cells And Batteries, Lithium","Japan","All Country Subcodes","All Rate Provisions","All Districts","2016","41423384","40927333","","","","","1132"
"850650 Primary Cells And Batteries, Lithium","Thailand","All Country Subcodes","All Rate Provisions","All Districts","2017","680462","680462","","","","","84"
"850650 Primary Cells And Batteries, Lithium","Vietnam","All Country Subcodes","All Rate Provisions","All Districts","2017","82630","82630","","","","","4"
"850650 Primary Cells And Batteries, Lithium","Malaysia","All Country Subcodes","All Rate Provisions","All Districts","2017","4671000","4680158","","","","","202"
"850650 Primary Cells And Batteries, Lithium","Singapore","All Country Subcodes","All Rate Provisions","All Districts","2017","56791276","56781023","","","","","259"
"850650 Primary Cells And Batteries, Lithium","Indonesia","All Country Subcodes","All Rate Provisions","All Districts","2017","30782476","31195345","","","","","917"
"850650 Primary Cells And Batteries, Lithium","Philippines","All Country Subcodes","All Rate Provisions","All Districts","2017","31208","31208","","","","","5"
"850650 Primary Cells And Batteries, Lithium","Korea, South","All Country Subcodes","All Rate Provisions","All Districts","2017","16502914","16502397","","","","","373"
"850650 Primary Cells And Batteries, Lithium","Hong Kong","All Country Subcodes","All Rate Provisions","All Districts","2017","2161400","2161400","","","","","109"
"850650 Primary Cells And Batteries, Lithium","Taiwan","All Country Subcodes","All Rate Provisions","All Districts","2017","4351961","4351961","","","","","154"
"850650 Primary Cells And Batteries, Lithium","Japan","All Country Subcodes","All Rate Provisions","All Districts","2017","42152227","41446865","","","","","1222"
"850650 Primary Cells And Batteries, Lithium","Thailand","All Country Subcodes","All Rate Provisions","All Districts","2018","2093586","2093586","","","","","75"
"850650 Primary Cells And Batteries, Lithium","Vietnam","All Country Subcodes","All Rate Provisions","All Districts","2018","95040","95040","","","","","1"
"850650 Primary Cells And Batteries, Lithium","Malaysia","All Country Subcodes","All Rate Provisions","All Districts","2018","6248829","6411966","","","","","210"
"850650 Primary Cells And Batteries, Lithium","Singapore","All Country Subcodes","All Rate Provisions","All Districts","2018","82907769","83691851","","","","","353"
"850650 Primary Cells And Batteries, Lithium","Indonesia","All Country Subcodes","All Rate Provisions","All Districts","2018","25326884","27570448","","","","","985"
"850650 Primary Cells And Batteries, Lithium","Philippines","All Country Subcodes","All Rate Provisions","All Districts","2018","110815","110815","","","","","18"
"850650 Primary Cells And Batteries, Lithium","Korea, South","All Country Subcodes","All Rate Provisions","All Districts","2018","17001954","17001954","","","","","317"
"850650 Primary Cells And Batteries, Lithium","Hong Kong","All Country Subcodes","All Rate Provisions","All Districts","2018","1498480","1498480","","","","","104"
"850650 Primary Cells And Batteries, Lithium","Taiwan","All Country Subcodes","All Rate Provisions","All Districts","2018","5833414","5833414","","","","","140"
"850650 Primary Cells And Batteries, Lithium","Japan","All Country Subcodes","All Rate Provisions","All Districts","2018","50749029","50479370","","","","","1222"
"850650 Primary Cells And Batteries, Lithium","Thailand","All Country Subcodes","All Rate Provisions","All Districts","2019","697403","699517","","","","","65"
"850650 Primary Cells And Batteries, Lithium","Vietnam","All Country Subcodes","All Rate Provisions","All Districts","2019","145745","145745","","","","","6"
"850650 Primary Cells And Batteries, Lithium","Malaysia","All Country Subcodes","All Rate Provisions","All Districts","2019","1185155","1207911","","","","","165"
"850650 Primary Cells And Batteries, Lithium","Singapore","All Country Subcodes","All Rate Provisions","All Districts","2019","69249866","71853583","","","","","466"
"850650 Primary Cells And Batteries, Lithium","Indonesia","All Country Subcodes","All Rate Provisions","All Districts","2019","25078529","24649788","","","","","1012"
"850650 Primary Cells And Batteries, Lithium","Philippines","All Country Subcodes","All Rate Provisions","All Districts","2019","309318","309318","","","","","8"
"850650 Primary Cells And Batteries, Lithium","Korea, South","All Country Subcodes","All Rate Provisions","All Districts","2019","15767262","15714672","","","","","338"
"850650 Primary Cells And Batteries, Lithium","Hong Kong","All Country Subcodes","All Rate Provisions","All Districts","2019","447375","447375","","","","","35"
"850650 Primary Cells And Batteries, Lithium","Taiwan","All Country Subcodes","All Rate Provisions","All Districts","2019","5660839","5660839","","","","","138"
"850650 Primary Cells And Batteries, Lithium","Japan","All Country Subcodes","All Rate Provisions","All Districts","2019","49135760","49412159","","","","","1273"
"850650 Primary Cells And Batteries, Lithium","Thailand","All Country Subcodes","All Rate Provisions","All Districts","2020","564022","552637","","","","","82"
"850650 Primary Cells And Batteries, Lithium","Vietnam","All Country Subcodes","All Rate Provisions","All Districts","2020","25525","25525","","","","","6"
"850650 Primary Cells And Batteries, Lithium","Malaysia","All Country Subcodes","All Rate Provisions","All Districts","2020","2682388","897697","","","","","141"
"850650 Primary Cells And Batteries, Lithium","Singapore","All Country Subcodes","All Rate Provisions","All Districts","2020","66725211","71295823","","","","","446"
"850650 Primary Cells And Batteries, Lithium","Indonesia","All Country Subcodes","All Rate Provisions","All Districts","2020","21731983","21365003","","","","","1095"
"850650 Primary Cells And Batteries, Lithium","Philippines","All Country Subcodes","All Rate Provisions","All Districts","2020","110736","108700","","","","","14"
"850650 Primary Cells And Batteries, Lithium","Korea, South","All Country Subcodes","All Rate Provisions","All Districts","2020","20182893","20220982","","","","","342"
"850650 Primary Cells And Batteries, Lithium","Hong Kong","All Country Subcodes","All Rate Provisions","All Districts","2020","382361","382361","","","","","39"
"850650 Primary Cells And Batteries, Lithium","Taiwan","All Country Subcodes","All Rate Provisions","All Districts","2020","9581243","9581243","","","","","146"
"850650 Primary Cells And Batteries, Lithium","Japan","All Country Subcodes","All Rate Provisions","All Districts","2020","34648096","34714542","","","","","1107"
"282520 Lithium Oxide And Hydroxide","Asia - South","All Country Subcodes","All Rate Provisions","All Districts","2015","4590","4590","","","","","1"
"282540 Nickel Oxides And Hydroxides","Asia - South","All Country Subcodes","All Rate Provisions","All Districts","2011","30150","30150","","","","","1"
"282540 Nickel Oxides And Hydroxides","Asia - South","All Country Subcodes","All Rate Provisions","All Districts","2015","6000","6000","","","","","1"
"282550 Copper Oxides And Hydroxides","Asia - South","All Country Subcodes","All Rate Provisions","All Districts","2015","6750","6750","","","","","1"
"282550 Copper Oxides And Hydroxides","Asia - South","All Country Subcodes","All Rate Provisions","All Districts","2016","2700","2700","","","","","1"
"282550 Copper Oxides And Hydroxides","Asia - South","All Country Subcodes","All Rate Provisions","All Districts","2018","15140","15140","","","","","3"
"282550 Copper Oxides And Hydroxides","Asia - South","All Country Subcodes","All Rate Provisions","All Districts","2019","25620","25620","","","","","6"
"282550 Copper Oxides And Hydroxides","Asia - South","All Country Subcodes","All Rate Provisions","All Districts","2020","44640","44640","","","","","3"
"282580 Antimony Oxides","Asia - South","All Country Subcodes","All Rate Provisions","All Districts","2012","161223","161223","","","","","1"
"282580 Antimony Oxides","Asia - South","All Country Subcodes","All Rate Provisions","All Districts","2014","68015","68015","","","","","3"
"282580 Antimony Oxides","Asia - South","All Country Subcodes","All Rate Provisions","All Districts","2015","93831","93831","","","","","3"
"282580 Antimony Oxides","Asia - South","All Country Subcodes","All Rate Provisions","All Districts","2016","39000","39000","","","","","1"
"282580 Antimony Oxides","Asia - South","All Country Subcodes","All Rate Provisions","All Districts","2017","47450","47450","","","","","2"
"282580 Antimony Oxides","Asia - South","All Country Subcodes","All Rate Provisions","All Districts","2018","133375","133375","","","","","3"
"282580 Antimony Oxides","Asia - South","All Country Subcodes","All Rate Provisions","All Districts","2019","47250","47250","","","","","1"
"282580 Antimony Oxides","Asia - South","All Country Subcodes","All Rate Provisions","All Districts","2020","29939","29939","","","","","1"
"850511 Permanent Magnets Made Of Metal","Asia - South","All Country Subcodes","All Rate Provisions","All Districts","2011","680664","680664","","","","","85"
"850511 Permanent Magnets Made Of Metal","Asia - South","All Country Subcodes","All Rate Provisions","All Districts","2012","764161","764161","","","","","74"
"850511 Permanent Magnets Made Of Metal","Asia - South","All Country Subcodes","All Rate Provisions","All Districts","2013","560275","560275","","","","","66"
"850511 Permanent Magnets Made Of Metal","Asia - South","All Country Subcodes","All Rate Provisions","All Districts","2014","811523","811523","","","","","110"
"850511 Permanent Magnets Made Of Metal","Asia - South","All Country Subcodes","All Rate Provisions","All Districts","2015","719014","719014","","","","","111"
"850511 Permanent Magnets Made Of Metal","Asia - South","All Country Subcodes","All Rate Provisions","All Districts","2016","534668","534668","","","","","98"
"850511 Permanent Magnets Made Of Metal","Asia - South","All Country Subcodes","All Rate Provisions","All Districts","2017","1010761","1010761","","","","","127"
"850511 Permanent Magnets Made Of Metal","Asia - South","All Country Subcodes","All Rate Provisions","All Districts","2018","1303430","1303430","","","","","152"
"850511 Permanent Magnets Made Of Metal","Asia - South","All Country Subcodes","All Rate Provisions","All Districts","2019","1064004","1064004","","","","","143"
"850511 Permanent Magnets Made Of Metal","Asia - South","All Country Subcodes","All Rate Provisions","All Districts","2020","1151434","1143699","","","","","119"
"850650 Primary Cells And Batteries, Lithium","Asia - South","All Country Subcodes","All Rate Provisions","All Districts","2011","40367","40367","","","","","3"
"850650 Primary Cells And Batteries, Lithium","Asia - South","All Country Subcodes","All Rate Provisions","All Districts","2012","102388","102388","","","","","3"
"850650 Primary Cells And Batteries, Lithium","Asia - South","All Country Subcodes","All Rate Provisions","All Districts","2014","119612","119612","","","","","16"
"850650 Primary Cells And Batteries, Lithium","Asia - South","All Country Subcodes","All Rate Provisions","All Districts","2015","66628","66628","","","","","6"
"850650 Primary Cells And Batteries, Lithium","Asia - South","All Country Subcodes","All Rate Provisions","All Districts","2016","517196","517196","","","","","16"
"850650 Primary Cells And Batteries, Lithium","Asia - South","All Country Subcodes","All Rate Provisions","All Districts","2017","385855","380107","","","","","10"
"850650 Primary Cells And Batteries, Lithium","Asia - South","All Country Subcodes","All Rate Provisions","All Districts","2018","111508","111508","","","","","9"
"850650 Primary Cells And Batteries, Lithium","Asia - South","All Country Subcodes","All Rate Provisions","All Districts","2019","30183","30183","","","","","5"
"850650 Primary Cells And Batteries, Lithium","Asia - South","All Country Subcodes","All Rate Provisions","All Districts","2020","20827","20827","","","","","6"
"282520 Lithium Oxide And Hydroxide","APEC - Asia Pacific Economic Co-operation","All Country Subcodes","All Rate Provisions","All Districts","2017","27376876","27376876","","","","","90"
"282540 Nickel Oxides And Hydroxides","APEC - Asia Pacific Economic Co-operation","All Country Subcodes","All Rate Provisions","All Districts","2013","6325127","6325127","","","","","50"
"711049 Iridium, Osmium And Ruthenium, Semimanufactured","APEC - Asia Pacific Economic Co-operation","All Country Subcodes","All Rate Provisions","All Districts","2013","3027698","3027698","","","","","13"
"282520 Lithium Oxide And Hydroxide","APEC - Asia Pacific Economic Co-operation","All Country Subcodes","All Rate Provisions","All Districts","2019","16250054","16250054","","","","","62"
"711041 Iridium, Osmium And Ruthenium, Unwrought Or Powder","APEC - Asia Pacific Economic Co-operation","All Country Subcodes","All Rate Provisions","All Districts","2014","1028476","1028476","","","","","20"
"711041 Iridium, Osmium And Ruthenium, Unwrought Or Powder","APEC - Asia Pacific Economic Co-operation","All Country Subcodes","All Rate Provisions","All Districts","2016","224656","224656","","","","","4"
"711049 Iridium, Osmium And Ruthenium, Semimanufactured","APEC - Asia Pacific Economic Co-operation","All Country Subcodes","All Rate Provisions","All Districts","2018","3656698","3656698","","","","","33"
"711041 Iridium, Osmium And Ruthenium, Unwrought Or Powder","APEC - Asia Pacific Economic Co-operation","All Country Subcodes","All Rate Provisions","All Districts","2018","6171079","6171079","","","","","19"
"282540 Nickel Oxides And Hydroxides","APEC - Asia Pacific Economic Co-operation","All Country Subcodes","All Rate Provisions","All Districts","2018","8035919","8035919","","","","","65"
"282550 Copper Oxides And Hydroxides","APEC - Asia Pacific Economic Co-operation","All Country Subcodes","All Rate Provisions","All Districts","2016","12835095","12835095","","","","","116"
"711049 Iridium, Osmium And Ruthenium, Semimanufactured","APEC - Asia Pacific Economic Co-operation","All Country Subcodes","All Rate Provisions","All Districts","2019","4763042","4763042","","","","","25"
"282520 Lithium Oxide And Hydroxide","APEC - Asia Pacific Economic Co-operation","All Country Subcodes","All Rate Provisions","All Districts","2020","13441374","13441374","","","","","59"
"850511 Permanent Magnets Made Of Metal","APEC - Asia Pacific Economic Co-operation","All Country Subcodes","All Rate Provisions","All Districts","2015","243214499","235988782","","","","","13533"
"711041 Iridium, Osmium And Ruthenium, Unwrought Or Powder","APEC - Asia Pacific Economic Co-operation","All Country Subcodes","All Rate Provisions","All Districts","2015","260639","260639","","","","","5"
"282580 Antimony Oxides","APEC - Asia Pacific Economic Co-operation","All Country Subcodes","All Rate Provisions","All Districts","2015","80135717","80135717","","","","","466"
"850650 Primary Cells And Batteries, Lithium","APEC - Asia Pacific Economic Co-operation","All Country Subcodes","All Rate Provisions","All Districts","2012","192423938","194151463","","","","","7708"
"711041 Iridium, Osmium And Ruthenium, Unwrought Or Powder","APEC - Asia Pacific Economic Co-operation","All Country Subcodes","All Rate Provisions","All Districts","2013","453992","453992","","","","","7"
"711041 Iridium, Osmium And Ruthenium, Unwrought Or Powder","APEC - Asia Pacific Economic Co-operation","All Country Subcodes","All Rate Provisions","All Districts","2011","1960508","1960508","","","","","28"
"282540 Nickel Oxides And Hydroxides","APEC - Asia Pacific Economic Co-operation","All Country Subcodes","All Rate Provisions","All Districts","2020","6370285","6370285","","","","","48"
"282550 Copper Oxides And Hydroxides","APEC - Asia Pacific Economic Co-operation","All Country Subcodes","All Rate Provisions","All Districts","2018","12569096","12569096","","","","","114"
"711049 Iridium, Osmium And Ruthenium, Semimanufactured","APEC - Asia Pacific Economic Co-operation","All Country Subcodes","All Rate Provisions","All Districts","2016","3533479","3533479","","","","","41"
"711041 Iridium, Osmium And Ruthenium, Unwrought Or Powder","APEC - Asia Pacific Economic Co-operation","All Country Subcodes","All Rate Provisions","All Districts","2017","1662636","1662636","","","","","21"
"282540 Nickel Oxides And Hydroxides","APEC - Asia Pacific Economic Co-operation","All Country Subcodes","All Rate Provisions","All Districts","2015","4580791","4580791","","","","","42"
"850511 Permanent Magnets Made Of Metal","APEC - Asia Pacific Economic Co-operation","All Country Subcodes","All Rate Provisions","All Districts","2020","280611259","268666300","","","","","15122"
"850511 Permanent Magnets Made Of Metal","APEC - Asia Pacific Economic Co-operation","All Country Subcodes","All Rate Provisions","All Districts","2012","334359836","332533189","","","","","11981"
"850511 Permanent Magnets Made Of Metal","APEC - Asia Pacific Economic Co-operation","All Country Subcodes","All Rate Provisions","All Districts","2019","336094056","317955818","","","","","17264"
"282520 Lithium Oxide And Hydroxide","APEC - Asia Pacific Economic Co-operation","All Country Subcodes","All Rate Provisions","All Districts","2016","11398851","11398851","","","","","46"
"850650 Primary Cells And Batteries, Lithium","APEC - Asia Pacific Economic Co-operation","All Country Subcodes","All Rate Provisions","All Districts","2018","302811535","305714354","","","","","7330"
"282550 Copper Oxides And Hydroxides","APEC - Asia Pacific Economic Co-operation","All Country Subcodes","All Rate Provisions","All Districts","2011","14890470","14890470","","","","","103"
"850650 Primary Cells And Batteries, Lithium","APEC - Asia Pacific Economic Co-operation","All Country Subcodes","All Rate Provisions","All Districts","2016","228911136","227561585","","","","","8551"
"282540 Nickel Oxides And Hydroxides","APEC - Asia Pacific Economic Co-operation","All Country Subcodes","All Rate Provisions","All Districts","2017","10636086","10636086","","","","","84"
"711041 Iridium, Osmium And Ruthenium, Unwrought Or Powder","APEC - Asia Pacific Economic Co-operation","All Country Subcodes","All Rate Provisions","All Districts","2019","3535240","3535240","","","","","17"
"282550 Copper Oxides And Hydroxides","APEC - Asia Pacific Economic Co-operation","All Country Subcodes","All Rate Provisions","All Districts","2012","15264290","15264290","","","","","117"
"282550 Copper Oxides And Hydroxides","APEC - Asia Pacific Economic Co-operation","All Country Subcodes","All Rate Provisions","All Districts","2020","12232165","12232165","","","","","80"
"282520 Lithium Oxide And Hydroxide","APEC - Asia Pacific Economic Co-operation","All Country Subcodes","All Rate Provisions","All Districts","2011","7432887","7432887","","","","","42"
"282540 Nickel Oxides And Hydroxides","APEC - Asia Pacific Economic Co-operation","All Country Subcodes","All Rate Provisions","All Districts","2016","5946037","5946037","","","","","59"
"850650 Primary Cells And Batteries, Lithium","APEC - Asia Pacific Economic Co-operation","All Country Subcodes","All Rate Provisions","All Districts","2019","243275547","245420992","","","","","6437"
"850650 Primary Cells And Batteries, Lithium","APEC - Asia Pacific Economic Co-operation","All Country Subcodes","All Rate Provisions","All Districts","2014","243912062","243548218","","","","","7855"
"711049 Iridium, Osmium And Ruthenium, Semimanufactured","APEC - Asia Pacific Economic Co-operation","All Country Subcodes","All Rate Provisions","All Districts","2012","183304","183304","","","","","11"
"850511 Permanent Magnets Made Of Metal","APEC - Asia Pacific Economic Co-operation","All Country Subcodes","All Rate Provisions","All Districts","2013","276278520","275580225","","","","","11935"
"850511 Permanent Magnets Made Of Metal","APEC - Asia Pacific Economic Co-operation","All Country Subcodes","All Rate Provisions","All Districts","2016","240128901","226029509","","","","","14179"
"282550 Copper Oxides And Hydroxides","APEC - Asia Pacific Economic Co-operation","All Country Subcodes","All Rate Provisions","All Districts","2013","10925360","10925360","","","","","111"
"282580 Antimony Oxides","APEC - Asia Pacific Economic Co-operation","All Country Subcodes","All Rate Provisions","All Districts","2019","84365345","84612784","","","","","535"
"711049 Iridium, Osmium And Ruthenium, Semimanufactured","APEC - Asia Pacific Economic Co-operation","All Country Subcodes","All Rate Provisions","All Districts","2014","1520064","1520064","","","","","22"
"282520 Lithium Oxide And Hydroxide","APEC - Asia Pacific Economic Co-operation","All Country Subcodes","All Rate Provisions","All Districts","2015","13272599","13272599","","","","","78"
"282540 Nickel Oxides And Hydroxides","APEC - Asia Pacific Economic Co-operation","All Country Subcodes","All Rate Provisions","All Districts","2019","6997063","6997063","","","","","47"
"711041 Iridium, Osmium And Ruthenium, Unwrought Or Powder","APEC - Asia Pacific Economic Co-operation","All Country Subcodes","All Rate Provisions","All Districts","2020","9977974","9977974","","","","","27"
"282580 Antimony Oxides","APEC - Asia Pacific Economic Co-operation","All Country Subcodes","All Rate Provisions","All Districts","2016","71563621","71563621","","","","","509"
"282540 Nickel Oxides And Hydroxides","APEC - Asia Pacific Economic Co-operation","All Country Subcodes","All Rate Provisions","All Districts","2012","4915964","4915964","","","","","64"
"850650 Primary Cells And Batteries, Lithium","APEC - Asia Pacific Economic Co-operation","All Country Subcodes","All Rate Provisions","All Districts","2017","288031294","287507955","","","","","8345"
"711049 Iridium, Osmium And Ruthenium, Semimanufactured","APEC - Asia Pacific Economic Co-operation","All Country Subcodes","All Rate Provisions","All Districts","2020","4082933","4082933","","","","","31"
"282520 Lithium Oxide And Hydroxide","APEC - Asia Pacific Economic Co-operation","All Country Subcodes","All Rate Provisions","All Districts","2018","17991653","17991653","","","","","77"
"282540 Nickel Oxides And Hydroxides","APEC - Asia Pacific Economic Co-operation","All Country Subcodes","All Rate Provisions","All Districts","2011","4245925","4245925","","","","","38"
"850511 Permanent Magnets Made Of Metal","APEC - Asia Pacific Economic Co-operation","All Country Subcodes","All Rate Provisions","All Districts","2014","257798628","257516785","","","","","12790"
"282580 Antimony Oxides","APEC - Asia Pacific Economic Co-operation","All Country Subcodes","All Rate Provisions","All Districts","2018","113072802","113054649","","","","","545"
"850650 Primary Cells And Batteries, Lithium","APEC - Asia Pacific Economic Co-operation","All Country Subcodes","All Rate Provisions","All Districts","2015","225510613","224833197","","","","","8229"
"282580 Antimony Oxides","APEC - Asia Pacific Economic Co-operation","All Country Subcodes","All Rate Provisions","All Districts","2013","107123475","106943475","","","","","502"
"850511 Permanent Magnets Made Of Metal","APEC - Asia Pacific Economic Co-operation","All Country Subcodes","All Rate Provisions","All Districts","2017","263407274","245434916","","","","","16074"
"282580 Antimony Oxides","APEC - Asia Pacific Economic Co-operation","All Country Subcodes","All Rate Provisions","All Districts","2011","156185405","156185405","","","","","602"
"282520 Lithium Oxide And Hydroxide","APEC - Asia Pacific Economic Co-operation","All Country Subcodes","All Rate Provisions","All Districts","2013","6852926","6852926","","","","","36"
"282520 Lithium Oxide And Hydroxide","APEC - Asia Pacific Economic Co-operation","All Country Subcodes","All Rate Provisions","All Districts","2012","10229822","10229822","","","","","54"
"850650 Primary Cells And Batteries, Lithium","APEC - Asia Pacific Economic Co-operation","All Country Subcodes","All Rate Provisions","All Districts","2013","205578617","205583329","","","","","8042"
"850650 Primary Cells And Batteries, Lithium","APEC - Asia Pacific Economic Co-operation","All Country Subcodes","All Rate Provisions","All Districts","2020","231891645","234369941","","","","","6278"
"282550 Copper Oxides And Hydroxides","APEC - Asia Pacific Economic Co-operation","All Country Subcodes","All Rate Provisions","All Districts","2019","12407283","12407283","","","","","108"
"282580 Antimony Oxides","APEC - Asia Pacific Economic Co-operation","All Country Subcodes","All Rate Provisions","All Districts","2012","132074617","132074617","","","","","529"
"711049 Iridium, Osmium And Ruthenium, Semimanufactured","APEC - Asia Pacific Economic Co-operation","All Country Subcodes","All Rate Provisions","All Districts","2017","5528800","5528800","","","","","55"
"850511 Permanent Magnets Made Of Metal","APEC - Asia Pacific Economic Co-operation","All Country Subcodes","All Rate Provisions","All Districts","2018","342706323","324758985","","","","","17430"
"282580 Antimony Oxides","APEC - Asia Pacific Economic Co-operation","All Country Subcodes","All Rate Provisions","All Districts","2020","66098351","66136527","","","","","391"
"850511 Permanent Magnets Made Of Metal","APEC - Asia Pacific Economic Co-operation","All Country Subcodes","All Rate Provisions","All Districts","2011","303846851","298562345","","","","","12417"
"282550 Copper Oxides And Hydroxides","APEC - Asia Pacific Economic Co-operation","All Country Subcodes","All Rate Provisions","All Districts","2017","16700273","16700273","","","","","111"
"282580 Antimony Oxides","APEC - Asia Pacific Economic Co-operation","All Country Subcodes","All Rate Provisions","All Districts","2014","101989519","102169519","","","","","491"
"711049 Iridium, Osmium And Ruthenium, Semimanufactured","APEC - Asia Pacific Economic Co-operation","All Country Subcodes","All Rate Provisions","All Districts","2011","269141","269141","","","","","9"
"282580 Antimony Oxides","APEC - Asia Pacific Economic Co-operation","All Country Subcodes","All Rate Provisions","All Districts","2017","99880514","99880514","","","","","586"
"282550 Copper Oxides And Hydroxides","APEC - Asia Pacific Economic Co-operation","All Country Subcodes","All Rate Provisions","All Districts","2014","7508731","7508731","","","","","95"
"282550 Copper Oxides And Hydroxides","APEC - Asia Pacific Economic Co-operation","All Country Subcodes","All Rate Provisions","All Districts","2015","9947808","9947808","","","","","102"
"282540 Nickel Oxides And Hydroxides","APEC - Asia Pacific Economic Co-operation","All Country Subcodes","All Rate Provisions","All Districts","2014","6710729","6710729","","","","","45"
"711049 Iridium, Osmium And Ruthenium, Semimanufactured","APEC - Asia Pacific Economic Co-operation","All Country Subcodes","All Rate Provisions","All Districts","2015","4106142","4106142","","","","","36"
"850650 Primary Cells And Batteries, Lithium","APEC - Asia Pacific Economic Co-operation","All Country Subcodes","All Rate Provisions","All Districts","2011","189566864","187960079","","","","","7690"
"711041 Iridium, Osmium And Ruthenium, Unwrought Or Powder","APEC - Asia Pacific Economic Co-operation","All Country Subcodes","All Rate Provisions","All Districts","2012","1351911","1351911","","","","","22"
"282520 Lithium Oxide And Hydroxide","APEC - Asia Pacific Economic Co-operation","All Country Subcodes","All Rate Provisions","All Districts","2014","12044995","12044995","","","","","68"
"282540 Nickel Oxides And Hydroxides","ASEAN - Association of Southeast Asian Nations","All Country Subcodes","All Rate Provisions","All Districts","2011","760564","760564","","","","","2"
"282540 Nickel Oxides And Hydroxides","ASEAN - Association of Southeast Asian Nations","All Country Subcodes","All Rate Provisions","All Districts","2012","884145","884145","","","","","5"
"282540 Nickel Oxides And Hydroxides","ASEAN - Association of Southeast Asian Nations","All Country Subcodes","All Rate Provisions","All Districts","2013","3052782","3052782","","","","","18"
"282540 Nickel Oxides And Hydroxides","ASEAN - Association of Southeast Asian Nations","All Country Subcodes","All Rate Provisions","All Districts","2014","2370259","2370259","","","","","13"
"282540 Nickel Oxides And Hydroxides","ASEAN - Association of Southeast Asian Nations","All Country Subcodes","All Rate Provisions","All Districts","2015","1726603","1726603","","","","","10"
"282540 Nickel Oxides And Hydroxides","ASEAN - Association of Southeast Asian Nations","All Country Subcodes","All Rate Provisions","All Districts","2016","2376822","2376822","","","","","20"
"282540 Nickel Oxides And Hydroxides","ASEAN - Association of Southeast Asian Nations","All Country Subcodes","All Rate Provisions","All Districts","2017","3838018","3838018","","","","","31"
"282540 Nickel Oxides And Hydroxides","ASEAN - Association of Southeast Asian Nations","All Country Subcodes","All Rate Provisions","All Districts","2018","2235737","2235737","","","","","16"
"282540 Nickel Oxides And Hydroxides","ASEAN - Association of Southeast Asian Nations","All Country Subcodes","All Rate Provisions","All Districts","2019","2095330","2095330","","","","","16"
"282540 Nickel Oxides And Hydroxides","ASEAN - Association of Southeast Asian Nations","All Country Subcodes","All Rate Provisions","All Districts","2020","2125150","2125150","","","","","17"
"282550 Copper Oxides And Hydroxides","ASEAN - Association of Southeast Asian Nations","All Country Subcodes","All Rate Provisions","All Districts","2012","33750","33750","","","","","1"
"282550 Copper Oxides And Hydroxides","ASEAN - Association of Southeast Asian Nations","All Country Subcodes","All Rate Provisions","All Districts","2013","178600","178600","","","","","5"
"282550 Copper Oxides And Hydroxides","ASEAN - Association of Southeast Asian Nations","All Country Subcodes","All Rate Provisions","All Districts","2014","411472","411472","","","","","5"
"282550 Copper Oxides And Hydroxides","ASEAN - Association of Southeast Asian Nations","All Country Subcodes","All Rate Provisions","All Districts","2015","385776","385776","","","","","3"
"282550 Copper Oxides And Hydroxides","ASEAN - Association of Southeast Asian Nations","All Country Subcodes","All Rate Provisions","All Districts","2016","432000","432000","","","","","4"
"282550 Copper Oxides And Hydroxides","ASEAN - Association of Southeast Asian Nations","All Country Subcodes","All Rate Provisions","All Districts","2017","886306","886306","","","","","9"
"282550 Copper Oxides And Hydroxides","ASEAN - Association of Southeast Asian Nations","All Country Subcodes","All Rate Provisions","All Districts","2018","346620","346620","","","","","3"
"282550 Copper Oxides And Hydroxides","ASEAN - Association of Southeast Asian Nations","All Country Subcodes","All Rate Provisions","All Districts","2019","456225","456225","","","","","5"
"282580 Antimony Oxides","ASEAN - Association of Southeast Asian Nations","All Country Subcodes","All Rate Provisions","All Districts","2011","2344000","2344000","","","","","6"
"282580 Antimony Oxides","ASEAN - Association of Southeast Asian Nations","All Country Subcodes","All Rate Provisions","All Districts","2012","945943","945943","","","","","8"
"282580 Antimony Oxides","ASEAN - Association of Southeast Asian Nations","All Country Subcodes","All Rate Provisions","All Districts","2013","5000000","5000000","","","","","31"
"282580 Antimony Oxides","ASEAN - Association of Southeast Asian Nations","All Country Subcodes","All Rate Provisions","All Districts","2014","5800000","5800000","","","","","35"
"282580 Antimony Oxides","ASEAN - Association of Southeast Asian Nations","All Country Subcodes","All Rate Provisions","All Districts","2015","7740000","7740000","","","","","43"
"282580 Antimony Oxides","ASEAN - Association of Southeast Asian Nations","All Country Subcodes","All Rate Provisions","All Districts","2016","3240000","3240000","","","","","22"
"282580 Antimony Oxides","ASEAN - Association of Southeast Asian Nations","All Country Subcodes","All Rate Provisions","All Districts","2017","6854329","6854329","","","","","52"
"282580 Antimony Oxides","ASEAN - Association of Southeast Asian Nations","All Country Subcodes","All Rate Provisions","All Districts","2018","5340000","5340000","","","","","46"
"282580 Antimony Oxides","ASEAN - Association of Southeast Asian Nations","All Country Subcodes","All Rate Provisions","All Districts","2019","847303","847303","","","","","8"
"711041 Iridium, Osmium And Ruthenium, Unwrought Or Powder","ASEAN - Association of Southeast Asian Nations","All Country Subcodes","All Rate Provisions","All Districts","2011","9150","9150","","","","","1"
"711041 Iridium, Osmium And Ruthenium, Unwrought Or Powder","ASEAN - Association of Southeast Asian Nations","All Country Subcodes","All Rate Provisions","All Districts","2012","2248","2248","","","","","1"
"711041 Iridium, Osmium And Ruthenium, Unwrought Or Powder","ASEAN - Association of Southeast Asian Nations","All Country Subcodes","All Rate Provisions","All Districts","2013","43784","43784","","","","","2"
"711041 Iridium, Osmium And Ruthenium, Unwrought Or Powder","ASEAN - Association of Southeast Asian Nations","All Country Subcodes","All Rate Provisions","All Districts","2014","78572","78572","","","","","4"
"711041 Iridium, Osmium And Ruthenium, Unwrought Or Powder","ASEAN - Association of Southeast Asian Nations","All Country Subcodes","All Rate Provisions","All Districts","2017","34043","34043","","","","","1"
"711049 Iridium, Osmium And Ruthenium, Semimanufactured","ASEAN - Association of Southeast Asian Nations","All Country Subcodes","All Rate Provisions","All Districts","2011","32497","32497","","","","","1"
"711049 Iridium, Osmium And Ruthenium, Semimanufactured","ASEAN - Association of Southeast Asian Nations","All Country Subcodes","All Rate Provisions","All Districts","2014","75618","75618","","","","","3"
"711049 Iridium, Osmium And Ruthenium, Semimanufactured","ASEAN - Association of Southeast Asian Nations","All Country Subcodes","All Rate Provisions","All Districts","2015","162942","162942","","","","","1"
"711049 Iridium, Osmium And Ruthenium, Semimanufactured","ASEAN - Association of Southeast Asian Nations","All Country Subcodes","All Rate Provisions","All Districts","2016","115469","115469","","","","","2"
"711049 Iridium, Osmium And Ruthenium, Semimanufactured","ASEAN - Association of Southeast Asian Nations","All Country Subcodes","All Rate Provisions","All Districts","2017","3241","3241","","","","","1"
"711049 Iridium, Osmium And Ruthenium, Semimanufactured","ASEAN - Association of Southeast Asian Nations","All Country Subcodes","All Rate Provisions","All Districts","2018","3020","3020","","","","","1"
"850511 Permanent Magnets Made Of Metal","ASEAN - Association of Southeast Asian Nations","All Country Subcodes","All Rate Provisions","All Districts","2011","25935662","25929827","","","","","572"
"850511 Permanent Magnets Made Of Metal","ASEAN - Association of Southeast Asian Nations","All Country Subcodes","All Rate Provisions","All Districts","2012","36855546","36855546","","","","","508"
"850511 Permanent Magnets Made Of Metal","ASEAN - Association of Southeast Asian Nations","All Country Subcodes","All Rate Provisions","All Districts","2013","18330536","18302708","","","","","445"
"850511 Permanent Magnets Made Of Metal","ASEAN - Association of Southeast Asian Nations","All Country Subcodes","All Rate Provisions","All Districts","2014","36496859","36496859","","","","","504"
"850511 Permanent Magnets Made Of Metal","ASEAN - Association of Southeast Asian Nations","All Country Subcodes","All Rate Provisions","All Districts","2015","30450062","30450062","","","","","563"
"850511 Permanent Magnets Made Of Metal","ASEAN - Association of Southeast Asian Nations","All Country Subcodes","All Rate Provisions","All Districts","2016","22810507","22804805","","","","","544"
"850511 Permanent Magnets Made Of Metal","ASEAN - Association of Southeast Asian Nations","All Country Subcodes","All Rate Provisions","All Districts","2017","24293461","24297740","","","","","651"
"850511 Permanent Magnets Made Of Metal","ASEAN - Association of Southeast Asian Nations","All Country Subcodes","All Rate Provisions","All Districts","2018","28561212","28545814","","","","","573"
"850511 Permanent Magnets Made Of Metal","ASEAN - Association of Southeast Asian Nations","All Country Subcodes","All Rate Provisions","All Districts","2019","25829747","25829747","","","","","332"
"850511 Permanent Magnets Made Of Metal","ASEAN - Association of Southeast Asian Nations","All Country Subcodes","All Rate Provisions","All Districts","2020","14939536","14939536","","","","","323"
"850650 Primary Cells And Batteries, Lithium","ASEAN - Association of Southeast Asian Nations","All Country Subcodes","All Rate Provisions","All Districts","2011","16163549","16119710","","","","","1192"
"850650 Primary Cells And Batteries, Lithium","ASEAN - Association of Southeast Asian Nations","All Country Subcodes","All Rate Provisions","All Districts","2012","37486746","37434890","","","","","1628"
"850650 Primary Cells And Batteries, Lithium","ASEAN - Association of Southeast Asian Nations","All Country Subcodes","All Rate Provisions","All Districts","2013","50269181","50258926","","","","","1956"
"850650 Primary Cells And Batteries, Lithium","ASEAN - Association of Southeast Asian Nations","All Country Subcodes","All Rate Provisions","All Districts","2014","80791839","80770750","","","","","2081"
"850650 Primary Cells And Batteries, Lithium","ASEAN - Association of Southeast Asian Nations","All Country Subcodes","All Rate Provisions","All Districts","2015","82390451","82259145","","","","","2159"
"850650 Primary Cells And Batteries, Lithium","ASEAN - Association of Southeast Asian Nations","All Country Subcodes","All Rate Provisions","All Districts","2016","67550676","67138881","","","","","2135"
"850650 Primary Cells And Batteries, Lithium","ASEAN - Association of Southeast Asian Nations","All Country Subcodes","All Rate Provisions","All Districts","2017","93039052","93450826","","","","","1471"
"850650 Primary Cells And Batteries, Lithium","ASEAN - Association of Southeast Asian Nations","All Country Subcodes","All Rate Provisions","All Districts","2018","116782923","119973706","","","","","1642"
"850650 Primary Cells And Batteries, Lithium","ASEAN - Association of Southeast Asian Nations","All Country Subcodes","All Rate Provisions","All Districts","2019","96666016","98865862","","","","","1722"
"850650 Primary Cells And Batteries, Lithium","ASEAN - Association of Southeast Asian Nations","All Country Subcodes","All Rate Provisions","All Districts","2020","91839865","94245385","","","","","1784"
"2615906090 Vanadium Ores And Concentrates (kg)","APEC - Asia Pacific Economic Co-operation","All Country Subcodes","All Rate Provisions","All Districts","2011","2849","2849","41","41","10","10","1"
"2615906090 Vanadium Ores And Concentrates (kg)","APEC - Asia Pacific Economic Co-operation","All Country Subcodes","All Rate Provisions","All Districts","2017","281843","281843","3361","3361","2016","2016","14"
"2615906090 Vanadium Ores And Concentrates (kg)","APEC - Asia Pacific Economic Co-operation","All Country Subcodes","All Rate Provisions","All Districts","2018","8449155","8449155","2020300","2020300","590484","590484","55"
"2615906090 Vanadium Ores And Concentrates (kg)","APEC - Asia Pacific Economic Co-operation","All Country Subcodes","All Rate Provisions","All Districts","2019","7075744","7075744","95414","95414","54689","54689","275"
"2615906090 Vanadium Ores And Concentrates (kg)","APEC - Asia Pacific Economic Co-operation","All Country Subcodes","All Rate Provisions","All Districts","2020","560763","560763","6773","6773","3764","3764","90"