Commodities,Countries,Country Subcode,Rate Provision,District,Time,Customs Value (Gen) ($US) (Default Member),Customs Value (Cons) ($US),Dutiable Value ($US),CIF Value (Gen) ($US),CIF Value (Cons) ($US),Calculated Duty($US),Quantity 1 (Gen),Quantity 1 (Cons),Quantity 2 (Gen),Quantity 2 (Cons),Customs Unit Value (Gen),Customs Unit Value (Cons),Card Count
"76 Aluminum And Articles Thereof","Indonesia","All Country Subcodes","All Rate Provisions","All Districts","2021","153118723","153414141","31492987","172795772","173077182","2414028","","","","","","","4027"
"75 Nickel And Articles Thereof","Vietnam","All Country Subcodes","All Rate Provisions","All Districts","2024","509829","520539","257841","518934","530873","7636","","","","","","","19"
"80 Tin And Articles Thereof","Indonesia","All Country Subcodes","All Rate Provisions","All Districts","2024","54889072","54889072","9330","55337455","55337455","260","","","","","","","60"
"74 Copper And Articles Thereof","Philippines","All Country Subcodes","All Rate Provisions","All Districts","2023","1036715","1035705","719787","1079127","1078028","20921","","","","","","","69"
"76 Aluminum And Articles Thereof","Japan","All Country Subcodes","All Rate Provisions","All Districts","2021","296967910","244775805","238535985","325371416","272220427","17710362","","","","","","","6436"
"75 Nickel And Articles Thereof","Japan","All Country Subcodes","All Rate Provisions","All Districts","2023","244851523","251311500","153721553","247048464","253919478","4229471","","","","","","","1475"
"76 Aluminum And Articles Thereof","Hong Kong","All Country Subcodes","All Rate Provisions","All Districts","2024","9288397","9351807","9351807","9787368","9850663","992226","","","","","","","414"
"75 Nickel And Articles Thereof","Thailand","All Country Subcodes","All Rate Provisions","All Districts","2021","35196","35196","20316","39931","39931","553","","","","","","","5"
"80 Tin And Articles Thereof","Hong Kong","All Country Subcodes","All Rate Provisions","All Districts","2024","68219","68219","68219","73728","73728","1765","","","","","","","6"
"76 Aluminum And Articles Thereof","Philippines","All Country Subcodes","All Rate Provisions","All Districts","2023","15699096","15689958","12402308","16001329","15991291","687353","","","","","","","243"
"80 Tin And Articles Thereof","Indonesia","All Country Subcodes","All Rate Provisions","All Districts","2022","173867405","176831278","2622","175907954","178917007","55","","","","","","","112"
"75 Nickel And Articles Thereof","Japan","All Country Subcodes","All Rate Provisions","All Districts","2025 through June","103701798","107421002","76923825","104857150","108817292","4881994","","","","","","","900"
"74 Copper And Articles Thereof","Thailand","All Country Subcodes","All Rate Provisions","All Districts","2023","226933677","226718846","174925392","232439328","232220273","3465587","","","","","","","3827"
"75 Nickel And Articles Thereof","Malaysia","All Country Subcodes","All Rate Provisions","All Districts","2025 through June","8339738","8460874","7327297","8448299","8574549","259439","","","","","","","232"
"76 Aluminum And Articles Thereof","Hong Kong","All Country Subcodes","All Rate Provisions","All Districts","2023","5246742","5390880","5387305","5539552","5680437","514617","","","","","","","260"
"76 Aluminum And Articles Thereof","Vietnam","All Country Subcodes","All Rate Provisions","All Districts","2023","436191130","435828365","434877522","458953813","458588366","17793000","","","","","","","17448"
"80 Tin And Articles Thereof","Japan","All Country Subcodes","All Rate Provisions","All Districts","2024","21681809","21425217","17028732","21885129","21622896","482105","","","","","","","485"
"76 Aluminum And Articles Thereof","Singapore","All Country Subcodes","All Rate Provisions","All Districts","2023","12359475","12351220","4390707","13013257","13005002","179632","","","","","","","631"
"75 Nickel And Articles Thereof","Singapore","All Country Subcodes","All Rate Provisions","All Districts","2022","24106276","24105610","1871280","24504618","24503918","55529","","","","","","","235"
"74 Copper And Articles Thereof","Singapore","All Country Subcodes","All Rate Provisions","All Districts","2023","20526280","20539390","1057169","21846832","21860112","31365","","","","","","","517"
"75 Nickel And Articles Thereof","Singapore","All Country Subcodes","All Rate Provisions","All Districts","2024","32604998","32625344","4184527","32968565","32988866","122468","","","","","","","333"
"74 Copper And Articles Thereof","Vietnam","All Country Subcodes","All Rate Provisions","All Districts","2023","74108485","72991015","67990120","75583497","74467108","1950605","","","","","","","1851"
"74 Copper And Articles Thereof","Thailand","All Country Subcodes","All Rate Provisions","All Districts","2021","236742496","236800326","135728479","244907836","244965757","2733408","","","","","","","3636"
"74 Copper And Articles Thereof","Taiwan","All Country Subcodes","All Rate Provisions","All Districts","2022","321923940","321831607","254115711","333663592","333537632","6566059","","","","","","","17268"
"76 Aluminum And Articles Thereof","Burma","All Country Subcodes","All Rate Provisions","All Districts","2021","8670134","8670134","4009651","9620852","9620852","187323","","","","","","","299"
"74 Copper And Articles Thereof","Philippines","All Country Subcodes","All Rate Provisions","All Districts","2021","2337104","2330388","274971","2424305","2417427","7318","","","","","","","165"
"75 Nickel And Articles Thereof","Indonesia","All Country Subcodes","All Rate Provisions","All Districts","2024","29144706","29144706","13332444","29315364","29315364","399761","","","","","","","271"
"76 Aluminum And Articles Thereof","Thailand","All Country Subcodes","All Rate Provisions","All Districts","2023","356218259","352966091","322200127","380078430","376903066","15153081","","","","","","","6061"
"75 Nickel And Articles Thereof","Vietnam","All Country Subcodes","All Rate Provisions","All Districts","2021","84328","88722","79170","92506","96675","2366","","","","","","","31"
"75 Nickel And Articles Thereof","Vietnam","All Country Subcodes","All Rate Provisions","All Districts","2025 through June","1217462","1160252","470171","1241781","1183021","33499","","","","","","","17"
"74 Copper And Articles Thereof","Taiwan","All Country Subcodes","All Rate Provisions","All Districts","2023","226881075","227345795","180338392","233306143","233868099","4377358","","","","","","","12097"
"76 Aluminum And Articles Thereof","Indonesia","All Country Subcodes","All Rate Provisions","All Districts","2025 through June","57374702","72657635","57758896","61464541","77232507","12374947","","","","","","","2199"
"75 Nickel And Articles Thereof","Hong Kong","All Country Subcodes","All Rate Provisions","All Districts","2021","47985","47985","47985","51387","51387","1281","","","","","","","6"
"76 Aluminum And Articles Thereof","Indonesia","All Country Subcodes","All Rate Provisions","All Districts","2024","104262613","104263255","57669736","111082161","111089267","4274796","","","","","","","3511"
"75 Nickel And Articles Thereof","Korea, South","All Country Subcodes","All Rate Provisions","All Districts","2023","21236248","20881925","6242369","21780135","21426194","168064","","","","","","","524"
"75 Nickel And Articles Thereof","Indonesia","All Country Subcodes","All Rate Provisions","All Districts","2022","10493912","10493912","10080036","10576761","10576761","302405","","","","","","","177"
"76 Aluminum And Articles Thereof","Japan","All Country Subcodes","All Rate Provisions","All Districts","2022","364454101","300912316","300731061","401172376","336922027","22202686","","","","","","","8447"
"74 Copper And Articles Thereof","Japan","All Country Subcodes","All Rate Provisions","All Districts","2023","187959691","181810480","121164185","193442511","187220525","2566050","","","","","","","4267"
"74 Copper And Articles Thereof","Thailand","All Country Subcodes","All Rate Provisions","All Districts","2022","355559872","355228404","234498348","369759173","369410007","4568074","","","","","","","5210"
"80 Tin And Articles Thereof","Thailand","All Country Subcodes","All Rate Provisions","All Districts","2024","16307891","16307891","108179","16394624","16394624","2334","","","","","","","65"
"76 Aluminum And Articles Thereof","Malaysia","All Country Subcodes","All Rate Provisions","All Districts","2023","124550471","124500154","124284162","132022498","131970366","7902959","","","","","","","3449"
"80 Tin And Articles Thereof","Malaysia","All Country Subcodes","All Rate Provisions","All Districts","2023","54087113","52444613","212206","54306547","52656547","4859","","","","","","","74"
"76 Aluminum And Articles Thereof","Japan","All Country Subcodes","All Rate Provisions","All Districts","2025 through June","69542353","57128311","55832392","72072923","59694819","12006515","","","","","","","2144"
"80 Tin And Articles Thereof","Japan","All Country Subcodes","All Rate Provisions","All Districts","2021","20386624","19788847","17809050","20496602","19904922","516485","","","","","","","373"
"74 Copper And Articles Thereof","Malaysia","All Country Subcodes","All Rate Provisions","All Districts","2023","35265249","35265249","32286396","36590456","36590456","493887","","","","","","","667"
"80 Tin And Articles Thereof","Taiwan","All Country Subcodes","All Rate Provisions","All Districts","2021","770663","770663","651470","845504","845504","15328","","","","","","","57"
"74 Copper And Articles Thereof","Macau","All Country Subcodes","All Rate Provisions","All Districts","2025 through June","52838","52838","52838","53326","53326","1162","","","","","","","1"
"80 Tin And Articles Thereof","Malaysia","All Country Subcodes","All Rate Provisions","All Districts","2024","13854169","13854169","56654","13928232","13928232","1454","","","","","","","26"
"74 Copper And Articles Thereof","Singapore","All Country Subcodes","All Rate Provisions","All Districts","2025 through June","9693039","9693039","558174","10526771","10526771","24377","","","","","","","245"
"80 Tin And Articles Thereof","Japan","All Country Subcodes","All Rate Provisions","All Districts","2023","24104507","23977023","21020299","24320299","24189627","602100","","","","","","","537"
"75 Nickel And Articles Thereof","Indonesia","All Country Subcodes","All Rate Provisions","All Districts","2021","8736979","8736979","7325088","9054193","9054193","219755","","","","","","","227"
"80 Tin And Articles Thereof","Hong Kong","All Country Subcodes","All Rate Provisions","All Districts","2021","287684","287684","287684","310991","310991","6038","","","","","","","21"
"76 Aluminum And Articles Thereof","Malaysia","All Country Subcodes","All Rate Provisions","All Districts","2021","180308514","180379767","178996801","203873901","203957157","11353131","","","","","","","6527"
"75 Nickel And Articles Thereof","Korea, South","All Country Subcodes","All Rate Provisions","All Districts","2025 through June","15691176","14593862","6723522","16666654","15556085","604547","","","","","","","255"
"74 Copper And Articles Thereof","Philippines","All Country Subcodes","All Rate Provisions","All Districts","2022","1326898","1327497","788563","1466688","1467294","23660","","","","","","","115"
"80 Tin And Articles Thereof","Korea, South","All Country Subcodes","All Rate Provisions","All Districts","2025 through June","725428","725428","10751","726537","726537","302","","","","","","","6"
"76 Aluminum And Articles Thereof","Burma","All Country Subcodes","All Rate Provisions","All Districts","2024","90990","90990","90990","93690","93690","2821","","","","","","","1"
"75 Nickel And Articles Thereof","Thailand","All Country Subcodes","All Rate Provisions","All Districts","2025 through June","277582","253268","24868","281222","256349","747","","","","","","","20"
"76 Aluminum And Articles Thereof","Brunei","All Country Subcodes","All Rate Provisions","All Districts","2024","862607","862607","862607","993085","993085","49170","","","","","","","12"
"74 Copper And Articles Thereof","Japan","All Country Subcodes","All Rate Provisions","All Districts","2022","235985976","228234524","148193265","245298687","237452322","3278382","","","","","","","5295"
"76 Aluminum And Articles Thereof","Cambodia","All Country Subcodes","All Rate Provisions","All Districts","2022","9884728","9880425","674994","10459524","10455165","17529","","","","","","","1894"
"75 Nickel And Articles Thereof","Taiwan","All Country Subcodes","All Rate Provisions","All Districts","2024","71327383","70838625","69004878","72219126","75493901","2064718","","","","","","","2882"
"75 Nickel And Articles Thereof","Thailand","All Country Subcodes","All Rate Provisions","All Districts","2022","43654","43654","43654","46099","46099","1196","","","","","","","5"
"76 Aluminum And Articles Thereof","Singapore","All Country Subcodes","All Rate Provisions","All Districts","2024","10993458","11163648","4425177","12062004","12232352","170746","","","","","","","577"
"76 Aluminum And Articles Thereof","Malaysia","All Country Subcodes","All Rate Provisions","All Districts","2025 through June","73163153","73116728","72992023","77577471","77530497","15090595","","","","","","","1798"
"76 Aluminum And Articles Thereof","Philippines","All Country Subcodes","All Rate Provisions","All Districts","2024","15147503","15136991","13763045","15643955","15633442","755966","","","","","","","319"
"76 Aluminum And Articles Thereof","Korea, South","All Country Subcodes","All Rate Provisions","All Districts","2023","622068285","614619226","257920862","643824437","636238796","24686660","","","","","","","10089"
"75 Nickel And Articles Thereof","Vietnam","All Country Subcodes","All Rate Provisions","All Districts","2022","134628","150030","142328","140050","155597","4275","","","","","","","32"
"74 Copper And Articles Thereof","Indonesia","All Country Subcodes","All Rate Provisions","All Districts","2021","24072482","24072482","2353372","25719607","25719607","67783","","","","","","","1263"
"80 Tin And Articles Thereof","Vietnam","All Country Subcodes","All Rate Provisions","All Districts","2021","656909","656909","645290","783900","783900","13635","","","","","","","43"
"76 Aluminum And Articles Thereof","Taiwan","All Country Subcodes","All Rate Provisions","All Districts","2022","310753795","309599621","304274526","333490955","332312074","16066353","","","","","","","15594"
"75 Nickel And Articles Thereof","Malaysia","All Country Subcodes","All Rate Provisions","All Districts","2022","6742148","6494308","5675096","6841710","6581812","168036","","","","","","","259"
"80 Tin And Articles Thereof","Vietnam","All Country Subcodes","All Rate Provisions","All Districts","2023","337368","337368","337368","401776","401776","7469","","","","","","","21"
"74 Copper And Articles Thereof","Japan","All Country Subcodes","All Rate Provisions","All Districts","2024","187013848","192251906","132987389","191259975","196502959","2806624","","","","","","","4450"
"76 Aluminum And Articles Thereof","Philippines","All Country Subcodes","All Rate Provisions","All Districts","2022","9544684","9524554","5839034","10402044","10381014","326043","","","","","","","368"
"80 Tin And Articles Thereof","Hong Kong","All Country Subcodes","All Rate Provisions","All Districts","2022","29232","29232","29232","30338","30338","613","","","","","","","5"
"80 Tin And Articles Thereof","Vietnam","All Country Subcodes","All Rate Provisions","All Districts","2024","317381","317381","317381","402998","402998","6804","","","","","","","28"
"76 Aluminum And Articles Thereof","Hong Kong","All Country Subcodes","All Rate Provisions","All Districts","2021","18731854","18339467","18321547","20317498","19842527","1991653","","","","","","","1295"
"76 Aluminum And Articles Thereof","Cambodia","All Country Subcodes","All Rate Provisions","All Districts","2025 through June","17416813","17416813","8165442","19236853","19236853","1495420","","","","","","","863"
"80 Tin And Articles Thereof","Malaysia","All Country Subcodes","All Rate Provisions","All Districts","2022","36078607","36078607","298071","36582648","36582648","6943","","","","","","","66"
"76 Aluminum And Articles Thereof","Korea, South","All Country Subcodes","All Rate Provisions","All Districts","2025 through June","595779558","604173756","497711615","620526023","629153411","114517985","","","","","","","6634"
"74 Copper And Articles Thereof","Indonesia","All Country Subcodes","All Rate Provisions","All Districts","2022","31498910","31498910","6756642","33181868","33181868","192450","","","","","","","1545"
"74 Copper And Articles Thereof","Korea, South","All Country Subcodes","All Rate Provisions","All Districts","2024","594568582","593123683","25331270","604816975","603381000","506258","","","","","","","14714"
"80 Tin And Articles Thereof","Thailand","All Country Subcodes","All Rate Provisions","All Districts","2021","11407128","11407128","1117688","11492763","11492763","30888","","","","","","","59"
"76 Aluminum And Articles Thereof","Cambodia","All Country Subcodes","All Rate Provisions","All Districts","2023","7838097","7881732","1080741","8191121","8235322","28138","","","","","","","1393"
"80 Tin And Articles Thereof","Philippines","All Country Subcodes","All Rate Provisions","All Districts","2022","117876","117876","13276","131875","131875","355","","","","","","","9"
"80 Tin And Articles Thereof","Singapore","All Country Subcodes","All Rate Provisions","All Districts","2021","5478","5478","5478","5593","5593","131","","","","","","","1"
"76 Aluminum And Articles Thereof","Brunei","All Country Subcodes","All Rate Provisions","All Districts","2025 through June","1094373","1094373","1094373","1265486","1265486","173279","","","","","","","14"
"75 Nickel And Articles Thereof","Indonesia","All Country Subcodes","All Rate Provisions","All Districts","2023","12054303","12054303","11776991","12135451","12135451","353303","","","","","","","224"
"80 Tin And Articles Thereof","Thailand","All Country Subcodes","All Rate Provisions","All Districts","2022","13766570","13766570","3365319","13891480","13891480","94063","","","","","","","56"
"74 Copper And Articles Thereof","Hong Kong","All Country Subcodes","All Rate Provisions","All Districts","2022","4568404","4568404","4346272","4836885","4836885","103236","","","","","","","139"
"80 Tin And Articles Thereof","Indonesia","All Country Subcodes","All Rate Provisions","All Districts","2021","250398216","240663896","0","253274326","243520157","0","","","","","","","150"
"80 Tin And Articles Thereof","Vietnam","All Country Subcodes","All Rate Provisions","All Districts","2022","413983","413983","413983","529427","529427","8695","","","","","","","23"
"76 Aluminum And Articles Thereof","Vietnam","All Country Subcodes","All Rate Provisions","All Districts","2024","483487452","483344414","482164179","509385728","509239947","21477293","","","","","","","18639"
"76 Aluminum And Articles Thereof","Mongolia","All Country Subcodes","All Rate Provisions","All Districts","2023","30948","30948","0","31098","31098","0","","","","","","","1"
"74 Copper And Articles Thereof","Korea, South","All Country Subcodes","All Rate Provisions","All Districts","2022","592306181","591122722","30398715","609902455","608683376","651353","","","","","","","6263"
"80 Tin And Articles Thereof","Korea, South","All Country Subcodes","All Rate Provisions","All Districts","2023","1136952","1136952","23303","1169914","1169914","601","","","","","","","26"
"76 Aluminum And Articles Thereof","Indonesia","All Country Subcodes","All Rate Provisions","All Districts","2023","144547330","144338381","42828266","152716949","152484960","3167763","","","","","","","3298"
"74 Copper And Articles Thereof","Cambodia","All Country Subcodes","All Rate Provisions","All Districts","2021","17378","17378","11481","18921","18921","172","","","","","","","3"
"76 Aluminum And Articles Thereof","Vietnam","All Country Subcodes","All Rate Provisions","All Districts","2022","550309381","549844048","547351109","586306006","585835512","23130864","","","","","","","18423"
"75 Nickel And Articles Thereof","Japan","All Country Subcodes","All Rate Provisions","All Districts","2022","145589592","149050603","105800272","147550505","151161291","3026233","","","","","","","1527"
"74 Copper And Articles Thereof","Macau","All Country Subcodes","All Rate Provisions","All Districts","2023","3000","3000","3000","3450","3450","66","","","","","","","1"
"76 Aluminum And Articles Thereof","Singapore","All Country Subcodes","All Rate Provisions","All Districts","2022","21289845","21268523","12202153","24028204","24006890","690160","","","","","","","868"
"80 Tin And Articles Thereof","Korea, South","All Country Subcodes","All Rate Provisions","All Districts","2022","936081","936081","0","977056","977056","0","","","","","","","34"
"76 Aluminum And Articles Thereof","Korea, South","All Country Subcodes","All Rate Provisions","All Districts","2024","922503833","899834744","384852013","976056187","952323761","37823518","","","","","","","13526"
"74 Copper And Articles Thereof","Hong Kong","All Country Subcodes","All Rate Provisions","All Districts","2025 through June","1864313","1732295","1732295","1950410","1818392","404847","","","","","","","71"
"80 Tin And Articles Thereof","Thailand","All Country Subcodes","All Rate Provisions","All Districts","2025 through June","11063676","11063676","54860","11154371","11154371","1798","","","","","","","31"
"76 Aluminum And Articles Thereof","Thailand","All Country Subcodes","All Rate Provisions","All Districts","2024","457366697","451255297","431517091","482330713","476123146","27078032","","","","","","","6820"
"80 Tin And Articles Thereof","Hong Kong","All Country Subcodes","All Rate Provisions","All Districts","2025 through June","40572","40572","40572","43751","43751","2932","","","","","","","2"
"80 Tin And Articles Thereof","Korea, South","All Country Subcodes","All Rate Provisions","All Districts","2021","2458492","2458492","7100","2497110","2497110","199","","","","","","","36"
"75 Nickel And Articles Thereof","Philippines","All Country Subcodes","All Rate Provisions","All Districts","2021","17701","17701","17701","19001","19001","490","","","","","","","2"
"74 Copper And Articles Thereof","Cambodia","All Country Subcodes","All Rate Provisions","All Districts","2024","39572","37466","0","40152","38045","0","","","","","","","11"
"76 Aluminum And Articles Thereof","Taiwan","All Country Subcodes","All Rate Provisions","All Districts","2023","221634852","221474161","216929359","230229972","230068277","11664206","","","","","","","11183"
"80 Tin And Articles Thereof","Philippines","All Country Subcodes","All Rate Provisions","All Districts","2023","37146","37146","0","41139","41139","0","","","","","","","2"
"76 Aluminum And Articles Thereof","Vietnam","All Country Subcodes","All Rate Provisions","All Districts","2025 through June","239004848","239199610","235654992","252275130","252471952","51398082","","","","","","","9732"
"76 Aluminum And Articles Thereof","Thailand","All Country Subcodes","All Rate Provisions","All Districts","2022","880145630","854915388","808774127","957048576","929622825","38519887","","","","","","","9544"
"75 Nickel And Articles Thereof","Japan","All Country Subcodes","All Rate Provisions","All Districts","2024","212525150","215004538","142940243","214618009","218660993","3978888","","","","","","","1600"
"75 Nickel And Articles Thereof","Cambodia","All Country Subcodes","All Rate Provisions","All Districts","2022","5869","5869","0","6293","6293","0","","","","","","","1"
"76 Aluminum And Articles Thereof","Indonesia","All Country Subcodes","All Rate Provisions","All Districts","2022","196109070","196062370","51230867","227128020","227080713","4403629","","","","","","","3735"
"74 Copper And Articles Thereof","Malaysia","All Country Subcodes","All Rate Provisions","All Districts","2022","65694824","65698729","63042798","70191201","70195172","1010282","","","","","","","874"
"74 Copper And Articles Thereof","Singapore","All Country Subcodes","All Rate Provisions","All Districts","2021","18547049","18549499","1297236","20146613","20149064","36938","","","","","","","514"
"74 Copper And Articles Thereof","Indonesia","All Country Subcodes","All Rate Provisions","All Districts","2025 through June","11400701","11400701","5111859","11654906","11654906","167137","","","","","","","520"
"75 Nickel And Articles Thereof","Vietnam","All Country Subcodes","All Rate Provisions","All Districts","2023","246780","242385","191941","251282","246802","5759","","","","","","","14"
"74 Copper And Articles Thereof","Vietnam","All Country Subcodes","All Rate Provisions","All Districts","2021","86305703","86113519","75143800","89063915","88871748","2180313","","","","","","","2242"
"76 Aluminum And Articles Thereof","Burma","All Country Subcodes","All Rate Provisions","All Districts","2025 through June","27196","27196","27196","30969","30969","3998","","","","","","","4"
"76 Aluminum And Articles Thereof","Singapore","All Country Subcodes","All Rate Provisions","All Districts","2021","18691163","18673337","9523945","20315562","20297736","484803","","","","","","","675"
"80 Tin And Articles Thereof","Japan","All Country Subcodes","All Rate Provisions","All Districts","2022","25727809","25226261","21481986","26063138","25563240","615428","","","","","","","454"
"74 Copper And Articles Thereof","Malaysia","All Country Subcodes","All Rate Provisions","All Districts","2024","132799273","132781118","130368879","135271992","135253505","1497983","","","","","","","952"
"80 Tin And Articles Thereof","Singapore","All Country Subcodes","All Rate Provisions","All Districts","2023","9407841","6294002","0","9457663","6330270","0","","","","","","","4"
"76 Aluminum And Articles Thereof","Burma","All Country Subcodes","All Rate Provisions","All Districts","2022","7627888","7627888","2470313","8291893","8291893","187851","","","","","","","60"
"75 Nickel And Articles Thereof","Japan","All Country Subcodes","All Rate Provisions","All Districts","2021","78571412","87846865","66752334","79897749","89831096","1881405","","","","","","","1252"
"76 Aluminum And Articles Thereof","Malaysia","All Country Subcodes","All Rate Provisions","All Districts","2024","134399916","134381419","134266932","144807427","144790010","12499691","","","","","","","3397"
"80 Tin And Articles Thereof","Indonesia","All Country Subcodes","All Rate Provisions","All Districts","2023","89598767","86796459","0","90256510","87433202","0","","","","","","","89"
"80 Tin And Articles Thereof","Philippines","All Country Subcodes","All Rate Provisions","All Districts","2024","2603","2603","0","2919","2919","0","","","","","","","1"
"75 Nickel And Articles Thereof","Indonesia","All Country Subcodes","All Rate Provisions","All Districts","2025 through June","10211752","10211752","4583734","10434641","10434641","137509","","","","","","","122"
"75 Nickel And Articles Thereof","Singapore","All Country Subcodes","All Rate Provisions","All Districts","2023","59546779","59559433","2553638","59969938","59982516","75008","","","","","","","340"
"74 Copper And Articles Thereof","Philippines","All Country Subcodes","All Rate Provisions","All Districts","2024","1130527","1132773","765708","1225401","1227690","18236","","","","","","","83"
"74 Copper And Articles Thereof","Hong Kong","All Country Subcodes","All Rate Provisions","All Districts","2024","1595110","1595110","1404450","1702083","1702083","35746","","","","","","","89"
"74 Copper And Articles Thereof","Indonesia","All Country Subcodes","All Rate Provisions","All Districts","2024","19865124","19865124","5844061","20318691","20318691","174879","","","","","","","828"
"76 Aluminum And Articles Thereof","Brunei","All Country Subcodes","All Rate Provisions","All Districts","2021","2024858","2024858","2024858","2403303","2403303","117145","","","","","","","25"
"76 Aluminum And Articles Thereof","Laos","All Country Subcodes","All Rate Provisions","All Districts","2024","7315","7315","7315","7615","7615","417","","","","","","","1"
"75 Nickel And Articles Thereof","Malaysia","All Country Subcodes","All Rate Provisions","All Districts","2023","29770141","33912749","17732553","29895715","34042687","531498","","","","","","","344"
"76 Aluminum And Articles Thereof","Thailand","All Country Subcodes","All Rate Provisions","All Districts","2025 through June","291749083","286513216","282317812","308681849","302953341","44921737","","","","","","","6142"
"76 Aluminum And Articles Thereof","Brunei","All Country Subcodes","All Rate Provisions","All Districts","2023","96571","96571","96571","115921","115921","5504","","","","","","","3"
"74 Copper And Articles Thereof","Cambodia","All Country Subcodes","All Rate Provisions","All Districts","2025 through June","29115","38990","0","31362","41473","0","","","","","","","8"
"80 Tin And Articles Thereof","Malaysia","All Country Subcodes","All Rate Provisions","All Districts","2025 through June","20180096","20180096","99367","20793177","20793177","3148","","","","","","","18"
"74 Copper And Articles Thereof","Cambodia","All Country Subcodes","All Rate Provisions","All Districts","2022","90224","90224","0","93820","93820","0","","","","","","","7"
"75 Nickel And Articles Thereof","Korea, South","All Country Subcodes","All Rate Provisions","All Districts","2022","18722055","18522181","2170961","19362061","19160991","63227","","","","","","","379"
"74 Copper And Articles Thereof","Taiwan","All Country Subcodes","All Rate Provisions","All Districts","2021","256007706","255702970","190745107","267033084","266729825","4965530","","","","","","","17036"
"76 Aluminum And Articles Thereof","Philippines","All Country Subcodes","All Rate Provisions","All Districts","2025 through June","3993123","3909793","3844194","4120137","4035868","528534","","","","","","","146"
"75 Nickel And Articles Thereof","Taiwan","All Country Subcodes","All Rate Provisions","All Districts","2021","20078925","22894531","22451500","20478741","23637168","672809","","","","","","","1455"
"76 Aluminum And Articles Thereof","Hong Kong","All Country Subcodes","All Rate Provisions","All Districts","2025 through June","4567815","4517419","4513819","4809918","4759250","1720718","","","","","","","184"
"80 Tin And Articles Thereof","Taiwan","All Country Subcodes","All Rate Provisions","All Districts","2023","768025","768025","180784","791939","791939","4724","","","","","","","26"
"80 Tin And Articles Thereof","Malaysia","All Country Subcodes","All Rate Provisions","All Districts","2021","115921539","115921539","417131","120218419","120218419","10194","","","","","","","101"
"74 Copper And Articles Thereof","Thailand","All Country Subcodes","All Rate Provisions","All Districts","2025 through June","229796628","229575745","206499237","239559772","239338506","4016104","","","","","","","3645"
"76 Aluminum And Articles Thereof","Taiwan","All Country Subcodes","All Rate Provisions","All Districts","2024","215782544","213981979","210242958","225749119","223911582","11003614","","","","","","","11650"
"74 Copper And Articles Thereof","Vietnam","All Country Subcodes","All Rate Provisions","All Districts","2025 through June","77969234","77506138","73854919","79993161","79498799","2180612","","","","","","","1727"
"80 Tin And Articles Thereof","Indonesia","All Country Subcodes","All Rate Provisions","All Districts","2025 through June","33496980","33496980","46881","33737466","33737466","1278","","","","","","","29"
"80 Tin And Articles Thereof","Korea, South","All Country Subcodes","All Rate Provisions","All Districts","2024","1352726","1352726","23713","1357735","1357735","665","","","","","","","17"
"80 Tin And Articles Thereof","Thailand","All Country Subcodes","All Rate Provisions","All Districts","2023","12299551","12299551","38828","12368931","12368931","949","","","","","","","59"
"74 Copper And Articles Thereof","Japan","All Country Subcodes","All Rate Provisions","All Districts","2025 through June","218332052","221074583","193015988","223900107","226654198","2807521","","","","","","","2233"
"74 Copper And Articles Thereof","Thailand","All Country Subcodes","All Rate Provisions","All Districts","2024","344223060","343812148","279288362","356619779","356188605","5252666","","","","","","","5205"
"80 Tin And Articles Thereof","Taiwan","All Country Subcodes","All Rate Provisions","All Districts","2022","589779","589779","391819","620445","620445","9935","","","","","","","45"
"76 Aluminum And Articles Thereof","Cambodia","All Country Subcodes","All Rate Provisions","All Districts","2021","8739882","8809972","1286249","9539437","9609614","32457","","","","","","","1750"
"74 Copper And Articles Thereof","Malaysia","All Country Subcodes","All Rate Provisions","All Districts","2025 through June","89639363","89623189","88219578","90880907","90863757","1210567","","","","","","","562"
"76 Aluminum And Articles Thereof","Burma","All Country Subcodes","All Rate Provisions","All Districts","2023","5759167","5759167","479111","6044577","6044577","14870","","","","","","","29"
"76 Aluminum And Articles Thereof","Mongolia","All Country Subcodes","All Rate Provisions","All Districts","2024","11800","11800","11800","11803","11803","295","","","","","","","1"
"75 Nickel And Articles Thereof","Singapore","All Country Subcodes","All Rate Provisions","All Districts","2025 through June","12864873","12867178","2363770","12988927","12991669","175292","","","","","","","139"
"74 Copper And Articles Thereof","Laos","All Country Subcodes","All Rate Provisions","All Districts","2024","6346","6346","6346","6596","6596","190","","","","","","","1"
"74 Copper And Articles Thereof","Korea, South","All Country Subcodes","All Rate Provisions","All Districts","2021","458509401","458728071","26741300","470370569","470590902","565275","","","","","","","5251"
"74 Copper And Articles Thereof","Hong Kong","All Country Subcodes","All Rate Provisions","All Districts","2023","3302592","3291648","2922365","3362658","3351713","79479","","","","","","","83"
"74 Copper And Articles Thereof","Korea, South","All Country Subcodes","All Rate Provisions","All Districts","2023","591814791","591889334","24946273","602815050","602896616","459022","","","","","","","7326"
"74 Copper And Articles Thereof","Vietnam","All Country Subcodes","All Rate Provisions","All Districts","2022","99992092","99822845","88090276","103192268","103023945","2439618","","","","","","","2511"
"74 Copper And Articles Thereof","Taiwan","All Country Subcodes","All Rate Provisions","All Districts","2025 through June","158726094","158857819","131050208","164271350","164376995","3835270","","","","","","","7374"
"75 Nickel And Articles Thereof","Taiwan","All Country Subcodes","All Rate Provisions","All Districts","2022","32504499","33314293","28849222","33156211","34618159","863571","","","","","","","1919"
"75 Nickel And Articles Thereof","Korea, South","All Country Subcodes","All Rate Provisions","All Districts","2024","15257124","15290182","3669672","15716384","15746954","95858","","","","","","","401"
"74 Copper And Articles Thereof","Singapore","All Country Subcodes","All Rate Provisions","All Districts","2022","20945864","20926664","890284","22774060","22754612","26075","","","","","","","526"
"75 Nickel And Articles Thereof","Malaysia","All Country Subcodes","All Rate Provisions","All Districts","2024","14733659","16302970","14200652","14869446","16401102","425864","","","","","","","385"
"80 Tin And Articles Thereof","Taiwan","All Country Subcodes","All Rate Provisions","All Districts","2024","1561669","1561669","192926","1591925","1591925","4574","","","","","","","30"
"76 Aluminum And Articles Thereof","Laos","All Country Subcodes","All Rate Provisions","All Districts","2025 through June","112651","112651","112651","119251","119251","22880","","","","","","","2"
"75 Nickel And Articles Thereof","Hong Kong","All Country Subcodes","All Rate Provisions","All Districts","2022","122904","122904","122904","126397","126397","3415","","","","","","","7"
"75 Nickel And Articles Thereof","Malaysia","All Country Subcodes","All Rate Provisions","All Districts","2021","2121985","2121985","742794","2175961","2175961","21731","","","","","","","141"
"74 Copper And Articles Thereof","Indonesia","All Country Subcodes","All Rate Provisions","All Districts","2023","18118809","18118809","3524083","18639614","18639614","103424","","","","","","","696"
"76 Aluminum And Articles Thereof","Mongolia","All Country Subcodes","All Rate Provisions","All Districts","2021","41331","41331","0","41481","41481","0","","","","","","","1"
"74 Copper And Articles Thereof","Korea, South","All Country Subcodes","All Rate Provisions","All Districts","2025 through June","476948037","471960732","116357687","483545976","478477632","1793130","","","","","","","5814"
"74 Copper And Articles Thereof","Taiwan","All Country Subcodes","All Rate Provisions","All Districts","2024","243887815","245479998","192210084","252122091","253711789","4559525","","","","","","","13292"
"76 Aluminum And Articles Thereof","Japan","All Country Subcodes","All Rate Provisions","All Districts","2024","201534943","177778584","172787660","209077555","185160493","15462141","","","","","","","5049"
"74 Copper And Articles Thereof","Malaysia","All Country Subcodes","All Rate Provisions","All Districts","2021","30267041","30267041","26764003","31370598","31370598","432826","","","","","","","582"
"75 Nickel And Articles Thereof","Thailand","All Country Subcodes","All Rate Provisions","All Districts","2024","884388","579789","455235","893112","584525","12041","","","","","","","52"
"75 Nickel And Articles Thereof","Taiwan","All Country Subcodes","All Rate Provisions","All Districts","2025 through June","32618621","38685567","37700175","32956502","41199985","1399364","","","","","","","1581"
"76 Aluminum And Articles Thereof","Cambodia","All Country Subcodes","All Rate Provisions","All Districts","2024","22819138","22819138","7338829","24472321","24472321","537819","","","","","","","1554"
"74 Copper And Articles Thereof","Japan","All Country Subcodes","All Rate Provisions","All Districts","2021","222467426","208792236","125356071","228759592","214891001","2656560","","","","","","","5123"
"76 Aluminum And Articles Thereof","Malaysia","All Country Subcodes","All Rate Provisions","All Districts","2022","195926147","196006535","195503240","216001686","216088308","14066819","","","","","","","4152"
"80 Tin And Articles Thereof","Hong Kong","All Country Subcodes","All Rate Provisions","All Districts","2023","67136","67136","28131","74158","74158","618","","","","","","","8"
"76 Aluminum And Articles Thereof","Thailand","All Country Subcodes","All Rate Provisions","All Districts","2021","619186643","610846473","558659214","674561823","665272225","23225286","","","","","","","8769"
"74 Copper And Articles Thereof","Philippines","All Country Subcodes","All Rate Provisions","All Districts","2025 through June","7899927","7902583","7702019","7979684","7982375","80916","","","","","","","32"
"75 Nickel And Articles Thereof","Hong Kong","All Country Subcodes","All Rate Provisions","All Districts","2025 through June","379308","0","0","409308","0","0","","","","","","","1"
"75 Nickel And Articles Thereof","Korea, South","All Country Subcodes","All Rate Provisions","All Districts","2021","3886616","3886616","600825","4042936","4042936","17781","","","","","","","145"
"75 Nickel And Articles Thereof","Philippines","All Country Subcodes","All Rate Provisions","All Districts","2023","7605","7605","7605","7749","7749","198","","","","","","","1"
"80 Tin And Articles Thereof","Singapore","All Country Subcodes","All Rate Provisions","All Districts","2024","1018253","1018253","0","1026253","1026253","0","","","","","","","2"
"80 Tin And Articles Thereof","Vietnam","All Country Subcodes","All Rate Provisions","All Districts","2025 through June","38693","38693","38693","43122","43122","2049","","","","","","","4"
"80 Tin And Articles Thereof","Philippines","All Country Subcodes","All Rate Provisions","All Districts","2021","53750","53750","0","61750","61750","0","","","","","","","3"
"76 Aluminum And Articles Thereof","Japan","All Country Subcodes","All Rate Provisions","All Districts","2023","203304719","197228014","196335925","211484440","205547240","17624458","","","","","","","6174"
"74 Copper And Articles Thereof","Macau","All Country Subcodes","All Rate Provisions","All Districts","2022","185961","185961","185961","186976","186976","5580","","","","","","","9"
"80 Tin And Articles Thereof","Philippines","All Country Subcodes","All Rate Provisions","All Districts","2025 through June","11470","11470","0","15470","15470","0","","","","","","","1"
"76 Aluminum And Articles Thereof","Singapore","All Country Subcodes","All Rate Provisions","All Districts","2025 through June","3945779","2662177","2265712","4085650","2801918","409288","","","","","","","284"
"76 Aluminum And Articles Thereof","Taiwan","All Country Subcodes","All Rate Provisions","All Districts","2021","250300727","249568060","245280772","269030215","268291120","12800205","","","","","","","14832"
"75 Nickel And Articles Thereof","Philippines","All Country Subcodes","All Rate Provisions","All Districts","2025 through June","6191","6191","6191","6262","6262","806","","","","","","","1"
"75 Nickel And Articles Thereof","Philippines","All Country Subcodes","All Rate Provisions","All Districts","2022","11834","11834","11834","12934","12934","355","","","","","","","2"
"76 Aluminum And Articles Thereof","Philippines","All Country Subcodes","All Rate Provisions","All Districts","2021","9766849","9769902","4183635","11399384","11402477","230857","","","","","","","328"
"76 Aluminum And Articles Thereof","Taiwan","All Country Subcodes","All Rate Provisions","All Districts","2025 through June","103980135","103073980","101470225","109340918","108418869","16952432","","","","","","","6339"
"74 Copper And Articles Thereof","Singapore","All Country Subcodes","All Rate Provisions","All Districts","2024","25377765","25376605","815852","27108984","27107809","22812","","","","","","","457"
"75 Nickel And Articles Thereof","Taiwan","All Country Subcodes","All Rate Provisions","All Districts","2023","50990996","54980610","52163937","51650074","57224800","1552686","","","","","","","2476"
"75 Nickel And Articles Thereof","Thailand","All Country Subcodes","All Rate Provisions","All Districts","2023","1951538","1900634","1591994","1969992","1918426","42680","","","","","","","52"
"80 Tin And Articles Thereof","Taiwan","All Country Subcodes","All Rate Provisions","All Districts","2025 through June","859556","859556","63662","878441","878441","3181","","","","","","","20"
"76 Aluminum And Articles Thereof","Korea, South","All Country Subcodes","All Rate Provisions","All Districts","2021","456384428","444278818","121500649","490965757","478799836","10824734","","","","","","","9182"
"76 Aluminum And Articles Thereof","Vietnam","All Country Subcodes","All Rate Provisions","All Districts","2021","317950952","317017489","314033664","341596574","340644276","12180001","","","","","","","12975"
"80 Tin And Articles Thereof","Japan","All Country Subcodes","All Rate Provisions","All Districts","2025 through June","11897502","11962441","10706259","11973317","12045209","421781","","","","","","","182"
"74 Copper And Articles Thereof","Hong Kong","All Country Subcodes","All Rate Provisions","All Districts","2021","2091315","2109287","1922915","2310716","2329147","40604","","","","","","","103"
"74 Copper And Articles Thereof","Vietnam","All Country Subcodes","All Rate Provisions","All Districts","2024","129363837","128142078","119555691","132746699","131527986","3397495","","","","","","","2771"
"75 Nickel And Articles Thereof","Singapore","All Country Subcodes","All Rate Provisions","All Districts","2021","10088189","10088189","1705680","10307591","10307591","50816","","","","","","","191"
"76 Aluminum And Articles Thereof","Hong Kong","All Country Subcodes","All Rate Provisions","All Districts","2022","35427276","35412225","35324281","38399261","38275958","4237800","","","","","","","1364"
"76 Aluminum And Articles Thereof","Korea, South","All Country Subcodes","All Rate Provisions","All Districts","2022","970970438","961507126","332392688","1026017254","1015831654","30430780","","","","","","","9697"
"76 Aluminum And Articles Thereof","Brunei","All Country Subcodes","All Rate Provisions","All Districts","2022","3631","3631","3631","10492","10492","207","","","","","","","1"
"80 Tin And Articles Thereof","Asia - South","All Country Subcodes","All Rate Provisions","All Districts","2024","1298432","1298432","801443","1371671","1371671","17863","","","","","","","65"
"75 Nickel And Articles Thereof","Asia - South","All Country Subcodes","All Rate Provisions","All Districts","2022","18805878","18951463","16851453","19343005","19508096","477699","","","","","","","1216"
"75 Nickel And Articles Thereof","Asia - South","All Country Subcodes","All Rate Provisions","All Districts","2024","37511000","34352775","29206106","38582588","35444456","837580","","","","","","","1948"
"80 Tin And Articles Thereof","Asia - South","All Country Subcodes","All Rate Provisions","All Districts","2025 through June","432002","432002","368905","470350","470350","14684","","","","","","","23"
"74 Copper And Articles Thereof","Asia - South","All Country Subcodes","All Rate Provisions","All Districts","2023","237311007","237296329","195356514","246252731","246237400","4814138","","","","","","","10163"
"76 Aluminum And Articles Thereof","Asia - South","All Country Subcodes","All Rate Provisions","All Districts","2022","1123910803","1009181506","1002322048","1223513982","1107049912","79268352","","","","","","","21442"
"75 Nickel And Articles Thereof","Asia - South","All Country Subcodes","All Rate Provisions","All Districts","2021","13017550","13339057","11782574","13322880","13651660","335687","","","","","","","924"
"74 Copper And Articles Thereof","Asia - South","All Country Subcodes","All Rate Provisions","All Districts","2024","265180491","264004750","218710413","276414524","275228719","5080386","","","","","","","11611"
"80 Tin And Articles Thereof","Asia - South","All Country Subcodes","All Rate Provisions","All Districts","2022","875257","875257","831617","1013079","1013079","18809","","","","","","","49"
"76 Aluminum And Articles Thereof","Asia - South","All Country Subcodes","All Rate Provisions","All Districts","2024","792173833","784123053","775491652","833996666","825650808","62882614","","","","","","","22015"
"74 Copper And Articles Thereof","Asia - South","All Country Subcodes","All Rate Provisions","All Districts","2021","176342027","176380524","130916342","186276561","186316503","3423564","","","","","","","9230"
"76 Aluminum And Articles Thereof","Asia - South","All Country Subcodes","All Rate Provisions","All Districts","2021","585276245","564199331","550692203","635121829","613502610","40553309","","","","","","","17501"
"74 Copper And Articles Thereof","Asia - South","All Country Subcodes","All Rate Provisions","All Districts","2022","273168507","273104188","220524277","290657030","290603113","5397813","","","","","","","10986"
"76 Aluminum And Articles Thereof","Asia - South","All Country Subcodes","All Rate Provisions","All Districts","2025 through June","523753035","553336236","545185367","550498751","581563359","98340612","","","","","","","11948"
"76 Aluminum And Articles Thereof","Asia - South","All Country Subcodes","All Rate Provisions","All Districts","2023","865652674","831838670","820106540","914312982","879003324","58537959","","","","","","","20589"
"75 Nickel And Articles Thereof","Asia - South","All Country Subcodes","All Rate Provisions","All Districts","2023","35450669","34984315","23255182","36247340","35824494","649680","","","","","","","1690"
"75 Nickel And Articles Thereof","Asia - South","All Country Subcodes","All Rate Provisions","All Districts","2025 through June","19112966","19689151","15484877","19575672","20208161","848813","","","","","","","1171"
"80 Tin And Articles Thereof","Asia - South","All Country Subcodes","All Rate Provisions","All Districts","2023","1646447","1646447","1038453","1746255","1746255","23515","","","","","","","46"
"80 Tin And Articles Thereof","Asia - South","All Country Subcodes","All Rate Provisions","All Districts","2021","7087584","7087584","890536","7292914","7292914","19781","","","","","","","91"
"74 Copper And Articles Thereof","Asia - South","All Country Subcodes","All Rate Provisions","All Districts","2025 through June","226658454","225251491","200882395","234367605","232952914","4599946","","","","","","","6352"
"75 Nickel And Articles Thereof","APEC - Asia Pacific Economic Co-operation","All Country Subcodes","All Rate Provisions","All Districts","2025 through June","862682449","867630271","189179823","868651033","876051852","21637345","","","","","","","11849"
"76 Aluminum And Articles Thereof","APEC - Asia Pacific Economic Co-operation","All Country Subcodes","All Rate Provisions","All Districts","2022","23666952170","23472121597","6744071257","24503097139","24267073597","827164272","","","","","","","530341"
"80 Tin And Articles Thereof","APEC - Asia Pacific Economic Co-operation","All Country Subcodes","All Rate Provisions","All Districts","2025 through June","369284449","369307717","16725867","378785176","378814855","2278477","","","","","","","1741"
"76 Aluminum And Articles Thereof","APEC - Asia Pacific Economic Co-operation","All Country Subcodes","All Rate Provisions","All Districts","2025 through June","8856431320","8775423614","4508317607","9095382754","9012617922","1309951441","","","","","","","239604"
"74 Copper And Articles Thereof","APEC - Asia Pacific Economic Co-operation","All Country Subcodes","All Rate Provisions","All Districts","2021","13451261563","13490106823","1323529747","13584094978","13622892957","159896747","","","","","","","139098"
"76 Aluminum And Articles Thereof","APEC - Asia Pacific Economic Co-operation","All Country Subcodes","All Rate Provisions","All Districts","2021","19242936022","19088776913","5539986673","20040148918","19843362557","695830651","","","","","","","518895"
"74 Copper And Articles Thereof","APEC - Asia Pacific Economic Co-operation","All Country Subcodes","All Rate Provisions","All Districts","2023","11778898930","11800119431","1132540835","11895299482","11916869992","126104484","","","","","","","120526"
"75 Nickel And Articles Thereof","APEC - Asia Pacific Economic Co-operation","All Country Subcodes","All Rate Provisions","All Districts","2022","2490615059","2496447753","222222022","2505057876","2511742664","17368434","","","","","","","18301"
"80 Tin And Articles Thereof","APEC - Asia Pacific Economic Co-operation","All Country Subcodes","All Rate Provisions","All Districts","2022","661878776","664333497","45022095","670118695","672618953","5256687","","","","","","","3665"
"80 Tin And Articles Thereof","APEC - Asia Pacific Economic Co-operation","All Country Subcodes","All Rate Provisions","All Districts","2023","529960892","522033675","34321337","534621834","526649363","3668373","","","","","","","3716"
"75 Nickel And Articles Thereof","APEC - Asia Pacific Economic Co-operation","All Country Subcodes","All Rate Provisions","All Districts","2023","2468073229","2481875822","304097529","2478510718","2494392600","17268639","","","","","","","20686"
"76 Aluminum And Articles Thereof","APEC - Asia Pacific Economic Co-operation","All Country Subcodes","All Rate Provisions","All Districts","2023","18430779683","18361495738","4236262911","18844141521","18767587259","494093137","","","","","","","477421"
"75 Nickel And Articles Thereof","APEC - Asia Pacific Economic Co-operation","All Country Subcodes","All Rate Provisions","All Districts","2024","1853967432","1854791630","333281613","1864452265","1870647531","20864387","","","","","","","22519"
"74 Copper And Articles Thereof","APEC - Asia Pacific Economic Co-operation","All Country Subcodes","All Rate Provisions","All Districts","2025 through June","10074242472","10083667243","1392853120","10186056684","10195245620","115267901","","","","","","","72670"
"76 Aluminum And Articles Thereof","APEC - Asia Pacific Economic Co-operation","All Country Subcodes","All Rate Provisions","All Districts","2024","18932396692","18848177070","4844025919","19414184494","19328081160","597099483","","","","","","","520602"
"80 Tin And Articles Thereof","APEC - Asia Pacific Economic Co-operation","All Country Subcodes","All Rate Provisions","All Districts","2024","468915632","468659040","29799506","472218164","471955931","3297224","","","","","","","3532"
"74 Copper And Articles Thereof","APEC - Asia Pacific Economic Co-operation","All Country Subcodes","All Rate Provisions","All Districts","2024","14200829105","14174655167","1451555659","14333786697","14307200477","137111202","","","","","","","139774"
"80 Tin And Articles Thereof","APEC - Asia Pacific Economic Co-operation","All Country Subcodes","All Rate Provisions","All Districts","2021","904697487","894355385","41737599","917946573","907586833","5761241","","","","","","","4465"
"75 Nickel And Articles Thereof","APEC - Asia Pacific Economic Co-operation","All Country Subcodes","All Rate Provisions","All Districts","2021","1575692717","1605199367","142764079","1584022290","1614841774","8825585","","","","","","","16604"
"74 Copper And Articles Thereof","APEC - Asia Pacific Economic Co-operation","All Country Subcodes","All Rate Provisions","All Districts","2022","12473685649","12543299326","1614172084","12641924032","12711462215","194372042","","","","","","","141861"
"74 Copper And Articles Thereof","ASEAN - Association of Southeast Asian Nations","All Country Subcodes","All Rate Provisions","All Districts","2024","652805504","651153658","536644899","673338294","671668927","10364261","","","","","","","10308"
"76 Aluminum And Articles Thereof","ASEAN - Association of Southeast Asian Nations","All Country Subcodes","All Rate Provisions","All Districts","2024","1229437689","1223325074","1132105901","1300878699","1294674875","66846751","","","","","","","34831"
"74 Copper And Articles Thereof","ASEAN - Association of Southeast Asian Nations","All Country Subcodes","All Rate Provisions","All Districts","2022","575108684","574593273","394066911","600659078","600126718","8260159","","","","","","","10788"
"80 Tin And Articles Thereof","ASEAN - Association of Southeast Asian Nations","All Country Subcodes","All Rate Provisions","All Districts","2023","165767786","158209139","588402","166832566","159231865","13277","","","","","","","249"
"76 Aluminum And Articles Thereof","ASEAN - Association of Southeast Asian Nations","All Country Subcodes","All Rate Provisions","All Districts","2023","1103259596","1099411639","942639515","1167137895","1163338871","44932300","","","","","","","32555"
"74 Copper And Articles Thereof","ASEAN - Association of Southeast Asian Nations","All Country Subcodes","All Rate Provisions","All Districts","2021","398289253","398150633","241573342","413651795","413513122","5458758","","","","","","","8405"
"80 Tin And Articles Thereof","ASEAN - Association of Southeast Asian Nations","All Country Subcodes","All Rate Provisions","All Districts","2025 through June","64790915","64790915","239801","65743606","65743606","8273","","","","","","","83"
"75 Nickel And Articles Thereof","ASEAN - Association of Southeast Asian Nations","All Country Subcodes","All Rate Provisions","All Districts","2023","103577146","107677109","33854722","104230127","108333631","1008446","","","","","","","975"
"74 Copper And Articles Thereof","ASEAN - Association of Southeast Asian Nations","All Country Subcodes","All Rate Provisions","All Districts","2025 through June","426428007","425740385","381945786","440626563","439906587","7679713","","","","","","","6739"
"80 Tin And Articles Thereof","ASEAN - Association of Southeast Asian Nations","All Country Subcodes","All Rate Provisions","All Districts","2022","224244441","227208314","4093271","227043384","230052437","110111","","","","","","","266"
"76 Aluminum And Articles Thereof","ASEAN - Association of Southeast Asian Nations","All Country Subcodes","All Rate Provisions","All Districts","2022","1870841004","1845133362","1624049468","2039676445","2011772812","81342989","","","","","","","39045"
"74 Copper And Articles Thereof","ASEAN - Association of Southeast Asian Nations","All Country Subcodes","All Rate Provisions","All Districts","2023","375989215","374669014","280502947","386178854","384855591","6065789","","","","","","","7627"
"76 Aluminum And Articles Thereof","ASEAN - Association of Southeast Asian Nations","All Country Subcodes","All Rate Provisions","All Districts","2021","1318457718","1309606073","1104211004","1446106608","1436284822","50225031","","","","","","","35375"
"80 Tin And Articles Thereof","ASEAN - Association of Southeast Asian Nations","All Country Subcodes","All Rate Provisions","All Districts","2021","378443020","368708700","2185587","385836751","376082582","54848","","","","","","","357"
"80 Tin And Articles Thereof","ASEAN - Association of Southeast Asian Nations","All Country Subcodes","All Rate Provisions","All Districts","2024","86389369","86389369","491544","87092481","87092481","10852","","","","","","","182"
"75 Nickel And Articles Thereof","ASEAN - Association of Southeast Asian Nations","All Country Subcodes","All Rate Provisions","All Districts","2024","77877580","79173348","32430699","78565421","79820730","967770","","","","","","","1060"
"75 Nickel And Articles Thereof","ASEAN - Association of Southeast Asian Nations","All Country Subcodes","All Rate Provisions","All Districts","2021","21084378","21088772","9890749","21689183","21693352","295711","","","","","","","597"
"75 Nickel And Articles Thereof","ASEAN - Association of Southeast Asian Nations","All Country Subcodes","All Rate Provisions","All Districts","2025 through June","32917598","32959515","14776031","33401132","33446491","607292","","","","","","","531"
"76 Aluminum And Articles Thereof","ASEAN - Association of Southeast Asian Nations","All Country Subcodes","All Rate Provisions","All Districts","2025 through June","687881721","696710192","664233291","728857337","737678642","126418760","","","","","","","21184"
"75 Nickel And Articles Thereof","ASEAN - Association of Southeast Asian Nations","All Country Subcodes","All Rate Provisions","All Districts","2022","41538321","41305217","17824228","42128465","41883414","531796","","","","","","","711"
"7226 Fl-rl Alloy Steel Nesoi Un 600mm Wide","Japan","All Country Subcodes","All Rate Provisions","All Districts","2021","69559587","69559587","52307211","70820338","70820338","12360314","","","","","","","3454"
"8108 Titanium & Articles Thereof, Includ Waste & Scrap","Japan","All Country Subcodes","All Rate Provisions","All Districts","2024","369983837","369983837","343552625","381149188","381149188","51115551","","","","","","","1337"
"8112 Beryllium,chromium,hafnium,rhenium Etc & Articles","Japan","All Country Subcodes","All Rate Provisions","All Districts","2025 through June","7537505","7541255","2682263","7628542","7633692","220105","","","","","","","82"
"3801 Artificial Graphite; Collodial Graphite & Prep Etc","Taiwan","All Country Subcodes","All Rate Provisions","All Districts","2022","250577","250577","47954","264104","264104","1944","","","","","","","19"
"8105 Cobalt Mattes Etc, Cobalt & Art, Inc Waste & Scrap","Vietnam","All Country Subcodes","All Rate Provisions","All Districts","2022","239992","239992","239992","243123","243123","8878","","","","","","","16"
"3910 Silicones, In Primary Forms","Cambodia","All Country Subcodes","All Rate Provisions","All Districts","2024","838","838","838","864","864","25","","","","","","","1"
"8108 Titanium & Articles Thereof, Includ Waste & Scrap","Taiwan","All Country Subcodes","All Rate Provisions","All Districts","2023","12042209","12141796","9885927","12323852","12417591","960191","","","","","","","345"
"8108 Titanium & Articles Thereof, Includ Waste & Scrap","Taiwan","All Country Subcodes","All Rate Provisions","All Districts","2021","3831592","4227165","3443443","3940360","4331475","368934","","","","","","","268"
"3910 Silicones, In Primary Forms","Singapore","All Country Subcodes","All Rate Provisions","All Districts","2025 through June","7999","7999","7999","8005","8005","240","","","","","","","5"
"2846 Rare-earth Metal Compounds Of Yttrium Or Scandium","Singapore","All Country Subcodes","All Rate Provisions","All Districts","2024","10512","10512","10512","11563","11563","389","","","","","","","1"
"2801 Fluorine, Chlorine, Bromine & Iodine","Korea, South","All Country Subcodes","All Rate Provisions","All Districts","2025 through June","197685","197685","17411","227018","227018","1741","","","","","","","6"
"7110 Platinum, Unwrought, Semimfr Forms Or In Powder Fm","Hong Kong","All Country Subcodes","All Rate Provisions","All Districts","2024","350000","350000","0","350500","350500","0","","","","","","","1"
"8110 Antimony And Artcls Throf Incl Waste And Scrap","Indonesia","All Country Subcodes","All Rate Provisions","All Districts","2021","233856","233856","0","243856","243856","0","","","","","","","1"
"3910 Silicones, In Primary Forms","Singapore","All Country Subcodes","All Rate Provisions","All Districts","2024","63637","63637","63637","68669","68669","1910","","","","","","","7"
"8108 Titanium & Articles Thereof, Includ Waste & Scrap","Japan","All Country Subcodes","All Rate Provisions","All Districts","2021","148571413","148571413","144515162","155893370","155893370","21445529","","","","","","","932"
"7226 Fl-rl Alloy Steel Nesoi Un 600mm Wide","Japan","All Country Subcodes","All Rate Provisions","All Districts","2022","57996601","58203034","6921012","60114644","60287078","1196389","","","","","","","1082"
"7110 Platinum, Unwrought, Semimfr Forms Or In Powder Fm","Taiwan","All Country Subcodes","All Rate Provisions","All Districts","2021","31368505","31368505","0","31453876","31453876","0","","","","","","","18"
"7225 Fl-rl Alloy Steel Nesoi Nun 600mm Wide","Taiwan","All Country Subcodes","All Rate Provisions","All Districts","2021","314816","314816","191441","318768","318768","41861","","","","","","","5"
"2820 Manganese Oxides","Korea, South","All Country Subcodes","All Rate Provisions","All Districts","2025 through June","642122","642122","43840","763697","763697","4384","","","","","","","9"
"2846 Rare-earth Metal Compounds Of Yttrium Or Scandium","Japan","All Country Subcodes","All Rate Provisions","All Districts","2021","27234139","27234139","25033375","30798602","30798602","1270675","","","","","","","281"
"7225 Fl-rl Alloy Steel Nesoi Nun 600mm Wide","Korea, South","All Country Subcodes","All Rate Provisions","All Districts","2021","117937707","114253979","0","124250211","120333934","0","","","","","","","273"
"8111 Manganese And Artcles Thereof, Inc Waste And Scrap","Japan","All Country Subcodes","All Rate Provisions","All Districts","2023","5102171","5102171","5102171","5110362","5110362","705865","","","","","","","48"
"2820 Manganese Oxides","Japan","All Country Subcodes","All Rate Provisions","All Districts","2021","6859578","6859578","6859578","7746099","7746099","322395","","","","","","","122"
"8108 Titanium & Articles Thereof, Includ Waste & Scrap","Philippines","All Country Subcodes","All Rate Provisions","All Districts","2024","53980","53980","53980","55580","55580","4970","","","","","","","3"
"2820 Manganese Oxides","Japan","All Country Subcodes","All Rate Provisions","All Districts","2022","6140364","6140364","6140364","7156793","7156793","288584","","","","","","","101"
"3910 Silicones, In Primary Forms","Singapore","All Country Subcodes","All Rate Provisions","All Districts","2023","62938","62938","52114","67840","67840","1564","","","","","","","10"
"2603 Copper Ores And Concentrates","Japan","All Country Subcodes","All Rate Provisions","All Districts","2024","10080","10080","10080","10082","10082","0","","","","","","","2"
"2820 Manganese Oxides","Japan","All Country Subcodes","All Rate Provisions","All Districts","2023","944744","944744","944744","1037289","1037289","44396","","","","","","","23"
"2603 Copper Ores And Concentrates","Japan","All Country Subcodes","All Rate Provisions","All Districts","2021","11250","11250","11250","13070","13070","0","","","","","","","3"
"7110 Platinum, Unwrought, Semimfr Forms Or In Powder Fm","Korea, South","All Country Subcodes","All Rate Provisions","All Districts","2022","308822017","308822017","0","308854204","308854204","0","","","","","","","57"
"7110 Platinum, Unwrought, Semimfr Forms Or In Powder Fm","Hong Kong","All Country Subcodes","All Rate Provisions","All Districts","2022","18500900","18500900","0","18500944","18500944","0","","","","","","","6"
"7226 Fl-rl Alloy Steel Nesoi Un 600mm Wide","Japan","All Country Subcodes","All Rate Provisions","All Districts","2023","60391074","60391074","9088258","61733751","61733751","2082855","","","","","","","1080"
"8111 Manganese And Artcles Thereof, Inc Waste And Scrap","Indonesia","All Country Subcodes","All Rate Provisions","All Districts","2024","2476836","2308187","2308187","2544849","2398757","323147","","","","","","","32"
"8111 Manganese And Artcles Thereof, Inc Waste And Scrap","Japan","All Country Subcodes","All Rate Provisions","All Districts","2021","3617372","3617372","3576272","3623375","3623375","497279","","","","","","","64"
"8112 Beryllium,chromium,hafnium,rhenium Etc & Articles","Thailand","All Country Subcodes","All Rate Provisions","All Districts","2023","236726","236726","7115","239227","239227","284","","","","","","","9"
"7225 Fl-rl Alloy Steel Nesoi Nun 600mm Wide","Japan","All Country Subcodes","All Rate Provisions","All Districts","2022","53507215","44982328","3298970","58850267","49855019","824750","","","","","","","348"
"8111 Manganese And Artcles Thereof, Inc Waste And Scrap","Korea, South","All Country Subcodes","All Rate Provisions","All Districts","2025 through June","4132","4132","4132","4133","4133","566","","","","","","","1"
"2603 Copper Ores And Concentrates","Japan","All Country Subcodes","All Rate Provisions","All Districts","2023","9690","9690","9690","9692","9692","0","","","","","","","2"
"3910 Silicones, In Primary Forms","Malaysia","All Country Subcodes","All Rate Provisions","All Districts","2021","516183","516183","516183","525662","525662","15487","","","","","","","30"
"8108 Titanium & Articles Thereof, Includ Waste & Scrap","Taiwan","All Country Subcodes","All Rate Provisions","All Districts","2024","6976636","7302416","6021700","7120896","7449362","522774","","","","","","","302"
"8111 Manganese And Artcles Thereof, Inc Waste And Scrap","Japan","All Country Subcodes","All Rate Provisions","All Districts","2025 through June","3114165","3114165","3114165","3115375","3115375","435984","","","","","","","11"
"8105 Cobalt Mattes Etc, Cobalt & Art, Inc Waste & Scrap","Singapore","All Country Subcodes","All Rate Provisions","All Districts","2022","252093","252093","21206","254845","254845","784","","","","","","","5"
"3910 Silicones, In Primary Forms","Hong Kong","All Country Subcodes","All Rate Provisions","All Districts","2023","196134","196134","196134","208309","208309","5881","","","","","","","15"
"3910 Silicones, In Primary Forms","Philippines","All Country Subcodes","All Rate Provisions","All Districts","2021","2517","2517","2517","2554","2554","76","","","","","","","6"
"8105 Cobalt Mattes Etc, Cobalt & Art, Inc Waste & Scrap","Japan","All Country Subcodes","All Rate Provisions","All Districts","2024","52062783","50961558","451972","52508084","51402612","16771","","","","","","","172"
"3801 Artificial Graphite; Collodial Graphite & Prep Etc","Taiwan","All Country Subcodes","All Rate Provisions","All Districts","2021","429933","429933","156735","454174","454174","6514","","","","","","","40"
"8112 Beryllium,chromium,hafnium,rhenium Etc & Articles","Singapore","All Country Subcodes","All Rate Provisions","All Districts","2021","1170206","1170206","55541","1193022","1193022","1749","","","","","","","10"
"7110 Platinum, Unwrought, Semimfr Forms Or In Powder Fm","Hong Kong","All Country Subcodes","All Rate Provisions","All Districts","2023","204150","204150","0","204419","204419","0","","","","","","","5"
"8105 Cobalt Mattes Etc, Cobalt & Art, Inc Waste & Scrap","Japan","All Country Subcodes","All Rate Provisions","All Districts","2022","82653178","82675879","534945","83435893","83458382","19939","","","","","","","192"
"3801 Artificial Graphite; Collodial Graphite & Prep Etc","Malaysia","All Country Subcodes","All Rate Provisions","All Districts","2022","5164927","5164927","273514","5190467","5190467","10120","","","","","","","40"
"8111 Manganese And Artcles Thereof, Inc Waste And Scrap","Indonesia","All Country Subcodes","All Rate Provisions","All Districts","2023","3936631","3936631","3936631","4135981","4135981","551126","","","","","","","15"
"3910 Silicones, In Primary Forms","Korea, South","All Country Subcodes","All Rate Provisions","All Districts","2023","22883051","22850411","9965940","23693028","23659964","298975","","","","","","","559"
"8108 Titanium & Articles Thereof, Includ Waste & Scrap","Korea, South","All Country Subcodes","All Rate Provisions","All Districts","2021","10822520","10822520","297257","11106193","11106193","28942","","","","","","","129"
"3910 Silicones, In Primary Forms","Singapore","All Country Subcodes","All Rate Provisions","All Districts","2022","14092","14092","14092","14996","14996","422","","","","","","","9"
"8108 Titanium & Articles Thereof, Includ Waste & Scrap","Japan","All Country Subcodes","All Rate Provisions","All Districts","2022","269629361","269629361","249907649","294538690","294538690","36772044","","","","","","","1532"
"8112 Beryllium,chromium,hafnium,rhenium Etc & Articles","Korea, South","All Country Subcodes","All Rate Provisions","All Districts","2022","9551533","9551533","1057374","9717805","9717805","32912","","","","","","","45"
"3910 Silicones, In Primary Forms","Indonesia","All Country Subcodes","All Rate Provisions","All Districts","2024","1980575","1980575","1538389","2074254","2074254","46154","","","","","","","29"
"2801 Fluorine, Chlorine, Bromine & Iodine","Korea, South","All Country Subcodes","All Rate Provisions","All Districts","2021","1188720","1188720","0","1227985","1227985","0","","","","","","","18"
"2846 Rare-earth Metal Compounds Of Yttrium Or Scandium","Korea, South","All Country Subcodes","All Rate Provisions","All Districts","2022","2019204","2019204","1110929","2046627","2046627","42581","","","","","","","58"
"2504 Natural Graphite","Korea, South","All Country Subcodes","All Rate Provisions","All Districts","2024","4443587","4443587","0","4561587","4561587","0","","","","","","","23"
"8112 Beryllium,chromium,hafnium,rhenium Etc & Articles","Korea, South","All Country Subcodes","All Rate Provisions","All Districts","2023","10496396","10496396","804893","10983903","10983903","24500","","","","","","","44"
"2846 Rare-earth Metal Compounds Of Yttrium Or Scandium","Taiwan","All Country Subcodes","All Rate Provisions","All Districts","2022","66420","66420","66420","67081","67081","3653","","","","","","","4"
"2820 Manganese Oxides","Indonesia","All Country Subcodes","All Rate Provisions","All Districts","2025 through June","70000","70000","70000","74500","74500","3290","","","","","","","1"
"7225 Fl-rl Alloy Steel Nesoi Nun 600mm Wide","Korea, South","All Country Subcodes","All Rate Provisions","All Districts","2023","164506456","159121783","0","172586858","166755825","0","","","","","","","302"
"3801 Artificial Graphite; Collodial Graphite & Prep Etc","Japan","All Country Subcodes","All Rate Provisions","All Districts","2024","20005540","19969771","458630","21216059","21178932","21297","","","","","","","217"
"8108 Titanium & Articles Thereof, Includ Waste & Scrap","Thailand","All Country Subcodes","All Rate Provisions","All Districts","2024","48811","39375","13784","49850","40291","1232","","","","","","","11"
"8110 Antimony And Artcls Throf Incl Waste And Scrap","Philippines","All Country Subcodes","All Rate Provisions","All Districts","2024","1950503","1950503","0","1989143","1989143","0","","","","","","","6"
"3801 Artificial Graphite; Collodial Graphite & Prep Etc","Malaysia","All Country Subcodes","All Rate Provisions","All Districts","2021","913950","913950","221429","922934","922934","8229","","","","","","","40"
"7226 Fl-rl Alloy Steel Nesoi Un 600mm Wide","Malaysia","All Country Subcodes","All Rate Provisions","All Districts","2022","44129","44129","0","61363","61363","0","","","","","","","11"
"2603 Copper Ores And Concentrates","Japan","All Country Subcodes","All Rate Provisions","All Districts","2025 through June","208998","208998","208998","238999","238999","0","","","","","","","4"
"2846 Rare-earth Metal Compounds Of Yttrium Or Scandium","Korea, South","All Country Subcodes","All Rate Provisions","All Districts","2023","2364083","2364083","894747","2405056","2405056","33247","","","","","","","44"
"2504 Natural Graphite","Indonesia","All Country Subcodes","All Rate Provisions","All Districts","2024","72590","72590","0","95551","95551","0","","","","","","","10"
"8108 Titanium & Articles Thereof, Includ Waste & Scrap","Japan","All Country Subcodes","All Rate Provisions","All Districts","2023","376547439","376547439","344595762","390931907","390931907","51125882","","","","","","","1380"
"7110 Platinum, Unwrought, Semimfr Forms Or In Powder Fm","Japan","All Country Subcodes","All Rate Provisions","All Districts","2022","306462618","306462618","0","306562561","306562561","0","","","","","","","296"
"7226 Fl-rl Alloy Steel Nesoi Un 600mm Wide","Malaysia","All Country Subcodes","All Rate Provisions","All Districts","2024","3825","3825","0","4656","4656","0","","","","","","","1"
"7225 Fl-rl Alloy Steel Nesoi Nun 600mm Wide","Vietnam","All Country Subcodes","All Rate Provisions","All Districts","2024","1337588","1337588","1337588","1465015","1465015","0","","","","","","","10"
"7226 Fl-rl Alloy Steel Nesoi Un 600mm Wide","Korea, South","All Country Subcodes","All Rate Provisions","All Districts","2022","714249","659114","0","861282","805147","0","","","","","","","40"
"2504 Natural Graphite","Indonesia","All Country Subcodes","All Rate Provisions","All Districts","2025 through June","7225570","7225570","1068508","7423020","7423020","106850","","","","","","","59"
"2846 Rare-earth Metal Compounds Of Yttrium Or Scandium","Korea, South","All Country Subcodes","All Rate Provisions","All Districts","2021","2497911","2181851","1109334","2529502","2213442","41142","","","","","","","72"
"2820 Manganese Oxides","Indonesia","All Country Subcodes","All Rate Provisions","All Districts","2023","91380","91380","91380","106580","106580","4294","","","","","","","4"
"7110 Platinum, Unwrought, Semimfr Forms Or In Powder Fm","Korea, South","All Country Subcodes","All Rate Provisions","All Districts","2024","228499677","228499677","0","228615243","228615243","0","","","","","","","98"
"8108 Titanium & Articles Thereof, Includ Waste & Scrap","Vietnam","All Country Subcodes","All Rate Provisions","All Districts","2025 through June","108203","108203","108203","114220","114220","14447","","","","","","","18"
"8112 Beryllium,chromium,hafnium,rhenium Etc & Articles","Thailand","All Country Subcodes","All Rate Provisions","All Districts","2024","122350","122350","8950","123183","123183","358","","","","","","","4"
"3801 Artificial Graphite; Collodial Graphite & Prep Etc","Singapore","All Country Subcodes","All Rate Provisions","All Districts","2024","30091","30091","11260","32394","32394","492","","","","","","","6"
"7226 Fl-rl Alloy Steel Nesoi Un 600mm Wide","Korea, South","All Country Subcodes","All Rate Provisions","All Districts","2025 through June","1999604","1999604","1302399","2108602","2108602","0","","","","","","","13"
"2846 Rare-earth Metal Compounds Of Yttrium Or Scandium","Vietnam","All Country Subcodes","All Rate Provisions","All Districts","2024","40373","40373","40373","41000","41000","1494","","","","","","","2"
"7110 Platinum, Unwrought, Semimfr Forms Or In Powder Fm","Cambodia","All Country Subcodes","All Rate Provisions","All Districts","2023","2500","2500","0","2508","2508","0","","","","","","","1"
"8112 Beryllium,chromium,hafnium,rhenium Etc & Articles","Singapore","All Country Subcodes","All Rate Provisions","All Districts","2023","494807","494807","227234","497242","497242","9112","","","","","","","7"
"8112 Beryllium,chromium,hafnium,rhenium Etc & Articles","Malaysia","All Country Subcodes","All Rate Provisions","All Districts","2021","170973","170973","118305","176793","176793","4293","","","","","","","8"
"8112 Beryllium,chromium,hafnium,rhenium Etc & Articles","Japan","All Country Subcodes","All Rate Provisions","All Districts","2022","11234222","11234222","2520667","11435906","11435906","86734","","","","","","","192"
"8105 Cobalt Mattes Etc, Cobalt & Art, Inc Waste & Scrap","Singapore","All Country Subcodes","All Rate Provisions","All Districts","2021","514482","514482","0","518224","518224","0","","","","","","","3"
"8112 Beryllium,chromium,hafnium,rhenium Etc & Articles","Hong Kong","All Country Subcodes","All Rate Provisions","All Districts","2024","1037500","1037500","0","1055328","1055328","0","","","","","","","1"
"8110 Antimony And Artcls Throf Incl Waste And Scrap","Japan","All Country Subcodes","All Rate Provisions","All Districts","2022","829207","829207","0","844843","844843","0","","","","","","","17"
"2846 Rare-earth Metal Compounds Of Yttrium Or Scandium","Korea, South","All Country Subcodes","All Rate Provisions","All Districts","2025 through June","3305497","3305497","721797","3330639","3330639","27146","","","","","","","18"
"8105 Cobalt Mattes Etc, Cobalt & Art, Inc Waste & Scrap","Taiwan","All Country Subcodes","All Rate Provisions","All Districts","2021","1626908","1604892","207510","1646609","1637054","7681","","","","","","","56"
"2603 Copper Ores And Concentrates","Taiwan","All Country Subcodes","All Rate Provisions","All Districts","2023","4724","4724","4724","5011","5011","0","","","","","","","1"
"7110 Platinum, Unwrought, Semimfr Forms Or In Powder Fm","Singapore","All Country Subcodes","All Rate Provisions","All Districts","2023","5167903","5167903","0","5201101","5201101","0","","","","","","","81"
"3910 Silicones, In Primary Forms","Thailand","All Country Subcodes","All Rate Provisions","All Districts","2021","30453659","31104869","31054337","35898318","36549530","931641","","","","","","","620"
"2614 Titanium Ores And Concentrates","Japan","All Country Subcodes","All Rate Provisions","All Districts","2022","297318","297318","0","312184","312184","0","","","","","","","5"
"2801 Fluorine, Chlorine, Bromine & Iodine","Korea, South","All Country Subcodes","All Rate Provisions","All Districts","2023","1524070","1524070","0","1611293","1611293","0","","","","","","","22"
"8110 Antimony And Artcls Throf Incl Waste And Scrap","Japan","All Country Subcodes","All Rate Provisions","All Districts","2023","438836","438836","0","444658","444658","0","","","","","","","15"
"2504 Natural Graphite","Korea, South","All Country Subcodes","All Rate Provisions","All Districts","2022","408034","408034","0","414266","414266","0","","","","","","","5"
"8110 Antimony And Artcls Throf Incl Waste And Scrap","Thailand","All Country Subcodes","All Rate Provisions","All Districts","2023","14333548","14333548","0","14536851","14536851","0","","","","","","","45"
"8110 Antimony And Artcls Throf Incl Waste And Scrap","Thailand","All Country Subcodes","All Rate Provisions","All Districts","2021","9760666","9760666","0","9875469","9875469","0","","","","","","","33"
"3801 Artificial Graphite; Collodial Graphite & Prep Etc","Japan","All Country Subcodes","All Rate Provisions","All Districts","2023","18708924","18692919","803351","19471559","19457188","37091","","","","","","","184"
"2614 Titanium Ores And Concentrates","Japan","All Country Subcodes","All Rate Provisions","All Districts","2023","177990","177990","0","186890","186890","0","","","","","","","3"
"7110 Platinum, Unwrought, Semimfr Forms Or In Powder Fm","Korea, South","All Country Subcodes","All Rate Provisions","All Districts","2025 through June","104342370","104342370","0","104362578","104362578","0","","","","","","","45"
"8112 Beryllium,chromium,hafnium,rhenium Etc & Articles","Taiwan","All Country Subcodes","All Rate Provisions","All Districts","2024","11520778","11520778","156362","11764049","11764049","4894","","","","","","","52"
"8105 Cobalt Mattes Etc, Cobalt & Art, Inc Waste & Scrap","Indonesia","All Country Subcodes","All Rate Provisions","All Districts","2025 through June","27600621","27600621","0","27852047","27852047","0","","","","","","","43"
"8112 Beryllium,chromium,hafnium,rhenium Etc & Articles","Hong Kong","All Country Subcodes","All Rate Provisions","All Districts","2022","8080","8080","8080","8580","8580","323","","","","","","","2"
"8110 Antimony And Artcls Throf Incl Waste And Scrap","Vietnam","All Country Subcodes","All Rate Provisions","All Districts","2021","8671246","8671246","0","8781586","8781586","0","","","","","","","33"
"8112 Beryllium,chromium,hafnium,rhenium Etc & Articles","Malaysia","All Country Subcodes","All Rate Provisions","All Districts","2023","380728","380728","151182","385170","385170","5753","","","","","","","11"
"2846 Rare-earth Metal Compounds Of Yttrium Or Scandium","Taiwan","All Country Subcodes","All Rate Provisions","All Districts","2023","74309","74309","74309","77708","77708","4033","","","","","","","4"
"8112 Beryllium,chromium,hafnium,rhenium Etc & Articles","Singapore","All Country Subcodes","All Rate Provisions","All Districts","2022","124723","124723","73178","125682","125682","2954","","","","","","","4"
"2846 Rare-earth Metal Compounds Of Yttrium Or Scandium","Malaysia","All Country Subcodes","All Rate Provisions","All Districts","2021","4434833","4434833","2866904","4608436","4608436","108683","","","","","","","38"
"8112 Beryllium,chromium,hafnium,rhenium Etc & Articles","Malaysia","All Country Subcodes","All Rate Provisions","All Districts","2025 through June","2025196","2025196","1157494","2042565","2042565","28125","","","","","","","16"
"2603 Copper Ores And Concentrates","Taiwan","All Country Subcodes","All Rate Provisions","All Districts","2021","49343","49343","49343","53343","53343","0","","","","","","","1"
"2504 Natural Graphite","Taiwan","All Country Subcodes","All Rate Provisions","All Districts","2025 through June","21926","21926","6360","24132","24132","636","","","","","","","5"
"8110 Antimony And Artcls Throf Incl Waste And Scrap","Burma","All Country Subcodes","All Rate Provisions","All Districts","2022","1092331","1092331","0","1128718","1128718","0","","","","","","","3"
"3910 Silicones, In Primary Forms","Malaysia","All Country Subcodes","All Rate Provisions","All Districts","2024","790056","790056","790056","943484","943484","23706","","","","","","","50"
"3801 Artificial Graphite; Collodial Graphite & Prep Etc","Korea, South","All Country Subcodes","All Rate Provisions","All Districts","2024","43657255","43657255","201486","44390715","44390715","9821","","","","","","","413"
"3910 Silicones, In Primary Forms","Korea, South","All Country Subcodes","All Rate Provisions","All Districts","2021","13334170","13378033","2058096","14901068","14945502","61741","","","","","","","448"
"8110 Antimony And Artcls Throf Incl Waste And Scrap","Philippines","All Country Subcodes","All Rate Provisions","All Districts","2023","435077","435077","0","442233","442233","0","","","","","","","3"
"7110 Platinum, Unwrought, Semimfr Forms Or In Powder Fm","Korea, South","All Country Subcodes","All Rate Provisions","All Districts","2021","582887234","582887234","0","582945876","582945876","0","","","","","","","60"
"8105 Cobalt Mattes Etc, Cobalt & Art, Inc Waste & Scrap","Taiwan","All Country Subcodes","All Rate Provisions","All Districts","2025 through June","1694568","1725894","1037074","1715395","1760338","76322","","","","","","","45"
"2603 Copper Ores And Concentrates","Japan","All Country Subcodes","All Rate Provisions","All Districts","2022","10170","10170","10170","10172","10172","0","","","","","","","2"
"7226 Fl-rl Alloy Steel Nesoi Un 600mm Wide","Vietnam","All Country Subcodes","All Rate Provisions","All Districts","2023","1579057","135870","135870","1644386","158219","0","","","","","","","15"
"8112 Beryllium,chromium,hafnium,rhenium Etc & Articles","Hong Kong","All Country Subcodes","All Rate Provisions","All Districts","2023","6195","6195","6195","6645","6645","248","","","","","","","1"
"3910 Silicones, In Primary Forms","Philippines","All Country Subcodes","All Rate Provisions","All Districts","2022","2358","2358","2358","2418","2418","71","","","","","","","5"
"2846 Rare-earth Metal Compounds Of Yttrium Or Scandium","Malaysia","All Country Subcodes","All Rate Provisions","All Districts","2022","6644885","6644885","4286634","6897975","6897975","169486","","","","","","","45"
"2801 Fluorine, Chlorine, Bromine & Iodine","Singapore","All Country Subcodes","All Rate Provisions","All Districts","2021","41032","41032","41032","42032","42032","2256","","","","","","","2"
"8105 Cobalt Mattes Etc, Cobalt & Art, Inc Waste & Scrap","Malaysia","All Country Subcodes","All Rate Provisions","All Districts","2023","13194","13194","6267","13958","13958","232","","","","","","","4"
"8110 Antimony And Artcls Throf Incl Waste And Scrap","Japan","All Country Subcodes","All Rate Provisions","All Districts","2021","1450440","1450440","0","1482307","1482307","0","","","","","","","20"
"7110 Platinum, Unwrought, Semimfr Forms Or In Powder Fm","Taiwan","All Country Subcodes","All Rate Provisions","All Districts","2023","1439343","1439343","0","1447092","1447092","0","","","","","","","9"
"2801 Fluorine, Chlorine, Bromine & Iodine","Korea, South","All Country Subcodes","All Rate Provisions","All Districts","2022","2094768","2094768","0","2198465","2198465","0","","","","","","","31"
"2820 Manganese Oxides","Japan","All Country Subcodes","All Rate Provisions","All Districts","2025 through June","574380","574380","574380","640530","640530","30866","","","","","","","14"
"8110 Antimony And Artcls Throf Incl Waste And Scrap","Korea, South","All Country Subcodes","All Rate Provisions","All Districts","2025 through June","58361","58361","0","58655","58655","0","","","","","","","2"
"8112 Beryllium,chromium,hafnium,rhenium Etc & Articles","Japan","All Country Subcodes","All Rate Provisions","All Districts","2024","18961329","18964709","1416429","19302154","19305634","47083","","","","","","","144"
"8105 Cobalt Mattes Etc, Cobalt & Art, Inc Waste & Scrap","Indonesia","All Country Subcodes","All Rate Provisions","All Districts","2023","5011","5011","5011","5435","5435","185","","","","","","","1"
"7226 Fl-rl Alloy Steel Nesoi Un 600mm Wide","Thailand","All Country Subcodes","All Rate Provisions","All Districts","2021","5810","5810","5810","7310","7310","0","","","","","","","2"
"8108 Titanium & Articles Thereof, Includ Waste & Scrap","Taiwan","All Country Subcodes","All Rate Provisions","All Districts","2025 through June","3094247","3224461","3037328","3218221","3347549","349188","","","","","","","131"
"8105 Cobalt Mattes Etc, Cobalt & Art, Inc Waste & Scrap","Malaysia","All Country Subcodes","All Rate Provisions","All Districts","2022","46736","46736","46736","47611","47611","1729","","","","","","","2"
"8108 Titanium & Articles Thereof, Includ Waste & Scrap","Malaysia","All Country Subcodes","All Rate Provisions","All Districts","2024","946816","946816","623842","968180","968180","36533","","","","","","","38"
"8112 Beryllium,chromium,hafnium,rhenium Etc & Articles","Japan","All Country Subcodes","All Rate Provisions","All Districts","2021","2663317","3858777","2330115","2714687","3914247","74150","","","","","","","103"
"3801 Artificial Graphite; Collodial Graphite & Prep Etc","Indonesia","All Country Subcodes","All Rate Provisions","All Districts","2024","512759","512759","48852","565059","565059","2393","","","","","","","16"
"2801 Fluorine, Chlorine, Bromine & Iodine","Japan","All Country Subcodes","All Rate Provisions","All Districts","2024","26431972","26431972","600212","26649974","26649974","22208","","","","","","","42"
"3801 Artificial Graphite; Collodial Graphite & Prep Etc","Japan","All Country Subcodes","All Rate Provisions","All Districts","2021","34847113","34785617","8114325","36007170","35945724","387460","","","","","","","297"
"8105 Cobalt Mattes Etc, Cobalt & Art, Inc Waste & Scrap","Taiwan","All Country Subcodes","All Rate Provisions","All Districts","2024","1634068","1593302","200462","1653061","1624846","7413","","","","","","","58"
"8105 Cobalt Mattes Etc, Cobalt & Art, Inc Waste & Scrap","Taiwan","All Country Subcodes","All Rate Provisions","All Districts","2022","1692567","1595577","192387","1714061","1629604","7118","","","","","","","58"
"3801 Artificial Graphite; Collodial Graphite & Prep Etc","Korea, South","All Country Subcodes","All Rate Provisions","All Districts","2023","27208166","27208166","5016004","28173319","28173319","187074","","","","","","","296"
"7225 Fl-rl Alloy Steel Nesoi Nun 600mm Wide","Taiwan","All Country Subcodes","All Rate Provisions","All Districts","2025 through June","2746","2746","2746","3632","3632","687","","","","","","","1"
"2820 Manganese Oxides","Taiwan","All Country Subcodes","All Rate Provisions","All Districts","2023","134880","134880","134880","141299","141299","6339","","","","","","","7"
"2614 Titanium Ores And Concentrates","Japan","All Country Subcodes","All Rate Provisions","All Districts","2021","5036","5036","0","5111","5111","0","","","","","","","1"
"3910 Silicones, In Primary Forms","Hong Kong","All Country Subcodes","All Rate Provisions","All Districts","2025 through June","654","654","654","1901","1901","151","","","","","","","2"
"8105 Cobalt Mattes Etc, Cobalt & Art, Inc Waste & Scrap","Hong Kong","All Country Subcodes","All Rate Provisions","All Districts","2021","2472","2472","2472","2472","2472","91","","","","","","","1"
"2504 Natural Graphite","Hong Kong","All Country Subcodes","All Rate Provisions","All Districts","2024","202350","202350","0","205350","205350","0","","","","","","","2"
"2504 Natural Graphite","Hong Kong","All Country Subcodes","All Rate Provisions","All Districts","2022","731819","731819","0","751821","751821","0","","","","","","","3"
"7226 Fl-rl Alloy Steel Nesoi Un 600mm Wide","Taiwan","All Country Subcodes","All Rate Provisions","All Districts","2022","67814","67814","41335","82187","82187","4695","","","","","","","9"
"7226 Fl-rl Alloy Steel Nesoi Un 600mm Wide","Taiwan","All Country Subcodes","All Rate Provisions","All Districts","2024","28987","28987","28987","29415","29415","4897","","","","","","","3"
"3910 Silicones, In Primary Forms","Vietnam","All Country Subcodes","All Rate Provisions","All Districts","2023","3826129","3826129","3826129","4051376","4051376","114780","","","","","","","122"
"3910 Silicones, In Primary Forms","Hong Kong","All Country Subcodes","All Rate Provisions","All Districts","2021","94085","94085","94085","97642","97642","2823","","","","","","","9"
"8105 Cobalt Mattes Etc, Cobalt & Art, Inc Waste & Scrap","Taiwan","All Country Subcodes","All Rate Provisions","All Districts","2023","2244801","2240707","114548","2263845","2275268","4240","","","","","","","43"
"2603 Copper Ores And Concentrates","Taiwan","All Country Subcodes","All Rate Provisions","All Districts","2025 through June","17013","17013","17013","18714","18714","0","","","","","","","1"
"8110 Antimony And Artcls Throf Incl Waste And Scrap","Thailand","All Country Subcodes","All Rate Provisions","All Districts","2025 through June","37841109","37841109","0","38163673","38163673","0","","","","","","","42"
"3801 Artificial Graphite; Collodial Graphite & Prep Etc","Indonesia","All Country Subcodes","All Rate Provisions","All Districts","2025 through June","45871004","45773804","30240324","49800493","49700293","3014970","","","","","","","325"
"3910 Silicones, In Primary Forms","Singapore","All Country Subcodes","All Rate Provisions","All Districts","2021","10988","10988","10988","11586","11586","329","","","","","","","10"
"8110 Antimony And Artcls Throf Incl Waste And Scrap","Malaysia","All Country Subcodes","All Rate Provisions","All Districts","2025 through June","1387293","1387293","0","1391453","1391453","0","","","","","","","1"
"2504 Natural Graphite","Taiwan","All Country Subcodes","All Rate Provisions","All Districts","2022","15654","15654","0","16248","16248","0","","","","","","","3"
"7226 Fl-rl Alloy Steel Nesoi Un 600mm Wide","Singapore","All Country Subcodes","All Rate Provisions","All Districts","2022","11866","11866","11866","11872","11872","0","","","","","","","4"
"8105 Cobalt Mattes Etc, Cobalt & Art, Inc Waste & Scrap","Singapore","All Country Subcodes","All Rate Provisions","All Districts","2023","631517","631517","226825","639724","639724","8392","","","","","","","37"
"3801 Artificial Graphite; Collodial Graphite & Prep Etc","Taiwan","All Country Subcodes","All Rate Provisions","All Districts","2023","149648","149648","20618","158395","158395","886","","","","","","","21"
"7110 Platinum, Unwrought, Semimfr Forms Or In Powder Fm","Thailand","All Country Subcodes","All Rate Provisions","All Districts","2021","21343","21343","0","22063","22063","0","","","","","","","3"
"8108 Titanium & Articles Thereof, Includ Waste & Scrap","Korea, South","All Country Subcodes","All Rate Provisions","All Districts","2023","23778793","23778793","163346","24252123","24252123","17300","","","","","","","174"
"8110 Antimony And Artcls Throf Incl Waste And Scrap","Thailand","All Country Subcodes","All Rate Provisions","All Districts","2022","10097663","10097663","0","10319103","10319103","0","","","","","","","29"
"2846 Rare-earth Metal Compounds Of Yttrium Or Scandium","Japan","All Country Subcodes","All Rate Provisions","All Districts","2024","20229985","19528185","17103905","20653448","19957557","876825","","","","","","","211"
"3801 Artificial Graphite; Collodial Graphite & Prep Etc","Korea, South","All Country Subcodes","All Rate Provisions","All Districts","2021","5927818","5927818","8158","6338745","6338745","356","","","","","","","53"
"8110 Antimony And Artcls Throf Incl Waste And Scrap","Vietnam","All Country Subcodes","All Rate Provisions","All Districts","2023","9468406","9468406","0","9549205","9549205","0","","","","","","","27"
"8108 Titanium & Articles Thereof, Includ Waste & Scrap","Hong Kong","All Country Subcodes","All Rate Provisions","All Districts","2025 through June","202494","202494","202494","246005","246005","23932","","","","","","","20"
"3910 Silicones, In Primary Forms","Indonesia","All Country Subcodes","All Rate Provisions","All Districts","2021","1731703","1731703","1159778","1837623","1837623","34793","","","","","","","20"
"3910 Silicones, In Primary Forms","Thailand","All Country Subcodes","All Rate Provisions","All Districts","2025 through June","10879858","11045150","11045150","11816392","11981685","336992","","","","","","","218"
"2504 Natural Graphite","Korea, South","All Country Subcodes","All Rate Provisions","All Districts","2025 through June","52820","52820","0","55068","55068","0","","","","","","","3"
"8108 Titanium & Articles Thereof, Includ Waste & Scrap","Indonesia","All Country Subcodes","All Rate Provisions","All Districts","2024","1136686","1136686","13125","1152998","1152998","722","","","","","","","6"
"7225 Fl-rl Alloy Steel Nesoi Nun 600mm Wide","Japan","All Country Subcodes","All Rate Provisions","All Districts","2023","37149602","37149602","1891982","41888055","41888055","472998","","","","","","","333"
"7110 Platinum, Unwrought, Semimfr Forms Or In Powder Fm","Thailand","All Country Subcodes","All Rate Provisions","All Districts","2022","9747","9747","0","10401","10401","0","","","","","","","3"
"2504 Natural Graphite","Hong Kong","All Country Subcodes","All Rate Provisions","All Districts","2021","1759304","1759304","0","1780808","1780808","0","","","","","","","7"
"3801 Artificial Graphite; Collodial Graphite & Prep Etc","Singapore","All Country Subcodes","All Rate Provisions","All Districts","2021","120479","120479","0","122979","122979","0","","","","","","","1"
"2846 Rare-earth Metal Compounds Of Yttrium Or Scandium","Japan","All Country Subcodes","All Rate Provisions","All Districts","2025 through June","11030832","12821632","10899969","11272096","13079332","550333","","","","","","","123"
"8108 Titanium & Articles Thereof, Includ Waste & Scrap","Korea, South","All Country Subcodes","All Rate Provisions","All Districts","2022","20321576","20321576","184574","20825494","20825494","23659","","","","","","","160"
"3910 Silicones, In Primary Forms","Vietnam","All Country Subcodes","All Rate Provisions","All Districts","2024","5725122","5725122","5725122","6057230","6057230","171748","","","","","","","145"
"2614 Titanium Ores And Concentrates","Japan","All Country Subcodes","All Rate Provisions","All Districts","2024","120937","120937","0","126984","126984","0","","","","","","","3"
"2504 Natural Graphite","Taiwan","All Country Subcodes","All Rate Provisions","All Districts","2024","38542","38542","0","39128","39128","0","","","","","","","4"
"7110 Platinum, Unwrought, Semimfr Forms Or In Powder Fm","Korea, South","All Country Subcodes","All Rate Provisions","All Districts","2023","321153696","321153696","0","321275908","321275908","0","","","","","","","98"
"8105 Cobalt Mattes Etc, Cobalt & Art, Inc Waste & Scrap","Vietnam","All Country Subcodes","All Rate Provisions","All Districts","2024","135637","135637","135637","135644","135644","5019","","","","","","","7"
"2801 Fluorine, Chlorine, Bromine & Iodine","Korea, South","All Country Subcodes","All Rate Provisions","All Districts","2024","1229862","1229862","201969","1281121","1281121","7563","","","","","","","20"
"7226 Fl-rl Alloy Steel Nesoi Un 600mm Wide","Taiwan","All Country Subcodes","All Rate Provisions","All Districts","2021","557221","557221","205305","643944","643944","41716","","","","","","","28"
"8108 Titanium & Articles Thereof, Includ Waste & Scrap","Malaysia","All Country Subcodes","All Rate Provisions","All Districts","2025 through June","430531","430531","399758","436659","436659","34612","","","","","","","19"
"3910 Silicones, In Primary Forms","Taiwan","All Country Subcodes","All Rate Provisions","All Districts","2022","2080522","2079357","2032797","2220356","2219620","60990","","","","","","","149"
"3910 Silicones, In Primary Forms","Taiwan","All Country Subcodes","All Rate Provisions","All Districts","2024","2390571","2392224","2392224","2520531","2522173","71771","","","","","","","152"
"7225 Fl-rl Alloy Steel Nesoi Nun 600mm Wide","Vietnam","All Country Subcodes","All Rate Provisions","All Districts","2022","46752","46752","46752","75904","75904","0","","","","","","","2"
"2504 Natural Graphite","Malaysia","All Country Subcodes","All Rate Provisions","All Districts","2022","2308","2308","0","2498","2498","0","","","","","","","1"
"7110 Platinum, Unwrought, Semimfr Forms Or In Powder Fm","Taiwan","All Country Subcodes","All Rate Provisions","All Districts","2022","6166144","6166144","0","6194203","6194203","0","","","","","","","12"
"3910 Silicones, In Primary Forms","Japan","All Country Subcodes","All Rate Provisions","All Districts","2025 through June","83853602","82252487","82252487","92513932","90906384","2552435","","","","","","","1847"
"8112 Beryllium,chromium,hafnium,rhenium Etc & Articles","Malaysia","All Country Subcodes","All Rate Provisions","All Districts","2024","278587","278587","215612","290306","290306","8469","","","","","","","10"
"3801 Artificial Graphite; Collodial Graphite & Prep Etc","Singapore","All Country Subcodes","All Rate Provisions","All Districts","2025 through June","27986","27986","5284","29186","29186","528","","","","","","","3"
"2846 Rare-earth Metal Compounds Of Yttrium Or Scandium","Taiwan","All Country Subcodes","All Rate Provisions","All Districts","2025 through June","115143","115143","115143","123137","123137","6333","","","","","","","1"
"3910 Silicones, In Primary Forms","Korea, South","All Country Subcodes","All Rate Provisions","All Districts","2025 through June","14572832","14576103","4698711","15466923","15470237","152981","","","","","","","490"
"8108 Titanium & Articles Thereof, Includ Waste & Scrap","Hong Kong","All Country Subcodes","All Rate Provisions","All Districts","2022","619270","619270","568999","878767","878767","34354","","","","","","","42"
"8105 Cobalt Mattes Etc, Cobalt & Art, Inc Waste & Scrap","Singapore","All Country Subcodes","All Rate Provisions","All Districts","2024","1043837","1043837","88821","1056441","1056441","3286","","","","","","","11"
"7226 Fl-rl Alloy Steel Nesoi Un 600mm Wide","Japan","All Country Subcodes","All Rate Provisions","All Districts","2025 through June","14392624","14392624","4561966","14722267","14722267","1420979","","","","","","","313"
"8112 Beryllium,chromium,hafnium,rhenium Etc & Articles","Malaysia","All Country Subcodes","All Rate Provisions","All Districts","2022","181509","181509","153169","187816","187816","5893","","","","","","","9"
"8112 Beryllium,chromium,hafnium,rhenium Etc & Articles","Korea, South","All Country Subcodes","All Rate Provisions","All Districts","2024","13498189","13498189","1952482","13706312","13706312","63843","","","","","","","58"
"8112 Beryllium,chromium,hafnium,rhenium Etc & Articles","Singapore","All Country Subcodes","All Rate Provisions","All Districts","2025 through June","482859","482859","49802","487630","487630","2440","","","","","","","4"
"2504 Natural Graphite","Japan","All Country Subcodes","All Rate Provisions","All Districts","2024","996588","996588","0","1071777","1071777","0","","","","","","","60"
"8112 Beryllium,chromium,hafnium,rhenium Etc & Articles","Taiwan","All Country Subcodes","All Rate Provisions","All Districts","2025 through June","12608931","12608931","2174994","12706807","12706807","164938","","","","","","","54"
"3910 Silicones, In Primary Forms","Japan","All Country Subcodes","All Rate Provisions","All Districts","2022","201650415","198871727","198871727","222651035","219851877","5966159","","","","","","","3785"
"8112 Beryllium,chromium,hafnium,rhenium Etc & Articles","Hong Kong","All Country Subcodes","All Rate Provisions","All Districts","2021","107981","107981","107981","108596","108596","4319","","","","","","","3"
"8112 Beryllium,chromium,hafnium,rhenium Etc & Articles","Japan","All Country Subcodes","All Rate Provisions","All Districts","2023","16587892","16587892","1636041","16778687","16778687","58171","","","","","","","195"
"8108 Titanium & Articles Thereof, Includ Waste & Scrap","Vietnam","All Country Subcodes","All Rate Provisions","All Districts","2021","11120","11120","11120","12117","12117","1121","","","","","","","2"
"2846 Rare-earth Metal Compounds Of Yttrium Or Scandium","Malaysia","All Country Subcodes","All Rate Provisions","All Districts","2025 through June","1281021","1281021","1096299","1299589","1299589","42879","","","","","","","15"
"3910 Silicones, In Primary Forms","Philippines","All Country Subcodes","All Rate Provisions","All Districts","2023","5385","5385","5385","5397","5397","162","","","","","","","7"
"2504 Natural Graphite","Japan","All Country Subcodes","All Rate Provisions","All Districts","2025 through June","134143","129055","4370","143353","138113","437","","","","","","","16"
"3801 Artificial Graphite; Collodial Graphite & Prep Etc","Philippines","All Country Subcodes","All Rate Provisions","All Districts","2022","12282","12282","12282","12376","12376","454","","","","","","","1"
"8105 Cobalt Mattes Etc, Cobalt & Art, Inc Waste & Scrap","Japan","All Country Subcodes","All Rate Provisions","All Districts","2021","45468928","45427754","165751","46191004","46150417","6200","","","","","","","130"
"7110 Platinum, Unwrought, Semimfr Forms Or In Powder Fm","Japan","All Country Subcodes","All Rate Provisions","All Districts","2024","57344686","57344686","0","57438159","57438159","0","","","","","","","227"
"8105 Cobalt Mattes Etc, Cobalt & Art, Inc Waste & Scrap","Singapore","All Country Subcodes","All Rate Provisions","All Districts","2025 through June","742277","742277","112976","751497","751497","8092","","","","","","","11"
"8112 Beryllium,chromium,hafnium,rhenium Etc & Articles","Philippines","All Country Subcodes","All Rate Provisions","All Districts","2021","3500","3500","3500","3555","3555","140","","","","","","","1"
"8108 Titanium & Articles Thereof, Includ Waste & Scrap","Thailand","All Country Subcodes","All Rate Provisions","All Districts","2021","400473","400473","400473","405170","405170","22294","","","","","","","23"
"2504 Natural Graphite","Korea, South","All Country Subcodes","All Rate Provisions","All Districts","2021","19300","19300","0","19675","19675","0","","","","","","","2"
"8108 Titanium & Articles Thereof, Includ Waste & Scrap","Thailand","All Country Subcodes","All Rate Provisions","All Districts","2023","139639","139639","55534","143107","143107","3054","","","","","","","5"
"8108 Titanium & Articles Thereof, Includ Waste & Scrap","Korea, South","All Country Subcodes","All Rate Provisions","All Districts","2025 through June","19356919","19356919","4746040","19804330","19804330","709333","","","","","","","195"
"3910 Silicones, In Primary Forms","Japan","All Country Subcodes","All Rate Provisions","All Districts","2023","154630124","152468163","152468163","163912497","161744149","4574071","","","","","","","2987"
"8108 Titanium & Articles Thereof, Includ Waste & Scrap","Hong Kong","All Country Subcodes","All Rate Provisions","All Districts","2024","632923","632923","537448","751220","751220","29559","","","","","","","37"
"7225 Fl-rl Alloy Steel Nesoi Nun 600mm Wide","Japan","All Country Subcodes","All Rate Provisions","All Districts","2024","59646848","57640967","3120421","66421718","64282912","779575","","","","","","","682"
"8112 Beryllium,chromium,hafnium,rhenium Etc & Articles","Thailand","All Country Subcodes","All Rate Provisions","All Districts","2022","39643","39643","15739","40055","40055","629","","","","","","","3"
"7225 Fl-rl Alloy Steel Nesoi Nun 600mm Wide","Korea, South","All Country Subcodes","All Rate Provisions","All Districts","2024","189727008","188968430","0","199635773","198819967","0","","","","","","","477"
"8112 Beryllium,chromium,hafnium,rhenium Etc & Articles","Thailand","All Country Subcodes","All Rate Provisions","All Districts","2025 through June","1175497","1175497","301415","1181803","1181803","3147","","","","","","","6"
"2603 Copper Ores And Concentrates","Korea, South","All Country Subcodes","All Rate Provisions","All Districts","2025 through June","4613","4613","2599","7413","7413","260","","","","","","","2"
"8110 Antimony And Artcls Throf Incl Waste And Scrap","Japan","All Country Subcodes","All Rate Provisions","All Districts","2025 through June","286665","286665","42211","290552","290552","0","","","","","","","13"
"2846 Rare-earth Metal Compounds Of Yttrium Or Scandium","Japan","All Country Subcodes","All Rate Provisions","All Districts","2022","33372776","31338776","26563386","38217774","36180774","1322116","","","","","","","308"
"8105 Cobalt Mattes Etc, Cobalt & Art, Inc Waste & Scrap","Japan","All Country Subcodes","All Rate Provisions","All Districts","2023","61573836","61602186","711673","61961459","61988968","26336","","","","","","","184"
"2820 Manganese Oxides","Korea, South","All Country Subcodes","All Rate Provisions","All Districts","2021","1482448","1482448","0","1689312","1689312","0","","","","","","","22"
"3801 Artificial Graphite; Collodial Graphite & Prep Etc","Vietnam","All Country Subcodes","All Rate Provisions","All Districts","2025 through June","20864","20864","11000","22335","22335","1100","","","","","","","3"
"3801 Artificial Graphite; Collodial Graphite & Prep Etc","Japan","All Country Subcodes","All Rate Provisions","All Districts","2025 through June","6722356","6702738","2543996","7222594","7202137","286055","","","","","","","84"
"8112 Beryllium,chromium,hafnium,rhenium Etc & Articles","Taiwan","All Country Subcodes","All Rate Provisions","All Districts","2021","1264889","1264889","295634","1302023","1302023","9249","","","","","","","23"
"7110 Platinum, Unwrought, Semimfr Forms Or In Powder Fm","Japan","All Country Subcodes","All Rate Provisions","All Districts","2025 through June","75930875","75930875","243338","75989690","75989690","0","","","","","","","128"
"8110 Antimony And Artcls Throf Incl Waste And Scrap","Taiwan","All Country Subcodes","All Rate Provisions","All Districts","2024","2111","2111","0","2302","2302","0","","","","","","","1"
"8110 Antimony And Artcls Throf Incl Waste And Scrap","Indonesia","All Country Subcodes","All Rate Provisions","All Districts","2024","777077","777077","0","783077","783077","0","","","","","","","1"
"8108 Titanium & Articles Thereof, Includ Waste & Scrap","Singapore","All Country Subcodes","All Rate Provisions","All Districts","2025 through June","13735220","13735220","2292094","14079074","14079074","142254","","","","","","","262"
"3910 Silicones, In Primary Forms","Indonesia","All Country Subcodes","All Rate Provisions","All Districts","2025 through June","937714","937714","634197","1029885","1029885","19024","","","","","","","12"
"7226 Fl-rl Alloy Steel Nesoi Un 600mm Wide","Korea, South","All Country Subcodes","All Rate Provisions","All Districts","2023","2821828","2821828","0","2968323","2964702","0","","","","","","","37"
"3910 Silicones, In Primary Forms","Vietnam","All Country Subcodes","All Rate Provisions","All Districts","2025 through June","6100254","6100254","6071895","6396888","6396888","203750","","","","","","","130"
"7226 Fl-rl Alloy Steel Nesoi Un 600mm Wide","Japan","All Country Subcodes","All Rate Provisions","All Districts","2024","49738086","49738086","10259834","50986544","50986544","2158204","","","","","","","917"
"3910 Silicones, In Primary Forms","Thailand","All Country Subcodes","All Rate Provisions","All Districts","2022","68531708","68531708","68531708","78098145","78098145","2055936","","","","","","","785"
"7225 Fl-rl Alloy Steel Nesoi Nun 600mm Wide","Japan","All Country Subcodes","All Rate Provisions","All Districts","2025 through June","29177656","23392413","12388789","31747380","25833710","3748888","","","","","","","359"
"8112 Beryllium,chromium,hafnium,rhenium Etc & Articles","Taiwan","All Country Subcodes","All Rate Provisions","All Districts","2023","4060423","3662891","318404","4220366","3816733","10880","","","","","","","42"
"8105 Cobalt Mattes Etc, Cobalt & Art, Inc Waste & Scrap","Korea, South","All Country Subcodes","All Rate Provisions","All Districts","2024","183119","183119","173718","185549","185549","6427","","","","","","","32"
"8108 Titanium & Articles Thereof, Includ Waste & Scrap","Indonesia","All Country Subcodes","All Rate Provisions","All Districts","2022","8693","8693","8693","9176","9176","979","","","","","","","2"
"8108 Titanium & Articles Thereof, Includ Waste & Scrap","Malaysia","All Country Subcodes","All Rate Provisions","All Districts","2022","231267","231267","133826","244283","244283","7619","","","","","","","28"
"8108 Titanium & Articles Thereof, Includ Waste & Scrap","Hong Kong","All Country Subcodes","All Rate Provisions","All Districts","2023","846442","846442","750921","1134937","1134937","41683","","","","","","","51"
"8108 Titanium & Articles Thereof, Includ Waste & Scrap","Singapore","All Country Subcodes","All Rate Provisions","All Districts","2024","11342289","11342289","4289750","11688834","11688834","247071","","","","","","","566"
"3801 Artificial Graphite; Collodial Graphite & Prep Etc","Korea, South","All Country Subcodes","All Rate Provisions","All Districts","2022","17025539","17025539","441896","19497594","19497594","17019","","","","","","","202"
"3910 Silicones, In Primary Forms","Malaysia","All Country Subcodes","All Rate Provisions","All Districts","2023","318539","318539","318539","333901","333901","9555","","","","","","","21"
"7110 Platinum, Unwrought, Semimfr Forms Or In Powder Fm","Thailand","All Country Subcodes","All Rate Provisions","All Districts","2023","9238","9238","0","9938","9938","0","","","","","","","2"
"7110 Platinum, Unwrought, Semimfr Forms Or In Powder Fm","Philippines","All Country Subcodes","All Rate Provisions","All Districts","2024","18139","18139","0","19503","19503","0","","","","","","","3"
"3801 Artificial Graphite; Collodial Graphite & Prep Etc","Malaysia","All Country Subcodes","All Rate Provisions","All Districts","2023","4838539","4838539","68019","4840533","4840533","2780","","","","","","","23"
"2820 Manganese Oxides","Korea, South","All Country Subcodes","All Rate Provisions","All Districts","2024","465994","465994","3848","574240","574240","181","","","","","","","12"
"8105 Cobalt Mattes Etc, Cobalt & Art, Inc Waste & Scrap","Hong Kong","All Country Subcodes","All Rate Provisions","All Districts","2023","3981","3981","0","4000","4000","0","","","","","","","1"
"7226 Fl-rl Alloy Steel Nesoi Un 600mm Wide","Thailand","All Country Subcodes","All Rate Provisions","All Districts","2025 through June","155660","155660","155660","169484","169484","0","","","","","","","1"
"8111 Manganese And Artcles Thereof, Inc Waste And Scrap","Indonesia","All Country Subcodes","All Rate Provisions","All Districts","2022","1133369","1133369","1133369","1209469","1209469","158671","","","","","","","5"
"7226 Fl-rl Alloy Steel Nesoi Un 600mm Wide","Thailand","All Country Subcodes","All Rate Provisions","All Districts","2023","234984","234984","234984","312504","312504","0","","","","","","","2"
"8110 Antimony And Artcls Throf Incl Waste And Scrap","Vietnam","All Country Subcodes","All Rate Provisions","All Districts","2024","14485867","14485867","0","14605688","14605688","0","","","","","","","31"
"2604 Nickel Ores And Concentrates","Taiwan","All Country Subcodes","All Rate Provisions","All Districts","2023","7708","7708","0","8158","8158","0","","","","","","","1"
"2801 Fluorine, Chlorine, Bromine & Iodine","Japan","All Country Subcodes","All Rate Provisions","All Districts","2023","13632011","13632011","283575","13832700","13832700","10542","","","","","","","24"
"3910 Silicones, In Primary Forms","Taiwan","All Country Subcodes","All Rate Provisions","All Districts","2021","1101708","1102143","1102143","1174740","1175441","33067","","","","","","","82"
"8105 Cobalt Mattes Etc, Cobalt & Art, Inc Waste & Scrap","Philippines","All Country Subcodes","All Rate Provisions","All Districts","2021","11090","11090","11090","11583","11583","411","","","","","","","2"
"2504 Natural Graphite","Japan","All Country Subcodes","All Rate Provisions","All Districts","2021","650238","644369","0","705434","699545","0","","","","","","","58"
"8108 Titanium & Articles Thereof, Includ Waste & Scrap","Vietnam","All Country Subcodes","All Rate Provisions","All Districts","2023","17884","17884","17884","18604","18604","2683","","","","","","","4"
"8108 Titanium & Articles Thereof, Includ Waste & Scrap","Singapore","All Country Subcodes","All Rate Provisions","All Districts","2023","11276505","11276505","1679024","11595915","11595915","93498","","","","","","","510"
"8105 Cobalt Mattes Etc, Cobalt & Art, Inc Waste & Scrap","Vietnam","All Country Subcodes","All Rate Provisions","All Districts","2023","64757","64757","64757","65748","65748","2395","","","","","","","4"
"7226 Fl-rl Alloy Steel Nesoi Un 600mm Wide","Korea, South","All Country Subcodes","All Rate Provisions","All Districts","2021","698006","698006","0","789079","789079","0","","","","","","","34"
"3801 Artificial Graphite; Collodial Graphite & Prep Etc","Japan","All Country Subcodes","All Rate Provisions","All Districts","2022","27145201","27108567","2617031","28845741","28808958","118801","","","","","","","243"
"8108 Titanium & Articles Thereof, Includ Waste & Scrap","Singapore","All Country Subcodes","All Rate Provisions","All Districts","2021","3361050","3361050","2967738","3519973","3519973","165857","","","","","","","466"
"2846 Rare-earth Metal Compounds Of Yttrium Or Scandium","Mongolia","All Country Subcodes","All Rate Provisions","All Districts","2022","2457","2457","2457","3207","3207","135","","","","","","","1"
"2846 Rare-earth Metal Compounds Of Yttrium Or Scandium","Taiwan","All Country Subcodes","All Rate Provisions","All Districts","2021","85953","85953","85953","87912","87912","4727","","","","","","","8"
"3801 Artificial Graphite; Collodial Graphite & Prep Etc","Singapore","All Country Subcodes","All Rate Provisions","All Districts","2022","1379606","1379606","0","1495616","1495616","0","","","","","","","5"
"2801 Fluorine, Chlorine, Bromine & Iodine","Japan","All Country Subcodes","All Rate Provisions","All Districts","2021","13164773","13164773","16644","13321408","13321408","688","","","","","","","32"
"7226 Fl-rl Alloy Steel Nesoi Un 600mm Wide","Singapore","All Country Subcodes","All Rate Provisions","All Districts","2021","5180","5180","5180","5183","5183","0","","","","","","","2"
"8108 Titanium & Articles Thereof, Includ Waste & Scrap","Thailand","All Country Subcodes","All Rate Provisions","All Districts","2022","420847","420847","420847","460349","460349","23145","","","","","","","18"
"8112 Beryllium,chromium,hafnium,rhenium Etc & Articles","Thailand","All Country Subcodes","All Rate Provisions","All Districts","2021","5979","5979","5979","6299","6299","239","","","","","","","2"
"8110 Antimony And Artcls Throf Incl Waste And Scrap","Japan","All Country Subcodes","All Rate Provisions","All Districts","2024","879051","879051","0","903323","903323","0","","","","","","","16"
"3910 Silicones, In Primary Forms","Indonesia","All Country Subcodes","All Rate Provisions","All Districts","2023","260287","260287","211162","285094","285094","6334","","","","","","","14"
"8105 Cobalt Mattes Etc, Cobalt & Art, Inc Waste & Scrap","Thailand","All Country Subcodes","All Rate Provisions","All Districts","2023","88508","88508","0","89399","89399","0","","","","","","","1"
"7110 Platinum, Unwrought, Semimfr Forms Or In Powder Fm","Hong Kong","All Country Subcodes","All Rate Provisions","All Districts","2021","3133249","3133249","0","3134106","3134106","0","","","","","","","14"
"3910 Silicones, In Primary Forms","Philippines","All Country Subcodes","All Rate Provisions","All Districts","2024","3586","3586","3586","4064","4064","107","","","","","","","5"
"3910 Silicones, In Primary Forms","Japan","All Country Subcodes","All Rate Provisions","All Districts","2024","155653123","152394601","152392811","164458250","161188107","4571820","","","","","","","3647"
"8111 Manganese And Artcles Thereof, Inc Waste And Scrap","Japan","All Country Subcodes","All Rate Provisions","All Districts","2022","6917969","6917969","6883432","6927321","6927321","957440","","","","","","","82"
"3801 Artificial Graphite; Collodial Graphite & Prep Etc","Hong Kong","All Country Subcodes","All Rate Provisions","All Districts","2024","3651","3651","0","3750","3750","0","","","","","","","1"
"8108 Titanium & Articles Thereof, Includ Waste & Scrap","Hong Kong","All Country Subcodes","All Rate Provisions","All Districts","2021","195578","195578","195578","237027","237027","12939","","","","","","","21"
"3910 Silicones, In Primary Forms","Malaysia","All Country Subcodes","All Rate Provisions","All Districts","2025 through June","343670","343670","343670","393486","393486","10311","","","","","","","16"
"3910 Silicones, In Primary Forms","Taiwan","All Country Subcodes","All Rate Provisions","All Districts","2025 through June","1473838","1473838","1473838","1523418","1523418","66098","","","","","","","127"
"3910 Silicones, In Primary Forms","Thailand","All Country Subcodes","All Rate Provisions","All Districts","2024","30555192","31184149","31184149","33168155","33797114","935528","","","","","","","489"
"8105 Cobalt Mattes Etc, Cobalt & Art, Inc Waste & Scrap","Korea, South","All Country Subcodes","All Rate Provisions","All Districts","2021","137523","137523","2913","146630","146630","108","","","","","","","13"
"2820 Manganese Oxides","Indonesia","All Country Subcodes","All Rate Provisions","All Districts","2024","490000","490000","490000","609000","609000","23030","","","","","","","14"
"3801 Artificial Graphite; Collodial Graphite & Prep Etc","Malaysia","All Country Subcodes","All Rate Provisions","All Districts","2024","502915","502915","502915","542769","542769","18664","","","","","","","42"
"2846 Rare-earth Metal Compounds Of Yttrium Or Scandium","Vietnam","All Country Subcodes","All Rate Provisions","All Districts","2025 through June","573625","573625","13625","578125","578125","505","","","","","","","3"
"2846 Rare-earth Metal Compounds Of Yttrium Or Scandium","Japan","All Country Subcodes","All Rate Provisions","All Districts","2023","21834342","21834342","17738856","22341239","22341239","900411","","","","","","","203"
"8111 Manganese And Artcles Thereof, Inc Waste And Scrap","Hong Kong","All Country Subcodes","All Rate Provisions","All Districts","2022","340408","0","0","372816","0","0","","","","","","","1"
"8111 Manganese And Artcles Thereof, Inc Waste And Scrap","Indonesia","All Country Subcodes","All Rate Provisions","All Districts","2025 through June","1850041","1850041","1850041","2008230","2008230","259006","","","","","","","9"
"8108 Titanium & Articles Thereof, Includ Waste & Scrap","Taiwan","All Country Subcodes","All Rate Provisions","All Districts","2022","5502517","5792683","3822708","5638692","5945573","441514","","","","","","","261"
"2801 Fluorine, Chlorine, Bromine & Iodine","Singapore","All Country Subcodes","All Rate Provisions","All Districts","2023","3995","3995","0","4495","4495","0","","","","","","","1"
"8105 Cobalt Mattes Etc, Cobalt & Art, Inc Waste & Scrap","Indonesia","All Country Subcodes","All Rate Provisions","All Districts","2024","3593558","3593558","0","3625256","3625256","0","","","","","","","9"
"8110 Antimony And Artcls Throf Incl Waste And Scrap","Burma","All Country Subcodes","All Rate Provisions","All Districts","2021","2826505","3092476","0","2877310","3147781","0","","","","","","","18"
"2846 Rare-earth Metal Compounds Of Yttrium Or Scandium","Malaysia","All Country Subcodes","All Rate Provisions","All Districts","2023","5226435","5226435","2829390","5532521","5532521","112624","","","","","","","37"
"8108 Titanium & Articles Thereof, Includ Waste & Scrap","Singapore","All Country Subcodes","All Rate Provisions","All Districts","2022","5853952","5853952","1302741","6085661","6085661","76084","","","","","","","461"
"2846 Rare-earth Metal Compounds Of Yttrium Or Scandium","Korea, South","All Country Subcodes","All Rate Provisions","All Districts","2024","1784478","1784478","987718","1818956","1818956","36888","","","","","","","47"
"7110 Platinum, Unwrought, Semimfr Forms Or In Powder Fm","Singapore","All Country Subcodes","All Rate Provisions","All Districts","2022","45825368","45825368","0","45892268","45892268","0","","","","","","","177"
"8108 Titanium & Articles Thereof, Includ Waste & Scrap","Korea, South","All Country Subcodes","All Rate Provisions","All Districts","2024","43434357","43434357","3991803","44253591","44253591","593295","","","","","","","287"
"3910 Silicones, In Primary Forms","Malaysia","All Country Subcodes","All Rate Provisions","All Districts","2022","1519669","1502319","1502319","1653227","1635651","45073","","","","","","","38"
"8110 Antimony And Artcls Throf Incl Waste And Scrap","Korea, South","All Country Subcodes","All Rate Provisions","All Districts","2022","16551","16551","0","19051","19051","0","","","","","","","1"
"2846 Rare-earth Metal Compounds Of Yttrium Or Scandium","Hong Kong","All Country Subcodes","All Rate Provisions","All Districts","2021","60055","60055","5055","60230","60230","187","","","","","","","2"
"7110 Platinum, Unwrought, Semimfr Forms Or In Powder Fm","Taiwan","All Country Subcodes","All Rate Provisions","All Districts","2024","890098","890098","0","897032","897032","0","","","","","","","9"
"8108 Titanium & Articles Thereof, Includ Waste & Scrap","Malaysia","All Country Subcodes","All Rate Provisions","All Districts","2021","83736","83736","83736","85468","85468","4607","","","","","","","10"
"7110 Platinum, Unwrought, Semimfr Forms Or In Powder Fm","Singapore","All Country Subcodes","All Rate Provisions","All Districts","2021","71372119","71372119","0","71445848","71445848","0","","","","","","","210"
"3801 Artificial Graphite; Collodial Graphite & Prep Etc","Vietnam","All Country Subcodes","All Rate Provisions","All Districts","2021","4699","4699","0","4892","4892","0","","","","","","","1"
"8112 Beryllium,chromium,hafnium,rhenium Etc & Articles","Vietnam","All Country Subcodes","All Rate Provisions","All Districts","2022","3680","3680","3680","3735","3735","147","","","","","","","1"
"7225 Fl-rl Alloy Steel Nesoi Nun 600mm Wide","Korea, South","All Country Subcodes","All Rate Provisions","All Districts","2022","132013078","125288613","0","141412765","134093600","0","","","","","","","252"
"3910 Silicones, In Primary Forms","Vietnam","All Country Subcodes","All Rate Provisions","All Districts","2021","2572397","2572397","2572397","2710936","2710936","77174","","","","","","","41"
"3910 Silicones, In Primary Forms","Korea, South","All Country Subcodes","All Rate Provisions","All Districts","2024","24723047","24534439","9719190","26035199","25844139","291567","","","","","","","706"
"3801 Artificial Graphite; Collodial Graphite & Prep Etc","Korea, South","All Country Subcodes","All Rate Provisions","All Districts","2025 through June","38074125","38074125","13341827","38489834","38489834","1362280","","","","","","","165"
"3910 Silicones, In Primary Forms","Thailand","All Country Subcodes","All Rate Provisions","All Districts","2023","23157519","23171148","23171148","24537662","24551292","695136","","","","","","","278"
"3910 Silicones, In Primary Forms","Hong Kong","All Country Subcodes","All Rate Provisions","All Districts","2022","121456","121456","121456","128005","128005","3643","","","","","","","4"
"8105 Cobalt Mattes Etc, Cobalt & Art, Inc Waste & Scrap","Korea, South","All Country Subcodes","All Rate Provisions","All Districts","2023","455865","455865","412743","460667","460667","15271","","","","","","","50"
"7225 Fl-rl Alloy Steel Nesoi Nun 600mm Wide","Taiwan","All Country Subcodes","All Rate Provisions","All Districts","2024","179062","179062","179062","187009","187009","27578","","","","","","","3"
"8110 Antimony And Artcls Throf Incl Waste And Scrap","Burma","All Country Subcodes","All Rate Provisions","All Districts","2024","2188116","2188116","0","2228745","2228745","0","","","","","","","5"
"7110 Platinum, Unwrought, Semimfr Forms Or In Powder Fm","Singapore","All Country Subcodes","All Rate Provisions","All Districts","2024","55612744","55612744","0","55661251","55661251","0","","","","","","","122"
"8111 Manganese And Artcles Thereof, Inc Waste And Scrap","Hong Kong","All Country Subcodes","All Rate Provisions","All Districts","2025 through June","6720","6720","6720","7161","7161","941","","","","","","","1"
"2846 Rare-earth Metal Compounds Of Yttrium Or Scandium","Singapore","All Country Subcodes","All Rate Provisions","All Districts","2023","28118","28118","10368","33143","33143","383","","","","","","","3"
"3801 Artificial Graphite; Collodial Graphite & Prep Etc","Hong Kong","All Country Subcodes","All Rate Provisions","All Districts","2023","4290","4290","4290","5290","5290","210","","","","","","","1"
"7110 Platinum, Unwrought, Semimfr Forms Or In Powder Fm","Thailand","All Country Subcodes","All Rate Provisions","All Districts","2024","19097","19097","0","19169","19169","0","","","","","","","1"
"8105 Cobalt Mattes Etc, Cobalt & Art, Inc Waste & Scrap","Korea, South","All Country Subcodes","All Rate Provisions","All Districts","2022","306787","306787","45934","315554","315554","1698","","","","","","","36"
"8112 Beryllium,chromium,hafnium,rhenium Etc & Articles","Korea, South","All Country Subcodes","All Rate Provisions","All Districts","2021","14726927","14726927","67110","14842271","14842271","2706","","","","","","","70"
"3910 Silicones, In Primary Forms","Hong Kong","All Country Subcodes","All Rate Provisions","All Districts","2024","101316","101316","101316","112046","112046","3038","","","","","","","6"
"3801 Artificial Graphite; Collodial Graphite & Prep Etc","Singapore","All Country Subcodes","All Rate Provisions","All Districts","2023","34790","34790","0","37490","37490","0","","","","","","","8"
"2820 Manganese Oxides","Taiwan","All Country Subcodes","All Rate Provisions","All Districts","2022","190499","190499","190499","207999","207999","8954","","","","","","","3"
"7110 Platinum, Unwrought, Semimfr Forms Or In Powder Fm","Singapore","All Country Subcodes","All Rate Provisions","All Districts","2025 through June","22349125","22349125","0","22374233","22374233","0","","","","","","","56"
"3910 Silicones, In Primary Forms","Mongolia","All Country Subcodes","All Rate Provisions","All Districts","2023","42400","42400","42400","47400","47400","1272","","","","","","","1"
"3910 Silicones, In Primary Forms","Philippines","All Country Subcodes","All Rate Provisions","All Districts","2025 through June","6459","6459","6459","7857","7857","193","","","","","","","5"
"2801 Fluorine, Chlorine, Bromine & Iodine","Japan","All Country Subcodes","All Rate Provisions","All Districts","2022","18670729","18670729","2314","19111022","19111022","86","","","","","","","40"
"2504 Natural Graphite","Korea, South","All Country Subcodes","All Rate Provisions","All Districts","2023","1165510","1165510","0","1205586","1205586","0","","","","","","","7"
"8110 Antimony And Artcls Throf Incl Waste And Scrap","Korea, South","All Country Subcodes","All Rate Provisions","All Districts","2024","480329","480329","0","492329","492329","0","","","","","","","4"
"3910 Silicones, In Primary Forms","Vietnam","All Country Subcodes","All Rate Provisions","All Districts","2022","19123559","19123559","19034519","20000279","20000279","571031","","","","","","","234"
"7225 Fl-rl Alloy Steel Nesoi Nun 600mm Wide","Thailand","All Country Subcodes","All Rate Provisions","All Districts","2025 through June","114401","114401","114401","155849","155849","0","","","","","","","1"
"8112 Beryllium,chromium,hafnium,rhenium Etc & Articles","Singapore","All Country Subcodes","All Rate Provisions","All Districts","2024","295336","295336","102894","296858","296858","2804","","","","","","","6"
"8108 Titanium & Articles Thereof, Includ Waste & Scrap","Vietnam","All Country Subcodes","All Rate Provisions","All Districts","2024","64533","64533","64533","66239","66239","9329","","","","","","","10"
"2504 Natural Graphite","Hong Kong","All Country Subcodes","All Rate Provisions","All Districts","2023","215000","215000","0","218300","218300","0","","","","","","","2"
"7110 Platinum, Unwrought, Semimfr Forms Or In Powder Fm","Japan","All Country Subcodes","All Rate Provisions","All Districts","2023","157368108","157368108","0","157461490","157461490","0","","","","","","","314"
"2801 Fluorine, Chlorine, Bromine & Iodine","Japan","All Country Subcodes","All Rate Provisions","All Districts","2025 through June","15629461","15629461","1542839","15755289","15755289","126989","","","","","","","27"
"8110 Antimony And Artcls Throf Incl Waste And Scrap","Vietnam","All Country Subcodes","All Rate Provisions","All Districts","2025 through June","9318779","9318779","0","9375724","9375724","0","","","","","","","11"
"2820 Manganese Oxides","Korea, South","All Country Subcodes","All Rate Provisions","All Districts","2022","2407622","2407622","94050","3108172","3108172","4420","","","","","","","12"
"8105 Cobalt Mattes Etc, Cobalt & Art, Inc Waste & Scrap","Korea, South","All Country Subcodes","All Rate Provisions","All Districts","2025 through June","122888","122888","110698","124020","124020","4543","","","","","","","19"
"8105 Cobalt Mattes Etc, Cobalt & Art, Inc Waste & Scrap","Japan","All Country Subcodes","All Rate Provisions","All Districts","2025 through June","32185246","30958560","77042","32448181","31211941","2851","","","","","","","87"
"8110 Antimony And Artcls Throf Incl Waste And Scrap","Burma","All Country Subcodes","All Rate Provisions","All Districts","2023","4220972","4220972","0","4307109","4307109","0","","","","","","","15"
"3801 Artificial Graphite; Collodial Graphite & Prep Etc","Taiwan","All Country Subcodes","All Rate Provisions","All Districts","2024","365237","365237","191429","397083","397083","8183","","","","","","","24"
"2504 Natural Graphite","Taiwan","All Country Subcodes","All Rate Provisions","All Districts","2023","19575","19575","0","20029","20029","0","","","","","","","5"
"8111 Manganese And Artcles Thereof, Inc Waste And Scrap","Japan","All Country Subcodes","All Rate Provisions","All Districts","2024","6058437","6058437","6058437","6060148","6060148","839035","","","","","","","25"
"7225 Fl-rl Alloy Steel Nesoi Nun 600mm Wide","Taiwan","All Country Subcodes","All Rate Provisions","All Districts","2022","28718","28718","28718","29368","29368","7180","","","","","","","1"
"7226 Fl-rl Alloy Steel Nesoi Un 600mm Wide","Taiwan","All Country Subcodes","All Rate Provisions","All Districts","2023","21747","21747","16550","26541","26541","0","","","","","","","3"
"2820 Manganese Oxides","Korea, South","All Country Subcodes","All Rate Provisions","All Districts","2023","1996497","1996497","252225","2362475","2362475","11855","","","","","","","29"
"7226 Fl-rl Alloy Steel Nesoi Un 600mm Wide","Vietnam","All Country Subcodes","All Rate Provisions","All Districts","2022","611057","0","0","614557","0","0","","","","","","","2"
"3910 Silicones, In Primary Forms","Indonesia","All Country Subcodes","All Rate Provisions","All Districts","2022","7197915","7197915","5253913","7945029","7945029","157616","","","","","","","41"
"8110 Antimony And Artcls Throf Incl Waste And Scrap","Vietnam","All Country Subcodes","All Rate Provisions","All Districts","2022","9685574","9685574","0","9904098","9904098","0","","","","","","","27"
"7110 Platinum, Unwrought, Semimfr Forms Or In Powder Fm","Thailand","All Country Subcodes","All Rate Provisions","All Districts","2025 through June","3317","3317","0","3767","3767","0","","","","","","","1"
"2846 Rare-earth Metal Compounds Of Yttrium Or Scandium","Malaysia","All Country Subcodes","All Rate Provisions","All Districts","2024","1641511","1641511","1362791","1701821","1701821","56608","","","","","","","26"
"8112 Beryllium,chromium,hafnium,rhenium Etc & Articles","Taiwan","All Country Subcodes","All Rate Provisions","All Districts","2022","1004150","1004150","306978","1023591","1023591","10314","","","","","","","20"
"3801 Artificial Graphite; Collodial Graphite & Prep Etc","Vietnam","All Country Subcodes","All Rate Provisions","All Districts","2024","30194","30194","30194","33020","33020","1402","","","","","","","2"
"7225 Fl-rl Alloy Steel Nesoi Nun 600mm Wide","Korea, South","All Country Subcodes","All Rate Provisions","All Districts","2025 through June","76353333","73072212","34340721","80917549","77338169","14302966","","","","","","","218"
"7225 Fl-rl Alloy Steel Nesoi Nun 600mm Wide","Malaysia","All Country Subcodes","All Rate Provisions","All Districts","2021","10218","10218","10218","23390","23390","2555","","","","","","","4"
"8108 Titanium & Articles Thereof, Includ Waste & Scrap","Philippines","All Country Subcodes","All Rate Provisions","All Districts","2021","17856","17856","0","18056","18056","0","","","","","","","1"
"3801 Artificial Graphite; Collodial Graphite & Prep Etc","Taiwan","All Country Subcodes","All Rate Provisions","All Districts","2025 through June","176097","176097","155112","194000","194000","11982","","","","","","","18"
"8112 Beryllium,chromium,hafnium,rhenium Etc & Articles","Vietnam","All Country Subcodes","All Rate Provisions","All Districts","2021","35000","35000","35000","35650","35650","700","","","","","","","1"
"2504 Natural Graphite","Thailand","All Country Subcodes","All Rate Provisions","All Districts","2024","10094","10094","0","13094","13094","0","","","","","","","1"
"8112 Beryllium,chromium,hafnium,rhenium Etc & Articles","Korea, South","All Country Subcodes","All Rate Provisions","All Districts","2025 through June","7731787","7731787","870292","7758976","7758976","86695","","","","","","","21"
"2504 Natural Graphite","Japan","All Country Subcodes","All Rate Provisions","All Districts","2023","941735","939669","0","982171","979984","0","","","","","","","46"
"7225 Fl-rl Alloy Steel Nesoi Nun 600mm Wide","Japan","All Country Subcodes","All Rate Provisions","All Districts","2021","38859996","37646366","21198105","43204317","41911428","5292040","","","","","","","520"
"3910 Silicones, In Primary Forms","Japan","All Country Subcodes","All Rate Provisions","All Districts","2021","142758652","140877521","140877521","153085391","151191812","4226331","","","","","","","3637"
"3910 Silicones, In Primary Forms","Taiwan","All Country Subcodes","All Rate Provisions","All Districts","2023","1595973","1597072","1597072","1685601","1690159","47920","","","","","","","125"
"3910 Silicones, In Primary Forms","Korea, South","All Country Subcodes","All Rate Provisions","All Districts","2022","44606986","44606986","13436506","47652184","47652184","403094","","","","","","","658"
"2614 Titanium Ores And Concentrates","Korea, South","All Country Subcodes","All Rate Provisions","All Districts","2023","42300","42300","0","46050","46050","0","","","","","","","2"
"8108 Titanium & Articles Thereof, Includ Waste & Scrap","Japan","All Country Subcodes","All Rate Provisions","All Districts","2025 through June","188757537","188757537","175799431","195228508","195228508","26215289","","","","","","","793"
"2604 Nickel Ores And Concentrates","Singapore","All Country Subcodes","All Rate Provisions","All Districts","2025 through June","2145","2145","0","3372","3372","0","","","","","","","1"
"8108 Titanium & Articles Thereof, Includ Waste & Scrap","Malaysia","All Country Subcodes","All Rate Provisions","All Districts","2023","703171","703171","423349","710748","710748","23630","","","","","","","40"
"7110 Platinum, Unwrought, Semimfr Forms Or In Powder Fm","Japan","All Country Subcodes","All Rate Provisions","All Districts","2021","105640196","105640196","0","105714551","105714551","0","","","","","","","254"
"7110 Platinum, Unwrought, Semimfr Forms Or In Powder Fm","Taiwan","All Country Subcodes","All Rate Provisions","All Districts","2025 through June","487400","487400","141039","491564","491564","0","","","","","","","4"
"2504 Natural Graphite","Japan","All Country Subcodes","All Rate Provisions","All Districts","2022","884018","884018","0","958209","958209","0","","","","","","","58"
"8108 Titanium & Articles Thereof, Includ Waste & Scrap","Thailand","All Country Subcodes","All Rate Provisions","All Districts","2025 through June","48279","30926","30926","49169","31563","2294","","","","","","","9"
"7226 Fl-rl Alloy Steel Nesoi Un 600mm Wide","Korea, South","All Country Subcodes","All Rate Provisions","All Districts","2024","3166863","3243446","0","3323784","3404341","0","","","","","","","30"
"8110 Antimony And Artcls Throf Incl Waste And Scrap","Philippines","All Country Subcodes","All Rate Provisions","All Districts","2025 through June","1534597","1534597","0","1553125","1553125","0","","","","","","","2"
"8110 Antimony And Artcls Throf Incl Waste And Scrap","Thailand","All Country Subcodes","All Rate Provisions","All Districts","2024","29835106","29835106","0","30178779","30178779","0","","","","","","","63"
"2820 Manganese Oxides","Japan","All Country Subcodes","All Rate Provisions","All Districts","2024","1102006","1102006","1102006","1394876","1394876","51793","","","","","","","36"
"2614 Titanium Ores And Concentrates","Asia - South","All Country Subcodes","All Rate Provisions","All Districts","2023","14971320","14971320","0","14972520","14972520","0","","","","","","","1"
"2603 Copper Ores And Concentrates","Asia - South","All Country Subcodes","All Rate Provisions","All Districts","2022","185305","185305","185305","200897","200897","0","","","","","","","6"
"7110 Platinum, Unwrought, Semimfr Forms Or In Powder Fm","Asia - South","All Country Subcodes","All Rate Provisions","All Districts","2022","1371471","1371471","0","1372346","1372346","0","","","","","","","3"
"8110 Antimony And Artcls Throf Incl Waste And Scrap","Asia - South","All Country Subcodes","All Rate Provisions","All Districts","2022","15383375","15383375","0","15685854","15685854","0","","","","","","","67"
"2801 Fluorine, Chlorine, Bromine & Iodine","Asia - South","All Country Subcodes","All Rate Provisions","All Districts","2025 through June","77448","77448","9998","82702","82702","550","","","","","","","6"
"2820 Manganese Oxides","Asia - South","All Country Subcodes","All Rate Provisions","All Districts","2023","1209608","1209608","1209608","1409378","1409378","56851","","","","","","","24"
"7226 Fl-rl Alloy Steel Nesoi Un 600mm Wide","Asia - South","All Country Subcodes","All Rate Provisions","All Districts","2023","1087325","1087325","1087325","1119243","1119243","0","","","","","","","63"
"8110 Antimony And Artcls Throf Incl Waste And Scrap","Asia - South","All Country Subcodes","All Rate Provisions","All Districts","2021","18256366","18256366","0","18647400","18647400","0","","","","","","","107"
"7110 Platinum, Unwrought, Semimfr Forms Or In Powder Fm","Asia - South","All Country Subcodes","All Rate Provisions","All Districts","2024","11620304","11620304","0","11626404","11626404","0","","","","","","","10"
"2504 Natural Graphite","Asia - South","All Country Subcodes","All Rate Provisions","All Districts","2021","696954","696954","0","806301","806301","0","","","","","","","14"
"8111 Manganese And Artcles Thereof, Inc Waste And Scrap","Asia - South","All Country Subcodes","All Rate Provisions","All Districts","2025 through June","15665","15665","15665","16165","16165","2146","","","","","","","1"
"7110 Platinum, Unwrought, Semimfr Forms Or In Powder Fm","Asia - South","All Country Subcodes","All Rate Provisions","All Districts","2023","21054871","21054871","0","21061821","21061821","0","","","","","","","7"
"7226 Fl-rl Alloy Steel Nesoi Un 600mm Wide","Asia - South","All Country Subcodes","All Rate Provisions","All Districts","2021","159118","159118","154285","171330","171330","1068","","","","","","","20"
"2602 Manganese Ores A Concntrts Inc Ferr Mangn Iron Ore","Asia - South","All Country Subcodes","All Rate Provisions","All Districts","2025 through June","20822","20822","0","24336","24336","0","","","","","","","2"
"8111 Manganese And Artcles Thereof, Inc Waste And Scrap","Asia - South","All Country Subcodes","All Rate Provisions","All Districts","2022","159186","159186","156186","161286","161286","20971","","","","","","","3"
"2801 Fluorine, Chlorine, Bromine & Iodine","Asia - South","All Country Subcodes","All Rate Provisions","All Districts","2022","96830","96830","0","99689","99689","0","","","","","","","2"
"3910 Silicones, In Primary Forms","Asia - South","All Country Subcodes","All Rate Provisions","All Districts","2024","8669293","8669293","8668993","9359883","9359883","260079","","","","","","","235"
"3910 Silicones, In Primary Forms","Asia - South","All Country Subcodes","All Rate Provisions","All Districts","2025 through June","4506201","4506201","4504968","4770956","4770956","155326","","","","","","","112"
"2609 Tin Ores And Concentrates","Asia - South","All Country Subcodes","All Rate Provisions","All Districts","2025 through June","62118","62118","0","63618","63618","0","","","","","","","1"
"8105 Cobalt Mattes Etc, Cobalt & Art, Inc Waste & Scrap","Asia - South","All Country Subcodes","All Rate Provisions","All Districts","2023","1381767","1565524","1429354","1410295","1584051","53598","","","","","","","96"
"3801 Artificial Graphite; Collodial Graphite & Prep Etc","Asia - South","All Country Subcodes","All Rate Provisions","All Districts","2023","11581851","11581851","1579256","12092039","12092039","59570","","","","","","","148"
"3910 Silicones, In Primary Forms","Asia - South","All Country Subcodes","All Rate Provisions","All Districts","2022","16226528","16226528","16226528","17480355","17480355","486800","","","","","","","233"
"8112 Beryllium,chromium,hafnium,rhenium Etc & Articles","Asia - South","All Country Subcodes","All Rate Provisions","All Districts","2024","3296876","3296876","3296876","3379334","3379334","98904","","","","","","","20"
"8105 Cobalt Mattes Etc, Cobalt & Art, Inc Waste & Scrap","Asia - South","All Country Subcodes","All Rate Provisions","All Districts","2022","638404","898629","779071","664436","926731","28822","","","","","","","60"
"8108 Titanium & Articles Thereof, Includ Waste & Scrap","Asia - South","All Country Subcodes","All Rate Provisions","All Districts","2024","3254679","3359487","2703216","3341820","3444204","225850","","","","","","","357"
"2846 Rare-earth Metal Compounds Of Yttrium Or Scandium","Asia - South","All Country Subcodes","All Rate Provisions","All Districts","2021","1345782","1345782","209234","1386253","1386253","8155","","","","","","","21"
"7226 Fl-rl Alloy Steel Nesoi Un 600mm Wide","Asia - South","All Country Subcodes","All Rate Provisions","All Districts","2025 through June","243874","243874","243874","247834","247834","0","","","","","","","5"
"3801 Artificial Graphite; Collodial Graphite & Prep Etc","Asia - South","All Country Subcodes","All Rate Provisions","All Districts","2024","6992898","6992898","1024612","7434387","7434387","42780","","","","","","","136"
"2602 Manganese Ores A Concntrts Inc Ferr Mangn Iron Ore","Asia - South","All Country Subcodes","All Rate Provisions","All Districts","2023","239225","239225","0","257563","257563","0","","","","","","","4"
"2606 Aluminum Ores And Concentrates","Asia - South","All Country Subcodes","All Rate Provisions","All Districts","2025 through June","19850","19850","0","19950","19950","0","","","","","","","1"
"2801 Fluorine, Chlorine, Bromine & Iodine","Asia - South","All Country Subcodes","All Rate Provisions","All Districts","2023","33765","33765","0","38425","38425","0","","","","","","","2"
"8112 Beryllium,chromium,hafnium,rhenium Etc & Articles","Asia - South","All Country Subcodes","All Rate Provisions","All Districts","2021","1444048","1444048","1444048","1476423","1476423","43577","","","","","","","10"
"8110 Antimony And Artcls Throf Incl Waste And Scrap","Asia - South","All Country Subcodes","All Rate Provisions","All Districts","2025 through June","18274657","18274657","0","18349041","18349041","0","","","","","","","34"
"2504 Natural Graphite","Asia - South","All Country Subcodes","All Rate Provisions","All Districts","2023","799219","799219","0","833643","833643","0","","","","","","","18"
"2846 Rare-earth Metal Compounds Of Yttrium Or Scandium","Asia - South","All Country Subcodes","All Rate Provisions","All Districts","2024","1493561","1493561","285661","1520493","1520493","11150","","","","","","","21"
"8105 Cobalt Mattes Etc, Cobalt & Art, Inc Waste & Scrap","Asia - South","All Country Subcodes","All Rate Provisions","All Districts","2025 through June","1470747","1340078","409638","1483107","1356431","15310","","","","","","","24"
"3801 Artificial Graphite; Collodial Graphite & Prep Etc","Asia - South","All Country Subcodes","All Rate Provisions","All Districts","2022","8831210","8831210","731548","9349816","9349816","27743","","","","","","","110"
"7226 Fl-rl Alloy Steel Nesoi Un 600mm Wide","Asia - South","All Country Subcodes","All Rate Provisions","All Districts","2022","814743","814743","719332","867114","867114","0","","","","","","","71"
"2609 Tin Ores And Concentrates","Asia - South","All Country Subcodes","All Rate Provisions","All Districts","2024","19577","19577","0","22595","22595","0","","","","","","","2"
"2801 Fluorine, Chlorine, Bromine & Iodine","Asia - South","All Country Subcodes","All Rate Provisions","All Districts","2021","50122","50122","0","57853","57853","0","","","","","","","5"
"3910 Silicones, In Primary Forms","Asia - South","All Country Subcodes","All Rate Provisions","All Districts","2021","8651835","8651835","8651835","9543133","9543133","259554","","","","","","","208"
"8112 Beryllium,chromium,hafnium,rhenium Etc & Articles","Asia - South","All Country Subcodes","All Rate Provisions","All Districts","2025 through June","1767553","1318358","1318358","1791590","1338842","24724","","","","","","","10"
"7110 Platinum, Unwrought, Semimfr Forms Or In Powder Fm","Asia - South","All Country Subcodes","All Rate Provisions","All Districts","2025 through June","53799583","53799583","0","53803267","53803267","0","","","","","","","9"
"8108 Titanium & Articles Thereof, Includ Waste & Scrap","Asia - South","All Country Subcodes","All Rate Provisions","All Districts","2023","3238974","3463699","2060334","3310790","3521115","139035","","","","","","","293"
"8108 Titanium & Articles Thereof, Includ Waste & Scrap","Asia - South","All Country Subcodes","All Rate Provisions","All Districts","2021","991655","1238098","1024922","1016559","1269966","79700","","","","","","","159"
"8111 Manganese And Artcles Thereof, Inc Waste And Scrap","Asia - South","All Country Subcodes","All Rate Provisions","All Districts","2024","26905","26905","26905","29900","29900","996","","","","","","","5"
"2820 Manganese Oxides","Asia - South","All Country Subcodes","All Rate Provisions","All Districts","2021","5127664","5127664","5127664","5739916","5739916","241005","","","","","","","41"
"2801 Fluorine, Chlorine, Bromine & Iodine","Asia - South","All Country Subcodes","All Rate Provisions","All Districts","2024","260545","260545","105000","289113","289113","5775","","","","","","","18"
"2504 Natural Graphite","Asia - South","All Country Subcodes","All Rate Provisions","All Districts","2025 through June","425891","425891","0","454940","454940","0","","","","","","","8"
"7110 Platinum, Unwrought, Semimfr Forms Or In Powder Fm","Asia - South","All Country Subcodes","All Rate Provisions","All Districts","2021","32369067","32369067","0","32374211","32374211","0","","","","","","","5"
"7226 Fl-rl Alloy Steel Nesoi Un 600mm Wide","Asia - South","All Country Subcodes","All Rate Provisions","All Districts","2024","684066","684066","684066","695790","695790","0","","","","","","","24"
"2820 Manganese Oxides","Asia - South","All Country Subcodes","All Rate Provisions","All Districts","2024","2390750","2390750","2390750","2831186","2831186","112364","","","","","","","44"
"2846 Rare-earth Metal Compounds Of Yttrium Or Scandium","Asia - South","All Country Subcodes","All Rate Provisions","All Districts","2025 through June","1353953","1353953","1086403","1366558","1366558","40894","","","","","","","14"
"2820 Manganese Oxides","Asia - South","All Country Subcodes","All Rate Provisions","All Districts","2025 through June","2503894","2503894","2503894","2997095","2997095","167564","","","","","","","50"
"3910 Silicones, In Primary Forms","Asia - South","All Country Subcodes","All Rate Provisions","All Districts","2023","7367462","7367462","7365266","7730867","7730867","220955","","","","","","","185"
"8111 Manganese And Artcles Thereof, Inc Waste And Scrap","Asia - South","All Country Subcodes","All Rate Provisions","All Districts","2023","37935","37935","37935","39435","39435","1403","","","","","","","5"
"2846 Rare-earth Metal Compounds Of Yttrium Or Scandium","Asia - South","All Country Subcodes","All Rate Provisions","All Districts","2023","404865","404865","55878","422574","422574","2324","","","","","","","13"
"2606 Aluminum Ores And Concentrates","Asia - South","All Country Subcodes","All Rate Provisions","All Districts","2022","5444","5444","0","6244","6244","0","","","","","","","2"
"7225 Fl-rl Alloy Steel Nesoi Nun 600mm Wide","Asia - South","All Country Subcodes","All Rate Provisions","All Districts","2023","259776","259776","259776","275279","275279","64338","","","","","","","2"
"8112 Beryllium,chromium,hafnium,rhenium Etc & Articles","Asia - South","All Country Subcodes","All Rate Provisions","All Districts","2023","1755680","1755680","1755680","1794217","1794217","52764","","","","","","","9"
"7225 Fl-rl Alloy Steel Nesoi Nun 600mm Wide","Asia - South","All Country Subcodes","All Rate Provisions","All Districts","2021","285350","285350","285350","317042","317042","71339","","","","","","","6"
"8112 Beryllium,chromium,hafnium,rhenium Etc & Articles","Asia - South","All Country Subcodes","All Rate Provisions","All Districts","2022","2278415","2278415","2166001","2351326","2351326","65025","","","","","","","12"
"8110 Antimony And Artcls Throf Incl Waste And Scrap","Asia - South","All Country Subcodes","All Rate Provisions","All Districts","2023","15883691","15883691","0","16086496","16086496","0","","","","","","","71"
"8108 Titanium & Articles Thereof, Includ Waste & Scrap","Asia - South","All Country Subcodes","All Rate Provisions","All Districts","2025 through June","2640770","2535885","1270833","2688809","2582409","107689","","","","","","","186"
"8105 Cobalt Mattes Etc, Cobalt & Art, Inc Waste & Scrap","Asia - South","All Country Subcodes","All Rate Provisions","All Districts","2021","422206","444669","440808","434184","456847","16342","","","","","","","35"
"8110 Antimony And Artcls Throf Incl Waste And Scrap","Asia - South","All Country Subcodes","All Rate Provisions","All Districts","2024","13701542","13701542","0","13854668","13854668","0","","","","","","","61"
"2504 Natural Graphite","Asia - South","All Country Subcodes","All Rate Provisions","All Districts","2024","914711","914711","0","973421","973421","0","","","","","","","17"
"3801 Artificial Graphite; Collodial Graphite & Prep Etc","Asia - South","All Country Subcodes","All Rate Provisions","All Districts","2025 through June","4534595","4534595","1440968","4880933","4880933","88473","","","","","","","148"
"8105 Cobalt Mattes Etc, Cobalt & Art, Inc Waste & Scrap","Asia - South","All Country Subcodes","All Rate Provisions","All Districts","2024","347801","441948","205334","363229","457697","7599","","","","","","","27"
"2820 Manganese Oxides","Asia - South","All Country Subcodes","All Rate Provisions","All Districts","2022","2202725","2202725","2202725","2743722","2743722","103532","","","","","","","19"
"8108 Titanium & Articles Thereof, Includ Waste & Scrap","Asia - South","All Country Subcodes","All Rate Provisions","All Districts","2022","1840790","2088583","1572474","1897502","2139166","109275","","","","","","","235"
"2846 Rare-earth Metal Compounds Of Yttrium Or Scandium","Asia - South","All Country Subcodes","All Rate Provisions","All Districts","2022","184189","184189","83170","213208","213208","3078","","","","","","","11"
"3801 Artificial Graphite; Collodial Graphite & Prep Etc","Asia - South","All Country Subcodes","All Rate Provisions","All Districts","2021","4169988","4169988","416905","4319673","4319673","15699","","","","","","","59"
"7225 Fl-rl Alloy Steel Nesoi Nun 600mm Wide","Asia - South","All Country Subcodes","All Rate Provisions","All Districts","2024","5490","5490","5490","5745","5745","0","","","","","","","2"
"2504 Natural Graphite","Asia - South","All Country Subcodes","All Rate Provisions","All Districts","2022","779394","779394","0","861068","861068","0","","","","","","","12"
"2602 Manganese Ores A Concntrts Inc Ferr Mangn Iron Ore","Asia - South","All Country Subcodes","All Rate Provisions","All Districts","2024","99656","99656","0","114950","114950","0","","","","","","","5"
"8111 Manganese And Artcles Thereof, Inc Waste And Scrap","APEC - Asia Pacific Economic Co-operation","All Country Subcodes","All Rate Provisions","All Districts","2022","142708015","141553507","136218867","146357930","145288797","19045343","","","","","","","515"
"8110 Antimony And Artcls Throf Incl Waste And Scrap","APEC - Asia Pacific Economic Co-operation","All Country Subcodes","All Rate Provisions","All Districts","2025 through June","56821190","56821190","1388774","57259607","57259607","266876","","","","","","","191"
"2604 Nickel Ores And Concentrates","APEC - Asia Pacific Economic Co-operation","All Country Subcodes","All Rate Provisions","All Districts","2023","21819","21819","2861","22819","22819","715","","","","","","","3"
"2602 Manganese Ores A Concntrts Inc Ferr Mangn Iron Ore","APEC - Asia Pacific Economic Co-operation","All Country Subcodes","All Rate Provisions","All Districts","2025 through June","6547756","6547756","0","7954856","7954856","0","","","","","","","3"
"3801 Artificial Graphite; Collodial Graphite & Prep Etc","APEC - Asia Pacific Economic Co-operation","All Country Subcodes","All Rate Provisions","All Districts","2024","388376871","388532453","145225925","397241748","397396096","35309477","","","","","","","3426"
"2614 Titanium Ores And Concentrates","APEC - Asia Pacific Economic Co-operation","All Country Subcodes","All Rate Provisions","All Districts","2024","95782798","95782798","10953","96027920","96027920","2738","","","","","","","46"
"8105 Cobalt Mattes Etc, Cobalt & Art, Inc Waste & Scrap","APEC - Asia Pacific Economic Co-operation","All Country Subcodes","All Rate Provisions","All Districts","2024","146039813","144668622","10867203","146943793","145587213","2494690","","","","","","","1832"
"7110 Platinum, Unwrought, Semimfr Forms Or In Powder Fm","APEC - Asia Pacific Economic Co-operation","All Country Subcodes","All Rate Provisions","All Districts","2023","1866179171","1866160370","81744","1866855837","1866836036","14775","","","","","","","1171"
"2801 Fluorine, Chlorine, Bromine & Iodine","APEC - Asia Pacific Economic Co-operation","All Country Subcodes","All Rate Provisions","All Districts","2022","344607745","344607745","3211513","348702583","348702583","978893","","","","","","","2871"
"8111 Manganese And Artcles Thereof, Inc Waste And Scrap","APEC - Asia Pacific Economic Co-operation","All Country Subcodes","All Rate Provisions","All Districts","2024","96747143","96165217","89645549","99817736","99486783","12529942","","","","","","","625"
"2504 Natural Graphite","APEC - Asia Pacific Economic Co-operation","All Country Subcodes","All Rate Provisions","All Districts","2022","161784767","161764301","0","168709364","168688892","0","","","","","","","2264"
"3801 Artificial Graphite; Collodial Graphite & Prep Etc","APEC - Asia Pacific Economic Co-operation","All Country Subcodes","All Rate Provisions","All Districts","2021","273690363","273628867","150216882","282088286","282026840","31674384","","","","","","","2960"
"2604 Nickel Ores And Concentrates","APEC - Asia Pacific Economic Co-operation","All Country Subcodes","All Rate Provisions","All Districts","2025 through June","136168","136168","116582","145977","145977","2171","","","","","","","6"
"8111 Manganese And Artcles Thereof, Inc Waste And Scrap","APEC - Asia Pacific Economic Co-operation","All Country Subcodes","All Rate Provisions","All Districts","2023","113337549","109391871","102269061","116279837","112295436","14294038","","","","","","","569"
"2614 Titanium Ores And Concentrates","APEC - Asia Pacific Economic Co-operation","All Country Subcodes","All Rate Provisions","All Districts","2021","155502609","155502609","88211","155738987","155738987","22053","","","","","","","42"
"8108 Titanium & Articles Thereof, Includ Waste & Scrap","APEC - Asia Pacific Economic Co-operation","All Country Subcodes","All Rate Provisions","All Districts","2022","492940117","507561570","390356269","523202861","538113007","65123935","","","","","","","7893"
"8105 Cobalt Mattes Etc, Cobalt & Art, Inc Waste & Scrap","APEC - Asia Pacific Economic Co-operation","All Country Subcodes","All Rate Provisions","All Districts","2023","160871679","161033025","8827641","161583345","161759602","1939896","","","","","","","1714"
"2614 Titanium Ores And Concentrates","APEC - Asia Pacific Economic Co-operation","All Country Subcodes","All Rate Provisions","All Districts","2025 through June","54643132","54643132","17110","54772053","54772053","4278","","","","","","","21"
"8105 Cobalt Mattes Etc, Cobalt & Art, Inc Waste & Scrap","APEC - Asia Pacific Economic Co-operation","All Country Subcodes","All Rate Provisions","All Districts","2025 through June","125677764","123745036","10016099","126581993","124644149","2981547","","","","","","","1107"
"2801 Fluorine, Chlorine, Bromine & Iodine","APEC - Asia Pacific Economic Co-operation","All Country Subcodes","All Rate Provisions","All Districts","2025 through June","197857269","197857269","2079901","198983703","198983703","306423","","","","","","","1579"
"7226 Fl-rl Alloy Steel Nesoi Un 600mm Wide","APEC - Asia Pacific Economic Co-operation","All Country Subcodes","All Rate Provisions","All Districts","2022","118129462","116729328","9057319","121458057","119975540","1632834","","","","","","","4839"
"7110 Platinum, Unwrought, Semimfr Forms Or In Powder Fm","APEC - Asia Pacific Economic Co-operation","All Country Subcodes","All Rate Provisions","All Districts","2024","1385974035","1385974035","312930","1386519273","1386519273","62870","","","","","","","1066"
"3801 Artificial Graphite; Collodial Graphite & Prep Etc","APEC - Asia Pacific Economic Co-operation","All Country Subcodes","All Rate Provisions","All Districts","2022","467741118","467253284","109432713","479448424","478960441","18771144","","","","","","","3433"
"2606 Aluminum Ores And Concentrates","APEC - Asia Pacific Economic Co-operation","All Country Subcodes","All Rate Provisions","All Districts","2022","31857661","30081930","0","37317906","35542117","0","","","","","","","134"
"7225 Fl-rl Alloy Steel Nesoi Nun 600mm Wide","APEC - Asia Pacific Economic Co-operation","All Country Subcodes","All Rate Provisions","All Districts","2025 through June","421998135","412931771","196608692","431771601","422278551","63072062","","","","","","","13844"
"2604 Nickel Ores And Concentrates","APEC - Asia Pacific Economic Co-operation","All Country Subcodes","All Rate Provisions","All Districts","2024","73394","73394","32523","110533","110533","8132","","","","","","","16"
"2603 Copper Ores And Concentrates","APEC - Asia Pacific Economic Co-operation","All Country Subcodes","All Rate Provisions","All Districts","2023","34636986","34636986","76742","35562799","35562799","0","","","","","","","561"
"8105 Cobalt Mattes Etc, Cobalt & Art, Inc Waste & Scrap","APEC - Asia Pacific Economic Co-operation","All Country Subcodes","All Rate Provisions","All Districts","2022","222099583","226496182","10349123","223403943","227849826","1962735","","","","","","","1624"
"2605 Cobalt Ores And Concentrates","APEC - Asia Pacific Economic Co-operation","All Country Subcodes","All Rate Provisions","All Districts","2024","88900","88900","0","92000","92000","0","","","","","","","3"
"2604 Nickel Ores And Concentrates","APEC - Asia Pacific Economic Co-operation","All Country Subcodes","All Rate Provisions","All Districts","2021","86992","86992","86992","98450","98450","2904","","","","","","","6"
"2846 Rare-earth Metal Compounds Of Yttrium Or Scandium","APEC - Asia Pacific Economic Co-operation","All Country Subcodes","All Rate Provisions","All Districts","2023","140002068","139332068","117049630","142579491","141899491","4788149","","","","","","","1017"
"8111 Manganese And Artcles Thereof, Inc Waste And Scrap","APEC - Asia Pacific Economic Co-operation","All Country Subcodes","All Rate Provisions","All Districts","2021","79174589","77006654","75449762","81248096","79265481","10553332","","","","","","","441"
"2820 Manganese Oxides","APEC - Asia Pacific Economic Co-operation","All Country Subcodes","All Rate Provisions","All Districts","2024","4548353","4548353","1990004","5314197","5314197","187076","","","","","","","205"
"2602 Manganese Ores A Concntrts Inc Ferr Mangn Iron Ore","APEC - Asia Pacific Economic Co-operation","All Country Subcodes","All Rate Provisions","All Districts","2022","15085829","15085829","0","18196669","18196669","0","","","","","","","23"
"2606 Aluminum Ores And Concentrates","APEC - Asia Pacific Economic Co-operation","All Country Subcodes","All Rate Provisions","All Districts","2023","38580813","38012122","0","43580187","43011475","0","","","","","","","136"
"2602 Manganese Ores A Concntrts Inc Ferr Mangn Iron Ore","APEC - Asia Pacific Economic Co-operation","All Country Subcodes","All Rate Provisions","All Districts","2021","9674112","9674112","0","11052410","11052410","0","","","","","","","14"
"2604 Nickel Ores And Concentrates","APEC - Asia Pacific Economic Co-operation","All Country Subcodes","All Rate Provisions","All Districts","2022","101622","101622","101622","130721","130721","12945","","","","","","","20"
"8112 Beryllium,chromium,hafnium,rhenium Etc & Articles","APEC - Asia Pacific Economic Co-operation","All Country Subcodes","All Rate Provisions","All Districts","2025 through June","137379638","137131360","65911099","138262605","138019531","15622402","","","","","","","710"
"3910 Silicones, In Primary Forms","APEC - Asia Pacific Economic Co-operation","All Country Subcodes","All Rate Provisions","All Districts","2022","714073594","710219132","598165863","773017785","769147860","81789405","","","","","","","15487"
"2605 Cobalt Ores And Concentrates","APEC - Asia Pacific Economic Co-operation","All Country Subcodes","All Rate Provisions","All Districts","2021","356450","356450","0","361517","361517","0","","","","","","","2"
"3910 Silicones, In Primary Forms","APEC - Asia Pacific Economic Co-operation","All Country Subcodes","All Rate Provisions","All Districts","2025 through June","189356075","188531769","147234164","204618018","203785631","17022199","","","","","","","7654"
"2603 Copper Ores And Concentrates","APEC - Asia Pacific Economic Co-operation","All Country Subcodes","All Rate Provisions","All Districts","2025 through June","322975","322975","271844","360334","360334","260","","","","","","","13"
"8108 Titanium & Articles Thereof, Includ Waste & Scrap","APEC - Asia Pacific Economic Co-operation","All Country Subcodes","All Rate Provisions","All Districts","2024","669573318","669213058","464983038","685480731","685219617","79696496","","","","","","","10092"
"2801 Fluorine, Chlorine, Bromine & Iodine","APEC - Asia Pacific Economic Co-operation","All Country Subcodes","All Rate Provisions","All Districts","2023","344881000","344881000","788934","347538875","347538875","153345","","","","","","","2534"
"3910 Silicones, In Primary Forms","APEC - Asia Pacific Economic Co-operation","All Country Subcodes","All Rate Provisions","All Districts","2024","385000109","380972796","304652655","407609676","403559915","27427937","","","","","","","14114"
"8108 Titanium & Articles Thereof, Includ Waste & Scrap","APEC - Asia Pacific Economic Co-operation","All Country Subcodes","All Rate Provisions","All Districts","2023","639831014","623706643","460272330","658655375","642440643","77690569","","","","","","","9130"
"8105 Cobalt Mattes Etc, Cobalt & Art, Inc Waste & Scrap","APEC - Asia Pacific Economic Co-operation","All Country Subcodes","All Rate Provisions","All Districts","2021","154582450","152516362","8621234","155677396","153646532","2109980","","","","","","","1437"
"2846 Rare-earth Metal Compounds Of Yttrium Or Scandium","APEC - Asia Pacific Economic Co-operation","All Country Subcodes","All Rate Provisions","All Districts","2021","107550801","107389211","90328547","113277771","113136281","3765662","","","","","","","1197"
"2846 Rare-earth Metal Compounds Of Yttrium Or Scandium","APEC - Asia Pacific Economic Co-operation","All Country Subcodes","All Rate Provisions","All Districts","2024","138357290","136985490","119795405","141151530","139778139","4743122","","","","","","","1041"
"7110 Platinum, Unwrought, Semimfr Forms Or In Powder Fm","APEC - Asia Pacific Economic Co-operation","All Country Subcodes","All Rate Provisions","All Districts","2021","3638708342","3638708342","395915","3639649755","3639649755","44747","","","","","","","1513"
"2846 Rare-earth Metal Compounds Of Yttrium Or Scandium","APEC - Asia Pacific Economic Co-operation","All Country Subcodes","All Rate Provisions","All Districts","2022","162517087","160486762","130454037","170623246","168590421","5269944","","","","","","","1268"
"8110 Antimony And Artcls Throf Incl Waste And Scrap","APEC - Asia Pacific Economic Co-operation","All Country Subcodes","All Rate Provisions","All Districts","2023","35450897","35450897","0","35912504","35912504","0","","","","","","","283"
"7225 Fl-rl Alloy Steel Nesoi Nun 600mm Wide","APEC - Asia Pacific Economic Co-operation","All Country Subcodes","All Rate Provisions","All Districts","2021","954372547","949475189","34762048","971007350","965798184","6494535","","","","","","","26069"
"2606 Aluminum Ores And Concentrates","APEC - Asia Pacific Economic Co-operation","All Country Subcodes","All Rate Provisions","All Districts","2024","48020094","48020094","4177780","54782676","54782676","1039683","","","","","","","227"
"8110 Antimony And Artcls Throf Incl Waste And Scrap","APEC - Asia Pacific Economic Co-operation","All Country Subcodes","All Rate Provisions","All Districts","2024","60942912","60942912","0","61595140","61595140","0","","","","","","","300"
"2603 Copper Ores And Concentrates","APEC - Asia Pacific Economic Co-operation","All Country Subcodes","All Rate Provisions","All Districts","2021","101450514","101450514","15317052","104876129","104876129","0","","","","","","","1417"
"2504 Natural Graphite","APEC - Asia Pacific Economic Co-operation","All Country Subcodes","All Rate Provisions","All Districts","2025 through June","58348425","56681679","20543258","61377963","59620004","4802575","","","","","","","1300"
"2820 Manganese Oxides","APEC - Asia Pacific Economic Co-operation","All Country Subcodes","All Rate Provisions","All Districts","2023","5429523","5429523","2084389","6078614","6078614","185591","","","","","","","183"
"2614 Titanium Ores And Concentrates","APEC - Asia Pacific Economic Co-operation","All Country Subcodes","All Rate Provisions","All Districts","2022","123824713","123824713","170789","124487118","124487118","42697","","","","","","","65"
"2801 Fluorine, Chlorine, Bromine & Iodine","APEC - Asia Pacific Economic Co-operation","All Country Subcodes","All Rate Provisions","All Districts","2021","200938151","200938151","1916648","203391740","203391740","490090","","","","","","","2949"
"7110 Platinum, Unwrought, Semimfr Forms Or In Powder Fm","APEC - Asia Pacific Economic Co-operation","All Country Subcodes","All Rate Provisions","All Districts","2022","2827744237","2827744237","362086","2828534157","2828534157","89003","","","","","","","1431"
"2606 Aluminum Ores And Concentrates","APEC - Asia Pacific Economic Co-operation","All Country Subcodes","All Rate Provisions","All Districts","2021","45163999","44804065","0","54396194","54036246","0","","","","","","","137"
"8111 Manganese And Artcles Thereof, Inc Waste And Scrap","APEC - Asia Pacific Economic Co-operation","All Country Subcodes","All Rate Provisions","All Districts","2025 through June","41429572","43303776","38376484","43433390","45549192","7346697","","","","","","","317"
"2614 Titanium Ores And Concentrates","APEC - Asia Pacific Economic Co-operation","All Country Subcodes","All Rate Provisions","All Districts","2023","61347159","61347159","2445","61570359","61570359","611","","","","","","","33"
"7225 Fl-rl Alloy Steel Nesoi Nun 600mm Wide","APEC - Asia Pacific Economic Co-operation","All Country Subcodes","All Rate Provisions","All Districts","2022","1045923473","1021068430","12706506","1067061367","1040689330","1563320","","","","","","","22896"
"2602 Manganese Ores A Concntrts Inc Ferr Mangn Iron Ore","APEC - Asia Pacific Economic Co-operation","All Country Subcodes","All Rate Provisions","All Districts","2024","8382459","8382459","0","9917382","9917382","0","","","","","","","11"
"8112 Beryllium,chromium,hafnium,rhenium Etc & Articles","APEC - Asia Pacific Economic Co-operation","All Country Subcodes","All Rate Provisions","All Districts","2023","210316868","214593057","130913829","214157602","218530970","12763266","","","","","","","1449"
"8110 Antimony And Artcls Throf Incl Waste And Scrap","APEC - Asia Pacific Economic Co-operation","All Country Subcodes","All Rate Provisions","All Districts","2021","38632428","38632428","0","39364132","39364132","0","","","","","","","312"
"2603 Copper Ores And Concentrates","APEC - Asia Pacific Economic Co-operation","All Country Subcodes","All Rate Provisions","All Districts","2022","122490327","122490327","30427","126002750","126002750","0","","","","","","","2112"
"7226 Fl-rl Alloy Steel Nesoi Un 600mm Wide","APEC - Asia Pacific Economic Co-operation","All Country Subcodes","All Rate Provisions","All Districts","2025 through June","49455789","49055327","23481139","50914027","50512059","5935578","","","","","","","2510"
"2820 Manganese Oxides","APEC - Asia Pacific Economic Co-operation","All Country Subcodes","All Rate Provisions","All Districts","2022","12327061","12327061","7354169","14324617","14324617","399179","","","","","","","246"
"8112 Beryllium,chromium,hafnium,rhenium Etc & Articles","APEC - Asia Pacific Economic Co-operation","All Country Subcodes","All Rate Provisions","All Districts","2024","282933630","278353703","174359725","287558955","282981665","14155939","","","","","","","1466"
"8108 Titanium & Articles Thereof, Includ Waste & Scrap","APEC - Asia Pacific Economic Co-operation","All Country Subcodes","All Rate Provisions","All Districts","2025 through June","351744410","356864379","245957905","360929488","366120457","50041779","","","","","","","5420"
"7226 Fl-rl Alloy Steel Nesoi Un 600mm Wide","APEC - Asia Pacific Economic Co-operation","All Country Subcodes","All Rate Provisions","All Districts","2023","126688361","124607742","12430759","128846368","126693644","2468181","","","","","","","5134"
"2820 Manganese Oxides","APEC - Asia Pacific Economic Co-operation","All Country Subcodes","All Rate Provisions","All Districts","2021","9789014","9789014","7537994","11017003","11017003","476553","","","","","","","209"
"8112 Beryllium,chromium,hafnium,rhenium Etc & Articles","APEC - Asia Pacific Economic Co-operation","All Country Subcodes","All Rate Provisions","All Districts","2022","183181444","177645551","133272365","187809997","182324772","13110518","","","","","","","1468"
"2605 Cobalt Ores And Concentrates","APEC - Asia Pacific Economic Co-operation","All Country Subcodes","All Rate Provisions","All Districts","2022","954846","954846","0","962693","962693","0","","","","","","","8"
"8110 Antimony And Artcls Throf Incl Waste And Scrap","APEC - Asia Pacific Economic Co-operation","All Country Subcodes","All Rate Provisions","All Districts","2022","53941408","53574951","0","55570459","55169402","0","","","","","","","320"
"8108 Titanium & Articles Thereof, Includ Waste & Scrap","APEC - Asia Pacific Economic Co-operation","All Country Subcodes","All Rate Provisions","All Districts","2021","377521467","401473153","334514270","388960039","413755927","57910758","","","","","","","7404"
"2606 Aluminum Ores And Concentrates","APEC - Asia Pacific Economic Co-operation","All Country Subcodes","All Rate Provisions","All Districts","2025 through June","12218527","12218527","7831575","16731771","16731771","2694313","","","","","","","170"
"2820 Manganese Oxides","APEC - Asia Pacific Economic Co-operation","All Country Subcodes","All Rate Provisions","All Districts","2025 through June","2144496","2144496","1035690","2406092","2406092","158202","","","","","","","67"
"7226 Fl-rl Alloy Steel Nesoi Un 600mm Wide","APEC - Asia Pacific Economic Co-operation","All Country Subcodes","All Rate Provisions","All Districts","2024","116254537","113172016","18118415","119166266","116062814","2620221","","","","","","","5196"
"2605 Cobalt Ores And Concentrates","APEC - Asia Pacific Economic Co-operation","All Country Subcodes","All Rate Provisions","All Districts","2023","151300","151300","0","157028","157028","0","","","","","","","3"
"7225 Fl-rl Alloy Steel Nesoi Nun 600mm Wide","APEC - Asia Pacific Economic Co-operation","All Country Subcodes","All Rate Provisions","All Districts","2023","1012849015","1007427405","2345314","1033453022","1027585052","611880","","","","","","","26155"
"3801 Artificial Graphite; Collodial Graphite & Prep Etc","APEC - Asia Pacific Economic Co-operation","All Country Subcodes","All Rate Provisions","All Districts","2025 through June","219193807","219060931","153090525","225883398","225745843","59495363","","","","","","","1393"
"2801 Fluorine, Chlorine, Bromine & Iodine","APEC - Asia Pacific Economic Co-operation","All Country Subcodes","All Rate Provisions","All Districts","2024","427286593","427286593","1500425","429884511","429884511","235631","","","","","","","3421"
"3910 Silicones, In Primary Forms","APEC - Asia Pacific Economic Co-operation","All Country Subcodes","All Rate Provisions","All Districts","2021","391128453","389831357","315271085","421082172","419754101","35390629","","","","","","","13130"
"7225 Fl-rl Alloy Steel Nesoi Nun 600mm Wide","APEC - Asia Pacific Economic Co-operation","All Country Subcodes","All Rate Provisions","All Districts","2024","1058662575","1055898116","6869238","1083801610","1080846998","1377525","","","","","","","33546"
"2504 Natural Graphite","APEC - Asia Pacific Economic Co-operation","All Country Subcodes","All Rate Provisions","All Districts","2024","121726742","121698621","0","126846523","126817062","0","","","","","","","2495"
"7226 Fl-rl Alloy Steel Nesoi Un 600mm Wide","APEC - Asia Pacific Economic Co-operation","All Country Subcodes","All Rate Provisions","All Districts","2021","109709326","108943830","55659089","111974103","111187507","12964762","","","","","","","6691"
"3910 Silicones, In Primary Forms","APEC - Asia Pacific Economic Co-operation","All Country Subcodes","All Rate Provisions","All Districts","2023","348601085","344668196","270284969","366156901","362258874","22873930","","","","","","","11726"
"2603 Copper Ores And Concentrates","APEC - Asia Pacific Economic Co-operation","All Country Subcodes","All Rate Provisions","All Districts","2024","257457","257457","140654","261343","261343","0","","","","","","","12"
"2504 Natural Graphite","APEC - Asia Pacific Economic Co-operation","All Country Subcodes","All Rate Provisions","All Districts","2021","53987731","53943942","0","57211144","57166677","0","","","","","","","1506"
"7110 Platinum, Unwrought, Semimfr Forms Or In Powder Fm","APEC - Asia Pacific Economic Co-operation","All Country Subcodes","All Rate Provisions","All Districts","2025 through June","891527677","891527677","1159686","891787828","891787828","166767","","","","","","","508"
"2846 Rare-earth Metal Compounds Of Yttrium Or Scandium","APEC - Asia Pacific Economic Co-operation","All Country Subcodes","All Rate Provisions","All Districts","2025 through June","78298339","80374139","72850728","79903520","82019995","8311596","","","","","","","628"
"2504 Natural Graphite","APEC - Asia Pacific Economic Co-operation","All Country Subcodes","All Rate Provisions","All Districts","2023","128065954","128050110","0","131775745","131760092","0","","","","","","","1844"
"3801 Artificial Graphite; Collodial Graphite & Prep Etc","APEC - Asia Pacific Economic Co-operation","All Country Subcodes","All Rate Provisions","All Districts","2023","433457799","433630454","40487830","441347895","441522784","4137002","","","","","","","3241"
"2602 Manganese Ores A Concntrts Inc Ferr Mangn Iron Ore","APEC - Asia Pacific Economic Co-operation","All Country Subcodes","All Rate Provisions","All Districts","2023","2485470","2485470","0","3027745","3027745","0","","","","","","","13"
"8112 Beryllium,chromium,hafnium,rhenium Etc & Articles","APEC - Asia Pacific Economic Co-operation","All Country Subcodes","All Rate Provisions","All Districts","2021","135155195","138731755","83608112","137128751","140734900","5239500","","","","","","","1192"
"2504 Natural Graphite","ASEAN - Association of Southeast Asian Nations","All Country Subcodes","All Rate Provisions","All Districts","2022","2308","2308","0","2498","2498","0","","","","","","","1"
"8110 Antimony And Artcls Throf Incl Waste And Scrap","ASEAN - Association of Southeast Asian Nations","All Country Subcodes","All Rate Provisions","All Districts","2025 through June","50081778","50081778","0","50483975","50483975","0","","","","","","","56"
"2504 Natural Graphite","ASEAN - Association of Southeast Asian Nations","All Country Subcodes","All Rate Provisions","All Districts","2025 through June","7225570","7225570","1068508","7423020","7423020","106850","","","","","","","59"
"8105 Cobalt Mattes Etc, Cobalt & Art, Inc Waste & Scrap","ASEAN - Association of Southeast Asian Nations","All Country Subcodes","All Rate Provisions","All Districts","2022","538821","538821","307934","545579","545579","11391","","","","","","","23"
"8112 Beryllium,chromium,hafnium,rhenium Etc & Articles","ASEAN - Association of Southeast Asian Nations","All Country Subcodes","All Rate Provisions","All Districts","2021","1385658","1385658","218325","1415319","1415319","7121","","","","","","","22"
"7110 Platinum, Unwrought, Semimfr Forms Or In Powder Fm","ASEAN - Association of Southeast Asian Nations","All Country Subcodes","All Rate Provisions","All Districts","2025 through June","22352442","22352442","0","22378000","22378000","0","","","","","","","57"
"3910 Silicones, In Primary Forms","ASEAN - Association of Southeast Asian Nations","All Country Subcodes","All Rate Provisions","All Districts","2022","96389301","96371951","94338909","107714094","107696518","2830149","","","","","","","1112"
"2504 Natural Graphite","ASEAN - Association of Southeast Asian Nations","All Country Subcodes","All Rate Provisions","All Districts","2024","82684","82684","0","108645","108645","0","","","","","","","11"
"2846 Rare-earth Metal Compounds Of Yttrium Or Scandium","ASEAN - Association of Southeast Asian Nations","All Country Subcodes","All Rate Provisions","All Districts","2024","1692396","1692396","1413676","1754384","1754384","58491","","","","","","","29"
"7110 Platinum, Unwrought, Semimfr Forms Or In Powder Fm","ASEAN - Association of Southeast Asian Nations","All Country Subcodes","All Rate Provisions","All Districts","2023","5179641","5179641","0","5213547","5213547","0","","","","","","","84"
"7225 Fl-rl Alloy Steel Nesoi Nun 600mm Wide","ASEAN - Association of Southeast Asian Nations","All Country Subcodes","All Rate Provisions","All Districts","2021","10218","10218","10218","23390","23390","2555","","","","","","","4"
"7226 Fl-rl Alloy Steel Nesoi Un 600mm Wide","ASEAN - Association of Southeast Asian Nations","All Country Subcodes","All Rate Provisions","All Districts","2025 through June","155660","155660","155660","169484","169484","0","","","","","","","1"
"3910 Silicones, In Primary Forms","ASEAN - Association of Southeast Asian Nations","All Country Subcodes","All Rate Provisions","All Districts","2024","39119006","39747963","39305777","42316720","42945679","1179178","","","","","","","726"
"8112 Beryllium,chromium,hafnium,rhenium Etc & Articles","ASEAN - Association of Southeast Asian Nations","All Country Subcodes","All Rate Provisions","All Districts","2025 through June","3683552","3683552","1508711","3711998","3711998","33712","","","","","","","26"
"8108 Titanium & Articles Thereof, Includ Waste & Scrap","ASEAN - Association of Southeast Asian Nations","All Country Subcodes","All Rate Provisions","All Districts","2021","3874235","3874235","3463067","4040784","4040784","193879","","","","","","","502"
"8105 Cobalt Mattes Etc, Cobalt & Art, Inc Waste & Scrap","ASEAN - Association of Southeast Asian Nations","All Country Subcodes","All Rate Provisions","All Districts","2023","802987","802987","302860","814264","814264","11204","","","","","","","47"
"3801 Artificial Graphite; Collodial Graphite & Prep Etc","ASEAN - Association of Southeast Asian Nations","All Country Subcodes","All Rate Provisions","All Districts","2021","1039128","1039128","221429","1050805","1050805","8229","","","","","","","42"
"2604 Nickel Ores And Concentrates","ASEAN - Association of Southeast Asian Nations","All Country Subcodes","All Rate Provisions","All Districts","2025 through June","2145","2145","0","3372","3372","0","","","","","","","1"
"8111 Manganese And Artcles Thereof, Inc Waste And Scrap","ASEAN - Association of Southeast Asian Nations","All Country Subcodes","All Rate Provisions","All Districts","2023","3936631","3936631","3936631","4135981","4135981","551126","","","","","","","15"
"2820 Manganese Oxides","ASEAN - Association of Southeast Asian Nations","All Country Subcodes","All Rate Provisions","All Districts","2025 through June","70000","70000","70000","74500","74500","3290","","","","","","","1"
"7110 Platinum, Unwrought, Semimfr Forms Or In Powder Fm","ASEAN - Association of Southeast Asian Nations","All Country Subcodes","All Rate Provisions","All Districts","2024","55649980","55649980","0","55699923","55699923","0","","","","","","","126"
"3801 Artificial Graphite; Collodial Graphite & Prep Etc","ASEAN - Association of Southeast Asian Nations","All Country Subcodes","All Rate Provisions","All Districts","2023","4873329","4873329","68019","4878023","4878023","2780","","","","","","","31"
"2846 Rare-earth Metal Compounds Of Yttrium Or Scandium","ASEAN - Association of Southeast Asian Nations","All Country Subcodes","All Rate Provisions","All Districts","2025 through June","1854646","1854646","1109924","1877714","1877714","43384","","","","","","","18"
"8112 Beryllium,chromium,hafnium,rhenium Etc & Articles","ASEAN - Association of Southeast Asian Nations","All Country Subcodes","All Rate Provisions","All Districts","2024","696273","696273","327456","710347","710347","11631","","","","","","","20"
"3801 Artificial Graphite; Collodial Graphite & Prep Etc","ASEAN - Association of Southeast Asian Nations","All Country Subcodes","All Rate Provisions","All Districts","2022","6556815","6556815","285796","6698459","6698459","10574","","","","","","","46"
"8112 Beryllium,chromium,hafnium,rhenium Etc & Articles","ASEAN - Association of Southeast Asian Nations","All Country Subcodes","All Rate Provisions","All Districts","2023","1112261","1112261","385531","1121639","1121639","15149","","","","","","","27"
"7110 Platinum, Unwrought, Semimfr Forms Or In Powder Fm","ASEAN - Association of Southeast Asian Nations","All Country Subcodes","All Rate Provisions","All Districts","2022","45835115","45835115","0","45902669","45902669","0","","","","","","","180"
"7226 Fl-rl Alloy Steel Nesoi Un 600mm Wide","ASEAN - Association of Southeast Asian Nations","All Country Subcodes","All Rate Provisions","All Districts","2022","667052","55995","11866","687792","73235","0","","","","","","","17"
"8110 Antimony And Artcls Throf Incl Waste And Scrap","ASEAN - Association of Southeast Asian Nations","All Country Subcodes","All Rate Provisions","All Districts","2022","20875568","20875568","0","21351919","21351919","0","","","","","","","59"
"7225 Fl-rl Alloy Steel Nesoi Nun 600mm Wide","ASEAN - Association of Southeast Asian Nations","All Country Subcodes","All Rate Provisions","All Districts","2024","1337588","1337588","1337588","1465015","1465015","0","","","","","","","10"
"7225 Fl-rl Alloy Steel Nesoi Nun 600mm Wide","ASEAN - Association of Southeast Asian Nations","All Country Subcodes","All Rate Provisions","All Districts","2022","46752","46752","46752","75904","75904","0","","","","","","","2"
"8112 Beryllium,chromium,hafnium,rhenium Etc & Articles","ASEAN - Association of Southeast Asian Nations","All Country Subcodes","All Rate Provisions","All Districts","2022","349555","349555","245766","357288","357288","9623","","","","","","","17"
"2820 Manganese Oxides","ASEAN - Association of Southeast Asian Nations","All Country Subcodes","All Rate Provisions","All Districts","2024","490000","490000","490000","609000","609000","23030","","","","","","","14"
"3910 Silicones, In Primary Forms","ASEAN - Association of Southeast Asian Nations","All Country Subcodes","All Rate Provisions","All Districts","2025 through June","18275954","18441246","18109370","19652513","19817806","570510","","","","","","","386"
"7110 Platinum, Unwrought, Semimfr Forms Or In Powder Fm","ASEAN - Association of Southeast Asian Nations","All Country Subcodes","All Rate Provisions","All Districts","2021","71393462","71393462","0","71467911","71467911","0","","","","","","","213"
"3801 Artificial Graphite; Collodial Graphite & Prep Etc","ASEAN - Association of Southeast Asian Nations","All Country Subcodes","All Rate Provisions","All Districts","2025 through June","45919854","45822654","30256608","49852014","49751814","3016598","","","","","","","331"
"3910 Silicones, In Primary Forms","ASEAN - Association of Southeast Asian Nations","All Country Subcodes","All Rate Provisions","All Districts","2021","35287447","35938657","35316200","40986679","41637891","1059500","","","","","","","727"
"2846 Rare-earth Metal Compounds Of Yttrium Or Scandium","ASEAN - Association of Southeast Asian Nations","All Country Subcodes","All Rate Provisions","All Districts","2021","4434833","4434833","2866904","4608436","4608436","108683","","","","","","","38"
"3910 Silicones, In Primary Forms","ASEAN - Association of Southeast Asian Nations","All Country Subcodes","All Rate Provisions","All Districts","2023","27630797","27644426","27584477","29281270","29294900","827531","","","","","","","452"
"7226 Fl-rl Alloy Steel Nesoi Un 600mm Wide","ASEAN - Association of Southeast Asian Nations","All Country Subcodes","All Rate Provisions","All Districts","2024","3825","3825","0","4656","4656","0","","","","","","","1"
"8110 Antimony And Artcls Throf Incl Waste And Scrap","ASEAN - Association of Southeast Asian Nations","All Country Subcodes","All Rate Provisions","All Districts","2024","49236669","49236669","0","49785432","49785432","0","","","","","","","106"
"8108 Titanium & Articles Thereof, Includ Waste & Scrap","ASEAN - Association of Southeast Asian Nations","All Country Subcodes","All Rate Provisions","All Districts","2024","13593115","13583679","5059014","13981681","13972122","299857","","","","","","","634"
"8108 Titanium & Articles Thereof, Includ Waste & Scrap","ASEAN - Association of Southeast Asian Nations","All Country Subcodes","All Rate Provisions","All Districts","2022","6514759","6514759","1866107","6799469","6799469","107827","","","","","","","509"
"8110 Antimony And Artcls Throf Incl Waste And Scrap","ASEAN - Association of Southeast Asian Nations","All Country Subcodes","All Rate Provisions","All Districts","2021","21492273","21758244","0","21778221","22048692","0","","","","","","","85"
"7226 Fl-rl Alloy Steel Nesoi Un 600mm Wide","ASEAN - Association of Southeast Asian Nations","All Country Subcodes","All Rate Provisions","All Districts","2023","1814041","370854","370854","1956890","470723","0","","","","","","","17"
"8110 Antimony And Artcls Throf Incl Waste And Scrap","ASEAN - Association of Southeast Asian Nations","All Country Subcodes","All Rate Provisions","All Districts","2023","28458003","28458003","0","28835398","28835398","0","","","","","","","90"
"8105 Cobalt Mattes Etc, Cobalt & Art, Inc Waste & Scrap","ASEAN - Association of Southeast Asian Nations","All Country Subcodes","All Rate Provisions","All Districts","2024","4773032","4773032","224458","4817341","4817341","8305","","","","","","","27"
"2846 Rare-earth Metal Compounds Of Yttrium Or Scandium","ASEAN - Association of Southeast Asian Nations","All Country Subcodes","All Rate Provisions","All Districts","2022","6644885","6644885","4286634","6897975","6897975","169486","","","","","","","45"
"2801 Fluorine, Chlorine, Bromine & Iodine","ASEAN - Association of Southeast Asian Nations","All Country Subcodes","All Rate Provisions","All Districts","2023","3995","3995","0","4495","4495","0","","","","","","","1"
"3801 Artificial Graphite; Collodial Graphite & Prep Etc","ASEAN - Association of Southeast Asian Nations","All Country Subcodes","All Rate Provisions","All Districts","2024","1075959","1075959","593221","1173242","1173242","22951","","","","","","","66"
"8108 Titanium & Articles Thereof, Includ Waste & Scrap","ASEAN - Association of Southeast Asian Nations","All Country Subcodes","All Rate Provisions","All Districts","2023","12137199","12137199","2175791","12468374","12468374","122865","","","","","","","559"
"2846 Rare-earth Metal Compounds Of Yttrium Or Scandium","ASEAN - Association of Southeast Asian Nations","All Country Subcodes","All Rate Provisions","All Districts","2023","5254553","5254553","2839758","5565664","5565664","113007","","","","","","","40"
"8111 Manganese And Artcles Thereof, Inc Waste And Scrap","ASEAN - Association of Southeast Asian Nations","All Country Subcodes","All Rate Provisions","All Districts","2022","1133369","1133369","1133369","1209469","1209469","158671","","","","","","","5"
"8111 Manganese And Artcles Thereof, Inc Waste And Scrap","ASEAN - Association of Southeast Asian Nations","All Country Subcodes","All Rate Provisions","All Districts","2024","2476836","2308187","2308187","2544849","2398757","323147","","","","","","","32"
"2820 Manganese Oxides","ASEAN - Association of Southeast Asian Nations","All Country Subcodes","All Rate Provisions","All Districts","2023","91380","91380","91380","106580","106580","4294","","","","","","","4"
"7225 Fl-rl Alloy Steel Nesoi Nun 600mm Wide","ASEAN - Association of Southeast Asian Nations","All Country Subcodes","All Rate Provisions","All Districts","2025 through June","114401","114401","114401","155849","155849","0","","","","","","","1"
"7226 Fl-rl Alloy Steel Nesoi Un 600mm Wide","ASEAN - Association of Southeast Asian Nations","All Country Subcodes","All Rate Provisions","All Districts","2021","10990","10990","10990","12493","12493","0","","","","","","","4"
"2801 Fluorine, Chlorine, Bromine & Iodine","ASEAN - Association of Southeast Asian Nations","All Country Subcodes","All Rate Provisions","All Districts","2021","41032","41032","41032","42032","42032","2256","","","","","","","2"
"8111 Manganese And Artcles Thereof, Inc Waste And Scrap","ASEAN - Association of Southeast Asian Nations","All Country Subcodes","All Rate Provisions","All Districts","2025 through June","1850041","1850041","1850041","2008230","2008230","259006","","","","","","","9"
"8108 Titanium & Articles Thereof, Includ Waste & Scrap","ASEAN - Association of Southeast Asian Nations","All Country Subcodes","All Rate Provisions","All Districts","2025 through June","14322233","14304880","2830981","14679122","14661516","193607","","","","","","","308"
"8105 Cobalt Mattes Etc, Cobalt & Art, Inc Waste & Scrap","ASEAN - Association of Southeast Asian Nations","All Country Subcodes","All Rate Provisions","All Districts","2025 through June","28342898","28342898","112976","28603544","28603544","8092","","","","","","","54"
"8105 Cobalt Mattes Etc, Cobalt & Art, Inc Waste & Scrap","ASEAN - Association of Southeast Asian Nations","All Country Subcodes","All Rate Provisions","All Districts","2021","525572","525572","11090","529807","529807","411","","","","","","","5"
"282520 Lithium Oxide And Hydroxide","Korea, South","All Country Subcodes","All Rate Provisions","All Districts","2021","17700","17700","17700","19000","19000","655","","","","","","","2"
"282520 Lithium Oxide And Hydroxide","Taiwan","All Country Subcodes","All Rate Provisions","All Districts","2021","13233","13233","13233","13683","13683","490","","","","","","","1"
"282520 Lithium Oxide And Hydroxide","Japan","All Country Subcodes","All Rate Provisions","All Districts","2021","64600","64600","64600","65382","65382","2390","","","","","","","2"
"282520 Lithium Oxide And Hydroxide","Korea, South","All Country Subcodes","All Rate Provisions","All Districts","2022","2254","2254","2254","2254","2254","83","","","","","","","1"
"282520 Lithium Oxide And Hydroxide","Hong Kong","All Country Subcodes","All Rate Provisions","All Districts","2023","4000","4000","4000","4450","4450","148","","","","","","","1"
"282520 Lithium Oxide And Hydroxide","Japan","All Country Subcodes","All Rate Provisions","All Districts","2023","122590","122590","122590","123635","123635","4535","","","","","","","5"
"282520 Lithium Oxide And Hydroxide","Hong Kong","All Country Subcodes","All Rate Provisions","All Districts","2024","4000","4000","4000","4450","4450","148","","","","","","","1"
"282520 Lithium Oxide And Hydroxide","Taiwan","All Country Subcodes","All Rate Provisions","All Districts","2024","6400","6400","6400","7050","7050","237","","","","","","","1"
"282520 Lithium Oxide And Hydroxide","Japan","All Country Subcodes","All Rate Provisions","All Districts","2024","22095","22095","22095","26234","26234","817","","","","","","","4"
"282520 Lithium Oxide And Hydroxide","Indonesia","All Country Subcodes","All Rate Provisions","All Districts","2025 through June","2914","2914","2914","3358","3358","399","","","","","","","1"
"282520 Lithium Oxide And Hydroxide","Taiwan","All Country Subcodes","All Rate Provisions","All Districts","2025 through June","51200","51200","51200","51749","51749","1894","","","","","","","1"
"282520 Lithium Oxide And Hydroxide","Japan","All Country Subcodes","All Rate Provisions","All Districts","2025 through June","2607","2607","2607","3057","3057","96","","","","","","","1"
"282540 Nickel Oxides And Hydroxides","Indonesia","All Country Subcodes","All Rate Provisions","All Districts","2021","130897","130897","0","132551","132551","0","","","","","","","2"
"282540 Nickel Oxides And Hydroxides","Philippines","All Country Subcodes","All Rate Provisions","All Districts","2021","3118614","3118614","0","3422978","3422978","0","","","","","","","20"
"282540 Nickel Oxides And Hydroxides","Korea, South","All Country Subcodes","All Rate Provisions","All Districts","2021","1695487","1695487","0","1775612","1775612","0","","","","","","","9"
"282540 Nickel Oxides And Hydroxides","Taiwan","All Country Subcodes","All Rate Provisions","All Districts","2021","101274","101274","0","102138","102138","0","","","","","","","3"
"282540 Nickel Oxides And Hydroxides","Japan","All Country Subcodes","All Rate Provisions","All Districts","2021","3703450","3703450","0","3768831","3768831","0","","","","","","","24"
"282540 Nickel Oxides And Hydroxides","Philippines","All Country Subcodes","All Rate Provisions","All Districts","2022","5109533","5109533","0","5655660","5655660","0","","","","","","","31"
"282540 Nickel Oxides And Hydroxides","Korea, South","All Country Subcodes","All Rate Provisions","All Districts","2022","892593","892593","0","958593","958593","0","","","","","","","2"
"282540 Nickel Oxides And Hydroxides","Taiwan","All Country Subcodes","All Rate Provisions","All Districts","2022","505124","505124","0","516971","516971","0","","","","","","","4"
"282540 Nickel Oxides And Hydroxides","Japan","All Country Subcodes","All Rate Provisions","All Districts","2022","7195521","7195521","0","7333571","7333571","0","","","","","","","18"
"282540 Nickel Oxides And Hydroxides","Philippines","All Country Subcodes","All Rate Provisions","All Districts","2023","4948652","4948652","0","5112790","5112790","0","","","","","","","21"
"282540 Nickel Oxides And Hydroxides","Taiwan","All Country Subcodes","All Rate Provisions","All Districts","2023","619078","619078","0","623795","623795","0","","","","","","","6"
"282540 Nickel Oxides And Hydroxides","Japan","All Country Subcodes","All Rate Provisions","All Districts","2023","3533555","3533555","0","3566817","3566817","0","","","","","","","17"
"282540 Nickel Oxides And Hydroxides","Philippines","All Country Subcodes","All Rate Provisions","All Districts","2024","1794945","1794945","0","1877656","1877656","0","","","","","","","11"
"282540 Nickel Oxides And Hydroxides","Korea, South","All Country Subcodes","All Rate Provisions","All Districts","2024","15200","15200","0","16378","16378","0","","","","","","","1"
"282540 Nickel Oxides And Hydroxides","Hong Kong","All Country Subcodes","All Rate Provisions","All Districts","2024","246580","246580","0","249210","249210","0","","","","","","","1"
"282540 Nickel Oxides And Hydroxides","Taiwan","All Country Subcodes","All Rate Provisions","All Districts","2024","1272013","1272013","0","1289327","1289327","0","","","","","","","8"
"282540 Nickel Oxides And Hydroxides","Japan","All Country Subcodes","All Rate Provisions","All Districts","2024","1352991","1352991","0","1375141","1375141","0","","","","","","","10"
"282540 Nickel Oxides And Hydroxides","Philippines","All Country Subcodes","All Rate Provisions","All Districts","2025 through June","1310775","1310775","164690","1347560","1347560","16469","","","","","","","7"
"282540 Nickel Oxides And Hydroxides","Taiwan","All Country Subcodes","All Rate Provisions","All Districts","2025 through June","443894","443894","181920","458369","458369","18192","","","","","","","5"
"282540 Nickel Oxides And Hydroxides","Japan","All Country Subcodes","All Rate Provisions","All Districts","2025 through June","1640079","1640079","309036","1680839","1680839","24464","","","","","","","10"
"282550 Copper Oxides And Hydroxides","Korea, South","All Country Subcodes","All Rate Provisions","All Districts","2021","132460","132460","0","168627","168627","0","","","","","","","4"
"282550 Copper Oxides And Hydroxides","Taiwan","All Country Subcodes","All Rate Provisions","All Districts","2021","655735","655735","655735","675028","675028","28161","","","","","","","7"
"282550 Copper Oxides And Hydroxides","Japan","All Country Subcodes","All Rate Provisions","All Districts","2021","129138","129138","129138","132884","132884","5553","","","","","","","6"
"282550 Copper Oxides And Hydroxides","Taiwan","All Country Subcodes","All Rate Provisions","All Districts","2022","762102","762102","762102","795804","795804","32769","","","","","","","10"
"282550 Copper Oxides And Hydroxides","Japan","All Country Subcodes","All Rate Provisions","All Districts","2022","338282","338282","338282","356281","356281","14546","","","","","","","14"
"282550 Copper Oxides And Hydroxides","Korea, South","All Country Subcodes","All Rate Provisions","All Districts","2023","47025","47025","0","72025","72025","0","","","","","","","2"
"282550 Copper Oxides And Hydroxides","Hong Kong","All Country Subcodes","All Rate Provisions","All Districts","2023","73075","73075","73075","73076","73076","3142","","","","","","","1"
"282550 Copper Oxides And Hydroxides","Taiwan","All Country Subcodes","All Rate Provisions","All Districts","2023","428740","428740","428740","445240","445240","18435","","","","","","","5"
"282550 Copper Oxides And Hydroxides","Japan","All Country Subcodes","All Rate Provisions","All Districts","2023","280883","280883","280883","295554","295554","12078","","","","","","","9"
"282550 Copper Oxides And Hydroxides","Korea, South","All Country Subcodes","All Rate Provisions","All Districts","2024","5904","5904","0","5905","5905","0","","","","","","","1"
"282550 Copper Oxides And Hydroxides","Hong Kong","All Country Subcodes","All Rate Provisions","All Districts","2024","65674","65674","65674","65675","65675","2824","","","","","","","1"
"282550 Copper Oxides And Hydroxides","Taiwan","All Country Subcodes","All Rate Provisions","All Districts","2024","601327","601327","601327","619003","619003","25677","","","","","","","7"
"282550 Copper Oxides And Hydroxides","Japan","All Country Subcodes","All Rate Provisions","All Districts","2024","209735","209735","209735","221112","221112","9019","","","","","","","5"
"282550 Copper Oxides And Hydroxides","Korea, South","All Country Subcodes","All Rate Provisions","All Districts","2025 through June","27398","27398","2735","46049","46049","118","","","","","","","3"
"282550 Copper Oxides And Hydroxides","Taiwan","All Country Subcodes","All Rate Provisions","All Districts","2025 through June","563640","563640","563640","580404","580404","43792","","","","","","","4"
"282580 Antimony Oxides","Thailand","All Country Subcodes","All Rate Provisions","All Districts","2021","1992500","1992500","0","1992521","1992521","0","","","","","","","21"
"282580 Antimony Oxides","Korea, South","All Country Subcodes","All Rate Provisions","All Districts","2021","739752","739752","0","765464","765464","0","","","","","","","20"
"282580 Antimony Oxides","Japan","All Country Subcodes","All Rate Provisions","All Districts","2021","1004176","944636","0","1019915","965006","0","","","","","","","28"
"282580 Antimony Oxides","Korea, South","All Country Subcodes","All Rate Provisions","All Districts","2022","1576370","1576370","0","1655142","1655142","0","","","","","","","56"
"282580 Antimony Oxides","Japan","All Country Subcodes","All Rate Provisions","All Districts","2022","1934807","1899542","0","2014748","1981883","0","","","","","","","35"
"282580 Antimony Oxides","Thailand","All Country Subcodes","All Rate Provisions","All Districts","2023","2160000","2160000","0","2170536","2170536","0","","","","","","","20"
"282580 Antimony Oxides","Korea, South","All Country Subcodes","All Rate Provisions","All Districts","2023","590958","590958","0","637541","637541","0","","","","","","","14"
"282580 Antimony Oxides","Japan","All Country Subcodes","All Rate Provisions","All Districts","2023","1502894","1560244","0","1544308","1612547","0","","","","","","","51"
"282580 Antimony Oxides","Thailand","All Country Subcodes","All Rate Provisions","All Districts","2024","5400000","5400000","0","5480651","5480651","0","","","","","","","44"
"282580 Antimony Oxides","Korea, South","All Country Subcodes","All Rate Provisions","All Districts","2024","129967","129967","0","132502","132502","0","","","","","","","5"
"282580 Antimony Oxides","Taiwan","All Country Subcodes","All Rate Provisions","All Districts","2024","586980","586980","0","619980","619980","0","","","","","","","2"
"282580 Antimony Oxides","Japan","All Country Subcodes","All Rate Provisions","All Districts","2024","1167004","1194045","0","1191322","1220717","0","","","","","","","26"
"282580 Antimony Oxides","Thailand","All Country Subcodes","All Rate Provisions","All Districts","2025 through June","12342000","12342000","0","12492416","12492416","0","","","","","","","97"
"282580 Antimony Oxides","Korea, South","All Country Subcodes","All Rate Provisions","All Districts","2025 through June","7893870","7893870","0","8363026","8363026","0","","","","","","","19"
"282580 Antimony Oxides","Taiwan","All Country Subcodes","All Rate Provisions","All Districts","2025 through June","6010870","6010870","0","6068071","6068071","0","","","","","","","13"
"282580 Antimony Oxides","Japan","All Country Subcodes","All Rate Provisions","All Districts","2025 through June","2921389","2938154","0","2954186","2972760","0","","","","","","","20"
"711041 Iridium, Osmium And Ruthenium, Unwrought Or Powder","Japan","All Country Subcodes","All Rate Provisions","All Districts","2021","18596742","18596742","0","18604877","18604877","0","","","","","","","31"
"711041 Iridium, Osmium And Ruthenium, Unwrought Or Powder","Singapore","All Country Subcodes","All Rate Provisions","All Districts","2022","4823","4823","0","5233","5233","0","","","","","","","1"
"711041 Iridium, Osmium And Ruthenium, Unwrought Or Powder","Korea, South","All Country Subcodes","All Rate Provisions","All Districts","2022","405000","405000","0","406000","406000","0","","","","","","","1"
"711041 Iridium, Osmium And Ruthenium, Unwrought Or Powder","Hong Kong","All Country Subcodes","All Rate Provisions","All Districts","2022","2508","2508","0","2509","2509","0","","","","","","","1"
"711041 Iridium, Osmium And Ruthenium, Unwrought Or Powder","Japan","All Country Subcodes","All Rate Provisions","All Districts","2022","14493871","14493871","0","14510411","14510411","0","","","","","","","33"
"711041 Iridium, Osmium And Ruthenium, Unwrought Or Powder","Korea, South","All Country Subcodes","All Rate Provisions","All Districts","2023","201071","201071","0","201319","201319","0","","","","","","","1"
"711041 Iridium, Osmium And Ruthenium, Unwrought Or Powder","Japan","All Country Subcodes","All Rate Provisions","All Districts","2023","12538046","12538046","0","12547214","12547214","0","","","","","","","29"
"711041 Iridium, Osmium And Ruthenium, Unwrought Or Powder","Japan","All Country Subcodes","All Rate Provisions","All Districts","2024","8080911","8080911","0","8089517","8089517","0","","","","","","","26"
"711041 Iridium, Osmium And Ruthenium, Unwrought Or Powder","Japan","All Country Subcodes","All Rate Provisions","All Districts","2025 through June","3579436","3579436","0","3583786","3583786","0","","","","","","","14"
"711049 Iridium, Osmium And Ruthenium, Semimanufactured","Singapore","All Country Subcodes","All Rate Provisions","All Districts","2021","9815","9815","0","9890","9890","0","","","","","","","1"
"711049 Iridium, Osmium And Ruthenium, Semimanufactured","Taiwan","All Country Subcodes","All Rate Provisions","All Districts","2021","2769","2769","0","3219","3219","0","","","","","","","1"
"711049 Iridium, Osmium And Ruthenium, Semimanufactured","Japan","All Country Subcodes","All Rate Provisions","All Districts","2021","7207668","7207668","0","7219857","7219857","0","","","","","","","32"
"711049 Iridium, Osmium And Ruthenium, Semimanufactured","Taiwan","All Country Subcodes","All Rate Provisions","All Districts","2022","4500","4500","0","4950","4950","0","","","","","","","1"
"711049 Iridium, Osmium And Ruthenium, Semimanufactured","Japan","All Country Subcodes","All Rate Provisions","All Districts","2022","3223689","3223689","0","3231503","3231503","0","","","","","","","28"
"711049 Iridium, Osmium And Ruthenium, Semimanufactured","Thailand","All Country Subcodes","All Rate Provisions","All Districts","2023","6500","6500","0","6950","6950","0","","","","","","","1"
"711049 Iridium, Osmium And Ruthenium, Semimanufactured","Singapore","All Country Subcodes","All Rate Provisions","All Districts","2023","79778","79778","0","80678","80678","0","","","","","","","2"
"711049 Iridium, Osmium And Ruthenium, Semimanufactured","Korea, South","All Country Subcodes","All Rate Provisions","All Districts","2023","4735","4735","0","4810","4810","0","","","","","","","1"
"711049 Iridium, Osmium And Ruthenium, Semimanufactured","Taiwan","All Country Subcodes","All Rate Provisions","All Districts","2023","7800","7800","0","7863","7863","0","","","","","","","1"
"711049 Iridium, Osmium And Ruthenium, Semimanufactured","Japan","All Country Subcodes","All Rate Provisions","All Districts","2023","6005130","6005130","0","6015116","6015116","0","","","","","","","29"
"711049 Iridium, Osmium And Ruthenium, Semimanufactured","Philippines","All Country Subcodes","All Rate Provisions","All Districts","2024","9548","9548","0","9798","9798","0","","","","","","","1"
"711049 Iridium, Osmium And Ruthenium, Semimanufactured","Japan","All Country Subcodes","All Rate Provisions","All Districts","2024","4431181","4431181","0","4440117","4440117","0","","","","","","","21"
"711049 Iridium, Osmium And Ruthenium, Semimanufactured","Singapore","All Country Subcodes","All Rate Provisions","All Districts","2025 through June","1116612","1116612","0","1117262","1117262","0","","","","","","","1"
"711049 Iridium, Osmium And Ruthenium, Semimanufactured","Japan","All Country Subcodes","All Rate Provisions","All Districts","2025 through June","3203891","3203891","0","3206839","3206839","0","","","","","","","7"
"850511 Permanent Magnets Made Of Metal","Thailand","All Country Subcodes","All Rate Provisions","All Districts","2021","792057","792057","487553","807087","807087","10240","","","","","","","53"
"850511 Permanent Magnets Made Of Metal","Vietnam","All Country Subcodes","All Rate Provisions","All Districts","2021","169873","178933","178933","174046","183958","3756","","","","","","","21"
"850511 Permanent Magnets Made Of Metal","Cambodia","All Country Subcodes","All Rate Provisions","All Districts","2021","99111","99111","0","101578","101578","0","","","","","","","3"
"850511 Permanent Magnets Made Of Metal","Malaysia","All Country Subcodes","All Rate Provisions","All Districts","2021","59475","59475","59475","64261","64261","1249","","","","","","","10"
"850511 Permanent Magnets Made Of Metal","Singapore","All Country Subcodes","All Rate Provisions","All Districts","2021","107540","107540","107540","117179","117179","2256","","","","","","","14"
"850511 Permanent Magnets Made Of Metal","Indonesia","All Country Subcodes","All Rate Provisions","All Districts","2021","313127","313127","310551","333123","333123","6523","","","","","","","11"
"850511 Permanent Magnets Made Of Metal","Philippines","All Country Subcodes","All Rate Provisions","All Districts","2021","17448912","17448912","7728579","18132143","18132143","162309","","","","","","","313"
"850511 Permanent Magnets Made Of Metal","Korea, South","All Country Subcodes","All Rate Provisions","All Districts","2021","7572194","7572194","372275","7915673","7915673","7813","","","","","","","193"
"850511 Permanent Magnets Made Of Metal","Hong Kong","All Country Subcodes","All Rate Provisions","All Districts","2021","121914","121914","121914","130177","130177","2561","","","","","","","11"
"850511 Permanent Magnets Made Of Metal","Taiwan","All Country Subcodes","All Rate Provisions","All Districts","2021","5871691","5871691","5871691","6226259","6226259","123301","","","","","","","440"
"850511 Permanent Magnets Made Of Metal","Japan","All Country Subcodes","All Rate Provisions","All Districts","2021","32624891","26832950","8746789","34587377","28234449","183695","","","","","","","1678"
"850511 Permanent Magnets Made Of Metal","Thailand","All Country Subcodes","All Rate Provisions","All Districts","2022","649108","649108","649108","688775","688775","13633","","","","","","","32"
"850511 Permanent Magnets Made Of Metal","Vietnam","All Country Subcodes","All Rate Provisions","All Districts","2022","402418","402418","402418","506191","506191","8446","","","","","","","30"
"850511 Permanent Magnets Made Of Metal","Malaysia","All Country Subcodes","All Rate Provisions","All Districts","2022","918603","918603","918603","994765","994765","19290","","","","","","","53"
"850511 Permanent Magnets Made Of Metal","Singapore","All Country Subcodes","All Rate Provisions","All Districts","2022","362500","362500","355601","374420","374420","7470","","","","","","","47"
"850511 Permanent Magnets Made Of Metal","Indonesia","All Country Subcodes","All Rate Provisions","All Districts","2022","5459356","5459356","5459356","5795186","5795186","114646","","","","","","","121"
"850511 Permanent Magnets Made Of Metal","Philippines","All Country Subcodes","All Rate Provisions","All Districts","2022","6684226","6684226","1020043","7304597","7304597","21420","","","","","","","193"
"850511 Permanent Magnets Made Of Metal","Mongolia","All Country Subcodes","All Rate Provisions","All Districts","2022","3465","3465","3465","3637","3637","73","","","","","","","1"
"850511 Permanent Magnets Made Of Metal","Korea, South","All Country Subcodes","All Rate Provisions","All Districts","2022","9420323","9420323","794029","10207073","10207073","16678","","","","","","","230"
"850511 Permanent Magnets Made Of Metal","Hong Kong","All Country Subcodes","All Rate Provisions","All Districts","2022","192556","192556","192556","204330","204330","4043","","","","","","","10"
"850511 Permanent Magnets Made Of Metal","Taiwan","All Country Subcodes","All Rate Provisions","All Districts","2022","9398504","9398504","9398504","9905397","9905397","197372","","","","","","","550"
"850511 Permanent Magnets Made Of Metal","Japan","All Country Subcodes","All Rate Provisions","All Districts","2022","35192544","27550492","5878921","36930852","28523847","123444","","","","","","","1298"
"850511 Permanent Magnets Made Of Metal","Thailand","All Country Subcodes","All Rate Provisions","All Districts","2023","258250","258250","200200","260298","260298","4206","","","","","","","17"
"850511 Permanent Magnets Made Of Metal","Vietnam","All Country Subcodes","All Rate Provisions","All Districts","2023","566890","566890","566890","616353","616353","11909","","","","","","","30"
"850511 Permanent Magnets Made Of Metal","Cambodia","All Country Subcodes","All Rate Provisions","All Districts","2023","46987","46987","0","58090","58090","0","","","","","","","3"
"850511 Permanent Magnets Made Of Metal","Malaysia","All Country Subcodes","All Rate Provisions","All Districts","2023","693147","693147","693147","724434","724434","14554","","","","","","","56"
"850511 Permanent Magnets Made Of Metal","Singapore","All Country Subcodes","All Rate Provisions","All Districts","2023","657579","657579","632565","670567","670567","13287","","","","","","","94"
"850511 Permanent Magnets Made Of Metal","Indonesia","All Country Subcodes","All Rate Provisions","All Districts","2023","5476178","5481162","5476106","5813089","5818074","114996","","","","","","","64"
"850511 Permanent Magnets Made Of Metal","Philippines","All Country Subcodes","All Rate Provisions","All Districts","2023","6905136","7200462","4172900","7096619","7395783","87632","","","","","","","173"
"850511 Permanent Magnets Made Of Metal","Korea, South","All Country Subcodes","All Rate Provisions","All Districts","2023","4247866","4247866","273051","4842862","4842862","5733","","","","","","","131"
"850511 Permanent Magnets Made Of Metal","Hong Kong","All Country Subcodes","All Rate Provisions","All Districts","2023","46662","46662","46662","47426","47426","980","","","","","","","4"
"850511 Permanent Magnets Made Of Metal","Taiwan","All Country Subcodes","All Rate Provisions","All Districts","2023","6924633","6922463","6922463","7241842","7238142","145383","","","","","","","448"
"850511 Permanent Magnets Made Of Metal","Japan","All Country Subcodes","All Rate Provisions","All Districts","2023","26631388","18309527","4267986","27955029","18807820","89618","","","","","","","909"
"850511 Permanent Magnets Made Of Metal","Thailand","All Country Subcodes","All Rate Provisions","All Districts","2024","274666","274666","274666","281755","281755","5770","","","","","","","22"
"850511 Permanent Magnets Made Of Metal","Vietnam","All Country Subcodes","All Rate Provisions","All Districts","2024","1069338","976296","976296","1158202","1063987","20502","","","","","","","65"
"850511 Permanent Magnets Made Of Metal","Cambodia","All Country Subcodes","All Rate Provisions","All Districts","2024","200231","185666","44377","236658","222090","932","","","","","","","17"
"850511 Permanent Magnets Made Of Metal","Malaysia","All Country Subcodes","All Rate Provisions","All Districts","2024","1670265","1670265","1670265","1753853","1753853","35081","","","","","","","139"
"850511 Permanent Magnets Made Of Metal","Singapore","All Country Subcodes","All Rate Provisions","All Districts","2024","1753736","1753736","1718444","1764914","1764914","36096","","","","","","","144"
"850511 Permanent Magnets Made Of Metal","Indonesia","All Country Subcodes","All Rate Provisions","All Districts","2024","6185995","6185995","6185995","6566269","6566269","129911","","","","","","","56"
"850511 Permanent Magnets Made Of Metal","Philippines","All Country Subcodes","All Rate Provisions","All Districts","2024","8894106","9198547","6577921","9128331","9436733","138138","","","","","","","215"
"850511 Permanent Magnets Made Of Metal","Korea, South","All Country Subcodes","All Rate Provisions","All Districts","2024","9811059","9765197","448437","10257638","10211179","9417","","","","","","","160"
"850511 Permanent Magnets Made Of Metal","Hong Kong","All Country Subcodes","All Rate Provisions","All Districts","2024","72198","72198","72198","80759","80759","1518","","","","","","","12"
"850511 Permanent Magnets Made Of Metal","Taiwan","All Country Subcodes","All Rate Provisions","All Districts","2024","7562302","7553622","7553622","7966829","7957733","158627","","","","","","","500"
"850511 Permanent Magnets Made Of Metal","Japan","All Country Subcodes","All Rate Provisions","All Districts","2024","19781902","14672007","5854351","20653420","15028940","122936","","","","","","","880"
"850511 Permanent Magnets Made Of Metal","Thailand","All Country Subcodes","All Rate Provisions","All Districts","2025 through June","224345","224345","215885","231169","231169","12754","","","","","","","24"
"850511 Permanent Magnets Made Of Metal","Vietnam","All Country Subcodes","All Rate Provisions","All Districts","2025 through June","545050","372735","372735","569362","397080","21604","","","","","","","42"
"850511 Permanent Magnets Made Of Metal","Cambodia","All Country Subcodes","All Rate Provisions","All Districts","2025 through June","141337","141337","23482","174117","174117","1133","","","","","","","10"
"850511 Permanent Magnets Made Of Metal","Malaysia","All Country Subcodes","All Rate Provisions","All Districts","2025 through June","569578","569578","569578","590714","590714","26007","","","","","","","61"
"850511 Permanent Magnets Made Of Metal","Singapore","All Country Subcodes","All Rate Provisions","All Districts","2025 through June","253272","253272","253272","254239","254239","12292","","","","","","","30"
"850511 Permanent Magnets Made Of Metal","Indonesia","All Country Subcodes","All Rate Provisions","All Districts","2025 through June","3548515","3548515","3548515","3766800","3766800","133515","","","","","","","26"
"850511 Permanent Magnets Made Of Metal","Philippines","All Country Subcodes","All Rate Provisions","All Districts","2025 through June","2713846","2713846","2279559","2763177","2763177","94957","","","","","","","57"
"850511 Permanent Magnets Made Of Metal","Korea, South","All Country Subcodes","All Rate Provisions","All Districts","2025 through June","2025619","2071679","1018027","2137264","2183923","91569","","","","","","","49"
"850511 Permanent Magnets Made Of Metal","Hong Kong","All Country Subcodes","All Rate Provisions","All Districts","2025 through June","4320","4320","4320","4909","4909","1387","","","","","","","1"
"850511 Permanent Magnets Made Of Metal","Taiwan","All Country Subcodes","All Rate Provisions","All Districts","2025 through June","4090307","4090307","4090307","4209939","4209939","245860","","","","","","","254"
"850511 Permanent Magnets Made Of Metal","Japan","All Country Subcodes","All Rate Provisions","All Districts","2025 through June","9537798","7893805","5538740","9925392","8132113","360525","","","","","","","464"
"850650 Primary Cells And Batteries, Lithium","Thailand","All Country Subcodes","All Rate Provisions","All Districts","2021","996749","993961","993961","1044328","1041504","26846","","","","","","","127"
"850650 Primary Cells And Batteries, Lithium","Vietnam","All Country Subcodes","All Rate Provisions","All Districts","2021","51139","51139","51139","54045","54045","1381","","","","","","","7"
"850650 Primary Cells And Batteries, Lithium","Malaysia","All Country Subcodes","All Rate Provisions","All Districts","2021","709423","816660","816660","738653","853862","22052","","","","","","","192"
"850650 Primary Cells And Batteries, Lithium","Singapore","All Country Subcodes","All Rate Provisions","All Districts","2021","81805108","86261479","11518972","82402536","86916825","311010","","","","","","","592"
"850650 Primary Cells And Batteries, Lithium","Indonesia","All Country Subcodes","All Rate Provisions","All Districts","2021","19463294","19190081","12130070","20205528","19927767","327493","","","","","","","980"
"850650 Primary Cells And Batteries, Lithium","Philippines","All Country Subcodes","All Rate Provisions","All Districts","2021","142090","142090","142090","144038","144038","3838","","","","","","","14"
"850650 Primary Cells And Batteries, Lithium","Korea, South","All Country Subcodes","All Rate Provisions","All Districts","2021","18840168","18836923","4160381","19627740","19624453","112338","","","","","","","378"
"850650 Primary Cells And Batteries, Lithium","Hong Kong","All Country Subcodes","All Rate Provisions","All Districts","2021","1192173","1192173","1192173","1212136","1212136","32167","","","","","","","58"
"850650 Primary Cells And Batteries, Lithium","Taiwan","All Country Subcodes","All Rate Provisions","All Districts","2021","5305689","5305130","5305130","5424964","5424415","143236","","","","","","","143"
"850650 Primary Cells And Batteries, Lithium","Japan","All Country Subcodes","All Rate Provisions","All Districts","2021","42746631","42700577","42700577","44153961","44108825","1152918","","","","","","","1390"
"850650 Primary Cells And Batteries, Lithium","Thailand","All Country Subcodes","All Rate Provisions","All Districts","2022","1320547","1320547","1299469","1363277","1363277","35088","","","","","","","80"
"850650 Primary Cells And Batteries, Lithium","Vietnam","All Country Subcodes","All Rate Provisions","All Districts","2022","90138","90138","90138","91005","91005","2434","","","","","","","4"
"850650 Primary Cells And Batteries, Lithium","Malaysia","All Country Subcodes","All Rate Provisions","All Districts","2022","1167895","1245814","1245814","1214327","1322218","33641","","","","","","","185"
"850650 Primary Cells And Batteries, Lithium","Singapore","All Country Subcodes","All Rate Provisions","All Districts","2022","83096611","83618805","2773913","83477959","84006414","74892","","","","","","","450"
"850650 Primary Cells And Batteries, Lithium","Indonesia","All Country Subcodes","All Rate Provisions","All Districts","2022","28399903","36446561","31622472","29130413","37278968","853835","","","","","","","1310"
"850650 Primary Cells And Batteries, Lithium","Philippines","All Country Subcodes","All Rate Provisions","All Districts","2022","183444","183444","183444","187003","187003","4953","","","","","","","34"
"850650 Primary Cells And Batteries, Lithium","Korea, South","All Country Subcodes","All Rate Provisions","All Districts","2022","25140061","25140061","2617700","25953031","25953031","70677","","","","","","","339"
"850650 Primary Cells And Batteries, Lithium","Hong Kong","All Country Subcodes","All Rate Provisions","All Districts","2022","558150","558150","558150","582231","582231","15046","","","","","","","48"
"850650 Primary Cells And Batteries, Lithium","Taiwan","All Country Subcodes","All Rate Provisions","All Districts","2022","8105260","8105260","8105260","8264776","8264776","218843","","","","","","","174"
"850650 Primary Cells And Batteries, Lithium","Japan","All Country Subcodes","All Rate Provisions","All Districts","2022","50696859","50963717","49705113","52043835","52314333","1342051","","","","","","","1228"
"850650 Primary Cells And Batteries, Lithium","Thailand","All Country Subcodes","All Rate Provisions","All Districts","2023","2230121","2224619","2222219","2326088","2320496","60006","","","","","","","161"
"850650 Primary Cells And Batteries, Lithium","Vietnam","All Country Subcodes","All Rate Provisions","All Districts","2023","100956","95099","95099","103075","97142","2567","","","","","","","6"
"850650 Primary Cells And Batteries, Lithium","Malaysia","All Country Subcodes","All Rate Provisions","All Districts","2023","1577812","1529937","1529937","1608877","1555535","41308","","","","","","","260"
"850650 Primary Cells And Batteries, Lithium","Singapore","All Country Subcodes","All Rate Provisions","All Districts","2023","115767346","115614114","1636420","116098356","115944291","44185","","","","","","","406"
"850650 Primary Cells And Batteries, Lithium","Indonesia","All Country Subcodes","All Rate Provisions","All Districts","2023","25220121","32281412","26658074","25781864","32934137","719766","","","","","","","1060"
"850650 Primary Cells And Batteries, Lithium","Philippines","All Country Subcodes","All Rate Provisions","All Districts","2023","163418","167027","167027","169300","172935","4510","","","","","","","25"
"850650 Primary Cells And Batteries, Lithium","Korea, South","All Country Subcodes","All Rate Provisions","All Districts","2023","29642160","29642160","3911021","30058707","30058707","105590","","","","","","","386"
"850650 Primary Cells And Batteries, Lithium","Hong Kong","All Country Subcodes","All Rate Provisions","All Districts","2023","630249","645649","645649","650016","667477","17436","","","","","","","46"
"850650 Primary Cells And Batteries, Lithium","Taiwan","All Country Subcodes","All Rate Provisions","All Districts","2023","5982492","5982492","5982492","6093727","6093727","161530","","","","","","","151"
"850650 Primary Cells And Batteries, Lithium","Japan","All Country Subcodes","All Rate Provisions","All Districts","2023","37312330","38111757","37353037","37986624","38796627","1008509","","","","","","","910"
"850650 Primary Cells And Batteries, Lithium","Thailand","All Country Subcodes","All Rate Provisions","All Districts","2024","2070619","2070619","2070619","2149793","2149793","55902","","","","","","","151"
"850650 Primary Cells And Batteries, Lithium","Vietnam","All Country Subcodes","All Rate Provisions","All Districts","2024","1253850","1250561","1250561","1309038","1305706","33765","","","","","","","43"
"850650 Primary Cells And Batteries, Lithium","Malaysia","All Country Subcodes","All Rate Provisions","All Districts","2024","1368460","1248961","1248961","1387357","1265533","33711","","","","","","","176"
"850650 Primary Cells And Batteries, Lithium","Singapore","All Country Subcodes","All Rate Provisions","All Districts","2024","73322500","75821037","4617731","73702097","76231956","124677","","","","","","","387"
"850650 Primary Cells And Batteries, Lithium","Indonesia","All Country Subcodes","All Rate Provisions","All Districts","2024","25288668","33566571","31269445","26218739","34671585","844293","","","","","","","1341"
"850650 Primary Cells And Batteries, Lithium","Philippines","All Country Subcodes","All Rate Provisions","All Districts","2024","1024288","1026901","1001499","1044148","1046771","27041","","","","","","","20"
"850650 Primary Cells And Batteries, Lithium","Korea, South","All Country Subcodes","All Rate Provisions","All Districts","2024","31655176","31655176","3342578","32054609","32054609","90249","","","","","","","340"
"850650 Primary Cells And Batteries, Lithium","Hong Kong","All Country Subcodes","All Rate Provisions","All Districts","2024","222327","222327","222327","229600","229600","6004","","","","","","","29"
"850650 Primary Cells And Batteries, Lithium","Taiwan","All Country Subcodes","All Rate Provisions","All Districts","2024","2928923","2928923","2928923","2984210","2984210","79081","","","","","","","97"
"850650 Primary Cells And Batteries, Lithium","Japan","All Country Subcodes","All Rate Provisions","All Districts","2024","39048149","40127694","39313926","39917845","41013395","1061457","","","","","","","963"
"850650 Primary Cells And Batteries, Lithium","Thailand","All Country Subcodes","All Rate Provisions","All Districts","2025 through June","1062973","1062973","1062973","1101155","1101155","75256","","","","","","","66"
"850650 Primary Cells And Batteries, Lithium","Vietnam","All Country Subcodes","All Rate Provisions","All Districts","2025 through June","662071","662071","662071","669399","669399","68120","","","","","","","25"
"850650 Primary Cells And Batteries, Lithium","Malaysia","All Country Subcodes","All Rate Provisions","All Districts","2025 through June","388703","439829","439829","392916","448135","32502","","","","","","","65"
"850650 Primary Cells And Batteries, Lithium","Singapore","All Country Subcodes","All Rate Provisions","All Districts","2025 through June","28665432","28667842","7063680","28934216","28936657","669328","","","","","","","170"
"850650 Primary Cells And Batteries, Lithium","Indonesia","All Country Subcodes","All Rate Provisions","All Districts","2025 through June","14658607","17932297","17932166","15474021","18640041","1114278","","","","","","","895"
"850650 Primary Cells And Batteries, Lithium","Philippines","All Country Subcodes","All Rate Provisions","All Districts","2025 through June","103163","105641","72924","104940","107434","6856","","","","","","","11"
"850650 Primary Cells And Batteries, Lithium","Korea, South","All Country Subcodes","All Rate Provisions","All Districts","2025 through June","17722081","17722081","6676211","17895743","17895743","609225","","","","","","","183"
"850650 Primary Cells And Batteries, Lithium","Hong Kong","All Country Subcodes","All Rate Provisions","All Districts","2025 through June","73238","73238","73238","76470","76470","29445","","","","","","","11"
"850650 Primary Cells And Batteries, Lithium","Taiwan","All Country Subcodes","All Rate Provisions","All Districts","2025 through June","2306612","2306612","2306612","2367616","2367616","158137","","","","","","","57"
"850650 Primary Cells And Batteries, Lithium","Japan","All Country Subcodes","All Rate Provisions","All Districts","2025 through June","22785478","23067421","23067421","24052843","24330128","1373730","","","","","","","490"
"282520 Lithium Oxide And Hydroxide","Asia - South","All Country Subcodes","All Rate Provisions","All Districts","2021","15107","15107","15107","16573","16573","559","","","","","","","3"
"282520 Lithium Oxide And Hydroxide","Asia - South","All Country Subcodes","All Rate Provisions","All Districts","2022","9500","9500","9500","10150","10150","352","","","","","","","1"
"282520 Lithium Oxide And Hydroxide","Asia - South","All Country Subcodes","All Rate Provisions","All Districts","2023","102774","102774","102774","107774","107774","3804","","","","","","","4"
"282520 Lithium Oxide And Hydroxide","Asia - South","All Country Subcodes","All Rate Provisions","All Districts","2024","34420","34420","34420","38099","38099","1274","","","","","","","5"
"282520 Lithium Oxide And Hydroxide","Asia - South","All Country Subcodes","All Rate Provisions","All Districts","2025 through June","2825","2825","2825","2826","2826","105","","","","","","","1"
"282540 Nickel Oxides And Hydroxides","Asia - South","All Country Subcodes","All Rate Provisions","All Districts","2021","5744","5744","0","6194","6194","0","","","","","","","1"
"282540 Nickel Oxides And Hydroxides","Asia - South","All Country Subcodes","All Rate Provisions","All Districts","2024","2350","2350","0","2350","2350","0","","","","","","","1"
"282540 Nickel Oxides And Hydroxides","Asia - South","All Country Subcodes","All Rate Provisions","All Districts","2025 through June","11056","11056","8272","12131","12131","827","","","","","","","3"
"282550 Copper Oxides And Hydroxides","Asia - South","All Country Subcodes","All Rate Provisions","All Districts","2021","47880","47880","47880","48531","48531","2333","","","","","","","2"
"282550 Copper Oxides And Hydroxides","Asia - South","All Country Subcodes","All Rate Provisions","All Districts","2022","12006","12006","12006","13756","13756","478","","","","","","","3"
"282550 Copper Oxides And Hydroxides","Asia - South","All Country Subcodes","All Rate Provisions","All Districts","2023","35895","35895","35895","37115","37115","1762","","","","","","","2"
"282550 Copper Oxides And Hydroxides","Asia - South","All Country Subcodes","All Rate Provisions","All Districts","2024","95618","95618","95618","99508","99508","4646","","","","","","","5"
"282550 Copper Oxides And Hydroxides","Asia - South","All Country Subcodes","All Rate Provisions","All Districts","2025 through June","107825","107825","107825","110867","110867","10233","","","","","","","4"
"282580 Antimony Oxides","Asia - South","All Country Subcodes","All Rate Provisions","All Districts","2021","133822","133822","0","136922","136922","0","","","","","","","3"
"282580 Antimony Oxides","Asia - South","All Country Subcodes","All Rate Provisions","All Districts","2022","432988","432988","0","450010","450010","0","","","","","","","7"
"282580 Antimony Oxides","Asia - South","All Country Subcodes","All Rate Provisions","All Districts","2023","436073","436073","0","444769","444769","0","","","","","","","5"
"282580 Antimony Oxides","Asia - South","All Country Subcodes","All Rate Provisions","All Districts","2024","1225406","1225406","0","1242640","1242640","0","","","","","","","6"
"282580 Antimony Oxides","Asia - South","All Country Subcodes","All Rate Provisions","All Districts","2025 through June","18635505","18635505","0","18746132","18746132","0","","","","","","","45"
"711041 Iridium, Osmium And Ruthenium, Unwrought Or Powder","Asia - South","All Country Subcodes","All Rate Provisions","All Districts","2025 through June","12688","12688","0","12689","12689","0","","","","","","","1"
"711049 Iridium, Osmium And Ruthenium, Semimanufactured","Asia - South","All Country Subcodes","All Rate Provisions","All Districts","2021","112200","112200","0","116400","116400","0","","","","","","","2"
"711049 Iridium, Osmium And Ruthenium, Semimanufactured","Asia - South","All Country Subcodes","All Rate Provisions","All Districts","2022","222785","222785","0","223235","223235","0","","","","","","","1"
"850511 Permanent Magnets Made Of Metal","Asia - South","All Country Subcodes","All Rate Provisions","All Districts","2021","1308901","1304671","1302076","1403028","1398696","27346","","","","","","","128"
"850511 Permanent Magnets Made Of Metal","Asia - South","All Country Subcodes","All Rate Provisions","All Districts","2022","1662126","1654045","1620035","1845998","1838458","34024","","","","","","","158"
"850511 Permanent Magnets Made Of Metal","Asia - South","All Country Subcodes","All Rate Provisions","All Districts","2023","1390531","1416254","1395785","1538717","1565726","29309","","","","","","","148"
"850511 Permanent Magnets Made Of Metal","Asia - South","All Country Subcodes","All Rate Provisions","All Districts","2024","1828334","1828334","1818234","1944269","1944269","38189","","","","","","","138"
"850511 Permanent Magnets Made Of Metal","Asia - South","All Country Subcodes","All Rate Provisions","All Districts","2025 through June","1626564","1622809","1622809","1687273","1683469","95624","","","","","","","90"
"850650 Primary Cells And Batteries, Lithium","Asia - South","All Country Subcodes","All Rate Provisions","All Districts","2021","69976","43336","43336","71107","44367","1170","","","","","","","9"
"850650 Primary Cells And Batteries, Lithium","Asia - South","All Country Subcodes","All Rate Provisions","All Districts","2022","147425","147425","147425","147980","147980","3979","","","","","","","8"
"850650 Primary Cells And Batteries, Lithium","Asia - South","All Country Subcodes","All Rate Provisions","All Districts","2023","681732","555094","555094","692458","565720","14988","","","","","","","19"
"850650 Primary Cells And Batteries, Lithium","Asia - South","All Country Subcodes","All Rate Provisions","All Districts","2024","322256","344738","344738","325727","349524","9307","","","","","","","12"
"850650 Primary Cells And Batteries, Lithium","Asia - South","All Country Subcodes","All Rate Provisions","All Districts","2025 through June","12345","12345","8849","12895","12895","631","","","","","","","4"
"282580 Antimony Oxides","APEC - Asia Pacific Economic Co-operation","All Country Subcodes","All Rate Provisions","All Districts","2023","107289445","107346795","0","109156308","109224547","0","","","","","","","363"
"850511 Permanent Magnets Made Of Metal","APEC - Asia Pacific Economic Co-operation","All Country Subcodes","All Rate Provisions","All Districts","2022","591893240","573418262","524487954","614549892","595291989","11011760","","","","","","","20002"
"850650 Primary Cells And Batteries, Lithium","APEC - Asia Pacific Economic Co-operation","All Country Subcodes","All Rate Provisions","All Districts","2022","305282026","313947536","161948417","311351470","320152862","17514064","","","","","","","7285"
"711041 Iridium, Osmium And Ruthenium, Unwrought Or Powder","APEC - Asia Pacific Economic Co-operation","All Country Subcodes","All Rate Provisions","All Districts","2025 through June","3657736","3657736","78300","3666784","3666784","35235","","","","","","","15"
"282540 Nickel Oxides And Hydroxides","APEC - Asia Pacific Economic Co-operation","All Country Subcodes","All Rate Provisions","All Districts","2024","34190154","34190154","29405789","34574211","34574211","7350932","","","","","","","106"
"850650 Primary Cells And Batteries, Lithium","APEC - Asia Pacific Economic Co-operation","All Country Subcodes","All Rate Provisions","All Districts","2024","302938201","314580576","167285996","308440295","320322557","23112754","","","","","","","7586"
"711041 Iridium, Osmium And Ruthenium, Unwrought Or Powder","APEC - Asia Pacific Economic Co-operation","All Country Subcodes","All Rate Provisions","All Districts","2021","45987388","45987388","38713","46001985","46001985","9678","","","","","","","39"
"282520 Lithium Oxide And Hydroxide","APEC - Asia Pacific Economic Co-operation","All Country Subcodes","All Rate Provisions","All Districts","2023","43935753","43935753","1770216","44350185","44350185","366948","","","","","","","76"
"711049 Iridium, Osmium And Ruthenium, Semimanufactured","APEC - Asia Pacific Economic Co-operation","All Country Subcodes","All Rate Provisions","All Districts","2023","6714154","6695353","8920","6728627","6708826","2230","","","","","","","40"
"282580 Antimony Oxides","APEC - Asia Pacific Economic Co-operation","All Country Subcodes","All Rate Provisions","All Districts","2024","138783496","138810537","0","141711714","141741109","0","","","","","","","372"
"282540 Nickel Oxides And Hydroxides","APEC - Asia Pacific Economic Co-operation","All Country Subcodes","All Rate Provisions","All Districts","2023","55618065","55618065","46502002","56086692","56086692","867751","","","","","","","115"
"282550 Copper Oxides And Hydroxides","APEC - Asia Pacific Economic Co-operation","All Country Subcodes","All Rate Provisions","All Districts","2024","12669866","12669866","1240731","13204337","13204337","88923","","","","","","","75"
"282540 Nickel Oxides And Hydroxides","APEC - Asia Pacific Economic Co-operation","All Country Subcodes","All Rate Provisions","All Districts","2022","64462315","64462315","50669399","65573279","65573279","3563733","","","","","","","118"
"711041 Iridium, Osmium And Ruthenium, Unwrought Or Powder","APEC - Asia Pacific Economic Co-operation","All Country Subcodes","All Rate Provisions","All Districts","2024","8080911","8080911","0","8089517","8089517","0","","","","","","","26"
"282520 Lithium Oxide And Hydroxide","APEC - Asia Pacific Economic Co-operation","All Country Subcodes","All Rate Provisions","All Districts","2022","33869546","33869546","1513117","34611980","34611980","116454","","","","","","","71"
"282520 Lithium Oxide And Hydroxide","APEC - Asia Pacific Economic Co-operation","All Country Subcodes","All Rate Provisions","All Districts","2025 through June","4695238","4695238","457795","4855614","4855614","87403","","","","","","","51"
"282540 Nickel Oxides And Hydroxides","APEC - Asia Pacific Economic Co-operation","All Country Subcodes","All Rate Provisions","All Districts","2021","15413677","15413677","6445605","15940758","15940758","1605390","","","","","","","82"
"711041 Iridium, Osmium And Ruthenium, Unwrought Or Powder","APEC - Asia Pacific Economic Co-operation","All Country Subcodes","All Rate Provisions","All Districts","2022","17946161","17946161","0","17965535","17965535","0","","","","","","","40"
"850511 Permanent Magnets Made Of Metal","APEC - Asia Pacific Economic Co-operation","All Country Subcodes","All Rate Provisions","All Districts","2025 through June","158422320","154170527","146512944","164536467","160121924","25475348","","","","","","","7233"
"282550 Copper Oxides And Hydroxides","APEC - Asia Pacific Economic Co-operation","All Country Subcodes","All Rate Provisions","All Districts","2022","16685349","16685349","1329687","17241365","17241365","62663","","","","","","","102"
"711041 Iridium, Osmium And Ruthenium, Unwrought Or Powder","APEC - Asia Pacific Economic Co-operation","All Country Subcodes","All Rate Provisions","All Districts","2023","12955406","12955406","0","12966374","12966374","0","","","","","","","34"
"282520 Lithium Oxide And Hydroxide","APEC - Asia Pacific Economic Co-operation","All Country Subcodes","All Rate Provisions","All Districts","2021","18529068","18529068","3353155","18930480","18930480","176099","","","","","","","88"
"282580 Antimony Oxides","APEC - Asia Pacific Economic Co-operation","All Country Subcodes","All Rate Provisions","All Districts","2022","145288480","145253215","0","152342297","152309432","0","","","","","","","465"
"850511 Permanent Magnets Made Of Metal","APEC - Asia Pacific Economic Co-operation","All Country Subcodes","All Rate Provisions","All Districts","2021","442938764","431109701","369644601","461172412","448776704","7763060","","","","","","","19678"
"282550 Copper Oxides And Hydroxides","APEC - Asia Pacific Economic Co-operation","All Country Subcodes","All Rate Provisions","All Districts","2023","13764324","13764324","921281","14380385","14380385","73244","","","","","","","82"
"282580 Antimony Oxides","APEC - Asia Pacific Economic Co-operation","All Country Subcodes","All Rate Provisions","All Districts","2021","119285667","119226127","0","125321837","125266928","0","","","","","","","479"
"850650 Primary Cells And Batteries, Lithium","APEC - Asia Pacific Economic Co-operation","All Country Subcodes","All Rate Provisions","All Districts","2025 through June","141461268","144441690","92131332","145566325","148428727","19677500","","","","","","","3944"
"282540 Nickel Oxides And Hydroxides","APEC - Asia Pacific Economic Co-operation","All Country Subcodes","All Rate Provisions","All Districts","2025 through June","32528889","32528889","29676799","32904617","32904617","10476413","","","","","","","98"
"711049 Iridium, Osmium And Ruthenium, Semimanufactured","APEC - Asia Pacific Economic Co-operation","All Country Subcodes","All Rate Provisions","All Districts","2024","4752880","4752880","178739","4765449","4765449","29321","","","","","","","36"
"711049 Iridium, Osmium And Ruthenium, Semimanufactured","APEC - Asia Pacific Economic Co-operation","All Country Subcodes","All Rate Provisions","All Districts","2025 through June","4530199","4530199","65472","4534149","4534149","0","","","","","","","11"
"282520 Lithium Oxide And Hydroxide","APEC - Asia Pacific Economic Co-operation","All Country Subcodes","All Rate Provisions","All Districts","2024","10424733","10424733","2190824","10624081","10624081","42195","","","","","","","65"
"850511 Permanent Magnets Made Of Metal","APEC - Asia Pacific Economic Co-operation","All Country Subcodes","All Rate Provisions","All Districts","2024","412686682","404514901","377349591","427018359","418338007","7920380","","","","","","","18188"
"711049 Iridium, Osmium And Ruthenium, Semimanufactured","APEC - Asia Pacific Economic Co-operation","All Country Subcodes","All Rate Provisions","All Districts","2022","3370368","3370368","0","3378795","3378795","0","","","","","","","32"
"850650 Primary Cells And Batteries, Lithium","APEC - Asia Pacific Economic Co-operation","All Country Subcodes","All Rate Provisions","All Districts","2021","258445659","262538255","136323825","264444813","268598763","16946118","","","","","","","7029"
"711049 Iridium, Osmium And Ruthenium, Semimanufactured","APEC - Asia Pacific Economic Co-operation","All Country Subcodes","All Rate Provisions","All Districts","2021","7428388","7428388","0","7441862","7441862","0","","","","","","","36"
"850511 Permanent Magnets Made Of Metal","APEC - Asia Pacific Economic Co-operation","All Country Subcodes","All Rate Provisions","All Districts","2023","498781538","483662640","453564223","512518913","496548550","9521416","","","","","","","17408"
"282550 Copper Oxides And Hydroxides","APEC - Asia Pacific Economic Co-operation","All Country Subcodes","All Rate Provisions","All Districts","2021","15979816","15979816","997846","16549129","16549129","48097","","","","","","","90"
"850650 Primary Cells And Batteries, Lithium","APEC - Asia Pacific Economic Co-operation","All Country Subcodes","All Rate Provisions","All Districts","2023","340763122","348140661","146383581","344762379","352251064","16778733","","","","","","","7296"
"282550 Copper Oxides And Hydroxides","APEC - Asia Pacific Economic Co-operation","All Country Subcodes","All Rate Provisions","All Districts","2025 through June","8146581","8146581","2182073","8543349","8543349","241614","","","","","","","47"
"282580 Antimony Oxides","APEC - Asia Pacific Economic Co-operation","All Country Subcodes","All Rate Provisions","All Districts","2025 through June","46675394","46692159","6711469","47479697","47498271","229700","","","","","","","202"
"282520 Lithium Oxide And Hydroxide","ASEAN - Association of Southeast Asian Nations","All Country Subcodes","All Rate Provisions","All Districts","2025 through June","2914","2914","2914","3358","3358","399","","","","","","","1"
"282540 Nickel Oxides And Hydroxides","ASEAN - Association of Southeast Asian Nations","All Country Subcodes","All Rate Provisions","All Districts","2021","3249511","3249511","0","3555529","3555529","0","","","","","","","22"
"282540 Nickel Oxides And Hydroxides","ASEAN - Association of Southeast Asian Nations","All Country Subcodes","All Rate Provisions","All Districts","2022","5109533","5109533","0","5655660","5655660","0","","","","","","","31"
"282540 Nickel Oxides And Hydroxides","ASEAN - Association of Southeast Asian Nations","All Country Subcodes","All Rate Provisions","All Districts","2023","4948652","4948652","0","5112790","5112790","0","","","","","","","21"
"282540 Nickel Oxides And Hydroxides","ASEAN - Association of Southeast Asian Nations","All Country Subcodes","All Rate Provisions","All Districts","2024","1794945","1794945","0","1877656","1877656","0","","","","","","","11"
"282540 Nickel Oxides And Hydroxides","ASEAN - Association of Southeast Asian Nations","All Country Subcodes","All Rate Provisions","All Districts","2025 through June","1310775","1310775","164690","1347560","1347560","16469","","","","","","","7"
"282580 Antimony Oxides","ASEAN - Association of Southeast Asian Nations","All Country Subcodes","All Rate Provisions","All Districts","2021","1992500","1992500","0","1992521","1992521","0","","","","","","","21"
"282580 Antimony Oxides","ASEAN - Association of Southeast Asian Nations","All Country Subcodes","All Rate Provisions","All Districts","2023","2160000","2160000","0","2170536","2170536","0","","","","","","","20"
"282580 Antimony Oxides","ASEAN - Association of Southeast Asian Nations","All Country Subcodes","All Rate Provisions","All Districts","2024","5400000","5400000","0","5480651","5480651","0","","","","","","","44"
"282580 Antimony Oxides","ASEAN - Association of Southeast Asian Nations","All Country Subcodes","All Rate Provisions","All Districts","2025 through June","12342000","12342000","0","12492416","12492416","0","","","","","","","97"
"711041 Iridium, Osmium And Ruthenium, Unwrought Or Powder","ASEAN - Association of Southeast Asian Nations","All Country Subcodes","All Rate Provisions","All Districts","2022","4823","4823","0","5233","5233","0","","","","","","","1"
"711049 Iridium, Osmium And Ruthenium, Semimanufactured","ASEAN - Association of Southeast Asian Nations","All Country Subcodes","All Rate Provisions","All Districts","2021","9815","9815","0","9890","9890","0","","","","","","","1"
"711049 Iridium, Osmium And Ruthenium, Semimanufactured","ASEAN - Association of Southeast Asian Nations","All Country Subcodes","All Rate Provisions","All Districts","2023","86278","86278","0","87628","87628","0","","","","","","","3"
"711049 Iridium, Osmium And Ruthenium, Semimanufactured","ASEAN - Association of Southeast Asian Nations","All Country Subcodes","All Rate Provisions","All Districts","2024","9548","9548","0","9798","9798","0","","","","","","","1"
"711049 Iridium, Osmium And Ruthenium, Semimanufactured","ASEAN - Association of Southeast Asian Nations","All Country Subcodes","All Rate Provisions","All Districts","2025 through June","1116612","1116612","0","1117262","1117262","0","","","","","","","1"
"850511 Permanent Magnets Made Of Metal","ASEAN - Association of Southeast Asian Nations","All Country Subcodes","All Rate Provisions","All Districts","2021","18990095","18999155","8872631","19729417","19739329","186333","","","","","","","425"
"850511 Permanent Magnets Made Of Metal","ASEAN - Association of Southeast Asian Nations","All Country Subcodes","All Rate Provisions","All Districts","2022","14476211","14476211","8805129","15663934","15663934","184905","","","","","","","476"
"850511 Permanent Magnets Made Of Metal","ASEAN - Association of Southeast Asian Nations","All Country Subcodes","All Rate Provisions","All Districts","2023","14604167","14904477","11741808","15239450","15543599","246584","","","","","","","437"
"850511 Permanent Magnets Made Of Metal","ASEAN - Association of Southeast Asian Nations","All Country Subcodes","All Rate Provisions","All Districts","2024","20048337","20245171","17447964","20889982","21089601","366430","","","","","","","658"
"850511 Permanent Magnets Made Of Metal","ASEAN - Association of Southeast Asian Nations","All Country Subcodes","All Rate Provisions","All Districts","2025 through June","7995943","7823628","7263026","8349578","8177296","302262","","","","","","","250"
"850650 Primary Cells And Batteries, Lithium","ASEAN - Association of Southeast Asian Nations","All Country Subcodes","All Rate Provisions","All Districts","2021","103167803","107455410","25652892","104589128","108938041","692620","","","","","","","1912"
"850650 Primary Cells And Batteries, Lithium","ASEAN - Association of Southeast Asian Nations","All Country Subcodes","All Rate Provisions","All Districts","2022","114258538","122905309","37215250","115463984","124248885","1004843","","","","","","","2063"
"850650 Primary Cells And Batteries, Lithium","ASEAN - Association of Southeast Asian Nations","All Country Subcodes","All Rate Provisions","All Districts","2023","145059774","151912208","32308776","146087560","153024536","872342","","","","","","","1918"
"850650 Primary Cells And Batteries, Lithium","ASEAN - Association of Southeast Asian Nations","All Country Subcodes","All Rate Provisions","All Districts","2024","104328385","114984650","41458816","105811172","116671344","1119389","","","","","","","2118"
"850650 Primary Cells And Batteries, Lithium","ASEAN - Association of Southeast Asian Nations","All Country Subcodes","All Rate Provisions","All Districts","2025 through June","45540949","48870653","27233643","46676647","49902821","1966340","","","","","","","1232"
"2615906090 Vanadium Ores And Concentrates (kg)","APEC - Asia Pacific Economic Co-operation","All Country Subcodes","All Rate Provisions","All Districts","2021","963684","963684","0","976584","976584","0","13970","13970","7823","7823","68.98","68.98","48"
"2615906090 Vanadium Ores And Concentrates (kg)","APEC - Asia Pacific Economic Co-operation","All Country Subcodes","All Rate Provisions","All Districts","2022","7183790","7183790","6800","7289000","7289000","850","1689103","1689103","877327","877327","4.25","4.25","119"
"2615906090 Vanadium Ores And Concentrates (kg)","APEC - Asia Pacific Economic Co-operation","All Country Subcodes","All Rate Provisions","All Districts","2023","9769999","9769999","3400","9828542","9828542","850","2200953","2200953","1203293","1203293","4.44","4.44","144"
"2615906090 Vanadium Ores And Concentrates (kg)","APEC - Asia Pacific Economic Co-operation","All Country Subcodes","All Rate Provisions","All Districts","2024","8498101","8498101","0","8528317","8528317","0","2112862","2112862","704929","704929","4.02","4.02","115"
"2615906090 Vanadium Ores And Concentrates (kg)","APEC - Asia Pacific Economic Co-operation","All Country Subcodes","All Rate Provisions","All Districts","2025 through June","964772","964772","0","968020","968020","0","202528","202528","84570","84570","4.76","4.76","22"