Commodities,Countries,Time,Customs Value (Gen) ($US) (Default Member),Customs Value (Cons) ($US),HS_Code,critical_mineral,CategoryType
2504 Natural Graphite,Japan,2018,1939858,1923938.0,2504,Graphite,Other
2504 Natural Graphite,"Korea, South",2024,4443587,4443587.0,2504,Graphite,Other
2504 Natural Graphite,Japan,2023,941735,939669.0,2504,Graphite,Other
2504 Natural Graphite,Japan,2022,884018,884018.0,2504,Graphite,Other
2504 Natural Graphite,Taiwan,2015,7823,7823.0,2504,Graphite,Other
2504 Natural Graphite,Taiwan,2019,12396,12396.0,2504,Graphite,Other
2504 Natural Graphite,Hong Kong,2020,290400,290400.0,2504,Graphite,Other
2504 Natural Graphite,Hong Kong,2011,45440,45440.0,2504,Graphite,Other
2504 Natural Graphite,Japan,2003,1932884,1932884.0,2504,Graphite,Other
2504 Natural Graphite,Japan,2016,3771859,3771859.0,2504,Graphite,Other
2504 Natural Graphite,"Korea, South",2014,19200,19200.0,2504,Graphite,Other
2504 Natural Graphite,Taiwan,2001,184030,,2504,Graphite,Other
2504 Natural Graphite,Taiwan,2020,6948,6948.0,2504,Graphite,Other
2504 Natural Graphite,Taiwan,2010,2400,2400.0,2504,Graphite,Other
2504 Natural Graphite,Japan,2010,2209407,2209407.0,2504,Graphite,Other
2504 Natural Graphite,Japan,2001,3244218,,2504,Graphite,Other
2504 Natural Graphite,"Korea, South",2008,6394,6394.0,2504,Graphite,Other
2504 Natural Graphite,Japan,2020,476197,470246.0,2504,Graphite,Other
2504 Natural Graphite,Japan,2008,1502562,1502562.0,2504,Graphite,Other
2504 Natural Graphite,Taiwan,2023,19575,19575.0,2504,Graphite,Other
2504 Natural Graphite,Japan,2021,650238,644369.0,2504,Graphite,Other
2504 Natural Graphite,Hong Kong,2013,628290,628290.0,2504,Graphite,Other
2504 Natural Graphite,Japan,2013,5095325,5095325.0,2504,Graphite,Other
2504 Natural Graphite,Hong Kong,2012,49200,49200.0,2504,Graphite,Other
2504 Natural Graphite,Japan,2014,7284190,7284190.0,2504,Graphite,Other
2504 Natural Graphite,"Korea, South",2021,19300,19300.0,2504,Graphite,Other
2504 Natural Graphite,Japan,2025,134143,129055.0,2504,Graphite,Other
2504 Natural Graphite,Taiwan,2012,12896,12896.0,2504,Graphite,Other
2504 Natural Graphite,Japan,2017,1494088,1494088.0,2504,Graphite,Other
2504 Natural Graphite,Japan,2024,996588,996588.0,2504,Graphite,Other
2504 Natural Graphite,Taiwan,2024,38542,38542.0,2504,Graphite,Other
2504 Natural Graphite,Japan,2011,3763618,3763618.0,2504,Graphite,Other
2504 Natural Graphite,Hong Kong,2021,1759304,1759304.0,2504,Graphite,Other
2504 Natural Graphite,"Korea, South",2025,52820,52820.0,2504,Graphite,Other
2504 Natural Graphite,Taiwan,2022,15654,15654.0,2504,Graphite,Other
2504 Natural Graphite,"Korea, South",2012,8435,8435.0,2504,Graphite,Other
2504 Natural Graphite,Hong Kong,2022,731819,731819.0,2504,Graphite,Other
2504 Natural Graphite,Hong Kong,2024,202350,202350.0,2504,Graphite,Other
2504 Natural Graphite,"Korea, South",2023,1165510,1165510.0,2504,Graphite,Other
2504 Natural Graphite,Mongolia,2014,71820,71820.0,2504,Graphite,Other
2504 Natural Graphite,Taiwan,2025,21926,21926.0,2504,Graphite,Other
2504 Natural Graphite,Hong Kong,2023,215000,215000.0,2504,Graphite,Other
2504 Natural Graphite,"Korea, South",2022,408034,408034.0,2504,Graphite,Other
2504 Natural Graphite,"Korea, South",2010,8969,8969.0,2504,Graphite,Other
2504 Natural Graphite,Hong Kong,2016,168782,168782.0,2504,Graphite,Other
2504 Natural Graphite,"Korea, South",2001,2127,,2504,Graphite,Other
2504 Natural Graphite,Hong Kong,2001,4577,,2504,Graphite,Other
2504 Natural Graphite,Japan,2009,1245820,1245820.0,2504,Graphite,Other
2504 Natural Graphite,Japan,2005,1295543,1295543.0,2504,Graphite,Other
2504 Natural Graphite,"Korea, South",2009,5653,5653.0,2504,Graphite,Other
2504 Natural Graphite,"Korea, South",2007,11540,11540.0,2504,Graphite,Other
2504 Natural Graphite,"Korea, South",2003,4011,4011.0,2504,Graphite,Other
2504 Natural Graphite,Japan,2019,1992601,1980885.0,2504,Graphite,Other
2504 Natural Graphite,Japan,2007,1339599,1339599.0,2504,Graphite,Other
2504 Natural Graphite,"Korea, South",2011,12617,12617.0,2504,Graphite,Other
2504 Natural Graphite,Japan,2012,4121163,4121163.0,2504,Graphite,Other
2504 Natural Graphite,Taiwan,2008,2700,2700.0,2504,Graphite,Other
2504 Natural Graphite,Hong Kong,2018,1116000,1116000.0,2504,Graphite,Other
2504 Natural Graphite,Japan,2015,4067722,4067722.0,2504,Graphite,Other
2504 Natural Graphite,"Korea, South",2006,5461,5461.0,2504,Graphite,Other
2504 Natural Graphite,Taiwan,2017,28049,28049.0,2504,Graphite,Other
2504 Natural Graphite,Hong Kong,2002,11100,11100.0,2504,Graphite,Other
2504 Natural Graphite,Japan,2002,1581524,1581524.0,2504,Graphite,Other
2504 Natural Graphite,Taiwan,2016,6600,6600.0,2504,Graphite,Other
2504 Natural Graphite,Taiwan,2009,5000,5000.0,2504,Graphite,Other
2504 Natural Graphite,Japan,2004,2600027,2600027.0,2504,Graphite,Other
2504 Natural Graphite,Japan,2006,916690,916690.0,2504,Graphite,Other
2504 Natural Graphite,Taiwan,2002,17218,17218.0,2504,Graphite,Other
2602 Manganese Ores A Concntrts Inc Ferr Mangn Iron Ore,Japan,2012,14800,14800.0,2602,Manganese,Ore/Raw
2602 Manganese Ores A Concntrts Inc Ferr Mangn Iron Ore,"Korea, South",2017,12795,12795.0,2602,Manganese,Ore/Raw
2602 Manganese Ores A Concntrts Inc Ferr Mangn Iron Ore,Japan,2014,6000,6000.0,2602,Manganese,Ore/Raw
2602 Manganese Ores A Concntrts Inc Ferr Mangn Iron Ore,"Korea, South",2013,72800,72800.0,2602,Manganese,Ore/Raw
2603 Copper Ores And Concentrates,"Korea, South",2025,4613,4613.0,2603,Copper,Ore/Raw
2603 Copper Ores And Concentrates,Japan,2023,9690,9690.0,2603,Copper,Ore/Raw
2603 Copper Ores And Concentrates,Japan,2022,10170,10170.0,2603,Copper,Ore/Raw
2603 Copper Ores And Concentrates,Taiwan,2023,4724,4724.0,2603,Copper,Ore/Raw
2603 Copper Ores And Concentrates,Taiwan,2025,17013,17013.0,2603,Copper,Ore/Raw
2603 Copper Ores And Concentrates,Japan,2016,4650,4650.0,2603,Copper,Ore/Raw
2603 Copper Ores And Concentrates,Taiwan,2021,49343,49343.0,2603,Copper,Ore/Raw
2603 Copper Ores And Concentrates,Japan,2025,208998,208998.0,2603,Copper,Ore/Raw
2603 Copper Ores And Concentrates,Japan,2021,11250,11250.0,2603,Copper,Ore/Raw
2603 Copper Ores And Concentrates,Taiwan,2002,82000,82000.0,2603,Copper,Ore/Raw
2603 Copper Ores And Concentrates,Japan,2024,10080,10080.0,2603,Copper,Ore/Raw
2604 Nickel Ores And Concentrates,Hong Kong,2015,2820,2820.0,2604,Nickel,Ore/Raw
2604 Nickel Ores And Concentrates,Japan,2018,6020,6020.0,2604,Nickel,Ore/Raw
2604 Nickel Ores And Concentrates,Japan,2015,42816,42816.0,2604,Nickel,Ore/Raw
2604 Nickel Ores And Concentrates,Hong Kong,2019,5820,5820.0,2604,Nickel,Ore/Raw
2604 Nickel Ores And Concentrates,Taiwan,2023,7708,7708.0,2604,Nickel,Ore/Raw
2604 Nickel Ores And Concentrates,Japan,2008,13023,13023.0,2604,Nickel,Ore/Raw
2604 Nickel Ores And Concentrates,Japan,2017,8896,8896.0,2604,Nickel,Ore/Raw
2604 Nickel Ores And Concentrates,Japan,2016,2313,2313.0,2604,Nickel,Ore/Raw
2604 Nickel Ores And Concentrates,Taiwan,2017,6944,6944.0,2604,Nickel,Ore/Raw
2604 Nickel Ores And Concentrates,"Korea, South",2014,13287,13287.0,2604,Nickel,Ore/Raw
2605 Cobalt Ores And Concentrates,"Korea, South",2019,89622,89622.0,2605,Cobalt,Ore/Raw
2605 Cobalt Ores And Concentrates,Taiwan,2018,509275,509275.0,2605,Cobalt,Ore/Raw
2605 Cobalt Ores And Concentrates,Japan,2014,247149,247149.0,2605,Cobalt,Ore/Raw
2605 Cobalt Ores And Concentrates,Japan,2017,119440,119440.0,2605,Cobalt,Ore/Raw
2605 Cobalt Ores And Concentrates,Japan,2012,692673,692673.0,2605,Cobalt,Ore/Raw
2605 Cobalt Ores And Concentrates,"Korea, South",2001,195000,,2605,Cobalt,Ore/Raw
2605 Cobalt Ores And Concentrates,Japan,2015,176763,176763.0,2605,Cobalt,Ore/Raw
2605 Cobalt Ores And Concentrates,Taiwan,2007,1092000,1092000.0,2605,Cobalt,Ore/Raw
2605 Cobalt Ores And Concentrates,Japan,2016,401872,401872.0,2605,Cobalt,Ore/Raw
2606 Aluminum Ores And Concentrates,"Korea, South",2020,16800,16800.0,2606,Aluminum,Ore/Raw
2614 Titanium Ores And Concentrates,Japan,2012,6250,6250.0,2614,Titanium,Ore/Raw
2614 Titanium Ores And Concentrates,"Korea, South",2008,97200,97200.0,2614,Titanium,Ore/Raw
2614 Titanium Ores And Concentrates,Taiwan,2016,4198,4198.0,2614,Titanium,Ore/Raw
2614 Titanium Ores And Concentrates,Japan,2004,5034,5034.0,2614,Titanium,Ore/Raw
2614 Titanium Ores And Concentrates,Japan,2003,19217,19217.0,2614,Titanium,Ore/Raw
2614 Titanium Ores And Concentrates,Japan,2024,120937,120937.0,2614,Titanium,Ore/Raw
2614 Titanium Ores And Concentrates,Japan,2002,5425,5425.0,2614,Titanium,Ore/Raw
2614 Titanium Ores And Concentrates,Japan,2022,297318,297318.0,2614,Titanium,Ore/Raw
2614 Titanium Ores And Concentrates,"Korea, South",2003,35304,35304.0,2614,Titanium,Ore/Raw
2614 Titanium Ores And Concentrates,Japan,2023,177990,177990.0,2614,Titanium,Ore/Raw
2614 Titanium Ores And Concentrates,Japan,2008,6178,6178.0,2614,Titanium,Ore/Raw
2614 Titanium Ores And Concentrates,"Korea, South",2002,17400,17400.0,2614,Titanium,Ore/Raw
2614 Titanium Ores And Concentrates,Japan,2021,5036,5036.0,2614,Titanium,Ore/Raw
2614 Titanium Ores And Concentrates,"Korea, South",2011,51960,51960.0,2614,Titanium,Ore/Raw
2614 Titanium Ores And Concentrates,"Korea, South",2023,42300,42300.0,2614,Titanium,Ore/Raw
2614 Titanium Ores And Concentrates,"Korea, South",2017,7001,7001.0,2614,Titanium,Ore/Raw
2614 Titanium Ores And Concentrates,Japan,2013,9991,9991.0,2614,Titanium,Ore/Raw
"2801 Fluorine, Chlorine, Bromine & Iodine",Japan,2008,18393054,18393054.0,2801,Fluorine,Other
"2801 Fluorine, Chlorine, Bromine & Iodine","Korea, South",2022,2094768,2094768.0,2801,Fluorine,Other
"2801 Fluorine, Chlorine, Bromine & Iodine",Japan,2016,11643878,11643878.0,2801,Fluorine,Other
"2801 Fluorine, Chlorine, Bromine & Iodine","Korea, South",2023,1524070,1524070.0,2801,Fluorine,Other
"2801 Fluorine, Chlorine, Bromine & Iodine","Korea, South",2018,1506721,1506721.0,2801,Fluorine,Other
"2801 Fluorine, Chlorine, Bromine & Iodine",Taiwan,2017,9000,9000.0,2801,Fluorine,Other
"2801 Fluorine, Chlorine, Bromine & Iodine","Korea, South",2014,729890,729890.0,2801,Fluorine,Other
"2801 Fluorine, Chlorine, Bromine & Iodine",Japan,2025,15629461,15629461.0,2801,Fluorine,Other
"2801 Fluorine, Chlorine, Bromine & Iodine",Japan,2014,21476977,21476977.0,2801,Fluorine,Other
"2801 Fluorine, Chlorine, Bromine & Iodine","Korea, South",2012,760165,760165.0,2801,Fluorine,Other
"2801 Fluorine, Chlorine, Bromine & Iodine",Taiwan,2020,11250,11250.0,2801,Fluorine,Other
"2801 Fluorine, Chlorine, Bromine & Iodine",Japan,2004,20585364,20585364.0,2801,Fluorine,Other
"2801 Fluorine, Chlorine, Bromine & Iodine",Japan,2006,21758117,21758117.0,2801,Fluorine,Other
"2801 Fluorine, Chlorine, Bromine & Iodine",Japan,2010,19129428,19129428.0,2801,Fluorine,Other
"2801 Fluorine, Chlorine, Bromine & Iodine",Japan,2019,10629796,10629796.0,2801,Fluorine,Other
"2801 Fluorine, Chlorine, Bromine & Iodine","Korea, South",2024,1229862,1229862.0,2801,Fluorine,Other
"2801 Fluorine, Chlorine, Bromine & Iodine",Japan,2003,21221487,21221487.0,2801,Fluorine,Other
"2801 Fluorine, Chlorine, Bromine & Iodine",Japan,2017,10104480,10104480.0,2801,Fluorine,Other
"2801 Fluorine, Chlorine, Bromine & Iodine",Japan,2018,11875139,11875139.0,2801,Fluorine,Other
"2801 Fluorine, Chlorine, Bromine & Iodine",Japan,2001,25103458,,2801,Fluorine,Other
"2801 Fluorine, Chlorine, Bromine & Iodine",Japan,2013,20880097,20880097.0,2801,Fluorine,Other
"2801 Fluorine, Chlorine, Bromine & Iodine","Korea, South",2013,529593,529593.0,2801,Fluorine,Other
"2801 Fluorine, Chlorine, Bromine & Iodine","Korea, South",2015,487194,482394.0,2801,Fluorine,Other
"2801 Fluorine, Chlorine, Bromine & Iodine","Korea, South",2025,197685,197685.0,2801,Fluorine,Other
"2801 Fluorine, Chlorine, Bromine & Iodine","Korea, South",2011,617017,617017.0,2801,Fluorine,Other
"2801 Fluorine, Chlorine, Bromine & Iodine",Japan,2022,18670729,18670729.0,2801,Fluorine,Other
"2801 Fluorine, Chlorine, Bromine & Iodine",Japan,2021,13164773,13164773.0,2801,Fluorine,Other
"2801 Fluorine, Chlorine, Bromine & Iodine","Korea, South",2021,1188720,1188720.0,2801,Fluorine,Other
"2801 Fluorine, Chlorine, Bromine & Iodine","Korea, South",2017,1299326,1299326.0,2801,Fluorine,Other
"2801 Fluorine, Chlorine, Bromine & Iodine",Taiwan,2008,4492,4492.0,2801,Fluorine,Other
"2801 Fluorine, Chlorine, Bromine & Iodine",Taiwan,2012,46268,46268.0,2801,Fluorine,Other
"2801 Fluorine, Chlorine, Bromine & Iodine","Korea, South",2010,151600,151600.0,2801,Fluorine,Other
"2801 Fluorine, Chlorine, Bromine & Iodine",Japan,2023,13632011,13632011.0,2801,Fluorine,Other
"2801 Fluorine, Chlorine, Bromine & Iodine",Japan,2002,22696161,22696161.0,2801,Fluorine,Other
"2801 Fluorine, Chlorine, Bromine & Iodine",Japan,2015,14943104,14943104.0,2801,Fluorine,Other
"2801 Fluorine, Chlorine, Bromine & Iodine","Korea, South",2001,2772,,2801,Fluorine,Other
"2801 Fluorine, Chlorine, Bromine & Iodine","Korea, South",2016,1031467,1031467.0,2801,Fluorine,Other
"2801 Fluorine, Chlorine, Bromine & Iodine",Japan,2005,20388805,20388805.0,2801,Fluorine,Other
"2801 Fluorine, Chlorine, Bromine & Iodine","Korea, South",2004,3016,3016.0,2801,Fluorine,Other
"2801 Fluorine, Chlorine, Bromine & Iodine",Japan,2009,17121371,17121371.0,2801,Fluorine,Other
"2801 Fluorine, Chlorine, Bromine & Iodine",Japan,2007,19970644,19970644.0,2801,Fluorine,Other
"2801 Fluorine, Chlorine, Bromine & Iodine",Japan,2011,16899242,16899242.0,2801,Fluorine,Other
"2801 Fluorine, Chlorine, Bromine & Iodine",Japan,2020,10734453,10734453.0,2801,Fluorine,Other
"2801 Fluorine, Chlorine, Bromine & Iodine","Korea, South",2019,1475276,1475276.0,2801,Fluorine,Other
"2801 Fluorine, Chlorine, Bromine & Iodine","Korea, South",2020,1175660,1175660.0,2801,Fluorine,Other
"2801 Fluorine, Chlorine, Bromine & Iodine",Taiwan,2010,31640,31640.0,2801,Fluorine,Other
"2801 Fluorine, Chlorine, Bromine & Iodine",Japan,2012,20025993,20025993.0,2801,Fluorine,Other
"2801 Fluorine, Chlorine, Bromine & Iodine",Japan,2024,26431972,26431972.0,2801,Fluorine,Other
"2801 Fluorine, Chlorine, Bromine & Iodine","Korea, South",2006,2550,2550.0,2801,Fluorine,Other
"2801 Fluorine, Chlorine, Bromine & Iodine",Taiwan,2016,2700,2700.0,2801,Fluorine,Other
2820 Manganese Oxides,Japan,2025,574380,574380.0,2820,Manganese,Compound
2820 Manganese Oxides,Taiwan,2023,134880,134880.0,2820,Manganese,Compound
2820 Manganese Oxides,"Korea, South",2022,2407622,2407622.0,2820,Manganese,Compound
2820 Manganese Oxides,Japan,2007,5078647,5078647.0,2820,Manganese,Compound
2820 Manganese Oxides,Japan,2019,7460248,7460248.0,2820,Manganese,Compound
2820 Manganese Oxides,Japan,2014,13744172,13744172.0,2820,Manganese,Compound
2820 Manganese Oxides,Japan,2023,944744,944744.0,2820,Manganese,Compound
2820 Manganese Oxides,Japan,2022,6140364,6140364.0,2820,Manganese,Compound
2820 Manganese Oxides,Japan,2021,6859578,6859578.0,2820,Manganese,Compound
2820 Manganese Oxides,Japan,2018,11191155,11191155.0,2820,Manganese,Compound
2820 Manganese Oxides,"Korea, South",2025,642122,642122.0,2820,Manganese,Compound
2820 Manganese Oxides,Japan,2024,1102006,1102006.0,2820,Manganese,Compound
2820 Manganese Oxides,"Korea, South",2023,1996497,1996497.0,2820,Manganese,Compound
2820 Manganese Oxides,Japan,2002,2840302,2840302.0,2820,Manganese,Compound
2820 Manganese Oxides,Japan,2016,10894431,10894431.0,2820,Manganese,Compound
2820 Manganese Oxides,"Korea, South",2015,3808823,3808823.0,2820,Manganese,Compound
2820 Manganese Oxides,"Korea, South",2014,3452412,3452412.0,2820,Manganese,Compound
2820 Manganese Oxides,Japan,2004,4102608,4102608.0,2820,Manganese,Compound
2820 Manganese Oxides,"Korea, South",2009,79297,79297.0,2820,Manganese,Compound
2820 Manganese Oxides,Taiwan,2022,190499,190499.0,2820,Manganese,Compound
2820 Manganese Oxides,"Korea, South",2007,35700,35700.0,2820,Manganese,Compound
2820 Manganese Oxides,Japan,2005,5827170,5827170.0,2820,Manganese,Compound
2820 Manganese Oxides,"Korea, South",2017,8163915,8163915.0,2820,Manganese,Compound
2820 Manganese Oxides,"Korea, South",2012,25160,25160.0,2820,Manganese,Compound
2820 Manganese Oxides,Hong Kong,2002,129120,129120.0,2820,Manganese,Compound
2820 Manganese Oxides,"Korea, South",2003,32090,32090.0,2820,Manganese,Compound
2820 Manganese Oxides,"Korea, South",2021,1482448,1482448.0,2820,Manganese,Compound
2820 Manganese Oxides,"Korea, South",2019,2463950,2463950.0,2820,Manganese,Compound
2820 Manganese Oxides,"Korea, South",2020,2641319,2641319.0,2820,Manganese,Compound
2820 Manganese Oxides,Japan,2003,3613425,3613425.0,2820,Manganese,Compound
2820 Manganese Oxides,"Korea, South",2013,697410,697410.0,2820,Manganese,Compound
2820 Manganese Oxides,Japan,2009,11450349,11450349.0,2820,Manganese,Compound
2820 Manganese Oxides,"Korea, South",2024,465994,465994.0,2820,Manganese,Compound
2820 Manganese Oxides,Taiwan,2014,3870,3870.0,2820,Manganese,Compound
2820 Manganese Oxides,Japan,2020,9558233,9558233.0,2820,Manganese,Compound
2820 Manganese Oxides,Japan,2008,8839548,8839548.0,2820,Manganese,Compound
2820 Manganese Oxides,Japan,2017,14804187,14804187.0,2820,Manganese,Compound
2820 Manganese Oxides,"Korea, South",2016,6811382,6811382.0,2820,Manganese,Compound
2820 Manganese Oxides,Japan,2010,16087746,16087746.0,2820,Manganese,Compound
2820 Manganese Oxides,Japan,2013,14564232,14564232.0,2820,Manganese,Compound
2820 Manganese Oxides,"Korea, South",2011,225600,225600.0,2820,Manganese,Compound
2820 Manganese Oxides,"Korea, South",2018,9493803,9493803.0,2820,Manganese,Compound
2820 Manganese Oxides,Japan,2006,9179122,9179122.0,2820,Manganese,Compound
2820 Manganese Oxides,"Korea, South",2008,149698,149698.0,2820,Manganese,Compound
2820 Manganese Oxides,Japan,2011,20148354,20148354.0,2820,Manganese,Compound
2820 Manganese Oxides,"Korea, South",2006,7511,7511.0,2820,Manganese,Compound
2820 Manganese Oxides,"Korea, South",2010,36663,36663.0,2820,Manganese,Compound
2820 Manganese Oxides,Japan,2001,975219,,2820,Manganese,Compound
2820 Manganese Oxides,Japan,2015,13518607,13518607.0,2820,Manganese,Compound
2820 Manganese Oxides,Japan,2012,20707402,20707402.0,2820,Manganese,Compound
282520 Lithium Oxide And Hydroxide,Hong Kong,2023,4000,4000.0,282520,Lithium,Compound
282520 Lithium Oxide And Hydroxide,Taiwan,2025,51200,51200.0,282520,Lithium,Compound
282520 Lithium Oxide And Hydroxide,"Korea, South",2021,17700,17700.0,282520,Lithium,Compound
282520 Lithium Oxide And Hydroxide,Hong Kong,2024,4000,4000.0,282520,Lithium,Compound
282520 Lithium Oxide And Hydroxide,Taiwan,2024,6400,6400.0,282520,Lithium,Compound
282520 Lithium Oxide And Hydroxide,Japan,2025,2607,2607.0,282520,Lithium,Compound
282520 Lithium Oxide And Hydroxide,Taiwan,2021,13233,13233.0,282520,Lithium,Compound
282520 Lithium Oxide And Hydroxide,"Korea, South",2022,2254,2254.0,282520,Lithium,Compound
282520 Lithium Oxide And Hydroxide,Japan,2023,122590,122590.0,282520,Lithium,Compound
282520 Lithium Oxide And Hydroxide,Japan,2021,64600,64600.0,282520,Lithium,Compound
282520 Lithium Oxide And Hydroxide,Japan,2024,22095,22095.0,282520,Lithium,Compound
282520 Lithium Oxide And Hydroxide,Japan,2002,144608,144608.0,282520,Lithium,Compound
282520 Lithium Oxide And Hydroxide,"Korea, South",2016,20135,20135.0,282520,Lithium,Compound
282520 Lithium Oxide And Hydroxide,Hong Kong,2016,10100,10100.0,282520,Lithium,Compound
282520 Lithium Oxide And Hydroxide,Japan,2007,12922,12922.0,282520,Lithium,Compound
282520 Lithium Oxide And Hydroxide,Japan,2016,14487,14487.0,282520,Lithium,Compound
282520 Lithium Oxide And Hydroxide,Japan,2005,72130,72130.0,282520,Lithium,Compound
282520 Lithium Oxide And Hydroxide,"Korea, South",2017,312680,312680.0,282520,Lithium,Compound
282520 Lithium Oxide And Hydroxide,Taiwan,2017,28500,28500.0,282520,Lithium,Compound
282520 Lithium Oxide And Hydroxide,Japan,2017,35513,35513.0,282520,Lithium,Compound
282520 Lithium Oxide And Hydroxide,Japan,2004,58926,58926.0,282520,Lithium,Compound
282520 Lithium Oxide And Hydroxide,"Korea, South",2018,25046,25046.0,282520,Lithium,Compound
282520 Lithium Oxide And Hydroxide,Hong Kong,2018,192000,192000.0,282520,Lithium,Compound
282520 Lithium Oxide And Hydroxide,Taiwan,2004,8848,8848.0,282520,Lithium,Compound
282520 Lithium Oxide And Hydroxide,Japan,2018,210749,210749.0,282520,Lithium,Compound
282520 Lithium Oxide And Hydroxide,Japan,2003,78401,78401.0,282520,Lithium,Compound
282520 Lithium Oxide And Hydroxide,Taiwan,2003,99866,99866.0,282520,Lithium,Compound
282520 Lithium Oxide And Hydroxide,"Korea, South",2019,3968,3968.0,282520,Lithium,Compound
282520 Lithium Oxide And Hydroxide,Japan,2019,72009,72009.0,282520,Lithium,Compound
282520 Lithium Oxide And Hydroxide,Taiwan,2020,12812,12812.0,282520,Lithium,Compound
282520 Lithium Oxide And Hydroxide,Japan,2020,87342,87342.0,282520,Lithium,Compound
282520 Lithium Oxide And Hydroxide,Japan,2001,65810,,282520,Lithium,Compound
282520 Lithium Oxide And Hydroxide,Japan,2015,38841,38841.0,282520,Lithium,Compound
282520 Lithium Oxide And Hydroxide,Taiwan,2008,3500,3500.0,282520,Lithium,Compound
282520 Lithium Oxide And Hydroxide,Japan,2006,68914,68914.0,282520,Lithium,Compound
282520 Lithium Oxide And Hydroxide,"Korea, South",2014,3851,3851.0,282520,Lithium,Compound
282520 Lithium Oxide And Hydroxide,Japan,2008,131383,131383.0,282520,Lithium,Compound
282520 Lithium Oxide And Hydroxide,Hong Kong,2010,3000,3000.0,282520,Lithium,Compound
282520 Lithium Oxide And Hydroxide,Japan,2014,123215,123215.0,282520,Lithium,Compound
282520 Lithium Oxide And Hydroxide,Japan,2012,2644,2644.0,282520,Lithium,Compound
282520 Lithium Oxide And Hydroxide,Hong Kong,2012,8822,8822.0,282520,Lithium,Compound
282520 Lithium Oxide And Hydroxide,Japan,2013,44767,44767.0,282520,Lithium,Compound
282520 Lithium Oxide And Hydroxide,Japan,2009,80930,80930.0,282520,Lithium,Compound
282520 Lithium Oxide And Hydroxide,"Korea, South",2010,28665,28665.0,282520,Lithium,Compound
282520 Lithium Oxide And Hydroxide,"Korea, South",2015,97184,97184.0,282520,Lithium,Compound
282520 Lithium Oxide And Hydroxide,"Korea, South",2012,74826,74826.0,282520,Lithium,Compound
282520 Lithium Oxide And Hydroxide,Japan,2011,108946,108946.0,282520,Lithium,Compound
282520 Lithium Oxide And Hydroxide,Taiwan,2015,4800,4800.0,282520,Lithium,Compound
282520 Lithium Oxide And Hydroxide,"Korea, South",2009,11150,11150.0,282520,Lithium,Compound
282520 Lithium Oxide And Hydroxide,Japan,2010,41449,41449.0,282520,Lithium,Compound
282520 Lithium Oxide And Hydroxide,"Korea, South",2013,8619,8619.0,282520,Lithium,Compound
282540 Nickel Oxides And Hydroxides,Taiwan,2011,187200,187200.0,282540,Nickel,Compound
282540 Nickel Oxides And Hydroxides,Japan,2024,1352991,1352991.0,282540,Nickel,Compound
282540 Nickel Oxides And Hydroxides,Taiwan,2024,1272013,1272013.0,282540,Nickel,Compound
282540 Nickel Oxides And Hydroxides,Taiwan,2022,505124,505124.0,282540,Nickel,Compound
282540 Nickel Oxides And Hydroxides,"Korea, South",2021,1695487,1695487.0,282540,Nickel,Compound
282540 Nickel Oxides And Hydroxides,"Korea, South",2024,15200,15200.0,282540,Nickel,Compound
282540 Nickel Oxides And Hydroxides,Taiwan,2021,101274,101274.0,282540,Nickel,Compound
282540 Nickel Oxides And Hydroxides,Japan,2023,3533555,3533555.0,282540,Nickel,Compound
282540 Nickel Oxides And Hydroxides,Japan,2021,3703450,3703450.0,282540,Nickel,Compound
282540 Nickel Oxides And Hydroxides,Taiwan,2023,619078,619078.0,282540,Nickel,Compound
282540 Nickel Oxides And Hydroxides,Japan,2022,7195521,7195521.0,282540,Nickel,Compound
282540 Nickel Oxides And Hydroxides,Japan,2011,2148606,2148606.0,282540,Nickel,Compound
282540 Nickel Oxides And Hydroxides,"Korea, South",2022,892593,892593.0,282540,Nickel,Compound
282540 Nickel Oxides And Hydroxides,Hong Kong,2024,246580,246580.0,282540,Nickel,Compound
282540 Nickel Oxides And Hydroxides,Japan,2001,5113158,,282540,Nickel,Compound
282540 Nickel Oxides And Hydroxides,"Korea, South",2012,60000,60000.0,282540,Nickel,Compound
282540 Nickel Oxides And Hydroxides,"Korea, South",2015,2400,2400.0,282540,Nickel,Compound
282540 Nickel Oxides And Hydroxides,Japan,2005,5049206,5049206.0,282540,Nickel,Compound
282540 Nickel Oxides And Hydroxides,Japan,2004,8567794,8567794.0,282540,Nickel,Compound
282540 Nickel Oxides And Hydroxides,Japan,2016,3355713,3355713.0,282540,Nickel,Compound
282540 Nickel Oxides And Hydroxides,Japan,2018,4228592,4228592.0,282540,Nickel,Compound
282540 Nickel Oxides And Hydroxides,Japan,2003,5119485,5119485.0,282540,Nickel,Compound
282540 Nickel Oxides And Hydroxides,Taiwan,2003,113701,113701.0,282540,Nickel,Compound
282540 Nickel Oxides And Hydroxides,Hong Kong,2018,6000,6000.0,282540,Nickel,Compound
282540 Nickel Oxides And Hydroxides,"Korea, South",2018,344014,344014.0,282540,Nickel,Compound
282540 Nickel Oxides And Hydroxides,Japan,2017,5760238,5760238.0,282540,Nickel,Compound
282540 Nickel Oxides And Hydroxides,Japan,2002,5219290,5219290.0,282540,Nickel,Compound
282540 Nickel Oxides And Hydroxides,"Korea, South",2017,140329,140329.0,282540,Nickel,Compound
282540 Nickel Oxides And Hydroxides,"Korea, South",2019,113461,113461.0,282540,Nickel,Compound
282540 Nickel Oxides And Hydroxides,Japan,2019,4357678,4357678.0,282540,Nickel,Compound
282540 Nickel Oxides And Hydroxides,Japan,2006,7483455,7483455.0,282540,Nickel,Compound
282540 Nickel Oxides And Hydroxides,Japan,2007,9208006,9208006.0,282540,Nickel,Compound
282540 Nickel Oxides And Hydroxides,Japan,2025,1640079,1640079.0,282540,Nickel,Compound
282540 Nickel Oxides And Hydroxides,Taiwan,2012,374000,374000.0,282540,Nickel,Compound
282540 Nickel Oxides And Hydroxides,Japan,2012,2474589,2474589.0,282540,Nickel,Compound
282540 Nickel Oxides And Hydroxides,Japan,2013,3057278,3057278.0,282540,Nickel,Compound
282540 Nickel Oxides And Hydroxides,Japan,2010,2580738,2580738.0,282540,Nickel,Compound
282540 Nickel Oxides And Hydroxides,Taiwan,2010,6550,6550.0,282540,Nickel,Compound
282540 Nickel Oxides And Hydroxides,Taiwan,2025,443894,443894.0,282540,Nickel,Compound
282540 Nickel Oxides And Hydroxides,Japan,2009,3865105,3865105.0,282540,Nickel,Compound
282540 Nickel Oxides And Hydroxides,Japan,2008,13148895,13148895.0,282540,Nickel,Compound
282540 Nickel Oxides And Hydroxides,Japan,2014,4234349,4234349.0,282540,Nickel,Compound
282540 Nickel Oxides And Hydroxides,"Korea, South",2008,13200,13200.0,282540,Nickel,Compound
282540 Nickel Oxides And Hydroxides,Japan,2020,3387801,3387801.0,282540,Nickel,Compound
282540 Nickel Oxides And Hydroxides,"Korea, South",2020,272052,272052.0,282540,Nickel,Compound
282540 Nickel Oxides And Hydroxides,Japan,2015,2774789,2774789.0,282540,Nickel,Compound
282550 Copper Oxides And Hydroxides,Japan,2023,280883,280883.0,282550,Copper,Compound
282550 Copper Oxides And Hydroxides,Japan,2007,47898,47898.0,282550,Copper,Compound
282550 Copper Oxides And Hydroxides,Hong Kong,2007,1140141,1140141.0,282550,Copper,Compound
282550 Copper Oxides And Hydroxides,Taiwan,2018,670005,670005.0,282550,Copper,Compound
282550 Copper Oxides And Hydroxides,Hong Kong,2018,116687,116687.0,282550,Copper,Compound
282550 Copper Oxides And Hydroxides,"Korea, South",2018,64820,64820.0,282550,Copper,Compound
282550 Copper Oxides And Hydroxides,Japan,2006,59634,59634.0,282550,Copper,Compound
282550 Copper Oxides And Hydroxides,Taiwan,2022,762102,762102.0,282550,Copper,Compound
282550 Copper Oxides And Hydroxides,Hong Kong,2006,1427252,1427252.0,282550,Copper,Compound
282550 Copper Oxides And Hydroxides,Japan,2022,338282,338282.0,282550,Copper,Compound
282550 Copper Oxides And Hydroxides,Japan,2018,39017,39017.0,282550,Copper,Compound
282550 Copper Oxides And Hydroxides,Taiwan,2019,421510,421510.0,282550,Copper,Compound
282550 Copper Oxides And Hydroxides,Japan,2005,51589,51589.0,282550,Copper,Compound
282550 Copper Oxides And Hydroxides,Hong Kong,2005,611733,611733.0,282550,Copper,Compound
282550 Copper Oxides And Hydroxides,Taiwan,2017,194240,194240.0,282550,Copper,Compound
282550 Copper Oxides And Hydroxides,"Korea, South",2005,12675,12675.0,282550,Copper,Compound
282550 Copper Oxides And Hydroxides,"Korea, South",2023,47025,47025.0,282550,Copper,Compound
282550 Copper Oxides And Hydroxides,Hong Kong,2017,113438,113438.0,282550,Copper,Compound
282550 Copper Oxides And Hydroxides,"Korea, South",2017,185384,185384.0,282550,Copper,Compound
282550 Copper Oxides And Hydroxides,Taiwan,2016,500850,500850.0,282550,Copper,Compound
282550 Copper Oxides And Hydroxides,Japan,2017,60767,60767.0,282550,Copper,Compound
282550 Copper Oxides And Hydroxides,Japan,2004,174560,174560.0,282550,Copper,Compound
282550 Copper Oxides And Hydroxides,Japan,2021,129138,129138.0,282550,Copper,Compound
282550 Copper Oxides And Hydroxides,Hong Kong,2024,65674,65674.0,282550,Copper,Compound
282550 Copper Oxides And Hydroxides,Hong Kong,2010,624406,624406.0,282550,Copper,Compound
282550 Copper Oxides And Hydroxides,"Korea, South",2021,132460,132460.0,282550,Copper,Compound
282550 Copper Oxides And Hydroxides,Japan,2009,49900,49900.0,282550,Copper,Compound
282550 Copper Oxides And Hydroxides,Japan,2019,72798,72798.0,282550,Copper,Compound
282550 Copper Oxides And Hydroxides,"Korea, South",2020,77419,77419.0,282550,Copper,Compound
282550 Copper Oxides And Hydroxides,Japan,2010,119135,119135.0,282550,Copper,Compound
282550 Copper Oxides And Hydroxides,Hong Kong,2019,55691,55691.0,282550,Copper,Compound
282550 Copper Oxides And Hydroxides,Hong Kong,2020,106140,106140.0,282550,Copper,Compound
282550 Copper Oxides And Hydroxides,Taiwan,2025,563640,563640.0,282550,Copper,Compound
282550 Copper Oxides And Hydroxides,Taiwan,2020,282906,282906.0,282550,Copper,Compound
282550 Copper Oxides And Hydroxides,Taiwan,2021,655735,655735.0,282550,Copper,Compound
282550 Copper Oxides And Hydroxides,Hong Kong,2009,458901,458901.0,282550,Copper,Compound
282550 Copper Oxides And Hydroxides,Japan,2008,51353,51353.0,282550,Copper,Compound
282550 Copper Oxides And Hydroxides,Taiwan,2024,601327,601327.0,282550,Copper,Compound
282550 Copper Oxides And Hydroxides,"Korea, South",2019,94558,94558.0,282550,Copper,Compound
282550 Copper Oxides And Hydroxides,Japan,2024,209735,209735.0,282550,Copper,Compound
282550 Copper Oxides And Hydroxides,Hong Kong,2008,878541,878541.0,282550,Copper,Compound
282550 Copper Oxides And Hydroxides,"Korea, South",2025,27398,27398.0,282550,Copper,Compound
282550 Copper Oxides And Hydroxides,Japan,2020,168582,168582.0,282550,Copper,Compound
282550 Copper Oxides And Hydroxides,"Korea, South",2024,5904,5904.0,282550,Copper,Compound
282550 Copper Oxides And Hydroxides,Taiwan,2004,17037,17037.0,282550,Copper,Compound
282550 Copper Oxides And Hydroxides,Hong Kong,2015,150124,150124.0,282550,Copper,Compound
282550 Copper Oxides And Hydroxides,"Korea, South",2015,99150,99150.0,282550,Copper,Compound
282550 Copper Oxides And Hydroxides,"Korea, South",2004,2800,2800.0,282550,Copper,Compound
282550 Copper Oxides And Hydroxides,Hong Kong,2016,134061,134061.0,282550,Copper,Compound
282550 Copper Oxides And Hydroxides,Hong Kong,2003,391679,391679.0,282550,Copper,Compound
282550 Copper Oxides And Hydroxides,Japan,2014,34618,34618.0,282550,Copper,Compound
282550 Copper Oxides And Hydroxides,Japan,2002,149060,149060.0,282550,Copper,Compound
282550 Copper Oxides And Hydroxides,Hong Kong,2002,221038,221038.0,282550,Copper,Compound
282550 Copper Oxides And Hydroxides,Taiwan,2014,14980,14980.0,282550,Copper,Compound
282550 Copper Oxides And Hydroxides,Hong Kong,2014,260906,260906.0,282550,Copper,Compound
282550 Copper Oxides And Hydroxides,Hong Kong,2023,73075,73075.0,282550,Copper,Compound
282550 Copper Oxides And Hydroxides,"Korea, South",2014,106092,106092.0,282550,Copper,Compound
282550 Copper Oxides And Hydroxides,Taiwan,2023,428740,428740.0,282550,Copper,Compound
282550 Copper Oxides And Hydroxides,"Korea, South",2002,5600,5600.0,282550,Copper,Compound
282550 Copper Oxides And Hydroxides,Japan,2011,62488,62488.0,282550,Copper,Compound
282550 Copper Oxides And Hydroxides,Japan,2013,91088,91088.0,282550,Copper,Compound
282550 Copper Oxides And Hydroxides,Japan,2001,52734,,282550,Copper,Compound
282550 Copper Oxides And Hydroxides,Taiwan,2013,15089,15089.0,282550,Copper,Compound
282550 Copper Oxides And Hydroxides,Hong Kong,2013,202700,202700.0,282550,Copper,Compound
282550 Copper Oxides And Hydroxides,"Korea, South",2013,13200,13200.0,282550,Copper,Compound
282550 Copper Oxides And Hydroxides,Hong Kong,2001,166912,,282550,Copper,Compound
282550 Copper Oxides And Hydroxides,Japan,2012,21089,21089.0,282550,Copper,Compound
282550 Copper Oxides And Hydroxides,Taiwan,2012,2811,2811.0,282550,Copper,Compound
282550 Copper Oxides And Hydroxides,Hong Kong,2012,356349,356349.0,282550,Copper,Compound
282550 Copper Oxides And Hydroxides,Taiwan,2015,1010396,1010396.0,282550,Copper,Compound
282550 Copper Oxides And Hydroxides,Japan,2015,38599,38599.0,282550,Copper,Compound
282550 Copper Oxides And Hydroxides,Japan,2003,172457,172457.0,282550,Copper,Compound
282550 Copper Oxides And Hydroxides,"Korea, South",2010,14850,14850.0,282550,Copper,Compound
282550 Copper Oxides And Hydroxides,Hong Kong,2004,593260,593260.0,282550,Copper,Compound
282550 Copper Oxides And Hydroxides,"Korea, South",2011,223296,223296.0,282550,Copper,Compound
282550 Copper Oxides And Hydroxides,Hong Kong,2011,432750,432750.0,282550,Copper,Compound
282550 Copper Oxides And Hydroxides,"Korea, South",2016,115500,115500.0,282550,Copper,Compound
282580 Antimony Oxides,Japan,2020,2055139,2093315.0,282580,Antimony,Compound
282580 Antimony Oxides,Taiwan,2004,9149,9149.0,282580,Antimony,Compound
282580 Antimony Oxides,Japan,2004,765343,765343.0,282580,Antimony,Compound
282580 Antimony Oxides,Hong Kong,2012,669056,669056.0,282580,Antimony,Compound
282580 Antimony Oxides,Taiwan,2012,271600,271600.0,282580,Antimony,Compound
282580 Antimony Oxides,Taiwan,2024,586980,586980.0,282580,Antimony,Compound
282580 Antimony Oxides,Japan,2012,3040863,3040863.0,282580,Antimony,Compound
282580 Antimony Oxides,Hong Kong,2005,522174,522174.0,282580,Antimony,Compound
282580 Antimony Oxides,Japan,2005,2589906,2589906.0,282580,Antimony,Compound
282580 Antimony Oxides,Hong Kong,2013,190000,190000.0,282580,Antimony,Compound
282580 Antimony Oxides,Japan,2013,3037610,3037610.0,282580,Antimony,Compound
282580 Antimony Oxides,Japan,2010,1981288,1981288.0,282580,Antimony,Compound
282580 Antimony Oxides,Hong Kong,2004,1369616,1369616.0,282580,Antimony,Compound
282580 Antimony Oxides,Japan,2003,579960,579960.0,282580,Antimony,Compound
282580 Antimony Oxides,Hong Kong,2001,965787,,282580,Antimony,Compound
282580 Antimony Oxides,"Korea, South",2020,235424,235424.0,282580,Antimony,Compound
282580 Antimony Oxides,Taiwan,2001,63428,,282580,Antimony,Compound
282580 Antimony Oxides,Japan,2019,3786493,4033932.0,282580,Antimony,Compound
282580 Antimony Oxides,Japan,2001,429116,,282580,Antimony,Compound
282580 Antimony Oxides,Taiwan,2011,1054548,1054548.0,282580,Antimony,Compound
282580 Antimony Oxides,Hong Kong,2002,1507186,1507186.0,282580,Antimony,Compound
282580 Antimony Oxides,"Korea, South",2023,590958,590958.0,282580,Antimony,Compound
282580 Antimony Oxides,Hong Kong,2019,503050,503050.0,282580,Antimony,Compound
282580 Antimony Oxides,Japan,2023,1502894,1560244.0,282580,Antimony,Compound
282580 Antimony Oxides,"Korea, South",2019,389768,389768.0,282580,Antimony,Compound
282580 Antimony Oxides,Taiwan,2002,33300,33300.0,282580,Antimony,Compound
282580 Antimony Oxides,"Korea, South",2024,129967,129967.0,282580,Antimony,Compound
282580 Antimony Oxides,Japan,2002,494527,494527.0,282580,Antimony,Compound
282580 Antimony Oxides,Japan,2011,2398329,2398329.0,282580,Antimony,Compound
282580 Antimony Oxides,Hong Kong,2003,4149981,4149981.0,282580,Antimony,Compound
282580 Antimony Oxides,"Korea, South",2025,7893870,7893870.0,282580,Antimony,Compound
282580 Antimony Oxides,"Korea, South",2014,83575,83575.0,282580,Antimony,Compound
282580 Antimony Oxides,Japan,2024,1167004,1194045.0,282580,Antimony,Compound
282580 Antimony Oxides,"Korea, South",2016,176920,176920.0,282580,Antimony,Compound
282580 Antimony Oxides,Japan,2016,3416663,3416663.0,282580,Antimony,Compound
282580 Antimony Oxides,Japan,2007,1996840,1996840.0,282580,Antimony,Compound
282580 Antimony Oxides,Taiwan,2025,6010870,6010870.0,282580,Antimony,Compound
282580 Antimony Oxides,"Korea, South",2017,170679,170679.0,282580,Antimony,Compound
282580 Antimony Oxides,Hong Kong,2008,43000,43000.0,282580,Antimony,Compound
282580 Antimony Oxides,Taiwan,2008,823753,823753.0,282580,Antimony,Compound
282580 Antimony Oxides,Japan,2008,1473939,1473939.0,282580,Antimony,Compound
282580 Antimony Oxides,Taiwan,2017,128000,128000.0,282580,Antimony,Compound
282580 Antimony Oxides,Taiwan,2009,557465,557465.0,282580,Antimony,Compound
282580 Antimony Oxides,Japan,2009,1057985,1057985.0,282580,Antimony,Compound
282580 Antimony Oxides,Japan,2017,2753342,2753342.0,282580,Antimony,Compound
282580 Antimony Oxides,Hong Kong,2010,113135,113135.0,282580,Antimony,Compound
282580 Antimony Oxides,Taiwan,2010,1147580,1147580.0,282580,Antimony,Compound
282580 Antimony Oxides,Japan,2015,3462692,3462692.0,282580,Antimony,Compound
282580 Antimony Oxides,Hong Kong,2007,258467,258467.0,282580,Antimony,Compound
282580 Antimony Oxides,Hong Kong,2015,2752,2752.0,282580,Antimony,Compound
282580 Antimony Oxides,Hong Kong,2006,95969,95969.0,282580,Antimony,Compound
282580 Antimony Oxides,Hong Kong,2014,520000,520000.0,282580,Antimony,Compound
282580 Antimony Oxides,Japan,2006,1974496,1974496.0,282580,Antimony,Compound
282580 Antimony Oxides,Taiwan,2014,4266,4266.0,282580,Antimony,Compound
282580 Antimony Oxides,Japan,2014,4210349,4210349.0,282580,Antimony,Compound
282580 Antimony Oxides,"Korea, South",2021,739752,739752.0,282580,Antimony,Compound
282580 Antimony Oxides,Taiwan,2018,515052,515052.0,282580,Antimony,Compound
282580 Antimony Oxides,Hong Kong,2018,435750,435750.0,282580,Antimony,Compound
282580 Antimony Oxides,Japan,2021,1004176,944636.0,282580,Antimony,Compound
282580 Antimony Oxides,"Korea, South",2022,1576370,1576370.0,282580,Antimony,Compound
282580 Antimony Oxides,"Korea, South",2015,16384,16384.0,282580,Antimony,Compound
282580 Antimony Oxides,Japan,2018,4172927,4154774.0,282580,Antimony,Compound
282580 Antimony Oxides,"Korea, South",2018,332061,332061.0,282580,Antimony,Compound
282580 Antimony Oxides,Japan,2025,2921389,2938154.0,282580,Antimony,Compound
282580 Antimony Oxides,Japan,2022,1934807,1899542.0,282580,Antimony,Compound
2846 Rare-earth Metal Compounds Of Yttrium Or Scandium,Japan,2021,27234139,27234139.0,2846,Rare Earth Elements,Compound
2846 Rare-earth Metal Compounds Of Yttrium Or Scandium,Taiwan,2014,181385,181385.0,2846,Rare Earth Elements,Compound
2846 Rare-earth Metal Compounds Of Yttrium Or Scandium,"Korea, South",2013,2474047,1364416.0,2846,Rare Earth Elements,Compound
2846 Rare-earth Metal Compounds Of Yttrium Or Scandium,"Korea, South",2020,1392760,1392760.0,2846,Rare Earth Elements,Compound
2846 Rare-earth Metal Compounds Of Yttrium Or Scandium,"Korea, South",2017,9033013,1342195.0,2846,Rare Earth Elements,Compound
2846 Rare-earth Metal Compounds Of Yttrium Or Scandium,Taiwan,2013,187527,187527.0,2846,Rare Earth Elements,Compound
2846 Rare-earth Metal Compounds Of Yttrium Or Scandium,"Korea, South",2012,4219095,2639560.0,2846,Rare Earth Elements,Compound
2846 Rare-earth Metal Compounds Of Yttrium Or Scandium,Japan,2015,33163987,24074723.0,2846,Rare Earth Elements,Compound
2846 Rare-earth Metal Compounds Of Yttrium Or Scandium,"Korea, South",2009,2190887,21000.0,2846,Rare Earth Elements,Compound
2846 Rare-earth Metal Compounds Of Yttrium Or Scandium,Japan,2023,21834342,21834342.0,2846,Rare Earth Elements,Compound
2846 Rare-earth Metal Compounds Of Yttrium Or Scandium,Hong Kong,2017,44590,44590.0,2846,Rare Earth Elements,Compound
2846 Rare-earth Metal Compounds Of Yttrium Or Scandium,Japan,2022,33372776,31338776.0,2846,Rare Earth Elements,Compound
2846 Rare-earth Metal Compounds Of Yttrium Or Scandium,"Korea, South",2024,1784478,1784478.0,2846,Rare Earth Elements,Compound
2846 Rare-earth Metal Compounds Of Yttrium Or Scandium,Japan,2004,17647363,17647364.0,2846,Rare Earth Elements,Compound
2846 Rare-earth Metal Compounds Of Yttrium Or Scandium,Japan,2010,27570454,22985029.0,2846,Rare Earth Elements,Compound
2846 Rare-earth Metal Compounds Of Yttrium Or Scandium,Hong Kong,2004,382264,382264.0,2846,Rare Earth Elements,Compound
2846 Rare-earth Metal Compounds Of Yttrium Or Scandium,Taiwan,2015,33941,33941.0,2846,Rare Earth Elements,Compound
2846 Rare-earth Metal Compounds Of Yttrium Or Scandium,"Korea, South",2002,46227,46227.0,2846,Rare Earth Elements,Compound
2846 Rare-earth Metal Compounds Of Yttrium Or Scandium,"Korea, South",2008,1800237,51350.0,2846,Rare Earth Elements,Compound
2846 Rare-earth Metal Compounds Of Yttrium Or Scandium,Japan,2003,13565432,13565432.0,2846,Rare Earth Elements,Compound
2846 Rare-earth Metal Compounds Of Yttrium Or Scandium,"Korea, South",2005,65613,65613.0,2846,Rare Earth Elements,Compound
2846 Rare-earth Metal Compounds Of Yttrium Or Scandium,Hong Kong,2008,2987833,2987833.0,2846,Rare Earth Elements,Compound
2846 Rare-earth Metal Compounds Of Yttrium Or Scandium,Taiwan,2021,85953,85953.0,2846,Rare Earth Elements,Compound
2846 Rare-earth Metal Compounds Of Yttrium Or Scandium,Mongolia,2022,2457,2457.0,2846,Rare Earth Elements,Compound
2846 Rare-earth Metal Compounds Of Yttrium Or Scandium,"Korea, South",2018,8456914,1211638.0,2846,Rare Earth Elements,Compound
2846 Rare-earth Metal Compounds Of Yttrium Or Scandium,Taiwan,2003,7744,7744.0,2846,Rare Earth Elements,Compound
2846 Rare-earth Metal Compounds Of Yttrium Or Scandium,Japan,2008,28926955,19268777.0,2846,Rare Earth Elements,Compound
2846 Rare-earth Metal Compounds Of Yttrium Or Scandium,Hong Kong,2009,5994,5994.0,2846,Rare Earth Elements,Compound
2846 Rare-earth Metal Compounds Of Yttrium Or Scandium,"Korea, South",2010,1949708,330856.0,2846,Rare Earth Elements,Compound
2846 Rare-earth Metal Compounds Of Yttrium Or Scandium,Taiwan,2009,63442,63442.0,2846,Rare Earth Elements,Compound
2846 Rare-earth Metal Compounds Of Yttrium Or Scandium,Japan,2012,109291226,92680447.0,2846,Rare Earth Elements,Compound
2846 Rare-earth Metal Compounds Of Yttrium Or Scandium,Taiwan,2016,35600,35600.0,2846,Rare Earth Elements,Compound
2846 Rare-earth Metal Compounds Of Yttrium Or Scandium,Hong Kong,2012,42250,42250.0,2846,Rare Earth Elements,Compound
2846 Rare-earth Metal Compounds Of Yttrium Or Scandium,Hong Kong,2021,60055,60055.0,2846,Rare Earth Elements,Compound
2846 Rare-earth Metal Compounds Of Yttrium Or Scandium,Hong Kong,2019,111765,111765.0,2846,Rare Earth Elements,Compound
2846 Rare-earth Metal Compounds Of Yttrium Or Scandium,Hong Kong,2001,49500,,2846,Rare Earth Elements,Compound
2846 Rare-earth Metal Compounds Of Yttrium Or Scandium,Japan,2014,37870311,29316162.0,2846,Rare Earth Elements,Compound
2846 Rare-earth Metal Compounds Of Yttrium Or Scandium,Taiwan,2023,74309,74309.0,2846,Rare Earth Elements,Compound
2846 Rare-earth Metal Compounds Of Yttrium Or Scandium,Hong Kong,2016,51146,51146.0,2846,Rare Earth Elements,Compound
2846 Rare-earth Metal Compounds Of Yttrium Or Scandium,Japan,2013,36533517,24014261.0,2846,Rare Earth Elements,Compound
2846 Rare-earth Metal Compounds Of Yttrium Or Scandium,"Korea, South",2021,2497911,2181851.0,2846,Rare Earth Elements,Compound
2846 Rare-earth Metal Compounds Of Yttrium Or Scandium,"Korea, South",2023,2364083,2364083.0,2846,Rare Earth Elements,Compound
2846 Rare-earth Metal Compounds Of Yttrium Or Scandium,Taiwan,2022,66420,66420.0,2846,Rare Earth Elements,Compound
2846 Rare-earth Metal Compounds Of Yttrium Or Scandium,"Korea, South",2022,2019204,2019204.0,2846,Rare Earth Elements,Compound
2846 Rare-earth Metal Compounds Of Yttrium Or Scandium,Hong Kong,2013,1367000,1367000.0,2846,Rare Earth Elements,Compound
2846 Rare-earth Metal Compounds Of Yttrium Or Scandium,Japan,2002,12687419,12687419.0,2846,Rare Earth Elements,Compound
2846 Rare-earth Metal Compounds Of Yttrium Or Scandium,"Korea, South",2025,3305497,3305497.0,2846,Rare Earth Elements,Compound
2846 Rare-earth Metal Compounds Of Yttrium Or Scandium,Hong Kong,2002,169420,169420.0,2846,Rare Earth Elements,Compound
2846 Rare-earth Metal Compounds Of Yttrium Or Scandium,Hong Kong,2007,769065,769065.0,2846,Rare Earth Elements,Compound
2846 Rare-earth Metal Compounds Of Yttrium Or Scandium,Japan,2001,17224075,,2846,Rare Earth Elements,Compound
2846 Rare-earth Metal Compounds Of Yttrium Or Scandium,Hong Kong,2014,279000,279000.0,2846,Rare Earth Elements,Compound
2846 Rare-earth Metal Compounds Of Yttrium Or Scandium,Taiwan,2025,115143,115143.0,2846,Rare Earth Elements,Compound
2846 Rare-earth Metal Compounds Of Yttrium Or Scandium,Taiwan,2008,186313,186313.0,2846,Rare Earth Elements,Compound
2846 Rare-earth Metal Compounds Of Yttrium Or Scandium,Japan,2025,11030832,12821632.0,2846,Rare Earth Elements,Compound
2846 Rare-earth Metal Compounds Of Yttrium Or Scandium,Japan,2009,14759098,11682697.0,2846,Rare Earth Elements,Compound
2846 Rare-earth Metal Compounds Of Yttrium Or Scandium,"Korea, South",2015,7038697,1128585.0,2846,Rare Earth Elements,Compound
2846 Rare-earth Metal Compounds Of Yttrium Or Scandium,Taiwan,2001,146382,,2846,Rare Earth Elements,Compound
2846 Rare-earth Metal Compounds Of Yttrium Or Scandium,"Korea, South",2019,8076762,1604016.0,2846,Rare Earth Elements,Compound
2846 Rare-earth Metal Compounds Of Yttrium Or Scandium,Japan,2024,20229985,19528185.0,2846,Rare Earth Elements,Compound
2846 Rare-earth Metal Compounds Of Yttrium Or Scandium,"Korea, South",2011,4051756,2483124.0,2846,Rare Earth Elements,Compound
2846 Rare-earth Metal Compounds Of Yttrium Or Scandium,"Korea, South",2003,287730,287730.0,2846,Rare Earth Elements,Compound
2846 Rare-earth Metal Compounds Of Yttrium Or Scandium,Hong Kong,2005,181480,181480.0,2846,Rare Earth Elements,Compound
2846 Rare-earth Metal Compounds Of Yttrium Or Scandium,Taiwan,2007,178317,178317.0,2846,Rare Earth Elements,Compound
2846 Rare-earth Metal Compounds Of Yttrium Or Scandium,Taiwan,2002,54934,54934.0,2846,Rare Earth Elements,Compound
2846 Rare-earth Metal Compounds Of Yttrium Or Scandium,Japan,2020,30536429,30536429.0,2846,Rare Earth Elements,Compound
2846 Rare-earth Metal Compounds Of Yttrium Or Scandium,Hong Kong,2011,135413,135413.0,2846,Rare Earth Elements,Compound
2846 Rare-earth Metal Compounds Of Yttrium Or Scandium,Japan,2006,18871024,16246399.0,2846,Rare Earth Elements,Compound
2846 Rare-earth Metal Compounds Of Yttrium Or Scandium,Hong Kong,2010,465845,465845.0,2846,Rare Earth Elements,Compound
2846 Rare-earth Metal Compounds Of Yttrium Or Scandium,Japan,2016,32502860,17905757.0,2846,Rare Earth Elements,Compound
2846 Rare-earth Metal Compounds Of Yttrium Or Scandium,Japan,2017,22170017,20271233.0,2846,Rare Earth Elements,Compound
2846 Rare-earth Metal Compounds Of Yttrium Or Scandium,Hong Kong,2003,366060,366060.0,2846,Rare Earth Elements,Compound
2846 Rare-earth Metal Compounds Of Yttrium Or Scandium,Taiwan,2019,28188,28188.0,2846,Rare Earth Elements,Compound
2846 Rare-earth Metal Compounds Of Yttrium Or Scandium,Taiwan,2017,18691,18691.0,2846,Rare Earth Elements,Compound
2846 Rare-earth Metal Compounds Of Yttrium Or Scandium,"Korea, South",2006,761327,90139.0,2846,Rare Earth Elements,Compound
2846 Rare-earth Metal Compounds Of Yttrium Or Scandium,Hong Kong,2018,494824,494824.0,2846,Rare Earth Elements,Compound
2846 Rare-earth Metal Compounds Of Yttrium Or Scandium,Hong Kong,2015,286272,286272.0,2846,Rare Earth Elements,Compound
2846 Rare-earth Metal Compounds Of Yttrium Or Scandium,Taiwan,2020,32034,32034.0,2846,Rare Earth Elements,Compound
2846 Rare-earth Metal Compounds Of Yttrium Or Scandium,Taiwan,2011,62549,62549.0,2846,Rare Earth Elements,Compound
2846 Rare-earth Metal Compounds Of Yttrium Or Scandium,Taiwan,2012,66234,66234.0,2846,Rare Earth Elements,Compound
2846 Rare-earth Metal Compounds Of Yttrium Or Scandium,"Korea, South",2016,10963589,1085375.0,2846,Rare Earth Elements,Compound
2846 Rare-earth Metal Compounds Of Yttrium Or Scandium,"Korea, South",2014,3010006,967238.0,2846,Rare Earth Elements,Compound
2846 Rare-earth Metal Compounds Of Yttrium Or Scandium,Mongolia,2009,1405109,1405109.0,2846,Rare Earth Elements,Compound
2846 Rare-earth Metal Compounds Of Yttrium Or Scandium,Taiwan,2006,4600,4600.0,2846,Rare Earth Elements,Compound
2846 Rare-earth Metal Compounds Of Yttrium Or Scandium,Mongolia,2008,316800,316800.0,2846,Rare Earth Elements,Compound
2846 Rare-earth Metal Compounds Of Yttrium Or Scandium,Japan,2019,30760316,30679846.0,2846,Rare Earth Elements,Compound
2846 Rare-earth Metal Compounds Of Yttrium Or Scandium,"Korea, South",2004,2512561,2512561.0,2846,Rare Earth Elements,Compound
2846 Rare-earth Metal Compounds Of Yttrium Or Scandium,Japan,2018,24055791,23506259.0,2846,Rare Earth Elements,Compound
2846 Rare-earth Metal Compounds Of Yttrium Or Scandium,Japan,2011,101277629,86827467.0,2846,Rare Earth Elements,Compound
2846 Rare-earth Metal Compounds Of Yttrium Or Scandium,Japan,2007,24271976,15213366.0,2846,Rare Earth Elements,Compound
2846 Rare-earth Metal Compounds Of Yttrium Or Scandium,"Korea, South",2007,1093499,120506.0,2846,Rare Earth Elements,Compound
2846 Rare-earth Metal Compounds Of Yttrium Or Scandium,Hong Kong,2006,518476,518476.0,2846,Rare Earth Elements,Compound
2846 Rare-earth Metal Compounds Of Yttrium Or Scandium,Japan,2005,24998145,24998145.0,2846,Rare Earth Elements,Compound
3801 Artificial Graphite; Collodial Graphite & Prep Etc,"Korea, South",2016,1683277,1683277.0,3801,Graphite,Other
3801 Artificial Graphite; Collodial Graphite & Prep Etc,Japan,2014,24620380,24620380.0,3801,Graphite,Other
3801 Artificial Graphite; Collodial Graphite & Prep Etc,Hong Kong,2010,22500,22500.0,3801,Graphite,Other
3801 Artificial Graphite; Collodial Graphite & Prep Etc,Japan,2020,52682405,52626543.0,3801,Graphite,Other
3801 Artificial Graphite; Collodial Graphite & Prep Etc,Japan,2012,39805200,39805200.0,3801,Graphite,Other
3801 Artificial Graphite; Collodial Graphite & Prep Etc,"Korea, South",2021,5927818,5927818.0,3801,Graphite,Other
3801 Artificial Graphite; Collodial Graphite & Prep Etc,"Korea, South",2008,267338,267338.0,3801,Graphite,Other
3801 Artificial Graphite; Collodial Graphite & Prep Etc,Taiwan,2020,248546,248546.0,3801,Graphite,Other
3801 Artificial Graphite; Collodial Graphite & Prep Etc,"Korea, South",2013,380953,380953.0,3801,Graphite,Other
3801 Artificial Graphite; Collodial Graphite & Prep Etc,Taiwan,2011,48350,48350.0,3801,Graphite,Other
3801 Artificial Graphite; Collodial Graphite & Prep Etc,"Korea, South",2009,1614939,1614939.0,3801,Graphite,Other
3801 Artificial Graphite; Collodial Graphite & Prep Etc,"Korea, South",2015,1775322,1775322.0,3801,Graphite,Other
3801 Artificial Graphite; Collodial Graphite & Prep Etc,Taiwan,2006,853706,853706.0,3801,Graphite,Other
3801 Artificial Graphite; Collodial Graphite & Prep Etc,Hong Kong,2016,300101,300101.0,3801,Graphite,Other
3801 Artificial Graphite; Collodial Graphite & Prep Etc,Hong Kong,2023,4290,4290.0,3801,Graphite,Other
3801 Artificial Graphite; Collodial Graphite & Prep Etc,Hong Kong,2013,404880,404880.0,3801,Graphite,Other
3801 Artificial Graphite; Collodial Graphite & Prep Etc,Taiwan,2005,378484,378484.0,3801,Graphite,Other
3801 Artificial Graphite; Collodial Graphite & Prep Etc,Taiwan,2023,149648,149648.0,3801,Graphite,Other
3801 Artificial Graphite; Collodial Graphite & Prep Etc,Japan,2004,20386246,20386246.0,3801,Graphite,Other
3801 Artificial Graphite; Collodial Graphite & Prep Etc,Hong Kong,2008,7439,7439.0,3801,Graphite,Other
3801 Artificial Graphite; Collodial Graphite & Prep Etc,Japan,2003,15216075,15216075.0,3801,Graphite,Other
3801 Artificial Graphite; Collodial Graphite & Prep Etc,Japan,2016,22954978,22954978.0,3801,Graphite,Other
3801 Artificial Graphite; Collodial Graphite & Prep Etc,"Korea, South",2025,38074125,38074125.0,3801,Graphite,Other
3801 Artificial Graphite; Collodial Graphite & Prep Etc,"Korea, South",2003,77980,77980.0,3801,Graphite,Other
3801 Artificial Graphite; Collodial Graphite & Prep Etc,"Korea, South",2005,400751,400751.0,3801,Graphite,Other
3801 Artificial Graphite; Collodial Graphite & Prep Etc,Taiwan,2014,39585,39585.0,3801,Graphite,Other
3801 Artificial Graphite; Collodial Graphite & Prep Etc,"Korea, South",2018,5435922,5435922.0,3801,Graphite,Other
3801 Artificial Graphite; Collodial Graphite & Prep Etc,"Korea, South",2007,397757,397757.0,3801,Graphite,Other
3801 Artificial Graphite; Collodial Graphite & Prep Etc,"Korea, South",2010,470984,470984.0,3801,Graphite,Other
3801 Artificial Graphite; Collodial Graphite & Prep Etc,Taiwan,2018,266572,266572.0,3801,Graphite,Other
3801 Artificial Graphite; Collodial Graphite & Prep Etc,Taiwan,2019,258556,258556.0,3801,Graphite,Other
3801 Artificial Graphite; Collodial Graphite & Prep Etc,Taiwan,2012,38384,38384.0,3801,Graphite,Other
3801 Artificial Graphite; Collodial Graphite & Prep Etc,Taiwan,2009,144330,144330.0,3801,Graphite,Other
3801 Artificial Graphite; Collodial Graphite & Prep Etc,Japan,2015,24400006,24400006.0,3801,Graphite,Other
3801 Artificial Graphite; Collodial Graphite & Prep Etc,Taiwan,2017,263919,263919.0,3801,Graphite,Other
3801 Artificial Graphite; Collodial Graphite & Prep Etc,"Korea, South",2022,17025539,17025539.0,3801,Graphite,Other
3801 Artificial Graphite; Collodial Graphite & Prep Etc,Japan,2009,16538687,16538687.0,3801,Graphite,Other
3801 Artificial Graphite; Collodial Graphite & Prep Etc,Japan,2017,50581819,50551701.0,3801,Graphite,Other
3801 Artificial Graphite; Collodial Graphite & Prep Etc,Hong Kong,2005,29811,29811.0,3801,Graphite,Other
3801 Artificial Graphite; Collodial Graphite & Prep Etc,"Korea, South",2019,6185202,6185202.0,3801,Graphite,Other
3801 Artificial Graphite; Collodial Graphite & Prep Etc,Hong Kong,2017,706138,706138.0,3801,Graphite,Other
3801 Artificial Graphite; Collodial Graphite & Prep Etc,"Korea, South",2017,2151049,2151049.0,3801,Graphite,Other
3801 Artificial Graphite; Collodial Graphite & Prep Etc,"Korea, South",2020,6907101,6907101.0,3801,Graphite,Other
3801 Artificial Graphite; Collodial Graphite & Prep Etc,"Korea, South",2011,699986,699986.0,3801,Graphite,Other
3801 Artificial Graphite; Collodial Graphite & Prep Etc,Taiwan,2025,176097,176097.0,3801,Graphite,Other
3801 Artificial Graphite; Collodial Graphite & Prep Etc,Hong Kong,2019,1686720,1686720.0,3801,Graphite,Other
3801 Artificial Graphite; Collodial Graphite & Prep Etc,Taiwan,2021,429933,429933.0,3801,Graphite,Other
3801 Artificial Graphite; Collodial Graphite & Prep Etc,"Korea, South",2002,87957,87957.0,3801,Graphite,Other
3801 Artificial Graphite; Collodial Graphite & Prep Etc,Taiwan,2002,4890,4890.0,3801,Graphite,Other
3801 Artificial Graphite; Collodial Graphite & Prep Etc,Hong Kong,2001,14220,,3801,Graphite,Other
3801 Artificial Graphite; Collodial Graphite & Prep Etc,Taiwan,2015,243066,243066.0,3801,Graphite,Other
3801 Artificial Graphite; Collodial Graphite & Prep Etc,"Korea, South",2006,494125,494125.0,3801,Graphite,Other
3801 Artificial Graphite; Collodial Graphite & Prep Etc,Taiwan,2001,40360,,3801,Graphite,Other
3801 Artificial Graphite; Collodial Graphite & Prep Etc,Japan,2011,39640864,39640864.0,3801,Graphite,Other
3801 Artificial Graphite; Collodial Graphite & Prep Etc,Japan,2002,15362353,15362353.0,3801,Graphite,Other
3801 Artificial Graphite; Collodial Graphite & Prep Etc,"Korea, South",2012,652759,652759.0,3801,Graphite,Other
3801 Artificial Graphite; Collodial Graphite & Prep Etc,Mongolia,2005,3000,3000.0,3801,Graphite,Other
3801 Artificial Graphite; Collodial Graphite & Prep Etc,Japan,2001,18138098,,3801,Graphite,Other
3801 Artificial Graphite; Collodial Graphite & Prep Etc,"Korea, South",2014,1153524,1153524.0,3801,Graphite,Other
3801 Artificial Graphite; Collodial Graphite & Prep Etc,Taiwan,2022,250577,250577.0,3801,Graphite,Other
3801 Artificial Graphite; Collodial Graphite & Prep Etc,Japan,2019,97653117,97602745.0,3801,Graphite,Other
3801 Artificial Graphite; Collodial Graphite & Prep Etc,Japan,2018,88132473,88078596.0,3801,Graphite,Other
3801 Artificial Graphite; Collodial Graphite & Prep Etc,Taiwan,2013,24723,24723.0,3801,Graphite,Other
3801 Artificial Graphite; Collodial Graphite & Prep Etc,Taiwan,2008,89280,89280.0,3801,Graphite,Other
3801 Artificial Graphite; Collodial Graphite & Prep Etc,Taiwan,2016,323271,323271.0,3801,Graphite,Other
3801 Artificial Graphite; Collodial Graphite & Prep Etc,Japan,2024,20005540,19969771.0,3801,Graphite,Other
3801 Artificial Graphite; Collodial Graphite & Prep Etc,Japan,2007,31094255,31094255.0,3801,Graphite,Other
3801 Artificial Graphite; Collodial Graphite & Prep Etc,Taiwan,2007,408284,408284.0,3801,Graphite,Other
3801 Artificial Graphite; Collodial Graphite & Prep Etc,"Korea, South",2024,43657255,43657255.0,3801,Graphite,Other
3801 Artificial Graphite; Collodial Graphite & Prep Etc,Taiwan,2010,82092,82092.0,3801,Graphite,Other
3801 Artificial Graphite; Collodial Graphite & Prep Etc,Japan,2006,26308954,26308954.0,3801,Graphite,Other
3801 Artificial Graphite; Collodial Graphite & Prep Etc,Hong Kong,2024,3651,3651.0,3801,Graphite,Other
3801 Artificial Graphite; Collodial Graphite & Prep Etc,Hong Kong,2018,1135260,1135260.0,3801,Graphite,Other
3801 Artificial Graphite; Collodial Graphite & Prep Etc,"Korea, South",2004,343093,343093.0,3801,Graphite,Other
3801 Artificial Graphite; Collodial Graphite & Prep Etc,Hong Kong,2014,731280,731280.0,3801,Graphite,Other
3801 Artificial Graphite; Collodial Graphite & Prep Etc,Japan,2023,18708924,18692919.0,3801,Graphite,Other
3801 Artificial Graphite; Collodial Graphite & Prep Etc,Taiwan,2004,56232,56232.0,3801,Graphite,Other
3801 Artificial Graphite; Collodial Graphite & Prep Etc,Taiwan,2024,365237,365237.0,3801,Graphite,Other
3801 Artificial Graphite; Collodial Graphite & Prep Etc,Japan,2021,34847113,34785617.0,3801,Graphite,Other
3801 Artificial Graphite; Collodial Graphite & Prep Etc,Japan,2013,24466247,24466247.0,3801,Graphite,Other
3801 Artificial Graphite; Collodial Graphite & Prep Etc,Hong Kong,2015,724126,724126.0,3801,Graphite,Other
3801 Artificial Graphite; Collodial Graphite & Prep Etc,Japan,2010,30159593,30159593.0,3801,Graphite,Other
3801 Artificial Graphite; Collodial Graphite & Prep Etc,Japan,2005,22046546,22046546.0,3801,Graphite,Other
3801 Artificial Graphite; Collodial Graphite & Prep Etc,Japan,2025,6722356,6702738.0,3801,Graphite,Other
3801 Artificial Graphite; Collodial Graphite & Prep Etc,"Korea, South",2001,194267,,3801,Graphite,Other
3801 Artificial Graphite; Collodial Graphite & Prep Etc,Japan,2008,27876576,27876576.0,3801,Graphite,Other
3801 Artificial Graphite; Collodial Graphite & Prep Etc,"Korea, South",2023,27208166,27208166.0,3801,Graphite,Other
3801 Artificial Graphite; Collodial Graphite & Prep Etc,Japan,2022,27145201,27108567.0,3801,Graphite,Other
"3910 Silicones, In Primary Forms","Korea, South",2012,10981950,10704986.0,3910,Silicon,Other
"3910 Silicones, In Primary Forms",Taiwan,2015,737096,737096.0,3910,Silicon,Other
"3910 Silicones, In Primary Forms",Japan,2018,138625551,138321699.0,3910,Silicon,Other
"3910 Silicones, In Primary Forms",Hong Kong,2001,181730,,3910,Silicon,Other
"3910 Silicones, In Primary Forms",Taiwan,2018,2535752,2447913.0,3910,Silicon,Other
"3910 Silicones, In Primary Forms",Hong Kong,2016,3120,3120.0,3910,Silicon,Other
"3910 Silicones, In Primary Forms",Japan,2012,132171571,130172593.0,3910,Silicon,Other
"3910 Silicones, In Primary Forms","Korea, South",2011,6999481,6870476.0,3910,Silicon,Other
"3910 Silicones, In Primary Forms",Hong Kong,2012,4240,4240.0,3910,Silicon,Other
"3910 Silicones, In Primary Forms",Taiwan,2019,2681001,2681001.0,3910,Silicon,Other
"3910 Silicones, In Primary Forms",Hong Kong,2017,134168,134168.0,3910,Silicon,Other
"3910 Silicones, In Primary Forms",Japan,2014,113015995,112469609.0,3910,Silicon,Other
"3910 Silicones, In Primary Forms",Hong Kong,2020,25145,25145.0,3910,Silicon,Other
"3910 Silicones, In Primary Forms",Hong Kong,2014,89492,89492.0,3910,Silicon,Other
"3910 Silicones, In Primary Forms","Korea, South",2016,11178946,11681539.0,3910,Silicon,Other
"3910 Silicones, In Primary Forms","Korea, South",2015,9762605,9271154.0,3910,Silicon,Other
"3910 Silicones, In Primary Forms","Korea, South",2014,15585106,15080615.0,3910,Silicon,Other
"3910 Silicones, In Primary Forms",Hong Kong,2013,3754,3754.0,3910,Silicon,Other
"3910 Silicones, In Primary Forms",Hong Kong,2011,86546,86546.0,3910,Silicon,Other
"3910 Silicones, In Primary Forms",Japan,2017,133824603,131140770.0,3910,Silicon,Other
"3910 Silicones, In Primary Forms",Japan,2016,108057010,105868018.0,3910,Silicon,Other
"3910 Silicones, In Primary Forms","Korea, South",2019,8779422,8767022.0,3910,Silicon,Other
"3910 Silicones, In Primary Forms",Japan,2011,143386001,143323425.0,3910,Silicon,Other
"3910 Silicones, In Primary Forms","Korea, South",2013,16969028,16447070.0,3910,Silicon,Other
"3910 Silicones, In Primary Forms",Taiwan,2017,2682114,2682114.0,3910,Silicon,Other
"3910 Silicones, In Primary Forms","Korea, South",2009,2933597,2933597.0,3910,Silicon,Other
"3910 Silicones, In Primary Forms",Hong Kong,2018,12656,12656.0,3910,Silicon,Other
"3910 Silicones, In Primary Forms",Taiwan,2011,1178642,1178642.0,3910,Silicon,Other
"3910 Silicones, In Primary Forms",Taiwan,2020,3047498,3047498.0,3910,Silicon,Other
"3910 Silicones, In Primary Forms",Taiwan,2014,1803767,1803767.0,3910,Silicon,Other
"3910 Silicones, In Primary Forms",Taiwan,2016,2175716,2175716.0,3910,Silicon,Other
"3910 Silicones, In Primary Forms",Japan,2015,118348453,113879780.0,3910,Silicon,Other
"3910 Silicones, In Primary Forms",Japan,2008,111199182,109982108.0,3910,Silicon,Other
"3910 Silicones, In Primary Forms",Japan,2020,115595525,114218868.0,3910,Silicon,Other
"3910 Silicones, In Primary Forms",Taiwan,2006,191880,191880.0,3910,Silicon,Other
"3910 Silicones, In Primary Forms",Mongolia,2018,48941,48941.0,3910,Silicon,Other
"3910 Silicones, In Primary Forms",Hong Kong,2015,11626,11626.0,3910,Silicon,Other
"3910 Silicones, In Primary Forms","Korea, South",2004,631316,631316.0,3910,Silicon,Other
"3910 Silicones, In Primary Forms","Korea, South",2017,14056014,14069545.0,3910,Silicon,Other
"3910 Silicones, In Primary Forms","Korea, South",2018,15396747,15568805.0,3910,Silicon,Other
"3910 Silicones, In Primary Forms",Taiwan,2013,1613744,1613744.0,3910,Silicon,Other
"3910 Silicones, In Primary Forms",Japan,2002,58478673,57482902.0,3910,Silicon,Other
"3910 Silicones, In Primary Forms","Korea, South",2001,1287410,,3910,Silicon,Other
"3910 Silicones, In Primary Forms",Hong Kong,2023,196134,196134.0,3910,Silicon,Other
"3910 Silicones, In Primary Forms","Korea, South",2010,5109134,5109134.0,3910,Silicon,Other
"3910 Silicones, In Primary Forms",Japan,2005,74440429,73740054.0,3910,Silicon,Other
"3910 Silicones, In Primary Forms",Taiwan,2012,1315700,1315700.0,3910,Silicon,Other
"3910 Silicones, In Primary Forms",Hong Kong,2003,524,524.0,3910,Silicon,Other
"3910 Silicones, In Primary Forms",Japan,2004,73710266,72687080.0,3910,Silicon,Other
"3910 Silicones, In Primary Forms",Japan,2003,64207197,63862567.0,3910,Silicon,Other
"3910 Silicones, In Primary Forms",Hong Kong,2010,103040,103040.0,3910,Silicon,Other
"3910 Silicones, In Primary Forms","Korea, South",2002,635419,635419.0,3910,Silicon,Other
"3910 Silicones, In Primary Forms","Korea, South",2020,8256237,8270967.0,3910,Silicon,Other
"3910 Silicones, In Primary Forms",Japan,2007,96223159,95454753.0,3910,Silicon,Other
"3910 Silicones, In Primary Forms",Japan,2022,201650415,198871727.0,3910,Silicon,Other
"3910 Silicones, In Primary Forms",Japan,2006,72580176,71777893.0,3910,Silicon,Other
"3910 Silicones, In Primary Forms",Hong Kong,2002,22772,22772.0,3910,Silicon,Other
"3910 Silicones, In Primary Forms","Korea, South",2007,3296812,3296812.0,3910,Silicon,Other
"3910 Silicones, In Primary Forms","Korea, South",2023,22883051,22850411.0,3910,Silicon,Other
"3910 Silicones, In Primary Forms",Hong Kong,2007,165880,165880.0,3910,Silicon,Other
"3910 Silicones, In Primary Forms",Taiwan,2010,664932,664932.0,3910,Silicon,Other
"3910 Silicones, In Primary Forms",Taiwan,2009,287460,287460.0,3910,Silicon,Other
"3910 Silicones, In Primary Forms",Taiwan,2007,232172,232172.0,3910,Silicon,Other
"3910 Silicones, In Primary Forms",Taiwan,2002,172605,172605.0,3910,Silicon,Other
"3910 Silicones, In Primary Forms",Taiwan,2004,128327,128327.0,3910,Silicon,Other
"3910 Silicones, In Primary Forms","Korea, South",2008,2686538,2686538.0,3910,Silicon,Other
"3910 Silicones, In Primary Forms",Hong Kong,2006,275388,275388.0,3910,Silicon,Other
"3910 Silicones, In Primary Forms","Korea, South",2003,224580,224580.0,3910,Silicon,Other
"3910 Silicones, In Primary Forms",Japan,2023,154630124,152468163.0,3910,Silicon,Other
"3910 Silicones, In Primary Forms",Taiwan,2001,101753,,3910,Silicon,Other
"3910 Silicones, In Primary Forms",Hong Kong,2008,663589,663589.0,3910,Silicon,Other
"3910 Silicones, In Primary Forms","Korea, South",2006,1577094,1577094.0,3910,Silicon,Other
"3910 Silicones, In Primary Forms",Macau,2008,1784,1784.0,3910,Silicon,Other
"3910 Silicones, In Primary Forms",Japan,2024,155653123,152394601.0,3910,Silicon,Other
"3910 Silicones, In Primary Forms",Taiwan,2021,1101708,1102143.0,3910,Silicon,Other
"3910 Silicones, In Primary Forms",Taiwan,2025,1473838,1473838.0,3910,Silicon,Other
"3910 Silicones, In Primary Forms",Taiwan,2024,2390571,2392224.0,3910,Silicon,Other
"3910 Silicones, In Primary Forms",Hong Kong,2025,654,654.0,3910,Silicon,Other
"3910 Silicones, In Primary Forms",Japan,2025,83853602,82252487.0,3910,Silicon,Other
"3910 Silicones, In Primary Forms",Japan,2019,138396191,135141842.0,3910,Silicon,Other
"3910 Silicones, In Primary Forms",Hong Kong,2022,121456,121456.0,3910,Silicon,Other
"3910 Silicones, In Primary Forms",Taiwan,2023,1595973,1597072.0,3910,Silicon,Other
"3910 Silicones, In Primary Forms",Hong Kong,2004,133855,133855.0,3910,Silicon,Other
"3910 Silicones, In Primary Forms","Korea, South",2022,44606986,44606986.0,3910,Silicon,Other
"3910 Silicones, In Primary Forms",Japan,2010,151003657,148612060.0,3910,Silicon,Other
"3910 Silicones, In Primary Forms",Mongolia,2023,42400,42400.0,3910,Silicon,Other
"3910 Silicones, In Primary Forms",Hong Kong,2024,101316,101316.0,3910,Silicon,Other
"3910 Silicones, In Primary Forms",Japan,2021,142758652,140877521.0,3910,Silicon,Other
"3910 Silicones, In Primary Forms",Taiwan,2022,2080522,2079357.0,3910,Silicon,Other
"3910 Silicones, In Primary Forms",Hong Kong,2021,94085,94085.0,3910,Silicon,Other
"3910 Silicones, In Primary Forms",Japan,2013,119257636,118330948.0,3910,Silicon,Other
"3910 Silicones, In Primary Forms","Korea, South",2005,2017774,2017774.0,3910,Silicon,Other
"3910 Silicones, In Primary Forms",Japan,2001,55294878,,3910,Silicon,Other
"3910 Silicones, In Primary Forms",Hong Kong,2009,745188,745188.0,3910,Silicon,Other
"3910 Silicones, In Primary Forms",Taiwan,2008,424639,424639.0,3910,Silicon,Other
"3910 Silicones, In Primary Forms","Korea, South",2024,24723047,24534439.0,3910,Silicon,Other
"3910 Silicones, In Primary Forms",Taiwan,2005,46303,46303.0,3910,Silicon,Other
"3910 Silicones, In Primary Forms","Korea, South",2021,13334170,13378033.0,3910,Silicon,Other
"3910 Silicones, In Primary Forms","Korea, South",2025,14572832,14576103.0,3910,Silicon,Other
"3910 Silicones, In Primary Forms",Taiwan,2003,564217,564217.0,3910,Silicon,Other
"3910 Silicones, In Primary Forms",Japan,2009,106437230,99757478.0,3910,Silicon,Other
"3910 Silicones, In Primary Forms",Hong Kong,2005,108256,108256.0,3910,Silicon,Other
"7110 Platinum, Unwrought, Semimfr Forms Or In Powder Fm","Korea, South",2001,2070742,,7110,Platinum Group Metals,Other
"7110 Platinum, Unwrought, Semimfr Forms Or In Powder Fm",Hong Kong,2016,50882,50882.0,7110,Platinum Group Metals,Other
"7110 Platinum, Unwrought, Semimfr Forms Or In Powder Fm","Korea, South",2013,91454708,91454708.0,7110,Platinum Group Metals,Other
"7110 Platinum, Unwrought, Semimfr Forms Or In Powder Fm",Hong Kong,2013,9819,9819.0,7110,Platinum Group Metals,Other
"7110 Platinum, Unwrought, Semimfr Forms Or In Powder Fm",Taiwan,2025,487400,487400.0,7110,Platinum Group Metals,Other
"7110 Platinum, Unwrought, Semimfr Forms Or In Powder Fm",Japan,2023,157368108,157368108.0,7110,Platinum Group Metals,Other
"7110 Platinum, Unwrought, Semimfr Forms Or In Powder Fm",Hong Kong,2021,3133249,3133249.0,7110,Platinum Group Metals,Other
"7110 Platinum, Unwrought, Semimfr Forms Or In Powder Fm",Taiwan,2010,5944620,5944620.0,7110,Platinum Group Metals,Other
"7110 Platinum, Unwrought, Semimfr Forms Or In Powder Fm",Taiwan,2024,890098,890098.0,7110,Platinum Group Metals,Other
"7110 Platinum, Unwrought, Semimfr Forms Or In Powder Fm","Korea, South",2003,10233093,10233093.0,7110,Platinum Group Metals,Other
"7110 Platinum, Unwrought, Semimfr Forms Or In Powder Fm",Taiwan,2018,4764535,4764535.0,7110,Platinum Group Metals,Other
"7110 Platinum, Unwrought, Semimfr Forms Or In Powder Fm",Japan,2021,105640196,105640196.0,7110,Platinum Group Metals,Other
"7110 Platinum, Unwrought, Semimfr Forms Or In Powder Fm",Hong Kong,2003,4988,4988.0,7110,Platinum Group Metals,Other
"7110 Platinum, Unwrought, Semimfr Forms Or In Powder Fm",Hong Kong,2002,25032,25032.0,7110,Platinum Group Metals,Other
"7110 Platinum, Unwrought, Semimfr Forms Or In Powder Fm",Hong Kong,2010,5670,5670.0,7110,Platinum Group Metals,Other
"7110 Platinum, Unwrought, Semimfr Forms Or In Powder Fm",Hong Kong,2020,13888,13888.0,7110,Platinum Group Metals,Other
"7110 Platinum, Unwrought, Semimfr Forms Or In Powder Fm",Japan,2014,35620759,35620759.0,7110,Platinum Group Metals,Other
"7110 Platinum, Unwrought, Semimfr Forms Or In Powder Fm","Korea, South",2007,32376657,32376657.0,7110,Platinum Group Metals,Other
"7110 Platinum, Unwrought, Semimfr Forms Or In Powder Fm","Korea, South",2005,4096646,4096646.0,7110,Platinum Group Metals,Other
"7110 Platinum, Unwrought, Semimfr Forms Or In Powder Fm","Korea, South",2016,57431934,57431934.0,7110,Platinum Group Metals,Other
"7110 Platinum, Unwrought, Semimfr Forms Or In Powder Fm",Taiwan,2004,131606,131606.0,7110,Platinum Group Metals,Other
"7110 Platinum, Unwrought, Semimfr Forms Or In Powder Fm",Hong Kong,2014,1200059,1200059.0,7110,Platinum Group Metals,Other
"7110 Platinum, Unwrought, Semimfr Forms Or In Powder Fm","Korea, South",2018,21324914,21324914.0,7110,Platinum Group Metals,Other
"7110 Platinum, Unwrought, Semimfr Forms Or In Powder Fm","Korea, South",2012,64007499,64007499.0,7110,Platinum Group Metals,Other
"7110 Platinum, Unwrought, Semimfr Forms Or In Powder Fm",Hong Kong,2006,171323,171323.0,7110,Platinum Group Metals,Other
"7110 Platinum, Unwrought, Semimfr Forms Or In Powder Fm","Korea, South",2019,26392725,26392725.0,7110,Platinum Group Metals,Other
"7110 Platinum, Unwrought, Semimfr Forms Or In Powder Fm","Korea, South",2002,8960360,8960360.0,7110,Platinum Group Metals,Other
"7110 Platinum, Unwrought, Semimfr Forms Or In Powder Fm",Japan,2019,84170895,84170895.0,7110,Platinum Group Metals,Other
"7110 Platinum, Unwrought, Semimfr Forms Or In Powder Fm",Taiwan,2016,4448949,4448949.0,7110,Platinum Group Metals,Other
"7110 Platinum, Unwrought, Semimfr Forms Or In Powder Fm",Japan,2011,90478759,90543918.0,7110,Platinum Group Metals,Other
"7110 Platinum, Unwrought, Semimfr Forms Or In Powder Fm",Taiwan,2011,1733862,1733862.0,7110,Platinum Group Metals,Other
"7110 Platinum, Unwrought, Semimfr Forms Or In Powder Fm",Japan,2007,56957347,56957347.0,7110,Platinum Group Metals,Other
"7110 Platinum, Unwrought, Semimfr Forms Or In Powder Fm",Japan,2015,19059775,19059775.0,7110,Platinum Group Metals,Other
"7110 Platinum, Unwrought, Semimfr Forms Or In Powder Fm",Japan,2018,39498474,39498474.0,7110,Platinum Group Metals,Other
"7110 Platinum, Unwrought, Semimfr Forms Or In Powder Fm",Japan,2012,52000932,52000932.0,7110,Platinum Group Metals,Other
"7110 Platinum, Unwrought, Semimfr Forms Or In Powder Fm","Korea, South",2021,582887234,582887234.0,7110,Platinum Group Metals,Other
"7110 Platinum, Unwrought, Semimfr Forms Or In Powder Fm",Japan,2020,98437397,98437397.0,7110,Platinum Group Metals,Other
"7110 Platinum, Unwrought, Semimfr Forms Or In Powder Fm","Korea, South",2014,190446107,190446107.0,7110,Platinum Group Metals,Other
"7110 Platinum, Unwrought, Semimfr Forms Or In Powder Fm",Japan,2009,17085560,17085560.0,7110,Platinum Group Metals,Other
"7110 Platinum, Unwrought, Semimfr Forms Or In Powder Fm",Japan,2002,37723082,37723082.0,7110,Platinum Group Metals,Other
"7110 Platinum, Unwrought, Semimfr Forms Or In Powder Fm",Hong Kong,2007,1815495,1815495.0,7110,Platinum Group Metals,Other
"7110 Platinum, Unwrought, Semimfr Forms Or In Powder Fm",Taiwan,2017,7342178,7342178.0,7110,Platinum Group Metals,Other
"7110 Platinum, Unwrought, Semimfr Forms Or In Powder Fm",Taiwan,2014,844167,844167.0,7110,Platinum Group Metals,Other
"7110 Platinum, Unwrought, Semimfr Forms Or In Powder Fm","Korea, South",2025,104342370,104342370.0,7110,Platinum Group Metals,Other
"7110 Platinum, Unwrought, Semimfr Forms Or In Powder Fm",Taiwan,2020,23524350,23524350.0,7110,Platinum Group Metals,Other
"7110 Platinum, Unwrought, Semimfr Forms Or In Powder Fm","Korea, South",2024,228499677,228499677.0,7110,Platinum Group Metals,Other
"7110 Platinum, Unwrought, Semimfr Forms Or In Powder Fm",Japan,2022,306462618,306462618.0,7110,Platinum Group Metals,Other
"7110 Platinum, Unwrought, Semimfr Forms Or In Powder Fm","Korea, South",2017,7340364,7340364.0,7110,Platinum Group Metals,Other
"7110 Platinum, Unwrought, Semimfr Forms Or In Powder Fm","Korea, South",2004,5576403,5576403.0,7110,Platinum Group Metals,Other
"7110 Platinum, Unwrought, Semimfr Forms Or In Powder Fm",Taiwan,2006,14810,14810.0,7110,Platinum Group Metals,Other
"7110 Platinum, Unwrought, Semimfr Forms Or In Powder Fm",Japan,2005,30298722,30298722.0,7110,Platinum Group Metals,Other
"7110 Platinum, Unwrought, Semimfr Forms Or In Powder Fm",Taiwan,2015,532371,532371.0,7110,Platinum Group Metals,Other
"7110 Platinum, Unwrought, Semimfr Forms Or In Powder Fm","Korea, South",2023,321153696,321153696.0,7110,Platinum Group Metals,Other
"7110 Platinum, Unwrought, Semimfr Forms Or In Powder Fm",Hong Kong,2018,366626,366626.0,7110,Platinum Group Metals,Other
"7110 Platinum, Unwrought, Semimfr Forms Or In Powder Fm",Japan,2004,38268806,38268806.0,7110,Platinum Group Metals,Other
"7110 Platinum, Unwrought, Semimfr Forms Or In Powder Fm",Hong Kong,2017,2700,2700.0,7110,Platinum Group Metals,Other
"7110 Platinum, Unwrought, Semimfr Forms Or In Powder Fm","Korea, South",2015,240252950,240252950.0,7110,Platinum Group Metals,Other
"7110 Platinum, Unwrought, Semimfr Forms Or In Powder Fm",Taiwan,2022,6166144,6166144.0,7110,Platinum Group Metals,Other
"7110 Platinum, Unwrought, Semimfr Forms Or In Powder Fm",Taiwan,2019,14996062,14996062.0,7110,Platinum Group Metals,Other
"7110 Platinum, Unwrought, Semimfr Forms Or In Powder Fm","Korea, South",2011,13817767,13817767.0,7110,Platinum Group Metals,Other
"7110 Platinum, Unwrought, Semimfr Forms Or In Powder Fm",Taiwan,2023,1439343,1439343.0,7110,Platinum Group Metals,Other
"7110 Platinum, Unwrought, Semimfr Forms Or In Powder Fm","Korea, South",2009,603125,603125.0,7110,Platinum Group Metals,Other
"7110 Platinum, Unwrought, Semimfr Forms Or In Powder Fm",Japan,2001,135477601,,7110,Platinum Group Metals,Other
"7110 Platinum, Unwrought, Semimfr Forms Or In Powder Fm","Korea, South",2020,90811221,90811221.0,7110,Platinum Group Metals,Other
"7110 Platinum, Unwrought, Semimfr Forms Or In Powder Fm",Hong Kong,2011,534307,534307.0,7110,Platinum Group Metals,Other
"7110 Platinum, Unwrought, Semimfr Forms Or In Powder Fm",Taiwan,2001,360757,,7110,Platinum Group Metals,Other
"7110 Platinum, Unwrought, Semimfr Forms Or In Powder Fm",Hong Kong,2008,428157,428157.0,7110,Platinum Group Metals,Other
"7110 Platinum, Unwrought, Semimfr Forms Or In Powder Fm","Korea, South",2006,406211,406211.0,7110,Platinum Group Metals,Other
"7110 Platinum, Unwrought, Semimfr Forms Or In Powder Fm",Hong Kong,2022,18500900,18500900.0,7110,Platinum Group Metals,Other
"7110 Platinum, Unwrought, Semimfr Forms Or In Powder Fm","Korea, South",2022,308822017,308822017.0,7110,Platinum Group Metals,Other
"7110 Platinum, Unwrought, Semimfr Forms Or In Powder Fm",Japan,2017,40995680,40995680.0,7110,Platinum Group Metals,Other
"7110 Platinum, Unwrought, Semimfr Forms Or In Powder Fm",Hong Kong,2019,494894,494894.0,7110,Platinum Group Metals,Other
"7110 Platinum, Unwrought, Semimfr Forms Or In Powder Fm",Japan,2010,43524697,43524697.0,7110,Platinum Group Metals,Other
"7110 Platinum, Unwrought, Semimfr Forms Or In Powder Fm",Japan,2016,22948716,22948716.0,7110,Platinum Group Metals,Other
"7110 Platinum, Unwrought, Semimfr Forms Or In Powder Fm",Taiwan,2021,31368505,31368505.0,7110,Platinum Group Metals,Other
"7110 Platinum, Unwrought, Semimfr Forms Or In Powder Fm",Taiwan,2002,20575,20575.0,7110,Platinum Group Metals,Other
"7110 Platinum, Unwrought, Semimfr Forms Or In Powder Fm",Japan,2013,90544419,90544419.0,7110,Platinum Group Metals,Other
"7110 Platinum, Unwrought, Semimfr Forms Or In Powder Fm",Taiwan,2005,4742,4742.0,7110,Platinum Group Metals,Other
"7110 Platinum, Unwrought, Semimfr Forms Or In Powder Fm",Hong Kong,2024,350000,350000.0,7110,Platinum Group Metals,Other
"7110 Platinum, Unwrought, Semimfr Forms Or In Powder Fm",Japan,2003,33765475,33765475.0,7110,Platinum Group Metals,Other
"7110 Platinum, Unwrought, Semimfr Forms Or In Powder Fm","Korea, South",2010,15323501,15323501.0,7110,Platinum Group Metals,Other
"7110 Platinum, Unwrought, Semimfr Forms Or In Powder Fm",Japan,2024,57344686,57344686.0,7110,Platinum Group Metals,Other
"7110 Platinum, Unwrought, Semimfr Forms Or In Powder Fm",Taiwan,2007,5639844,5639844.0,7110,Platinum Group Metals,Other
"7110 Platinum, Unwrought, Semimfr Forms Or In Powder Fm",Taiwan,2013,524692,524692.0,7110,Platinum Group Metals,Other
"7110 Platinum, Unwrought, Semimfr Forms Or In Powder Fm",Japan,2025,75930875,75930875.0,7110,Platinum Group Metals,Other
"7110 Platinum, Unwrought, Semimfr Forms Or In Powder Fm",Taiwan,2008,736044,736044.0,7110,Platinum Group Metals,Other
"7110 Platinum, Unwrought, Semimfr Forms Or In Powder Fm",Hong Kong,2001,13722910,,7110,Platinum Group Metals,Other
"7110 Platinum, Unwrought, Semimfr Forms Or In Powder Fm",Hong Kong,2023,204150,204150.0,7110,Platinum Group Metals,Other
"7110 Platinum, Unwrought, Semimfr Forms Or In Powder Fm",Japan,2008,37187801,37187801.0,7110,Platinum Group Metals,Other
"7110 Platinum, Unwrought, Semimfr Forms Or In Powder Fm",Taiwan,2009,3867410,3867410.0,7110,Platinum Group Metals,Other
"7110 Platinum, Unwrought, Semimfr Forms Or In Powder Fm","Korea, South",2008,376789,376789.0,7110,Platinum Group Metals,Other
"7110 Platinum, Unwrought, Semimfr Forms Or In Powder Fm",Japan,2006,56587116,56587116.0,7110,Platinum Group Metals,Other
"7110 Platinum, Unwrought, Semimfr Forms Or In Powder Fm",Taiwan,2012,4316,4316.0,7110,Platinum Group Metals,Other
"7110 Platinum, Unwrought, Semimfr Forms Or In Powder Fm",Hong Kong,2004,299002,299002.0,7110,Platinum Group Metals,Other
"711041 Iridium, Osmium And Ruthenium, Unwrought Or Powder",Taiwan,2018,850574,850574.0,711041,Platinum Group Metals,Other
"711041 Iridium, Osmium And Ruthenium, Unwrought Or Powder",Japan,2015,134969,134969.0,711041,Platinum Group Metals,Other
"711041 Iridium, Osmium And Ruthenium, Unwrought Or Powder","Korea, South",2020,41282,41282.0,711041,Platinum Group Metals,Other
"711041 Iridium, Osmium And Ruthenium, Unwrought Or Powder",Japan,2017,202013,202013.0,711041,Platinum Group Metals,Other
"711041 Iridium, Osmium And Ruthenium, Unwrought Or Powder",Hong Kong,2018,354550,354550.0,711041,Platinum Group Metals,Other
"711041 Iridium, Osmium And Ruthenium, Unwrought Or Powder","Korea, South",2019,79736,79736.0,711041,Platinum Group Metals,Other
"711041 Iridium, Osmium And Ruthenium, Unwrought Or Powder",Japan,2018,169978,169978.0,711041,Platinum Group Metals,Other
"711041 Iridium, Osmium And Ruthenium, Unwrought Or Powder",Hong Kong,2019,492724,492724.0,711041,Platinum Group Metals,Other
"711041 Iridium, Osmium And Ruthenium, Unwrought Or Powder",Japan,2019,2534354,2534354.0,711041,Platinum Group Metals,Other
"711041 Iridium, Osmium And Ruthenium, Unwrought Or Powder",Japan,2020,2031823,2031823.0,711041,Platinum Group Metals,Other
"711041 Iridium, Osmium And Ruthenium, Unwrought Or Powder",Taiwan,2014,217449,217449.0,711041,Platinum Group Metals,Other
"711041 Iridium, Osmium And Ruthenium, Unwrought Or Powder",Japan,2005,78436,78436.0,711041,Platinum Group Metals,Other
"711041 Iridium, Osmium And Ruthenium, Unwrought Or Powder",Taiwan,2005,2393,2393.0,711041,Platinum Group Metals,Other
"711041 Iridium, Osmium And Ruthenium, Unwrought Or Powder",Japan,2014,3643,3643.0,711041,Platinum Group Metals,Other
"711041 Iridium, Osmium And Ruthenium, Unwrought Or Powder",Japan,2003,9685,9685.0,711041,Platinum Group Metals,Other
"711041 Iridium, Osmium And Ruthenium, Unwrought Or Powder",Japan,2001,2438,,711041,Platinum Group Metals,Other
"711041 Iridium, Osmium And Ruthenium, Unwrought Or Powder",Japan,2021,18596742,18596742.0,711041,Platinum Group Metals,Other
"711041 Iridium, Osmium And Ruthenium, Unwrought Or Powder",Hong Kong,2022,2508,2508.0,711041,Platinum Group Metals,Other
"711041 Iridium, Osmium And Ruthenium, Unwrought Or Powder",Japan,2022,14493871,14493871.0,711041,Platinum Group Metals,Other
"711041 Iridium, Osmium And Ruthenium, Unwrought Or Powder","Korea, South",2023,201071,201071.0,711041,Platinum Group Metals,Other
"711041 Iridium, Osmium And Ruthenium, Unwrought Or Powder",Japan,2023,12538046,12538046.0,711041,Platinum Group Metals,Other
"711041 Iridium, Osmium And Ruthenium, Unwrought Or Powder",Japan,2024,8080911,8080911.0,711041,Platinum Group Metals,Other
"711041 Iridium, Osmium And Ruthenium, Unwrought Or Powder",Japan,2025,3579436,3579436.0,711041,Platinum Group Metals,Other
"711041 Iridium, Osmium And Ruthenium, Unwrought Or Powder","Korea, South",2022,405000,405000.0,711041,Platinum Group Metals,Other
"711041 Iridium, Osmium And Ruthenium, Unwrought Or Powder",Japan,2006,284663,284663.0,711041,Platinum Group Metals,Other
"711041 Iridium, Osmium And Ruthenium, Unwrought Or Powder",Hong Kong,2007,1138374,1138374.0,711041,Platinum Group Metals,Other
"711041 Iridium, Osmium And Ruthenium, Unwrought Or Powder",Japan,2013,344017,344017.0,711041,Platinum Group Metals,Other
"711041 Iridium, Osmium And Ruthenium, Unwrought Or Powder",Japan,2011,1172154,1172154.0,711041,Platinum Group Metals,Other
"711041 Iridium, Osmium And Ruthenium, Unwrought Or Powder",Taiwan,2011,2530,2530.0,711041,Platinum Group Metals,Other
"711041 Iridium, Osmium And Ruthenium, Unwrought Or Powder",Japan,2012,1349663,1349663.0,711041,Platinum Group Metals,Other
"711041 Iridium, Osmium And Ruthenium, Unwrought Or Powder",Japan,2009,1925318,1925318.0,711041,Platinum Group Metals,Other
"711041 Iridium, Osmium And Ruthenium, Unwrought Or Powder",Japan,2008,4701244,4701244.0,711041,Platinum Group Metals,Other
"711041 Iridium, Osmium And Ruthenium, Unwrought Or Powder",Taiwan,2008,12421,12421.0,711041,Platinum Group Metals,Other
"711041 Iridium, Osmium And Ruthenium, Unwrought Or Powder",Japan,2007,2166743,2166743.0,711041,Platinum Group Metals,Other
"711041 Iridium, Osmium And Ruthenium, Unwrought Or Powder",Japan,2010,3375226,3375226.0,711041,Platinum Group Metals,Other
"711041 Iridium, Osmium And Ruthenium, Unwrought Or Powder",Taiwan,2007,4068993,4068993.0,711041,Platinum Group Metals,Other
"711049 Iridium, Osmium And Ruthenium, Semimanufactured",Japan,2015,3516817,3516817.0,711049,Platinum Group Metals,Other
"711049 Iridium, Osmium And Ruthenium, Semimanufactured",Japan,2016,3241498,3241498.0,711049,Platinum Group Metals,Other
"711049 Iridium, Osmium And Ruthenium, Semimanufactured",Japan,2018,2745216,2745216.0,711049,Platinum Group Metals,Other
"711049 Iridium, Osmium And Ruthenium, Semimanufactured",Japan,2019,4187312,4187312.0,711049,Platinum Group Metals,Other
"711049 Iridium, Osmium And Ruthenium, Semimanufactured",Japan,2020,3545939,3545939.0,711049,Platinum Group Metals,Other
"711049 Iridium, Osmium And Ruthenium, Semimanufactured",Japan,2017,4311130,4311130.0,711049,Platinum Group Metals,Other
"711049 Iridium, Osmium And Ruthenium, Semimanufactured",Taiwan,2015,2030,2030.0,711049,Platinum Group Metals,Other
"711049 Iridium, Osmium And Ruthenium, Semimanufactured",Taiwan,2017,4851,4851.0,711049,Platinum Group Metals,Other
"711049 Iridium, Osmium And Ruthenium, Semimanufactured",Japan,2014,1150129,1150129.0,711049,Platinum Group Metals,Other
"711049 Iridium, Osmium And Ruthenium, Semimanufactured",Taiwan,2023,7800,7800.0,711049,Platinum Group Metals,Other
"711049 Iridium, Osmium And Ruthenium, Semimanufactured","Korea, South",2023,4735,4735.0,711049,Platinum Group Metals,Other
"711049 Iridium, Osmium And Ruthenium, Semimanufactured",Japan,2010,250032,250032.0,711049,Platinum Group Metals,Other
"711049 Iridium, Osmium And Ruthenium, Semimanufactured",Japan,2009,198376,198376.0,711049,Platinum Group Metals,Other
"711049 Iridium, Osmium And Ruthenium, Semimanufactured",Japan,2008,854477,854477.0,711049,Platinum Group Metals,Other
"711049 Iridium, Osmium And Ruthenium, Semimanufactured","Korea, South",2008,21022,21022.0,711049,Platinum Group Metals,Other
"711049 Iridium, Osmium And Ruthenium, Semimanufactured",Hong Kong,2007,2121,2121.0,711049,Platinum Group Metals,Other
"711049 Iridium, Osmium And Ruthenium, Semimanufactured",Japan,2006,219399,219399.0,711049,Platinum Group Metals,Other
"711049 Iridium, Osmium And Ruthenium, Semimanufactured",Taiwan,2006,3456,3456.0,711049,Platinum Group Metals,Other
"711049 Iridium, Osmium And Ruthenium, Semimanufactured",Japan,2023,6005130,6005130.0,711049,Platinum Group Metals,Other
"711049 Iridium, Osmium And Ruthenium, Semimanufactured",Hong Kong,2006,138600,138600.0,711049,Platinum Group Metals,Other
"711049 Iridium, Osmium And Ruthenium, Semimanufactured",Japan,2004,2543,2543.0,711049,Platinum Group Metals,Other
"711049 Iridium, Osmium And Ruthenium, Semimanufactured",Japan,2003,3362,3362.0,711049,Platinum Group Metals,Other
"711049 Iridium, Osmium And Ruthenium, Semimanufactured",Japan,2001,336887,,711049,Platinum Group Metals,Other
"711049 Iridium, Osmium And Ruthenium, Semimanufactured",Japan,2022,3223689,3223689.0,711049,Platinum Group Metals,Other
"711049 Iridium, Osmium And Ruthenium, Semimanufactured",Taiwan,2022,4500,4500.0,711049,Platinum Group Metals,Other
"711049 Iridium, Osmium And Ruthenium, Semimanufactured",Japan,2021,7207668,7207668.0,711049,Platinum Group Metals,Other
"711049 Iridium, Osmium And Ruthenium, Semimanufactured",Taiwan,2021,2769,2769.0,711049,Platinum Group Metals,Other
"711049 Iridium, Osmium And Ruthenium, Semimanufactured",Japan,2005,90290,90290.0,711049,Platinum Group Metals,Other
"711049 Iridium, Osmium And Ruthenium, Semimanufactured",Japan,2007,5048263,5048263.0,711049,Platinum Group Metals,Other
"711049 Iridium, Osmium And Ruthenium, Semimanufactured",Japan,2011,187038,187038.0,711049,Platinum Group Metals,Other
"711049 Iridium, Osmium And Ruthenium, Semimanufactured",Japan,2012,13145,13145.0,711049,Platinum Group Metals,Other
"711049 Iridium, Osmium And Ruthenium, Semimanufactured",Japan,2025,3203891,3203891.0,711049,Platinum Group Metals,Other
"711049 Iridium, Osmium And Ruthenium, Semimanufactured",Hong Kong,2014,3356,3356.0,711049,Platinum Group Metals,Other
"711049 Iridium, Osmium And Ruthenium, Semimanufactured",Japan,2024,4431181,4431181.0,711049,Platinum Group Metals,Other
"711049 Iridium, Osmium And Ruthenium, Semimanufactured",Japan,2013,2989004,2989004.0,711049,Platinum Group Metals,Other
"711049 Iridium, Osmium And Ruthenium, Semimanufactured",Taiwan,2013,2770,2770.0,711049,Platinum Group Metals,Other
7225 Fl-rl Alloy Steel Nesoi Nun 600mm Wide,"Korea, South",2005,19637824,19637824.0,7225,Alloy Steel,Other
7225 Fl-rl Alloy Steel Nesoi Nun 600mm Wide,"Korea, South",2023,164506456,159121783.0,7225,Alloy Steel,Other
7225 Fl-rl Alloy Steel Nesoi Nun 600mm Wide,Japan,2008,203228802,203228802.0,7225,Alloy Steel,Other
7225 Fl-rl Alloy Steel Nesoi Nun 600mm Wide,"Korea, South",2010,45802007,45802007.0,7225,Alloy Steel,Other
7225 Fl-rl Alloy Steel Nesoi Nun 600mm Wide,Japan,2011,265637284,261078509.0,7225,Alloy Steel,Other
7225 Fl-rl Alloy Steel Nesoi Nun 600mm Wide,Taiwan,2020,264767,264767.0,7225,Alloy Steel,Other
7225 Fl-rl Alloy Steel Nesoi Nun 600mm Wide,Japan,2010,244502542,244502542.0,7225,Alloy Steel,Other
7225 Fl-rl Alloy Steel Nesoi Nun 600mm Wide,Japan,2022,53507215,44982328.0,7225,Alloy Steel,Other
7225 Fl-rl Alloy Steel Nesoi Nun 600mm Wide,"Korea, South",2012,65544495,63180487.0,7225,Alloy Steel,Other
7225 Fl-rl Alloy Steel Nesoi Nun 600mm Wide,Taiwan,2003,921253,921253.0,7225,Alloy Steel,Other
7225 Fl-rl Alloy Steel Nesoi Nun 600mm Wide,"Korea, South",2008,34776528,34776528.0,7225,Alloy Steel,Other
7225 Fl-rl Alloy Steel Nesoi Nun 600mm Wide,Japan,2007,172809665,172809665.0,7225,Alloy Steel,Other
7225 Fl-rl Alloy Steel Nesoi Nun 600mm Wide,Japan,2001,106783996,,7225,Alloy Steel,Other
7225 Fl-rl Alloy Steel Nesoi Nun 600mm Wide,"Korea, South",2021,117937707,114253979.0,7225,Alloy Steel,Other
7225 Fl-rl Alloy Steel Nesoi Nun 600mm Wide,Taiwan,2021,314816,314816.0,7225,Alloy Steel,Other
7225 Fl-rl Alloy Steel Nesoi Nun 600mm Wide,Japan,2005,142061787,139602689.0,7225,Alloy Steel,Other
7225 Fl-rl Alloy Steel Nesoi Nun 600mm Wide,Taiwan,2017,1844797,1844797.0,7225,Alloy Steel,Other
7225 Fl-rl Alloy Steel Nesoi Nun 600mm Wide,Japan,2006,192773762,192773762.0,7225,Alloy Steel,Other
7225 Fl-rl Alloy Steel Nesoi Nun 600mm Wide,Taiwan,2007,424690,424690.0,7225,Alloy Steel,Other
7225 Fl-rl Alloy Steel Nesoi Nun 600mm Wide,Taiwan,2013,33365402,33365402.0,7225,Alloy Steel,Other
7225 Fl-rl Alloy Steel Nesoi Nun 600mm Wide,Taiwan,2025,2746,2746.0,7225,Alloy Steel,Other
7225 Fl-rl Alloy Steel Nesoi Nun 600mm Wide,Taiwan,2018,472547,472547.0,7225,Alloy Steel,Other
7225 Fl-rl Alloy Steel Nesoi Nun 600mm Wide,Taiwan,2016,17604087,17604087.0,7225,Alloy Steel,Other
7225 Fl-rl Alloy Steel Nesoi Nun 600mm Wide,Japan,2017,113351266,112832549.0,7225,Alloy Steel,Other
7225 Fl-rl Alloy Steel Nesoi Nun 600mm Wide,Taiwan,2005,238868,238868.0,7225,Alloy Steel,Other
7225 Fl-rl Alloy Steel Nesoi Nun 600mm Wide,Hong Kong,2013,60191,60191.0,7225,Alloy Steel,Other
7225 Fl-rl Alloy Steel Nesoi Nun 600mm Wide,Japan,2002,57261752,51877088.0,7225,Alloy Steel,Other
7225 Fl-rl Alloy Steel Nesoi Nun 600mm Wide,Taiwan,2009,3094395,3094395.0,7225,Alloy Steel,Other
7225 Fl-rl Alloy Steel Nesoi Nun 600mm Wide,Taiwan,2001,2152036,,7225,Alloy Steel,Other
7225 Fl-rl Alloy Steel Nesoi Nun 600mm Wide,Japan,2014,232625454,235597798.0,7225,Alloy Steel,Other
7225 Fl-rl Alloy Steel Nesoi Nun 600mm Wide,"Korea, South",2002,10494600,10494600.0,7225,Alloy Steel,Other
7225 Fl-rl Alloy Steel Nesoi Nun 600mm Wide,Japan,2012,263594388,263594388.0,7225,Alloy Steel,Other
7225 Fl-rl Alloy Steel Nesoi Nun 600mm Wide,"Korea, South",2003,4242418,4242418.0,7225,Alloy Steel,Other
7225 Fl-rl Alloy Steel Nesoi Nun 600mm Wide,"Korea, South",2019,111397458,109115762.0,7225,Alloy Steel,Other
7225 Fl-rl Alloy Steel Nesoi Nun 600mm Wide,Japan,2020,40092974,36726728.0,7225,Alloy Steel,Other
7225 Fl-rl Alloy Steel Nesoi Nun 600mm Wide,Japan,2018,103163569,103163569.0,7225,Alloy Steel,Other
7225 Fl-rl Alloy Steel Nesoi Nun 600mm Wide,Japan,2023,37149602,37149602.0,7225,Alloy Steel,Other
7225 Fl-rl Alloy Steel Nesoi Nun 600mm Wide,"Korea, South",2016,110074935,110694685.0,7225,Alloy Steel,Other
7225 Fl-rl Alloy Steel Nesoi Nun 600mm Wide,Taiwan,2010,3074808,3074808.0,7225,Alloy Steel,Other
7225 Fl-rl Alloy Steel Nesoi Nun 600mm Wide,"Korea, South",2018,127893697,127841212.0,7225,Alloy Steel,Other
7225 Fl-rl Alloy Steel Nesoi Nun 600mm Wide,Taiwan,2011,10359965,10359965.0,7225,Alloy Steel,Other
7225 Fl-rl Alloy Steel Nesoi Nun 600mm Wide,Taiwan,2012,48103618,48103618.0,7225,Alloy Steel,Other
7225 Fl-rl Alloy Steel Nesoi Nun 600mm Wide,Japan,2019,67452355,66859573.0,7225,Alloy Steel,Other
7225 Fl-rl Alloy Steel Nesoi Nun 600mm Wide,Hong Kong,2015,20344,20344.0,7225,Alloy Steel,Other
7225 Fl-rl Alloy Steel Nesoi Nun 600mm Wide,"Korea, South",2013,96370663,95134051.0,7225,Alloy Steel,Other
7225 Fl-rl Alloy Steel Nesoi Nun 600mm Wide,"Korea, South",2022,132013078,125288613.0,7225,Alloy Steel,Other
7225 Fl-rl Alloy Steel Nesoi Nun 600mm Wide,"Korea, South",2014,119124569,119112999.0,7225,Alloy Steel,Other
7225 Fl-rl Alloy Steel Nesoi Nun 600mm Wide,Hong Kong,2008,17035,17035.0,7225,Alloy Steel,Other
7225 Fl-rl Alloy Steel Nesoi Nun 600mm Wide,"Korea, South",2006,43798823,43798823.0,7225,Alloy Steel,Other
7225 Fl-rl Alloy Steel Nesoi Nun 600mm Wide,Taiwan,2024,179062,179062.0,7225,Alloy Steel,Other
7225 Fl-rl Alloy Steel Nesoi Nun 600mm Wide,Hong Kong,2016,9973,9973.0,7225,Alloy Steel,Other
7225 Fl-rl Alloy Steel Nesoi Nun 600mm Wide,Japan,2021,38859996,37646366.0,7225,Alloy Steel,Other
7225 Fl-rl Alloy Steel Nesoi Nun 600mm Wide,Hong Kong,2001,3197,,7225,Alloy Steel,Other
7225 Fl-rl Alloy Steel Nesoi Nun 600mm Wide,Taiwan,2002,1919831,1919831.0,7225,Alloy Steel,Other
7225 Fl-rl Alloy Steel Nesoi Nun 600mm Wide,"Korea, South",2009,22829942,22829942.0,7225,Alloy Steel,Other
7225 Fl-rl Alloy Steel Nesoi Nun 600mm Wide,Japan,2015,236894427,236891073.0,7225,Alloy Steel,Other
7225 Fl-rl Alloy Steel Nesoi Nun 600mm Wide,"Korea, South",2025,76353333,73072212.0,7225,Alloy Steel,Other
7225 Fl-rl Alloy Steel Nesoi Nun 600mm Wide,"Korea, South",2017,119189167,119189167.0,7225,Alloy Steel,Other
7225 Fl-rl Alloy Steel Nesoi Nun 600mm Wide,Japan,2003,66080605,60755155.0,7225,Alloy Steel,Other
7225 Fl-rl Alloy Steel Nesoi Nun 600mm Wide,"Korea, South",2020,81051736,83353400.0,7225,Alloy Steel,Other
7225 Fl-rl Alloy Steel Nesoi Nun 600mm Wide,Taiwan,2019,905988,905988.0,7225,Alloy Steel,Other
7225 Fl-rl Alloy Steel Nesoi Nun 600mm Wide,Taiwan,2014,35757693,35757693.0,7225,Alloy Steel,Other
7225 Fl-rl Alloy Steel Nesoi Nun 600mm Wide,Taiwan,2022,28718,28718.0,7225,Alloy Steel,Other
7225 Fl-rl Alloy Steel Nesoi Nun 600mm Wide,"Korea, South",2011,64370133,64370133.0,7225,Alloy Steel,Other
7225 Fl-rl Alloy Steel Nesoi Nun 600mm Wide,"Korea, South",2015,135014835,135108745.0,7225,Alloy Steel,Other
7225 Fl-rl Alloy Steel Nesoi Nun 600mm Wide,"Korea, South",2004,6400097,6400097.0,7225,Alloy Steel,Other
7225 Fl-rl Alloy Steel Nesoi Nun 600mm Wide,Japan,2024,59646848,57640967.0,7225,Alloy Steel,Other
7225 Fl-rl Alloy Steel Nesoi Nun 600mm Wide,"Korea, South",2024,189727008,188968430.0,7225,Alloy Steel,Other
7225 Fl-rl Alloy Steel Nesoi Nun 600mm Wide,"Korea, South",2007,33648779,33648779.0,7225,Alloy Steel,Other
7225 Fl-rl Alloy Steel Nesoi Nun 600mm Wide,Taiwan,2008,4313956,4313956.0,7225,Alloy Steel,Other
7225 Fl-rl Alloy Steel Nesoi Nun 600mm Wide,Taiwan,2015,50756663,50756663.0,7225,Alloy Steel,Other
7225 Fl-rl Alloy Steel Nesoi Nun 600mm Wide,"Korea, South",2001,18984447,,7225,Alloy Steel,Other
7225 Fl-rl Alloy Steel Nesoi Nun 600mm Wide,Taiwan,2004,1418796,1418796.0,7225,Alloy Steel,Other
7225 Fl-rl Alloy Steel Nesoi Nun 600mm Wide,Japan,2025,29177656,23392413.0,7225,Alloy Steel,Other
7225 Fl-rl Alloy Steel Nesoi Nun 600mm Wide,Japan,2004,113938099,110307498.0,7225,Alloy Steel,Other
7225 Fl-rl Alloy Steel Nesoi Nun 600mm Wide,Japan,2013,241737640,241737640.0,7225,Alloy Steel,Other
7225 Fl-rl Alloy Steel Nesoi Nun 600mm Wide,Taiwan,2006,379757,379757.0,7225,Alloy Steel,Other
7225 Fl-rl Alloy Steel Nesoi Nun 600mm Wide,Japan,2009,165625859,165625859.0,7225,Alloy Steel,Other
7225 Fl-rl Alloy Steel Nesoi Nun 600mm Wide,Japan,2016,139525230,139524732.0,7225,Alloy Steel,Other
7226 Fl-rl Alloy Steel Nesoi Un 600mm Wide,Japan,2016,29999515,29968173.0,7226,Alloy Steel,Other
7226 Fl-rl Alloy Steel Nesoi Un 600mm Wide,Japan,2025,14392624,14392624.0,7226,Alloy Steel,Other
7226 Fl-rl Alloy Steel Nesoi Un 600mm Wide,Japan,2020,30789925,30789925.0,7226,Alloy Steel,Other
7226 Fl-rl Alloy Steel Nesoi Un 600mm Wide,"Korea, South",2023,2821828,2821828.0,7226,Alloy Steel,Other
7226 Fl-rl Alloy Steel Nesoi Un 600mm Wide,Taiwan,2016,140169,140169.0,7226,Alloy Steel,Other
7226 Fl-rl Alloy Steel Nesoi Un 600mm Wide,Japan,2019,27684335,27684335.0,7226,Alloy Steel,Other
7226 Fl-rl Alloy Steel Nesoi Un 600mm Wide,Japan,2024,49738086,49738086.0,7226,Alloy Steel,Other
7226 Fl-rl Alloy Steel Nesoi Un 600mm Wide,Taiwan,2023,21747,21747.0,7226,Alloy Steel,Other
7226 Fl-rl Alloy Steel Nesoi Un 600mm Wide,"Korea, South",2024,3166863,3243446.0,7226,Alloy Steel,Other
7226 Fl-rl Alloy Steel Nesoi Un 600mm Wide,Taiwan,2011,1627978,1627978.0,7226,Alloy Steel,Other
7226 Fl-rl Alloy Steel Nesoi Un 600mm Wide,Japan,2013,51875526,51862509.0,7226,Alloy Steel,Other
7226 Fl-rl Alloy Steel Nesoi Un 600mm Wide,Hong Kong,2013,3875,3875.0,7226,Alloy Steel,Other
7226 Fl-rl Alloy Steel Nesoi Un 600mm Wide,Taiwan,2021,557221,557221.0,7226,Alloy Steel,Other
7226 Fl-rl Alloy Steel Nesoi Un 600mm Wide,"Korea, South",2021,698006,698006.0,7226,Alloy Steel,Other
7226 Fl-rl Alloy Steel Nesoi Un 600mm Wide,Taiwan,2020,8303,8303.0,7226,Alloy Steel,Other
7226 Fl-rl Alloy Steel Nesoi Un 600mm Wide,"Korea, South",2014,442255,442255.0,7226,Alloy Steel,Other
7226 Fl-rl Alloy Steel Nesoi Un 600mm Wide,Taiwan,2004,10311,10311.0,7226,Alloy Steel,Other
7226 Fl-rl Alloy Steel Nesoi Un 600mm Wide,Taiwan,2003,149925,149925.0,7226,Alloy Steel,Other
7226 Fl-rl Alloy Steel Nesoi Un 600mm Wide,"Korea, South",2009,2115127,2115127.0,7226,Alloy Steel,Other
7226 Fl-rl Alloy Steel Nesoi Un 600mm Wide,Taiwan,2009,976695,976695.0,7226,Alloy Steel,Other
7226 Fl-rl Alloy Steel Nesoi Un 600mm Wide,"Korea, South",2002,320373,320373.0,7226,Alloy Steel,Other
7226 Fl-rl Alloy Steel Nesoi Un 600mm Wide,Japan,2005,9842541,9842541.0,7226,Alloy Steel,Other
7226 Fl-rl Alloy Steel Nesoi Un 600mm Wide,Japan,2002,7113010,7115965.0,7226,Alloy Steel,Other
7226 Fl-rl Alloy Steel Nesoi Un 600mm Wide,Taiwan,2001,61588,,7226,Alloy Steel,Other
7226 Fl-rl Alloy Steel Nesoi Un 600mm Wide,"Korea, South",2007,1509691,1509691.0,7226,Alloy Steel,Other
7226 Fl-rl Alloy Steel Nesoi Un 600mm Wide,Japan,2001,11891937,,7226,Alloy Steel,Other
7226 Fl-rl Alloy Steel Nesoi Un 600mm Wide,"Korea, South",2010,2468725,2468725.0,7226,Alloy Steel,Other
7226 Fl-rl Alloy Steel Nesoi Un 600mm Wide,"Korea, South",2011,1380878,1380878.0,7226,Alloy Steel,Other
7226 Fl-rl Alloy Steel Nesoi Un 600mm Wide,"Korea, South",2019,843772,857438.0,7226,Alloy Steel,Other
7226 Fl-rl Alloy Steel Nesoi Un 600mm Wide,"Korea, South",2020,666145,666145.0,7226,Alloy Steel,Other
7226 Fl-rl Alloy Steel Nesoi Un 600mm Wide,Taiwan,2018,31841,31841.0,7226,Alloy Steel,Other
7226 Fl-rl Alloy Steel Nesoi Un 600mm Wide,"Korea, South",2001,258802,,7226,Alloy Steel,Other
7226 Fl-rl Alloy Steel Nesoi Un 600mm Wide,Taiwan,2015,17028,17028.0,7226,Alloy Steel,Other
7226 Fl-rl Alloy Steel Nesoi Un 600mm Wide,"Korea, South",2005,289315,289315.0,7226,Alloy Steel,Other
7226 Fl-rl Alloy Steel Nesoi Un 600mm Wide,Japan,2007,14603326,14603326.0,7226,Alloy Steel,Other
7226 Fl-rl Alloy Steel Nesoi Un 600mm Wide,Japan,2006,11882781,11882781.0,7226,Alloy Steel,Other
7226 Fl-rl Alloy Steel Nesoi Un 600mm Wide,"Korea, South",2008,1689179,1689179.0,7226,Alloy Steel,Other
7226 Fl-rl Alloy Steel Nesoi Un 600mm Wide,Japan,2003,9666633,8124948.0,7226,Alloy Steel,Other
7226 Fl-rl Alloy Steel Nesoi Un 600mm Wide,"Korea, South",2004,995136,995136.0,7226,Alloy Steel,Other
7226 Fl-rl Alloy Steel Nesoi Un 600mm Wide,Japan,2017,74813953,73820450.0,7226,Alloy Steel,Other
7226 Fl-rl Alloy Steel Nesoi Un 600mm Wide,Taiwan,2014,695216,695216.0,7226,Alloy Steel,Other
7226 Fl-rl Alloy Steel Nesoi Un 600mm Wide,Japan,2010,57988745,57988745.0,7226,Alloy Steel,Other
7226 Fl-rl Alloy Steel Nesoi Un 600mm Wide,Taiwan,2012,2557709,2557709.0,7226,Alloy Steel,Other
7226 Fl-rl Alloy Steel Nesoi Un 600mm Wide,Taiwan,2008,1858801,1858801.0,7226,Alloy Steel,Other
7226 Fl-rl Alloy Steel Nesoi Un 600mm Wide,Japan,2009,23353417,23353417.0,7226,Alloy Steel,Other
7226 Fl-rl Alloy Steel Nesoi Un 600mm Wide,Japan,2015,30110253,29129343.0,7226,Alloy Steel,Other
7226 Fl-rl Alloy Steel Nesoi Un 600mm Wide,"Korea, South",2013,357529,357529.0,7226,Alloy Steel,Other
7226 Fl-rl Alloy Steel Nesoi Un 600mm Wide,Taiwan,2005,19136,19136.0,7226,Alloy Steel,Other
7226 Fl-rl Alloy Steel Nesoi Un 600mm Wide,Japan,2004,10673031,10113686.0,7226,Alloy Steel,Other
7226 Fl-rl Alloy Steel Nesoi Un 600mm Wide,"Korea, South",2003,306999,306999.0,7226,Alloy Steel,Other
7226 Fl-rl Alloy Steel Nesoi Un 600mm Wide,Japan,2012,46780289,46780289.0,7226,Alloy Steel,Other
7226 Fl-rl Alloy Steel Nesoi Un 600mm Wide,Japan,2018,40031651,40031651.0,7226,Alloy Steel,Other
7226 Fl-rl Alloy Steel Nesoi Un 600mm Wide,Taiwan,2007,221092,221092.0,7226,Alloy Steel,Other
7226 Fl-rl Alloy Steel Nesoi Un 600mm Wide,Taiwan,2002,968907,968907.0,7226,Alloy Steel,Other
7226 Fl-rl Alloy Steel Nesoi Un 600mm Wide,Taiwan,2010,4742175,4742175.0,7226,Alloy Steel,Other
7226 Fl-rl Alloy Steel Nesoi Un 600mm Wide,Japan,2008,18658080,18658080.0,7226,Alloy Steel,Other
7226 Fl-rl Alloy Steel Nesoi Un 600mm Wide,"Korea, South",2006,1100545,1100545.0,7226,Alloy Steel,Other
7226 Fl-rl Alloy Steel Nesoi Un 600mm Wide,Japan,2014,26137608,26137126.0,7226,Alloy Steel,Other
7226 Fl-rl Alloy Steel Nesoi Un 600mm Wide,Taiwan,2019,31167,31167.0,7226,Alloy Steel,Other
7226 Fl-rl Alloy Steel Nesoi Un 600mm Wide,Hong Kong,2004,59333,59333.0,7226,Alloy Steel,Other
7226 Fl-rl Alloy Steel Nesoi Un 600mm Wide,Japan,2011,53158853,53158853.0,7226,Alloy Steel,Other
7226 Fl-rl Alloy Steel Nesoi Un 600mm Wide,"Korea, South",2018,587236,573570.0,7226,Alloy Steel,Other
7226 Fl-rl Alloy Steel Nesoi Un 600mm Wide,Taiwan,2017,39113,39113.0,7226,Alloy Steel,Other
7226 Fl-rl Alloy Steel Nesoi Un 600mm Wide,"Korea, South",2017,703212,703212.0,7226,Alloy Steel,Other
7226 Fl-rl Alloy Steel Nesoi Un 600mm Wide,Hong Kong,2014,26006,26006.0,7226,Alloy Steel,Other
7226 Fl-rl Alloy Steel Nesoi Un 600mm Wide,Taiwan,2024,28987,28987.0,7226,Alloy Steel,Other
7226 Fl-rl Alloy Steel Nesoi Un 600mm Wide,Taiwan,2022,67814,67814.0,7226,Alloy Steel,Other
7226 Fl-rl Alloy Steel Nesoi Un 600mm Wide,"Korea, South",2012,180896,180896.0,7226,Alloy Steel,Other
7226 Fl-rl Alloy Steel Nesoi Un 600mm Wide,"Korea, South",2025,1999604,1999604.0,7226,Alloy Steel,Other
7226 Fl-rl Alloy Steel Nesoi Un 600mm Wide,Japan,2022,57996601,58203034.0,7226,Alloy Steel,Other
7226 Fl-rl Alloy Steel Nesoi Un 600mm Wide,Japan,2023,60391074,60391074.0,7226,Alloy Steel,Other
7226 Fl-rl Alloy Steel Nesoi Un 600mm Wide,"Korea, South",2016,719804,719804.0,7226,Alloy Steel,Other
7226 Fl-rl Alloy Steel Nesoi Un 600mm Wide,"Korea, South",2015,201867,201867.0,7226,Alloy Steel,Other
7226 Fl-rl Alloy Steel Nesoi Un 600mm Wide,"Korea, South",2022,714249,659114.0,7226,Alloy Steel,Other
7226 Fl-rl Alloy Steel Nesoi Un 600mm Wide,Japan,2021,69559587,69559587.0,7226,Alloy Steel,Other
7226 Fl-rl Alloy Steel Nesoi Un 600mm Wide,Taiwan,2013,2375751,2375751.0,7226,Alloy Steel,Other
74 Copper And Articles Thereof,Macau,2017,148786,148786.0,74,Copper,Refined/Articles
74 Copper And Articles Thereof,Taiwan,2019,212678085,212392942.0,74,Copper,Refined/Articles
74 Copper And Articles Thereof,Hong Kong,2015,5219039,5219039.0,74,Copper,Refined/Articles
74 Copper And Articles Thereof,Taiwan,2013,167170720,167007297.0,74,Copper,Refined/Articles
74 Copper And Articles Thereof,Japan,2014,201463016,201083836.0,74,Copper,Refined/Articles
74 Copper And Articles Thereof,Taiwan,2017,177942098,177619247.0,74,Copper,Refined/Articles
74 Copper And Articles Thereof,Hong Kong,2018,16645953,16681188.0,74,Copper,Refined/Articles
74 Copper And Articles Thereof,"Korea, South",2018,239607910,239437149.0,74,Copper,Refined/Articles
74 Copper And Articles Thereof,Taiwan,2014,171610808,171324636.0,74,Copper,Refined/Articles
74 Copper And Articles Thereof,Hong Kong,2013,5866210,5863847.0,74,Copper,Refined/Articles
74 Copper And Articles Thereof,Macau,2018,132604,132604.0,74,Copper,Refined/Articles
74 Copper And Articles Thereof,Macau,2013,2721,2721.0,74,Copper,Refined/Articles
74 Copper And Articles Thereof,Japan,2013,218098240,217134496.0,74,Copper,Refined/Articles
74 Copper And Articles Thereof,Taiwan,2018,203814034,203832999.0,74,Copper,Refined/Articles
74 Copper And Articles Thereof,Taiwan,2015,173640434,172741338.0,74,Copper,Refined/Articles
74 Copper And Articles Thereof,Hong Kong,2020,1508216,1508216.0,74,Copper,Refined/Articles
74 Copper And Articles Thereof,Japan,2012,173821099,172064719.0,74,Copper,Refined/Articles
74 Copper And Articles Thereof,Japan,2019,309167339,281650707.0,74,Copper,Refined/Articles
74 Copper And Articles Thereof,Hong Kong,2024,1595110,1595110.0,74,Copper,Refined/Articles
74 Copper And Articles Thereof,Taiwan,2022,321923940,321831607.0,74,Copper,Refined/Articles
74 Copper And Articles Thereof,Taiwan,2023,226881075,227345795.0,74,Copper,Refined/Articles
74 Copper And Articles Thereof,Japan,2023,187959691,181810480.0,74,Copper,Refined/Articles
74 Copper And Articles Thereof,Macau,2025,52838,52838.0,74,Copper,Refined/Articles
74 Copper And Articles Thereof,Japan,2022,235985976,228234524.0,74,Copper,Refined/Articles
74 Copper And Articles Thereof,Japan,2024,187013848,192251906.0,74,Copper,Refined/Articles
74 Copper And Articles Thereof,Hong Kong,2022,4568404,4568404.0,74,Copper,Refined/Articles
74 Copper And Articles Thereof,"Korea, South",2022,592306181,591122722.0,74,Copper,Refined/Articles
74 Copper And Articles Thereof,Macau,2023,3000,3000.0,74,Copper,Refined/Articles
74 Copper And Articles Thereof,Hong Kong,2025,1864313,1732295.0,74,Copper,Refined/Articles
74 Copper And Articles Thereof,"Korea, South",2024,594568582,593123683.0,74,Copper,Refined/Articles
74 Copper And Articles Thereof,Hong Kong,2021,2091315,2109287.0,74,Copper,Refined/Articles
74 Copper And Articles Thereof,Macau,2022,185961,185961.0,74,Copper,Refined/Articles
74 Copper And Articles Thereof,Japan,2021,222467426,208792236.0,74,Copper,Refined/Articles
74 Copper And Articles Thereof,Taiwan,2024,243887815,245479998.0,74,Copper,Refined/Articles
74 Copper And Articles Thereof,"Korea, South",2025,476948037,471960732.0,74,Copper,Refined/Articles
74 Copper And Articles Thereof,Taiwan,2025,158726094,158857819.0,74,Copper,Refined/Articles
74 Copper And Articles Thereof,Hong Kong,2023,3302592,3291648.0,74,Copper,Refined/Articles
74 Copper And Articles Thereof,"Korea, South",2021,458509401,458728071.0,74,Copper,Refined/Articles
74 Copper And Articles Thereof,Japan,2025,218332052,221074583.0,74,Copper,Refined/Articles
74 Copper And Articles Thereof,Taiwan,2021,256007706,255702970.0,74,Copper,Refined/Articles
74 Copper And Articles Thereof,"Korea, South",2023,591814791,591889334.0,74,Copper,Refined/Articles
74 Copper And Articles Thereof,Hong Kong,2016,5750874,5740796.0,74,Copper,Refined/Articles
74 Copper And Articles Thereof,Taiwan,2005,159906947,159797450.0,74,Copper,Refined/Articles
74 Copper And Articles Thereof,Taiwan,2007,174784160,174804872.0,74,Copper,Refined/Articles
74 Copper And Articles Thereof,"Korea, South",2003,43187855,43187855.0,74,Copper,Refined/Articles
74 Copper And Articles Thereof,Japan,2007,234394844,233002735.0,74,Copper,Refined/Articles
74 Copper And Articles Thereof,Japan,2016,125012555,123605829.0,74,Copper,Refined/Articles
74 Copper And Articles Thereof,Taiwan,2012,165435769,165379863.0,74,Copper,Refined/Articles
74 Copper And Articles Thereof,"Korea, South",2015,254282588,253796013.0,74,Copper,Refined/Articles
74 Copper And Articles Thereof,Hong Kong,2012,11247013,11247013.0,74,Copper,Refined/Articles
74 Copper And Articles Thereof,"Korea, South",2007,136437570,136250369.0,74,Copper,Refined/Articles
74 Copper And Articles Thereof,"Korea, South",2011,281302397,279397182.0,74,Copper,Refined/Articles
74 Copper And Articles Thereof,Hong Kong,2005,5289155,5289155.0,74,Copper,Refined/Articles
74 Copper And Articles Thereof,"Korea, South",2013,301598837,301479987.0,74,Copper,Refined/Articles
74 Copper And Articles Thereof,Macau,2003,9727,9727.0,74,Copper,Refined/Articles
74 Copper And Articles Thereof,Japan,2017,212419611,184428980.0,74,Copper,Refined/Articles
74 Copper And Articles Thereof,Japan,2015,160605342,159835089.0,74,Copper,Refined/Articles
74 Copper And Articles Thereof,Taiwan,2020,188533836,188492548.0,74,Copper,Refined/Articles
74 Copper And Articles Thereof,"Korea, South",2008,147245544,147134407.0,74,Copper,Refined/Articles
74 Copper And Articles Thereof,"Korea, South",2014,317694418,317620651.0,74,Copper,Refined/Articles
74 Copper And Articles Thereof,Taiwan,2016,159574746,158370829.0,74,Copper,Refined/Articles
74 Copper And Articles Thereof,"Korea, South",2001,45622615,,74,Copper,Refined/Articles
74 Copper And Articles Thereof,"Korea, South",2002,37746931,37761027.0,74,Copper,Refined/Articles
74 Copper And Articles Thereof,"Korea, South",2019,246983389,247000170.0,74,Copper,Refined/Articles
74 Copper And Articles Thereof,"Korea, South",2009,78287800,78175790.0,74,Copper,Refined/Articles
74 Copper And Articles Thereof,Japan,2005,159708612,158033213.0,74,Copper,Refined/Articles
74 Copper And Articles Thereof,Taiwan,2004,169463842,169646529.0,74,Copper,Refined/Articles
74 Copper And Articles Thereof,"Korea, South",2016,179151281,178984622.0,74,Copper,Refined/Articles
74 Copper And Articles Thereof,Japan,2010,152934243,151642954.0,74,Copper,Refined/Articles
74 Copper And Articles Thereof,Hong Kong,2004,6503683,6503683.0,74,Copper,Refined/Articles
74 Copper And Articles Thereof,Hong Kong,2019,2759841,2738828.0,74,Copper,Refined/Articles
74 Copper And Articles Thereof,Hong Kong,2010,4660825,4660825.0,74,Copper,Refined/Articles
74 Copper And Articles Thereof,Macau,2011,2913,2913.0,74,Copper,Refined/Articles
74 Copper And Articles Thereof,Taiwan,2006,178443475,178389189.0,74,Copper,Refined/Articles
74 Copper And Articles Thereof,"Korea, South",2017,217290051,217164421.0,74,Copper,Refined/Articles
74 Copper And Articles Thereof,Taiwan,2008,149102498,149069711.0,74,Copper,Refined/Articles
74 Copper And Articles Thereof,Japan,2003,128482323,127826990.0,74,Copper,Refined/Articles
74 Copper And Articles Thereof,Japan,2011,172224947,170318399.0,74,Copper,Refined/Articles
74 Copper And Articles Thereof,Japan,2008,210791703,209698020.0,74,Copper,Refined/Articles
74 Copper And Articles Thereof,"Korea, South",2005,83435299,83235876.0,74,Copper,Refined/Articles
74 Copper And Articles Thereof,Mongolia,2007,29216,29216.0,74,Copper,Refined/Articles
74 Copper And Articles Thereof,Hong Kong,2006,5390530,5390530.0,74,Copper,Refined/Articles
74 Copper And Articles Thereof,"Korea, South",2004,74200816,74200816.0,74,Copper,Refined/Articles
74 Copper And Articles Thereof,Japan,2001,194627412,,74,Copper,Refined/Articles
74 Copper And Articles Thereof,"Korea, South",2010,190522534,190437482.0,74,Copper,Refined/Articles
74 Copper And Articles Thereof,Hong Kong,2002,4149764,4191762.0,74,Copper,Refined/Articles
74 Copper And Articles Thereof,Hong Kong,2007,6831745,6831745.0,74,Copper,Refined/Articles
74 Copper And Articles Thereof,Taiwan,2010,131808904,131810157.0,74,Copper,Refined/Articles
74 Copper And Articles Thereof,Japan,2018,270128259,262372727.0,74,Copper,Refined/Articles
74 Copper And Articles Thereof,Taiwan,2003,152960877,153261331.0,74,Copper,Refined/Articles
74 Copper And Articles Thereof,Hong Kong,2001,5752998,,74,Copper,Refined/Articles
74 Copper And Articles Thereof,Hong Kong,2014,4031411,4018434.0,74,Copper,Refined/Articles
74 Copper And Articles Thereof,Hong Kong,2008,7271500,7271500.0,74,Copper,Refined/Articles
74 Copper And Articles Thereof,Hong Kong,2011,7183139,7177859.0,74,Copper,Refined/Articles
74 Copper And Articles Thereof,Taiwan,2002,152788649,152649373.0,74,Copper,Refined/Articles
74 Copper And Articles Thereof,Japan,2002,135139047,134595116.0,74,Copper,Refined/Articles
74 Copper And Articles Thereof,Japan,2004,158363458,157312178.0,74,Copper,Refined/Articles
74 Copper And Articles Thereof,Hong Kong,2009,3780945,3780945.0,74,Copper,Refined/Articles
74 Copper And Articles Thereof,"Korea, South",2012,264670996,264576339.0,74,Copper,Refined/Articles
74 Copper And Articles Thereof,Hong Kong,2003,3054224,3230526.0,74,Copper,Refined/Articles
74 Copper And Articles Thereof,"Korea, South",2006,126211433,126061694.0,74,Copper,Refined/Articles
74 Copper And Articles Thereof,Macau,2008,9726,9726.0,74,Copper,Refined/Articles
74 Copper And Articles Thereof,Taiwan,2009,92457052,92397608.0,74,Copper,Refined/Articles
74 Copper And Articles Thereof,Japan,2009,96518358,96268259.0,74,Copper,Refined/Articles
74 Copper And Articles Thereof,Macau,2007,3440,3440.0,74,Copper,Refined/Articles
74 Copper And Articles Thereof,Taiwan,2001,161707093,,74,Copper,Refined/Articles
74 Copper And Articles Thereof,"Korea, South",2020,270324819,269900186.0,74,Copper,Refined/Articles
74 Copper And Articles Thereof,Japan,2020,214657881,201618253.0,74,Copper,Refined/Articles
74 Copper And Articles Thereof,Macau,2012,14456,14456.0,74,Copper,Refined/Articles
74 Copper And Articles Thereof,Taiwan,2011,152173070,152143776.0,74,Copper,Refined/Articles
74 Copper And Articles Thereof,Hong Kong,2017,9515458,9515458.0,74,Copper,Refined/Articles
74 Copper And Articles Thereof,Macau,2004,2194,2194.0,74,Copper,Refined/Articles
74 Copper And Articles Thereof,Japan,2006,230148699,229046332.0,74,Copper,Refined/Articles
75 Nickel And Articles Thereof,"Korea, South",2015,13104283,13104283.0,75,Nickel,Refined/Articles
75 Nickel And Articles Thereof,Taiwan,2006,4973167,4973167.0,75,Nickel,Refined/Articles
75 Nickel And Articles Thereof,Hong Kong,2008,61510,61510.0,75,Nickel,Refined/Articles
75 Nickel And Articles Thereof,Japan,2009,43544666,43503727.0,75,Nickel,Refined/Articles
75 Nickel And Articles Thereof,Taiwan,2012,38322777,38321808.0,75,Nickel,Refined/Articles
75 Nickel And Articles Thereof,Taiwan,2003,2536811,2536811.0,75,Nickel,Refined/Articles
75 Nickel And Articles Thereof,Taiwan,2009,9666861,9666861.0,75,Nickel,Refined/Articles
75 Nickel And Articles Thereof,Japan,2024,212525150,215004538.0,75,Nickel,Refined/Articles
75 Nickel And Articles Thereof,Japan,2002,33754878,33754878.0,75,Nickel,Refined/Articles
75 Nickel And Articles Thereof,Hong Kong,2014,2061758,2061758.0,75,Nickel,Refined/Articles
75 Nickel And Articles Thereof,Japan,2011,66908248,66491271.0,75,Nickel,Refined/Articles
75 Nickel And Articles Thereof,Hong Kong,2007,349041,349041.0,75,Nickel,Refined/Articles
75 Nickel And Articles Thereof,Japan,2008,39239390,39221294.0,75,Nickel,Refined/Articles
75 Nickel And Articles Thereof,Japan,2007,54312422,54662884.0,75,Nickel,Refined/Articles
75 Nickel And Articles Thereof,Japan,2019,136867722,146964887.0,75,Nickel,Refined/Articles
75 Nickel And Articles Thereof,Hong Kong,2005,214930,214930.0,75,Nickel,Refined/Articles
75 Nickel And Articles Thereof,Japan,2014,119112051,119088529.0,75,Nickel,Refined/Articles
75 Nickel And Articles Thereof,"Korea, South",2007,541248,541248.0,75,Nickel,Refined/Articles
75 Nickel And Articles Thereof,Hong Kong,2018,370017,370017.0,75,Nickel,Refined/Articles
75 Nickel And Articles Thereof,Taiwan,2004,4092814,4092814.0,75,Nickel,Refined/Articles
75 Nickel And Articles Thereof,Hong Kong,2012,37400,37400.0,75,Nickel,Refined/Articles
75 Nickel And Articles Thereof,"Korea, South",2005,1217443,1217443.0,75,Nickel,Refined/Articles
75 Nickel And Articles Thereof,"Korea, South",2014,31702453,31702453.0,75,Nickel,Refined/Articles
75 Nickel And Articles Thereof,"Korea, South",2020,4632721,4635899.0,75,Nickel,Refined/Articles
75 Nickel And Articles Thereof,"Korea, South",2009,15613058,15613058.0,75,Nickel,Refined/Articles
75 Nickel And Articles Thereof,Japan,2022,145589592,149050603.0,75,Nickel,Refined/Articles
75 Nickel And Articles Thereof,Hong Kong,2019,130277,130277.0,75,Nickel,Refined/Articles
75 Nickel And Articles Thereof,Japan,2006,44334570,44557831.0,75,Nickel,Refined/Articles
75 Nickel And Articles Thereof,Japan,2018,121148255,122032945.0,75,Nickel,Refined/Articles
75 Nickel And Articles Thereof,Hong Kong,2017,608286,608286.0,75,Nickel,Refined/Articles
75 Nickel And Articles Thereof,"Korea, South",2011,4267444,4267444.0,75,Nickel,Refined/Articles
75 Nickel And Articles Thereof,Taiwan,2002,2886423,1069271.0,75,Nickel,Refined/Articles
75 Nickel And Articles Thereof,Japan,2010,66153975,65840055.0,75,Nickel,Refined/Articles
75 Nickel And Articles Thereof,Hong Kong,2009,94094,94094.0,75,Nickel,Refined/Articles
75 Nickel And Articles Thereof,Taiwan,2021,20078925,22894531.0,75,Nickel,Refined/Articles
75 Nickel And Articles Thereof,"Korea, South",2022,18722055,18522181.0,75,Nickel,Refined/Articles
75 Nickel And Articles Thereof,Hong Kong,2002,112136,112136.0,75,Nickel,Refined/Articles
75 Nickel And Articles Thereof,Hong Kong,2010,136239,116325.0,75,Nickel,Refined/Articles
75 Nickel And Articles Thereof,Japan,2016,87161792,86690376.0,75,Nickel,Refined/Articles
75 Nickel And Articles Thereof,Hong Kong,2006,287658,287658.0,75,Nickel,Refined/Articles
75 Nickel And Articles Thereof,Taiwan,2001,3090309,,75,Nickel,Refined/Articles
75 Nickel And Articles Thereof,Hong Kong,2003,196013,196013.0,75,Nickel,Refined/Articles
75 Nickel And Articles Thereof,"Korea, South",2010,28699055,28699055.0,75,Nickel,Refined/Articles
75 Nickel And Articles Thereof,"Korea, South",2002,427638,427638.0,75,Nickel,Refined/Articles
75 Nickel And Articles Thereof,Hong Kong,2004,161177,161177.0,75,Nickel,Refined/Articles
75 Nickel And Articles Thereof,Taiwan,2013,48766699,48754033.0,75,Nickel,Refined/Articles
75 Nickel And Articles Thereof,Taiwan,2018,28647901,29015495.0,75,Nickel,Refined/Articles
75 Nickel And Articles Thereof,Taiwan,2010,13435345,13435345.0,75,Nickel,Refined/Articles
75 Nickel And Articles Thereof,Taiwan,2020,27356230,27568504.0,75,Nickel,Refined/Articles
75 Nickel And Articles Thereof,Japan,2021,78571412,87846865.0,75,Nickel,Refined/Articles
75 Nickel And Articles Thereof,Japan,2012,74870863,73707679.0,75,Nickel,Refined/Articles
75 Nickel And Articles Thereof,Japan,2015,110382709,112737915.0,75,Nickel,Refined/Articles
75 Nickel And Articles Thereof,Taiwan,2011,17513117,17513117.0,75,Nickel,Refined/Articles
75 Nickel And Articles Thereof,Hong Kong,2011,1741173,1722057.0,75,Nickel,Refined/Articles
75 Nickel And Articles Thereof,Japan,2020,95359672,102168276.0,75,Nickel,Refined/Articles
75 Nickel And Articles Thereof,Japan,2004,21798120,21841078.0,75,Nickel,Refined/Articles
75 Nickel And Articles Thereof,"Korea, South",2016,12758990,12758990.0,75,Nickel,Refined/Articles
75 Nickel And Articles Thereof,Taiwan,2008,10880296,10868673.0,75,Nickel,Refined/Articles
75 Nickel And Articles Thereof,"Korea, South",2008,3216691,3216691.0,75,Nickel,Refined/Articles
75 Nickel And Articles Thereof,"Korea, South",2012,35059685,35059685.0,75,Nickel,Refined/Articles
75 Nickel And Articles Thereof,"Korea, South",2013,25396008,25364424.0,75,Nickel,Refined/Articles
75 Nickel And Articles Thereof,Taiwan,2017,19554918,19541954.0,75,Nickel,Refined/Articles
75 Nickel And Articles Thereof,Taiwan,2015,62440248,62384680.0,75,Nickel,Refined/Articles
75 Nickel And Articles Thereof,"Korea, South",2003,245362,245362.0,75,Nickel,Refined/Articles
75 Nickel And Articles Thereof,Japan,2013,68933168,65426224.0,75,Nickel,Refined/Articles
75 Nickel And Articles Thereof,Hong Kong,2020,106267,106267.0,75,Nickel,Refined/Articles
75 Nickel And Articles Thereof,Hong Kong,2022,122904,122904.0,75,Nickel,Refined/Articles
75 Nickel And Articles Thereof,Japan,2005,33826800,33284499.0,75,Nickel,Refined/Articles
75 Nickel And Articles Thereof,Japan,2017,97485798,96894919.0,75,Nickel,Refined/Articles
75 Nickel And Articles Thereof,"Korea, South",2004,961282,961282.0,75,Nickel,Refined/Articles
75 Nickel And Articles Thereof,"Korea, South",2024,15257124,15290182.0,75,Nickel,Refined/Articles
75 Nickel And Articles Thereof,Macau,2018,3545,3545.0,75,Nickel,Refined/Articles
75 Nickel And Articles Thereof,"Korea, South",2019,9718951,9726273.0,75,Nickel,Refined/Articles
75 Nickel And Articles Thereof,Taiwan,2023,50990996,54980610.0,75,Nickel,Refined/Articles
75 Nickel And Articles Thereof,"Korea, South",2021,3886616,3886616.0,75,Nickel,Refined/Articles
75 Nickel And Articles Thereof,Hong Kong,2016,3188492,3188492.0,75,Nickel,Refined/Articles
75 Nickel And Articles Thereof,"Korea, South",2006,460937,460937.0,75,Nickel,Refined/Articles
75 Nickel And Articles Thereof,Hong Kong,2025,379308,0.0,75,Nickel,Refined/Articles
75 Nickel And Articles Thereof,Japan,2001,36019634,,75,Nickel,Refined/Articles
75 Nickel And Articles Thereof,Hong Kong,2021,47985,47985.0,75,Nickel,Refined/Articles
75 Nickel And Articles Thereof,Hong Kong,2015,421306,421306.0,75,Nickel,Refined/Articles
75 Nickel And Articles Thereof,Taiwan,2025,32618621,38685567.0,75,Nickel,Refined/Articles
75 Nickel And Articles Thereof,"Korea, South",2023,21236248,20881925.0,75,Nickel,Refined/Articles
75 Nickel And Articles Thereof,Hong Kong,2013,311689,311689.0,75,Nickel,Refined/Articles
75 Nickel And Articles Thereof,Taiwan,2022,32504499,33314293.0,75,Nickel,Refined/Articles
75 Nickel And Articles Thereof,Taiwan,2014,54369456,54341315.0,75,Nickel,Refined/Articles
75 Nickel And Articles Thereof,"Korea, South",2018,10051783,10051786.0,75,Nickel,Refined/Articles
75 Nickel And Articles Thereof,Japan,2023,244851523,251311500.0,75,Nickel,Refined/Articles
75 Nickel And Articles Thereof,Taiwan,2005,3849154,3849154.0,75,Nickel,Refined/Articles
75 Nickel And Articles Thereof,Japan,2003,26104808,26236460.0,75,Nickel,Refined/Articles
75 Nickel And Articles Thereof,"Korea, South",2001,201154,,75,Nickel,Refined/Articles
75 Nickel And Articles Thereof,Japan,2025,103701798,107421002.0,75,Nickel,Refined/Articles
75 Nickel And Articles Thereof,Taiwan,2024,71327383,70838625.0,75,Nickel,Refined/Articles
75 Nickel And Articles Thereof,Taiwan,2016,24791510,24797511.0,75,Nickel,Refined/Articles
75 Nickel And Articles Thereof,Taiwan,2019,33607065,34246982.0,75,Nickel,Refined/Articles
75 Nickel And Articles Thereof,"Korea, South",2025,15691176,14593862.0,75,Nickel,Refined/Articles
75 Nickel And Articles Thereof,"Korea, South",2017,9060526,9053221.0,75,Nickel,Refined/Articles
75 Nickel And Articles Thereof,Taiwan,2007,9517713,9517713.0,75,Nickel,Refined/Articles
75 Nickel And Articles Thereof,Hong Kong,2001,331892,,75,Nickel,Refined/Articles
76 Aluminum And Articles Thereof,"Korea, South",2006,105715605,105360408.0,76,Aluminum,Refined/Articles
76 Aluminum And Articles Thereof,Macau,2008,74873,74873.0,76,Aluminum,Refined/Articles
76 Aluminum And Articles Thereof,Taiwan,2006,95836930,95245804.0,76,Aluminum,Refined/Articles
76 Aluminum And Articles Thereof,"Korea, South",2003,76796687,76199214.0,76,Aluminum,Refined/Articles
76 Aluminum And Articles Thereof,Japan,2023,203304719,197228014.0,76,Aluminum,Refined/Articles
76 Aluminum And Articles Thereof,Japan,2004,250147671,211216310.0,76,Aluminum,Refined/Articles
76 Aluminum And Articles Thereof,Mongolia,2024,11800,11800.0,76,Aluminum,Refined/Articles
76 Aluminum And Articles Thereof,Taiwan,2007,97585140,96427120.0,76,Aluminum,Refined/Articles
76 Aluminum And Articles Thereof,Taiwan,2021,250300727,249568060.0,76,Aluminum,Refined/Articles
76 Aluminum And Articles Thereof,Mongolia,2021,41331,41331.0,76,Aluminum,Refined/Articles
76 Aluminum And Articles Thereof,Hong Kong,2023,5246742,5390880.0,76,Aluminum,Refined/Articles
76 Aluminum And Articles Thereof,Japan,2006,243241787,209089136.0,76,Aluminum,Refined/Articles
76 Aluminum And Articles Thereof,Hong Kong,2025,4567815,4517419.0,76,Aluminum,Refined/Articles
76 Aluminum And Articles Thereof,Japan,2021,296967910,244775805.0,76,Aluminum,Refined/Articles
76 Aluminum And Articles Thereof,Japan,2008,232305293,180301962.0,76,Aluminum,Refined/Articles
76 Aluminum And Articles Thereof,Hong Kong,2024,9288397,9351807.0,76,Aluminum,Refined/Articles
76 Aluminum And Articles Thereof,Japan,2024,201534943,177778584.0,76,Aluminum,Refined/Articles
76 Aluminum And Articles Thereof,Taiwan,2024,215782544,213981979.0,76,Aluminum,Refined/Articles
76 Aluminum And Articles Thereof,Japan,2005,257016912,223140288.0,76,Aluminum,Refined/Articles
76 Aluminum And Articles Thereof,Japan,2003,216336396,182072019.0,76,Aluminum,Refined/Articles
76 Aluminum And Articles Thereof,Hong Kong,2004,29270419,29170445.0,76,Aluminum,Refined/Articles
76 Aluminum And Articles Thereof,Taiwan,2009,71173062,71030257.0,76,Aluminum,Refined/Articles
76 Aluminum And Articles Thereof,"Korea, South",2009,59531490,58918401.0,76,Aluminum,Refined/Articles
76 Aluminum And Articles Thereof,Mongolia,2023,30948,30948.0,76,Aluminum,Refined/Articles
76 Aluminum And Articles Thereof,Macau,2010,93425,93425.0,76,Aluminum,Refined/Articles
76 Aluminum And Articles Thereof,"Korea, South",2002,81915003,81442648.0,76,Aluminum,Refined/Articles
76 Aluminum And Articles Thereof,Japan,2025,69542353,57128311.0,76,Aluminum,Refined/Articles
76 Aluminum And Articles Thereof,Taiwan,2010,98940902,98758583.0,76,Aluminum,Refined/Articles
76 Aluminum And Articles Thereof,Hong Kong,2002,30614412,30616129.0,76,Aluminum,Refined/Articles
76 Aluminum And Articles Thereof,Hong Kong,2010,25154898,25131998.0,76,Aluminum,Refined/Articles
76 Aluminum And Articles Thereof,"Korea, South",2023,622068285,614619226.0,76,Aluminum,Refined/Articles
76 Aluminum And Articles Thereof,Taiwan,2022,310753795,309599621.0,76,Aluminum,Refined/Articles
76 Aluminum And Articles Thereof,Taiwan,2005,91221310,90959452.0,76,Aluminum,Refined/Articles
76 Aluminum And Articles Thereof,Hong Kong,2021,18731854,18339467.0,76,Aluminum,Refined/Articles
76 Aluminum And Articles Thereof,"Korea, South",2025,595779558,604173756.0,76,Aluminum,Refined/Articles
76 Aluminum And Articles Thereof,Taiwan,2002,66985366,66528378.0,76,Aluminum,Refined/Articles
76 Aluminum And Articles Thereof,"Korea, South",2005,110161129,109890245.0,76,Aluminum,Refined/Articles
76 Aluminum And Articles Thereof,"Korea, South",2024,922503833,899834744.0,76,Aluminum,Refined/Articles
76 Aluminum And Articles Thereof,Japan,2010,159080258,120342712.0,76,Aluminum,Refined/Articles
76 Aluminum And Articles Thereof,"Korea, South",2022,970970438,961507126.0,76,Aluminum,Refined/Articles
76 Aluminum And Articles Thereof,Hong Kong,2003,32362427,32056835.0,76,Aluminum,Refined/Articles
76 Aluminum And Articles Thereof,"Korea, South",2004,80796525,80453959.0,76,Aluminum,Refined/Articles
76 Aluminum And Articles Thereof,"Korea, South",2007,109897931,109408021.0,76,Aluminum,Refined/Articles
76 Aluminum And Articles Thereof,Hong Kong,2022,35427276,35412225.0,76,Aluminum,Refined/Articles
76 Aluminum And Articles Thereof,Macau,2002,44640,44640.0,76,Aluminum,Refined/Articles
76 Aluminum And Articles Thereof,Hong Kong,2005,39236298,39263504.0,76,Aluminum,Refined/Articles
76 Aluminum And Articles Thereof,"Korea, South",2021,456384428,444278818.0,76,Aluminum,Refined/Articles
76 Aluminum And Articles Thereof,Macau,2007,248143,248143.0,76,Aluminum,Refined/Articles
76 Aluminum And Articles Thereof,"Korea, South",2010,83456018,82947814.0,76,Aluminum,Refined/Articles
76 Aluminum And Articles Thereof,Japan,2001,176500200,,76,Aluminum,Refined/Articles
76 Aluminum And Articles Thereof,Taiwan,2004,90716696,90513728.0,76,Aluminum,Refined/Articles
76 Aluminum And Articles Thereof,Macau,2005,52916,52916.0,76,Aluminum,Refined/Articles
76 Aluminum And Articles Thereof,Taiwan,2001,69969203,,76,Aluminum,Refined/Articles
76 Aluminum And Articles Thereof,Hong Kong,2006,45783734,45768254.0,76,Aluminum,Refined/Articles
76 Aluminum And Articles Thereof,Japan,2022,364454101,300912316.0,76,Aluminum,Refined/Articles
76 Aluminum And Articles Thereof,Hong Kong,2009,18805072,18731235.0,76,Aluminum,Refined/Articles
76 Aluminum And Articles Thereof,Macau,2003,101567,101567.0,76,Aluminum,Refined/Articles
76 Aluminum And Articles Thereof,Taiwan,2023,221634852,221474161.0,76,Aluminum,Refined/Articles
76 Aluminum And Articles Thereof,Macau,2009,106746,106746.0,76,Aluminum,Refined/Articles
76 Aluminum And Articles Thereof,Hong Kong,2001,46306445,,76,Aluminum,Refined/Articles
76 Aluminum And Articles Thereof,"Korea, South",2001,77144557,,76,Aluminum,Refined/Articles
76 Aluminum And Articles Thereof,Taiwan,2008,116234083,115712699.0,76,Aluminum,Refined/Articles
76 Aluminum And Articles Thereof,Taiwan,2025,103980135,103073980.0,76,Aluminum,Refined/Articles
76 Aluminum And Articles Thereof,Japan,2011,176740889,132461308.0,76,Aluminum,Refined/Articles
76 Aluminum And Articles Thereof,Macau,2006,10498,10498.0,76,Aluminum,Refined/Articles
76 Aluminum And Articles Thereof,"Korea, South",2017,182569967,178107745.0,76,Aluminum,Refined/Articles
76 Aluminum And Articles Thereof,"Korea, South",2019,376247475,372550710.0,76,Aluminum,Refined/Articles
76 Aluminum And Articles Thereof,Japan,2013,235305813,196227989.0,76,Aluminum,Refined/Articles
76 Aluminum And Articles Thereof,Japan,2020,180442736,137311777.0,76,Aluminum,Refined/Articles
76 Aluminum And Articles Thereof,Taiwan,2014,127370692,126794040.0,76,Aluminum,Refined/Articles
76 Aluminum And Articles Thereof,"Korea, South",2020,302659880,300563743.0,76,Aluminum,Refined/Articles
76 Aluminum And Articles Thereof,"Korea, South",2013,135758536,124714080.0,76,Aluminum,Refined/Articles
76 Aluminum And Articles Thereof,Macau,2019,70462,70462.0,76,Aluminum,Refined/Articles
76 Aluminum And Articles Thereof,"Korea, South",2016,177828716,172356821.0,76,Aluminum,Refined/Articles
76 Aluminum And Articles Thereof,Japan,2014,244956389,211168255.0,76,Aluminum,Refined/Articles
76 Aluminum And Articles Thereof,Taiwan,2016,158834426,157948148.0,76,Aluminum,Refined/Articles
76 Aluminum And Articles Thereof,Japan,2012,156711604,117909115.0,76,Aluminum,Refined/Articles
76 Aluminum And Articles Thereof,"Korea, South",2012,146032338,137321853.0,76,Aluminum,Refined/Articles
76 Aluminum And Articles Thereof,Taiwan,2015,137156085,136224002.0,76,Aluminum,Refined/Articles
76 Aluminum And Articles Thereof,Japan,2016,212775341,177844189.0,76,Aluminum,Refined/Articles
76 Aluminum And Articles Thereof,Hong Kong,2017,38230594,36196780.0,76,Aluminum,Refined/Articles
76 Aluminum And Articles Thereof,Taiwan,2012,128341095,127770181.0,76,Aluminum,Refined/Articles
76 Aluminum And Articles Thereof,Taiwan,2003,74067595,73516122.0,76,Aluminum,Refined/Articles
76 Aluminum And Articles Thereof,Hong Kong,2018,38490013,37698083.0,76,Aluminum,Refined/Articles
76 Aluminum And Articles Thereof,Taiwan,2020,253019326,251832051.0,76,Aluminum,Refined/Articles
76 Aluminum And Articles Thereof,Hong Kong,2019,31841365,31191538.0,76,Aluminum,Refined/Articles
76 Aluminum And Articles Thereof,"Korea, South",2018,318835558,313461645.0,76,Aluminum,Refined/Articles
76 Aluminum And Articles Thereof,Macau,2015,25137,25137.0,76,Aluminum,Refined/Articles
76 Aluminum And Articles Thereof,"Korea, South",2015,200896348,199831867.0,76,Aluminum,Refined/Articles
76 Aluminum And Articles Thereof,Mongolia,2015,67412,67412.0,76,Aluminum,Refined/Articles
76 Aluminum And Articles Thereof,Hong Kong,2011,24612534,24518493.0,76,Aluminum,Refined/Articles
76 Aluminum And Articles Thereof,Japan,2018,336656093,282835438.0,76,Aluminum,Refined/Articles
76 Aluminum And Articles Thereof,"Korea, South",2011,114347759,112491480.0,76,Aluminum,Refined/Articles
76 Aluminum And Articles Thereof,Hong Kong,2012,27419015,27244836.0,76,Aluminum,Refined/Articles
76 Aluminum And Articles Thereof,Taiwan,2019,351514436,349742948.0,76,Aluminum,Refined/Articles
76 Aluminum And Articles Thereof,Macau,2014,2168,2168.0,76,Aluminum,Refined/Articles
76 Aluminum And Articles Thereof,Hong Kong,2014,24968812,24941616.0,76,Aluminum,Refined/Articles
76 Aluminum And Articles Thereof,Hong Kong,2013,22958166,22861674.0,76,Aluminum,Refined/Articles
76 Aluminum And Articles Thereof,Japan,2002,189032195,163192368.0,76,Aluminum,Refined/Articles
76 Aluminum And Articles Thereof,"Korea, South",2008,93771691,93451667.0,76,Aluminum,Refined/Articles
76 Aluminum And Articles Thereof,Hong Kong,2008,33427740,33360842.0,76,Aluminum,Refined/Articles
76 Aluminum And Articles Thereof,Macau,2018,238804,238804.0,76,Aluminum,Refined/Articles
76 Aluminum And Articles Thereof,Japan,2019,282772717,245066473.0,76,Aluminum,Refined/Articles
76 Aluminum And Articles Thereof,Mongolia,2018,13288,13288.0,76,Aluminum,Refined/Articles
76 Aluminum And Articles Thereof,Hong Kong,2007,33051815,33051815.0,76,Aluminum,Refined/Articles
76 Aluminum And Articles Thereof,"Korea, South",2014,212042530,209840949.0,76,Aluminum,Refined/Articles
76 Aluminum And Articles Thereof,Hong Kong,2020,13046512,12863303.0,76,Aluminum,Refined/Articles
76 Aluminum And Articles Thereof,Japan,2009,119104514,93774216.0,76,Aluminum,Refined/Articles
76 Aluminum And Articles Thereof,Hong Kong,2016,37638211,37577622.0,76,Aluminum,Refined/Articles
76 Aluminum And Articles Thereof,Macau,2017,27838,27838.0,76,Aluminum,Refined/Articles
76 Aluminum And Articles Thereof,Japan,2017,285735579,203036856.0,76,Aluminum,Refined/Articles
76 Aluminum And Articles Thereof,Japan,2015,258416274,180760747.0,76,Aluminum,Refined/Articles
76 Aluminum And Articles Thereof,Taiwan,2011,124340102,123542299.0,76,Aluminum,Refined/Articles
76 Aluminum And Articles Thereof,Japan,2007,249588606,209669541.0,76,Aluminum,Refined/Articles
76 Aluminum And Articles Thereof,Hong Kong,2015,27941433,27637789.0,76,Aluminum,Refined/Articles
76 Aluminum And Articles Thereof,Taiwan,2018,309106526,308282657.0,76,Aluminum,Refined/Articles
76 Aluminum And Articles Thereof,Macau,2011,2429,2429.0,76,Aluminum,Refined/Articles
76 Aluminum And Articles Thereof,Taiwan,2013,123996096,123208487.0,76,Aluminum,Refined/Articles
76 Aluminum And Articles Thereof,Mongolia,2014,2484,2484.0,76,Aluminum,Refined/Articles
76 Aluminum And Articles Thereof,Taiwan,2017,225066699,224660367.0,76,Aluminum,Refined/Articles
80 Tin And Articles Thereof,Taiwan,2001,4876967,,80,Tin,Refined/Articles
80 Tin And Articles Thereof,Japan,2025,11897502,11962441.0,80,Tin,Refined/Articles
80 Tin And Articles Thereof,Japan,2006,4671952,8476811.0,80,Tin,Refined/Articles
80 Tin And Articles Thereof,"Korea, South",2003,142862,142862.0,80,Tin,Refined/Articles
80 Tin And Articles Thereof,Taiwan,2006,3868099,3868099.0,80,Tin,Refined/Articles
80 Tin And Articles Thereof,Taiwan,2007,2917141,2917141.0,80,Tin,Refined/Articles
80 Tin And Articles Thereof,Japan,2019,15205640,13800826.0,80,Tin,Refined/Articles
80 Tin And Articles Thereof,Hong Kong,2020,91296,91296.0,80,Tin,Refined/Articles
80 Tin And Articles Thereof,Japan,2002,309450,8142429.0,80,Tin,Refined/Articles
80 Tin And Articles Thereof,Macau,2007,11168,11168.0,80,Tin,Refined/Articles
80 Tin And Articles Thereof,Mongolia,2001,2164,,80,Tin,Refined/Articles
80 Tin And Articles Thereof,Taiwan,2025,859556,859556.0,80,Tin,Refined/Articles
80 Tin And Articles Thereof,Japan,2018,8951400,7777420.0,80,Tin,Refined/Articles
80 Tin And Articles Thereof,Japan,2009,6474261,6474261.0,80,Tin,Refined/Articles
80 Tin And Articles Thereof,Japan,2004,7886603,13893316.0,80,Tin,Refined/Articles
80 Tin And Articles Thereof,Taiwan,2019,2368964,2368964.0,80,Tin,Refined/Articles
80 Tin And Articles Thereof,Hong Kong,2007,3489100,3276545.0,80,Tin,Refined/Articles
80 Tin And Articles Thereof,Japan,2008,6114764,6039645.0,80,Tin,Refined/Articles
80 Tin And Articles Thereof,Taiwan,2016,1782816,1782816.0,80,Tin,Refined/Articles
80 Tin And Articles Thereof,"Korea, South",2008,846548,846548.0,80,Tin,Refined/Articles
80 Tin And Articles Thereof,Macau,2005,23972,23972.0,80,Tin,Refined/Articles
80 Tin And Articles Thereof,"Korea, South",2015,159036,159036.0,80,Tin,Refined/Articles
80 Tin And Articles Thereof,"Korea, South",2004,370355,370355.0,80,Tin,Refined/Articles
80 Tin And Articles Thereof,"Korea, South",2014,576921,576921.0,80,Tin,Refined/Articles
80 Tin And Articles Thereof,"Korea, South",2010,822288,822288.0,80,Tin,Refined/Articles
80 Tin And Articles Thereof,Hong Kong,2001,3302405,,80,Tin,Refined/Articles
80 Tin And Articles Thereof,Hong Kong,2002,2823588,2823588.0,80,Tin,Refined/Articles
80 Tin And Articles Thereof,Taiwan,2003,5663633,5440030.0,80,Tin,Refined/Articles
80 Tin And Articles Thereof,Hong Kong,2025,40572,40572.0,80,Tin,Refined/Articles
80 Tin And Articles Thereof,Taiwan,2014,1150232,1150232.0,80,Tin,Refined/Articles
80 Tin And Articles Thereof,"Korea, South",2022,936081,936081.0,80,Tin,Refined/Articles
80 Tin And Articles Thereof,Hong Kong,2014,465155,465155.0,80,Tin,Refined/Articles
80 Tin And Articles Thereof,"Korea, South",2019,253123,253123.0,80,Tin,Refined/Articles
80 Tin And Articles Thereof,"Korea, South",2023,1136952,1136952.0,80,Tin,Refined/Articles
80 Tin And Articles Thereof,"Korea, South",2021,2458492,2458492.0,80,Tin,Refined/Articles
80 Tin And Articles Thereof,Taiwan,2011,2224139,2224139.0,80,Tin,Refined/Articles
80 Tin And Articles Thereof,Hong Kong,2015,2786907,2756783.0,80,Tin,Refined/Articles
80 Tin And Articles Thereof,Taiwan,2017,3570316,3570316.0,80,Tin,Refined/Articles
80 Tin And Articles Thereof,Hong Kong,2022,29232,29232.0,80,Tin,Refined/Articles
80 Tin And Articles Thereof,Taiwan,2018,4275806,4275806.0,80,Tin,Refined/Articles
80 Tin And Articles Thereof,Taiwan,2022,589779,589779.0,80,Tin,Refined/Articles
80 Tin And Articles Thereof,Japan,2010,10860326,10860326.0,80,Tin,Refined/Articles
80 Tin And Articles Thereof,"Korea, South",2024,1352726,1352726.0,80,Tin,Refined/Articles
80 Tin And Articles Thereof,Taiwan,2023,768025,768025.0,80,Tin,Refined/Articles
80 Tin And Articles Thereof,Hong Kong,2013,794963,794963.0,80,Tin,Refined/Articles
80 Tin And Articles Thereof,Taiwan,2015,706578,706578.0,80,Tin,Refined/Articles
80 Tin And Articles Thereof,Japan,2022,25727809,25226261.0,80,Tin,Refined/Articles
80 Tin And Articles Thereof,Hong Kong,2004,1518645,1518645.0,80,Tin,Refined/Articles
80 Tin And Articles Thereof,Taiwan,2010,1254031,1254031.0,80,Tin,Refined/Articles
80 Tin And Articles Thereof,"Korea, South",2020,709167,709167.0,80,Tin,Refined/Articles
80 Tin And Articles Thereof,Hong Kong,2024,68219,68219.0,80,Tin,Refined/Articles
80 Tin And Articles Thereof,Japan,2013,6901664,6901664.0,80,Tin,Refined/Articles
80 Tin And Articles Thereof,Hong Kong,2016,321354,306504.0,80,Tin,Refined/Articles
80 Tin And Articles Thereof,Hong Kong,2005,1706053,1654747.0,80,Tin,Refined/Articles
80 Tin And Articles Thereof,"Korea, South",2012,1164793,1164793.0,80,Tin,Refined/Articles
80 Tin And Articles Thereof,Japan,2014,7349042,7349042.0,80,Tin,Refined/Articles
80 Tin And Articles Thereof,"Korea, South",2017,174199,174199.0,80,Tin,Refined/Articles
80 Tin And Articles Thereof,Japan,2016,4788782,4757980.0,80,Tin,Refined/Articles
80 Tin And Articles Thereof,Taiwan,2024,1561669,1561669.0,80,Tin,Refined/Articles
80 Tin And Articles Thereof,Hong Kong,2011,667316,667316.0,80,Tin,Refined/Articles
80 Tin And Articles Thereof,Hong Kong,2009,1345835,1335137.0,80,Tin,Refined/Articles
80 Tin And Articles Thereof,Hong Kong,2023,67136,67136.0,80,Tin,Refined/Articles
80 Tin And Articles Thereof,Taiwan,2013,901627,901627.0,80,Tin,Refined/Articles
80 Tin And Articles Thereof,Japan,2024,21681809,21425217.0,80,Tin,Refined/Articles
80 Tin And Articles Thereof,"Korea, South",2018,241537,241537.0,80,Tin,Refined/Articles
80 Tin And Articles Thereof,"Korea, South",2025,725428,725428.0,80,Tin,Refined/Articles
80 Tin And Articles Thereof,Hong Kong,2021,287684,287684.0,80,Tin,Refined/Articles
80 Tin And Articles Thereof,Japan,2023,24104507,23977023.0,80,Tin,Refined/Articles
80 Tin And Articles Thereof,Hong Kong,2010,1098293,1098293.0,80,Tin,Refined/Articles
80 Tin And Articles Thereof,Hong Kong,2012,665375,665375.0,80,Tin,Refined/Articles
80 Tin And Articles Thereof,Taiwan,2021,770663,770663.0,80,Tin,Refined/Articles
80 Tin And Articles Thereof,Japan,2012,17687831,17687831.0,80,Tin,Refined/Articles
80 Tin And Articles Thereof,Japan,2021,20386624,19788847.0,80,Tin,Refined/Articles
80 Tin And Articles Thereof,Japan,2015,6008116,6008116.0,80,Tin,Refined/Articles
80 Tin And Articles Thereof,Hong Kong,2018,2412647,2412647.0,80,Tin,Refined/Articles
80 Tin And Articles Thereof,Japan,2017,4564105,4559252.0,80,Tin,Refined/Articles
80 Tin And Articles Thereof,Japan,2011,16698468,16698468.0,80,Tin,Refined/Articles
80 Tin And Articles Thereof,"Korea, South",2016,208024,208024.0,80,Tin,Refined/Articles
80 Tin And Articles Thereof,Taiwan,2008,3145899,3145899.0,80,Tin,Refined/Articles
80 Tin And Articles Thereof,Hong Kong,2003,1985662,1985662.0,80,Tin,Refined/Articles
80 Tin And Articles Thereof,"Korea, South",2005,124706,124706.0,80,Tin,Refined/Articles
80 Tin And Articles Thereof,"Korea, South",2006,344461,344461.0,80,Tin,Refined/Articles
80 Tin And Articles Thereof,Japan,2003,2213420,9495482.0,80,Tin,Refined/Articles
80 Tin And Articles Thereof,Japan,2001,334932,,80,Tin,Refined/Articles
80 Tin And Articles Thereof,Hong Kong,2008,2063965,2063965.0,80,Tin,Refined/Articles
80 Tin And Articles Thereof,Taiwan,2012,1016767,1016767.0,80,Tin,Refined/Articles
80 Tin And Articles Thereof,Japan,2020,23716789,23400653.0,80,Tin,Refined/Articles
80 Tin And Articles Thereof,"Korea, South",2013,877248,877248.0,80,Tin,Refined/Articles
80 Tin And Articles Thereof,"Korea, South",2001,383883,,80,Tin,Refined/Articles
80 Tin And Articles Thereof,Taiwan,2020,547360,547360.0,80,Tin,Refined/Articles
80 Tin And Articles Thereof,"Korea, South",2002,132115,132115.0,80,Tin,Refined/Articles
80 Tin And Articles Thereof,Japan,2007,4075027,5922139.0,80,Tin,Refined/Articles
80 Tin And Articles Thereof,Japan,2005,3434204,7568386.0,80,Tin,Refined/Articles
80 Tin And Articles Thereof,Taiwan,2004,5056014,5056014.0,80,Tin,Refined/Articles
80 Tin And Articles Thereof,Hong Kong,2006,4113010,3874102.0,80,Tin,Refined/Articles
80 Tin And Articles Thereof,Hong Kong,2017,271455,271455.0,80,Tin,Refined/Articles
80 Tin And Articles Thereof,Taiwan,2009,1954571,1954571.0,80,Tin,Refined/Articles
80 Tin And Articles Thereof,Taiwan,2005,3062394,3062394.0,80,Tin,Refined/Articles
80 Tin And Articles Thereof,"Korea, South",2011,827204,827204.0,80,Tin,Refined/Articles
80 Tin And Articles Thereof,Hong Kong,2019,2192139,2192139.0,80,Tin,Refined/Articles
80 Tin And Articles Thereof,Taiwan,2002,4362418,4362418.0,80,Tin,Refined/Articles
80 Tin And Articles Thereof,"Korea, South",2007,2584896,2584896.0,80,Tin,Refined/Articles
80 Tin And Articles Thereof,"Korea, South",2009,2635280,2635280.0,80,Tin,Refined/Articles
"8105 Cobalt Mattes Etc, Cobalt & Art, Inc Waste & Scrap",Taiwan,2023,2244801,2240707.0,8105,Cobalt,Other
"8105 Cobalt Mattes Etc, Cobalt & Art, Inc Waste & Scrap",Taiwan,2015,757975,657146.0,8105,Cobalt,Other
"8105 Cobalt Mattes Etc, Cobalt & Art, Inc Waste & Scrap",Japan,2008,16276072,16274644.0,8105,Cobalt,Other
"8105 Cobalt Mattes Etc, Cobalt & Art, Inc Waste & Scrap",Japan,2012,22631766,22631766.0,8105,Cobalt,Other
"8105 Cobalt Mattes Etc, Cobalt & Art, Inc Waste & Scrap",Taiwan,2005,87398,87398.0,8105,Cobalt,Other
"8105 Cobalt Mattes Etc, Cobalt & Art, Inc Waste & Scrap","Korea, South",2017,300109,300109.0,8105,Cobalt,Other
"8105 Cobalt Mattes Etc, Cobalt & Art, Inc Waste & Scrap",Japan,2007,15364290,14106150.0,8105,Cobalt,Other
"8105 Cobalt Mattes Etc, Cobalt & Art, Inc Waste & Scrap",Hong Kong,2004,115900,115900.0,8105,Cobalt,Other
"8105 Cobalt Mattes Etc, Cobalt & Art, Inc Waste & Scrap","Korea, South",2019,121545,121545.0,8105,Cobalt,Other
"8105 Cobalt Mattes Etc, Cobalt & Art, Inc Waste & Scrap",Hong Kong,2023,3981,3981.0,8105,Cobalt,Other
"8105 Cobalt Mattes Etc, Cobalt & Art, Inc Waste & Scrap",Japan,2021,45468928,45427754.0,8105,Cobalt,Other
"8105 Cobalt Mattes Etc, Cobalt & Art, Inc Waste & Scrap",Taiwan,2007,268846,268846.0,8105,Cobalt,Other
"8105 Cobalt Mattes Etc, Cobalt & Art, Inc Waste & Scrap",Hong Kong,2018,3779218,3779218.0,8105,Cobalt,Other
"8105 Cobalt Mattes Etc, Cobalt & Art, Inc Waste & Scrap","Korea, South",2020,66012,66012.0,8105,Cobalt,Other
"8105 Cobalt Mattes Etc, Cobalt & Art, Inc Waste & Scrap",Taiwan,2010,297268,297268.0,8105,Cobalt,Other
"8105 Cobalt Mattes Etc, Cobalt & Art, Inc Waste & Scrap","Korea, South",2013,1019013,1019013.0,8105,Cobalt,Other
"8105 Cobalt Mattes Etc, Cobalt & Art, Inc Waste & Scrap",Japan,2002,3486145,3486145.0,8105,Cobalt,Other
"8105 Cobalt Mattes Etc, Cobalt & Art, Inc Waste & Scrap",Japan,2001,7756472,,8105,Cobalt,Other
"8105 Cobalt Mattes Etc, Cobalt & Art, Inc Waste & Scrap",Hong Kong,2021,2472,2472.0,8105,Cobalt,Other
"8105 Cobalt Mattes Etc, Cobalt & Art, Inc Waste & Scrap",Japan,2024,52062783,50961558.0,8105,Cobalt,Other
"8105 Cobalt Mattes Etc, Cobalt & Art, Inc Waste & Scrap",Japan,2022,82653178,82675879.0,8105,Cobalt,Other
"8105 Cobalt Mattes Etc, Cobalt & Art, Inc Waste & Scrap",Macau,2016,941842,941842.0,8105,Cobalt,Other
"8105 Cobalt Mattes Etc, Cobalt & Art, Inc Waste & Scrap","Korea, South",2014,506395,506395.0,8105,Cobalt,Other
"8105 Cobalt Mattes Etc, Cobalt & Art, Inc Waste & Scrap",Taiwan,2020,1309157,1248391.0,8105,Cobalt,Other
"8105 Cobalt Mattes Etc, Cobalt & Art, Inc Waste & Scrap",Taiwan,2025,1694568,1725894.0,8105,Cobalt,Other
"8105 Cobalt Mattes Etc, Cobalt & Art, Inc Waste & Scrap",Hong Kong,2007,1105628,3318.0,8105,Cobalt,Other
"8105 Cobalt Mattes Etc, Cobalt & Art, Inc Waste & Scrap",Taiwan,2016,840693,731950.0,8105,Cobalt,Other
"8105 Cobalt Mattes Etc, Cobalt & Art, Inc Waste & Scrap","Korea, South",2005,412638,412638.0,8105,Cobalt,Other
"8105 Cobalt Mattes Etc, Cobalt & Art, Inc Waste & Scrap","Korea, South",2007,953196,953196.0,8105,Cobalt,Other
"8105 Cobalt Mattes Etc, Cobalt & Art, Inc Waste & Scrap",Japan,2019,54621770,54677826.0,8105,Cobalt,Other
"8105 Cobalt Mattes Etc, Cobalt & Art, Inc Waste & Scrap",Taiwan,2017,729372,616284.0,8105,Cobalt,Other
"8105 Cobalt Mattes Etc, Cobalt & Art, Inc Waste & Scrap",Taiwan,2021,1626908,1604892.0,8105,Cobalt,Other
"8105 Cobalt Mattes Etc, Cobalt & Art, Inc Waste & Scrap",Japan,2023,61573836,61602186.0,8105,Cobalt,Other
"8105 Cobalt Mattes Etc, Cobalt & Art, Inc Waste & Scrap",Hong Kong,2020,32193,32193.0,8105,Cobalt,Other
"8105 Cobalt Mattes Etc, Cobalt & Art, Inc Waste & Scrap",Taiwan,2013,245191,245191.0,8105,Cobalt,Other
"8105 Cobalt Mattes Etc, Cobalt & Art, Inc Waste & Scrap","Korea, South",2024,183119,183119.0,8105,Cobalt,Other
"8105 Cobalt Mattes Etc, Cobalt & Art, Inc Waste & Scrap",Japan,2009,12215295,12226355.0,8105,Cobalt,Other
"8105 Cobalt Mattes Etc, Cobalt & Art, Inc Waste & Scrap",Japan,2003,4316520,4316520.0,8105,Cobalt,Other
"8105 Cobalt Mattes Etc, Cobalt & Art, Inc Waste & Scrap","Korea, South",2004,1622596,1622596.0,8105,Cobalt,Other
"8105 Cobalt Mattes Etc, Cobalt & Art, Inc Waste & Scrap",Taiwan,2022,1692567,1595577.0,8105,Cobalt,Other
"8105 Cobalt Mattes Etc, Cobalt & Art, Inc Waste & Scrap",Taiwan,2024,1634068,1593302.0,8105,Cobalt,Other
"8105 Cobalt Mattes Etc, Cobalt & Art, Inc Waste & Scrap","Korea, South",2010,246064,246064.0,8105,Cobalt,Other
"8105 Cobalt Mattes Etc, Cobalt & Art, Inc Waste & Scrap",Hong Kong,2014,4529,4529.0,8105,Cobalt,Other
"8105 Cobalt Mattes Etc, Cobalt & Art, Inc Waste & Scrap",Japan,2014,33460837,33456917.0,8105,Cobalt,Other
"8105 Cobalt Mattes Etc, Cobalt & Art, Inc Waste & Scrap",Japan,2015,34975095,34961563.0,8105,Cobalt,Other
"8105 Cobalt Mattes Etc, Cobalt & Art, Inc Waste & Scrap",Hong Kong,2013,31400,31400.0,8105,Cobalt,Other
"8105 Cobalt Mattes Etc, Cobalt & Art, Inc Waste & Scrap",Taiwan,2012,710010,710010.0,8105,Cobalt,Other
"8105 Cobalt Mattes Etc, Cobalt & Art, Inc Waste & Scrap","Korea, South",2011,189790,189790.0,8105,Cobalt,Other
"8105 Cobalt Mattes Etc, Cobalt & Art, Inc Waste & Scrap","Korea, South",2018,408065,408065.0,8105,Cobalt,Other
"8105 Cobalt Mattes Etc, Cobalt & Art, Inc Waste & Scrap","Korea, South",2001,54606,,8105,Cobalt,Other
"8105 Cobalt Mattes Etc, Cobalt & Art, Inc Waste & Scrap","Korea, South",2025,122888,122888.0,8105,Cobalt,Other
"8105 Cobalt Mattes Etc, Cobalt & Art, Inc Waste & Scrap",Taiwan,2011,123588,123588.0,8105,Cobalt,Other
"8105 Cobalt Mattes Etc, Cobalt & Art, Inc Waste & Scrap",Taiwan,2019,1315749,1298843.0,8105,Cobalt,Other
"8105 Cobalt Mattes Etc, Cobalt & Art, Inc Waste & Scrap",Japan,2020,48352818,48451750.0,8105,Cobalt,Other
"8105 Cobalt Mattes Etc, Cobalt & Art, Inc Waste & Scrap",Japan,2025,32185246,30958560.0,8105,Cobalt,Other
"8105 Cobalt Mattes Etc, Cobalt & Art, Inc Waste & Scrap",Taiwan,2014,484920,484920.0,8105,Cobalt,Other
"8105 Cobalt Mattes Etc, Cobalt & Art, Inc Waste & Scrap",Japan,2004,11565057,11565057.0,8105,Cobalt,Other
"8105 Cobalt Mattes Etc, Cobalt & Art, Inc Waste & Scrap",Taiwan,2009,124465,124465.0,8105,Cobalt,Other
"8105 Cobalt Mattes Etc, Cobalt & Art, Inc Waste & Scrap",Taiwan,2006,137358,137358.0,8105,Cobalt,Other
"8105 Cobalt Mattes Etc, Cobalt & Art, Inc Waste & Scrap","Korea, South",2022,306787,306787.0,8105,Cobalt,Other
"8105 Cobalt Mattes Etc, Cobalt & Art, Inc Waste & Scrap","Korea, South",2023,455865,455865.0,8105,Cobalt,Other
"8105 Cobalt Mattes Etc, Cobalt & Art, Inc Waste & Scrap",Hong Kong,2011,4201,4201.0,8105,Cobalt,Other
"8105 Cobalt Mattes Etc, Cobalt & Art, Inc Waste & Scrap","Korea, South",2006,264938,264938.0,8105,Cobalt,Other
"8105 Cobalt Mattes Etc, Cobalt & Art, Inc Waste & Scrap",Japan,2016,42109620,42079373.0,8105,Cobalt,Other
"8105 Cobalt Mattes Etc, Cobalt & Art, Inc Waste & Scrap",Taiwan,2004,265362,265362.0,8105,Cobalt,Other
"8105 Cobalt Mattes Etc, Cobalt & Art, Inc Waste & Scrap",Japan,2017,75834147,75816992.0,8105,Cobalt,Other
"8105 Cobalt Mattes Etc, Cobalt & Art, Inc Waste & Scrap",Taiwan,2018,1276851,1225464.0,8105,Cobalt,Other
"8105 Cobalt Mattes Etc, Cobalt & Art, Inc Waste & Scrap","Korea, South",2002,49829,49829.0,8105,Cobalt,Other
"8105 Cobalt Mattes Etc, Cobalt & Art, Inc Waste & Scrap",Taiwan,2001,6150,,8105,Cobalt,Other
"8105 Cobalt Mattes Etc, Cobalt & Art, Inc Waste & Scrap",Japan,2006,7910890,7899067.0,8105,Cobalt,Other
"8105 Cobalt Mattes Etc, Cobalt & Art, Inc Waste & Scrap",Japan,2011,11715195,11719095.0,8105,Cobalt,Other
"8105 Cobalt Mattes Etc, Cobalt & Art, Inc Waste & Scrap","Korea, South",2016,185948,185948.0,8105,Cobalt,Other
"8105 Cobalt Mattes Etc, Cobalt & Art, Inc Waste & Scrap",Taiwan,2008,274962,274962.0,8105,Cobalt,Other
"8105 Cobalt Mattes Etc, Cobalt & Art, Inc Waste & Scrap",Japan,2018,128432186,128479194.0,8105,Cobalt,Other
"8105 Cobalt Mattes Etc, Cobalt & Art, Inc Waste & Scrap",Japan,2013,22284774,22284774.0,8105,Cobalt,Other
"8105 Cobalt Mattes Etc, Cobalt & Art, Inc Waste & Scrap","Korea, South",2012,1744106,1744106.0,8105,Cobalt,Other
"8105 Cobalt Mattes Etc, Cobalt & Art, Inc Waste & Scrap",Hong Kong,2017,4139108,4139108.0,8105,Cobalt,Other
"8105 Cobalt Mattes Etc, Cobalt & Art, Inc Waste & Scrap",Japan,2005,11913991,11913991.0,8105,Cobalt,Other
"8105 Cobalt Mattes Etc, Cobalt & Art, Inc Waste & Scrap","Korea, South",2021,137523,137523.0,8105,Cobalt,Other
"8105 Cobalt Mattes Etc, Cobalt & Art, Inc Waste & Scrap","Korea, South",2015,238690,238690.0,8105,Cobalt,Other
"8105 Cobalt Mattes Etc, Cobalt & Art, Inc Waste & Scrap",Taiwan,2002,4200,4200.0,8105,Cobalt,Other
"8105 Cobalt Mattes Etc, Cobalt & Art, Inc Waste & Scrap","Korea, South",2003,348625,348625.0,8105,Cobalt,Other
"8105 Cobalt Mattes Etc, Cobalt & Art, Inc Waste & Scrap",Japan,2010,16452383,15616394.0,8105,Cobalt,Other
"8105 Cobalt Mattes Etc, Cobalt & Art, Inc Waste & Scrap",Taiwan,2003,108063,108063.0,8105,Cobalt,Other
"8105 Cobalt Mattes Etc, Cobalt & Art, Inc Waste & Scrap","Korea, South",2008,495476,495476.0,8105,Cobalt,Other
"8108 Titanium & Articles Thereof, Includ Waste & Scrap",Japan,2022,269629361,269629361.0,8108,Titanium,Refined/Articles
"8108 Titanium & Articles Thereof, Includ Waste & Scrap","Korea, South",2021,10822520,10822520.0,8108,Titanium,Refined/Articles
"8108 Titanium & Articles Thereof, Includ Waste & Scrap",Japan,2020,178228973,178300401.0,8108,Titanium,Refined/Articles
"8108 Titanium & Articles Thereof, Includ Waste & Scrap","Korea, South",2019,14762482,14762482.0,8108,Titanium,Refined/Articles
"8108 Titanium & Articles Thereof, Includ Waste & Scrap",Taiwan,2020,4314134,4912683.0,8108,Titanium,Refined/Articles
"8108 Titanium & Articles Thereof, Includ Waste & Scrap",Taiwan,2024,6976636,7302416.0,8108,Titanium,Refined/Articles
"8108 Titanium & Articles Thereof, Includ Waste & Scrap",Hong Kong,2018,74209,74209.0,8108,Titanium,Refined/Articles
"8108 Titanium & Articles Thereof, Includ Waste & Scrap",Taiwan,2018,3207608,3775876.0,8108,Titanium,Refined/Articles
"8108 Titanium & Articles Thereof, Includ Waste & Scrap",Hong Kong,2014,54245,54245.0,8108,Titanium,Refined/Articles
"8108 Titanium & Articles Thereof, Includ Waste & Scrap",Hong Kong,2024,632923,632923.0,8108,Titanium,Refined/Articles
"8108 Titanium & Articles Thereof, Includ Waste & Scrap",Japan,2002,57460232,57460232.0,8108,Titanium,Refined/Articles
"8108 Titanium & Articles Thereof, Includ Waste & Scrap","Korea, South",2016,12997675,12997675.0,8108,Titanium,Refined/Articles
"8108 Titanium & Articles Thereof, Includ Waste & Scrap",Japan,2023,376547439,376547439.0,8108,Titanium,Refined/Articles
"8108 Titanium & Articles Thereof, Includ Waste & Scrap","Korea, South",2020,13696852,13696852.0,8108,Titanium,Refined/Articles
"8108 Titanium & Articles Thereof, Includ Waste & Scrap",Hong Kong,2016,72707,72707.0,8108,Titanium,Refined/Articles
"8108 Titanium & Articles Thereof, Includ Waste & Scrap",Japan,2006,156719059,156645022.0,8108,Titanium,Refined/Articles
"8108 Titanium & Articles Thereof, Includ Waste & Scrap",Japan,2014,188840033,188840033.0,8108,Titanium,Refined/Articles
"8108 Titanium & Articles Thereof, Includ Waste & Scrap",Japan,2025,188757537,188757537.0,8108,Titanium,Refined/Articles
"8108 Titanium & Articles Thereof, Includ Waste & Scrap",Hong Kong,2021,195578,195578.0,8108,Titanium,Refined/Articles
"8108 Titanium & Articles Thereof, Includ Waste & Scrap",Taiwan,2022,5502517,5792683.0,8108,Titanium,Refined/Articles
"8108 Titanium & Articles Thereof, Includ Waste & Scrap",Hong Kong,2015,218874,218874.0,8108,Titanium,Refined/Articles
"8108 Titanium & Articles Thereof, Includ Waste & Scrap",Hong Kong,2020,179753,179753.0,8108,Titanium,Refined/Articles
"8108 Titanium & Articles Thereof, Includ Waste & Scrap",Taiwan,2017,4586069,4760953.0,8108,Titanium,Refined/Articles
"8108 Titanium & Articles Thereof, Includ Waste & Scrap","Korea, South",2024,43434357,43434357.0,8108,Titanium,Refined/Articles
"8108 Titanium & Articles Thereof, Includ Waste & Scrap",Japan,2017,214191684,214191684.0,8108,Titanium,Refined/Articles
"8108 Titanium & Articles Thereof, Includ Waste & Scrap",Japan,2016,177647145,177647145.0,8108,Titanium,Refined/Articles
"8108 Titanium & Articles Thereof, Includ Waste & Scrap",Hong Kong,2013,141372,141372.0,8108,Titanium,Refined/Articles
"8108 Titanium & Articles Thereof, Includ Waste & Scrap",Hong Kong,2023,846442,846442.0,8108,Titanium,Refined/Articles
"8108 Titanium & Articles Thereof, Includ Waste & Scrap","Korea, South",2011,9750809,9750809.0,8108,Titanium,Refined/Articles
"8108 Titanium & Articles Thereof, Includ Waste & Scrap",Taiwan,2015,7553091,7308068.0,8108,Titanium,Refined/Articles
"8108 Titanium & Articles Thereof, Includ Waste & Scrap",Japan,2013,194002817,194002817.0,8108,Titanium,Refined/Articles
"8108 Titanium & Articles Thereof, Includ Waste & Scrap",Hong Kong,2012,9491,9491.0,8108,Titanium,Refined/Articles
"8108 Titanium & Articles Thereof, Includ Waste & Scrap",Hong Kong,2019,157361,157361.0,8108,Titanium,Refined/Articles
"8108 Titanium & Articles Thereof, Includ Waste & Scrap",Japan,2015,203175929,203155043.0,8108,Titanium,Refined/Articles
"8108 Titanium & Articles Thereof, Includ Waste & Scrap",Taiwan,2012,8621721,8625163.0,8108,Titanium,Refined/Articles
"8108 Titanium & Articles Thereof, Includ Waste & Scrap",Hong Kong,2011,44295,44295.0,8108,Titanium,Refined/Articles
"8108 Titanium & Articles Thereof, Includ Waste & Scrap",Japan,2021,148571413,148571413.0,8108,Titanium,Refined/Articles
"8108 Titanium & Articles Thereof, Includ Waste & Scrap",Taiwan,2021,3831592,4227165.0,8108,Titanium,Refined/Articles
"8108 Titanium & Articles Thereof, Includ Waste & Scrap",Taiwan,2023,12042209,12141796.0,8108,Titanium,Refined/Articles
"8108 Titanium & Articles Thereof, Includ Waste & Scrap",Japan,2024,369983837,369983837.0,8108,Titanium,Refined/Articles
"8108 Titanium & Articles Thereof, Includ Waste & Scrap",Taiwan,2014,6362028,6367510.0,8108,Titanium,Refined/Articles
"8108 Titanium & Articles Thereof, Includ Waste & Scrap",Japan,2011,221694341,221542237.0,8108,Titanium,Refined/Articles
"8108 Titanium & Articles Thereof, Includ Waste & Scrap","Korea, South",2014,11343950,11343950.0,8108,Titanium,Refined/Articles
"8108 Titanium & Articles Thereof, Includ Waste & Scrap",Hong Kong,2007,64387,64387.0,8108,Titanium,Refined/Articles
"8108 Titanium & Articles Thereof, Includ Waste & Scrap",Japan,2019,279098052,277283077.0,8108,Titanium,Refined/Articles
"8108 Titanium & Articles Thereof, Includ Waste & Scrap",Taiwan,2011,14869115,14849669.0,8108,Titanium,Refined/Articles
"8108 Titanium & Articles Thereof, Includ Waste & Scrap","Korea, South",2017,10145953,10145953.0,8108,Titanium,Refined/Articles
"8108 Titanium & Articles Thereof, Includ Waste & Scrap",Hong Kong,2006,313503,313503.0,8108,Titanium,Refined/Articles
"8108 Titanium & Articles Thereof, Includ Waste & Scrap","Korea, South",2015,16907759,16907759.0,8108,Titanium,Refined/Articles
"8108 Titanium & Articles Thereof, Includ Waste & Scrap",Taiwan,2004,5053946,5053946.0,8108,Titanium,Refined/Articles
"8108 Titanium & Articles Thereof, Includ Waste & Scrap","Korea, South",2013,4261986,4261986.0,8108,Titanium,Refined/Articles
"8108 Titanium & Articles Thereof, Includ Waste & Scrap",Hong Kong,2009,81663,81663.0,8108,Titanium,Refined/Articles
"8108 Titanium & Articles Thereof, Includ Waste & Scrap",Japan,2005,117627026,117610589.0,8108,Titanium,Refined/Articles
"8108 Titanium & Articles Thereof, Includ Waste & Scrap",Japan,2003,49190924,49190924.0,8108,Titanium,Refined/Articles
"8108 Titanium & Articles Thereof, Includ Waste & Scrap",Japan,2018,241810300,241810300.0,8108,Titanium,Refined/Articles
"8108 Titanium & Articles Thereof, Includ Waste & Scrap",Taiwan,2008,11225686,11225686.0,8108,Titanium,Refined/Articles
"8108 Titanium & Articles Thereof, Includ Waste & Scrap","Korea, South",2022,20321576,20321576.0,8108,Titanium,Refined/Articles
"8108 Titanium & Articles Thereof, Includ Waste & Scrap",Hong Kong,2002,17640,17640.0,8108,Titanium,Refined/Articles
"8108 Titanium & Articles Thereof, Includ Waste & Scrap",Taiwan,2010,8725079,8725079.0,8108,Titanium,Refined/Articles
"8108 Titanium & Articles Thereof, Includ Waste & Scrap",Hong Kong,2008,120985,120985.0,8108,Titanium,Refined/Articles
"8108 Titanium & Articles Thereof, Includ Waste & Scrap","Korea, South",2004,459723,459723.0,8108,Titanium,Refined/Articles
"8108 Titanium & Articles Thereof, Includ Waste & Scrap",Japan,2010,135211209,134867403.0,8108,Titanium,Refined/Articles
"8108 Titanium & Articles Thereof, Includ Waste & Scrap",Taiwan,2001,1265932,,8108,Titanium,Refined/Articles
"8108 Titanium & Articles Thereof, Includ Waste & Scrap",Hong Kong,2010,7307,7307.0,8108,Titanium,Refined/Articles
"8108 Titanium & Articles Thereof, Includ Waste & Scrap",Japan,2001,68254608,,8108,Titanium,Refined/Articles
"8108 Titanium & Articles Thereof, Includ Waste & Scrap",Taiwan,2007,20869286,20869286.0,8108,Titanium,Refined/Articles
"8108 Titanium & Articles Thereof, Includ Waste & Scrap",Hong Kong,2003,279872,279872.0,8108,Titanium,Refined/Articles
"8108 Titanium & Articles Thereof, Includ Waste & Scrap","Korea, South",2007,2539448,2539448.0,8108,Titanium,Refined/Articles
"8108 Titanium & Articles Thereof, Includ Waste & Scrap","Korea, South",2002,325236,325236.0,8108,Titanium,Refined/Articles
"8108 Titanium & Articles Thereof, Includ Waste & Scrap",Taiwan,2003,1260574,1260574.0,8108,Titanium,Refined/Articles
"8108 Titanium & Articles Thereof, Includ Waste & Scrap",Japan,2009,100894159,100898740.0,8108,Titanium,Refined/Articles
"8108 Titanium & Articles Thereof, Includ Waste & Scrap",Japan,2012,275832135,275895903.0,8108,Titanium,Refined/Articles
"8108 Titanium & Articles Thereof, Includ Waste & Scrap","Korea, South",2009,737171,737171.0,8108,Titanium,Refined/Articles
"8108 Titanium & Articles Thereof, Includ Waste & Scrap",Hong Kong,2004,1449235,1449235.0,8108,Titanium,Refined/Articles
"8108 Titanium & Articles Thereof, Includ Waste & Scrap",Hong Kong,2022,619270,619270.0,8108,Titanium,Refined/Articles
"8108 Titanium & Articles Thereof, Includ Waste & Scrap",Taiwan,2005,13828897,13828897.0,8108,Titanium,Refined/Articles
"8108 Titanium & Articles Thereof, Includ Waste & Scrap",Taiwan,2002,855722,855722.0,8108,Titanium,Refined/Articles
"8108 Titanium & Articles Thereof, Includ Waste & Scrap","Korea, South",2005,3525165,3525165.0,8108,Titanium,Refined/Articles
"8108 Titanium & Articles Thereof, Includ Waste & Scrap",Taiwan,2006,21305718,21305718.0,8108,Titanium,Refined/Articles
"8108 Titanium & Articles Thereof, Includ Waste & Scrap",Taiwan,2016,4066094,3705948.0,8108,Titanium,Refined/Articles
"8108 Titanium & Articles Thereof, Includ Waste & Scrap","Korea, South",2006,4787252,4787252.0,8108,Titanium,Refined/Articles
"8108 Titanium & Articles Thereof, Includ Waste & Scrap",Japan,2007,161313566,161350585.0,8108,Titanium,Refined/Articles
"8108 Titanium & Articles Thereof, Includ Waste & Scrap","Korea, South",2008,2337946,2337946.0,8108,Titanium,Refined/Articles
"8108 Titanium & Articles Thereof, Includ Waste & Scrap",Taiwan,2009,5805007,5805007.0,8108,Titanium,Refined/Articles
"8108 Titanium & Articles Thereof, Includ Waste & Scrap","Korea, South",2025,19356919,19356919.0,8108,Titanium,Refined/Articles
"8108 Titanium & Articles Thereof, Includ Waste & Scrap","Korea, South",2018,12622091,12622091.0,8108,Titanium,Refined/Articles
"8108 Titanium & Articles Thereof, Includ Waste & Scrap","Korea, South",2023,23778793,23778793.0,8108,Titanium,Refined/Articles
"8108 Titanium & Articles Thereof, Includ Waste & Scrap","Korea, South",2010,2926003,2926003.0,8108,Titanium,Refined/Articles
"8108 Titanium & Articles Thereof, Includ Waste & Scrap",Japan,2008,156849678,156849678.0,8108,Titanium,Refined/Articles
"8108 Titanium & Articles Thereof, Includ Waste & Scrap","Korea, South",2001,533292,,8108,Titanium,Refined/Articles
"8108 Titanium & Articles Thereof, Includ Waste & Scrap",Taiwan,2025,3094247,3224461.0,8108,Titanium,Refined/Articles
"8108 Titanium & Articles Thereof, Includ Waste & Scrap",Hong Kong,2017,14916,14916.0,8108,Titanium,Refined/Articles
"8108 Titanium & Articles Thereof, Includ Waste & Scrap",Japan,2004,62949471,62949471.0,8108,Titanium,Refined/Articles
"8108 Titanium & Articles Thereof, Includ Waste & Scrap",Taiwan,2013,7930823,7913649.0,8108,Titanium,Refined/Articles
"8108 Titanium & Articles Thereof, Includ Waste & Scrap","Korea, South",2012,8293309,8293309.0,8108,Titanium,Refined/Articles
"8108 Titanium & Articles Thereof, Includ Waste & Scrap",Hong Kong,2005,3654,3654.0,8108,Titanium,Refined/Articles
"8108 Titanium & Articles Thereof, Includ Waste & Scrap",Taiwan,2019,4634778,5097061.0,8108,Titanium,Refined/Articles
"8108 Titanium & Articles Thereof, Includ Waste & Scrap","Korea, South",2003,111560,111560.0,8108,Titanium,Refined/Articles
"8108 Titanium & Articles Thereof, Includ Waste & Scrap",Hong Kong,2025,202494,202494.0,8108,Titanium,Refined/Articles
8110 Antimony And Artcls Throf Incl Waste And Scrap,Japan,2018,1899838,1899838.0,8110,Antimony,Other
8110 Antimony And Artcls Throf Incl Waste And Scrap,Japan,2013,338971,338971.0,8110,Antimony,Other
8110 Antimony And Artcls Throf Incl Waste And Scrap,Japan,2002,138667,138667.0,8110,Antimony,Other
8110 Antimony And Artcls Throf Incl Waste And Scrap,Japan,2024,879051,879051.0,8110,Antimony,Other
8110 Antimony And Artcls Throf Incl Waste And Scrap,Taiwan,2005,72950,72950.0,8110,Antimony,Other
8110 Antimony And Artcls Throf Incl Waste And Scrap,Japan,2009,153074,153074.0,8110,Antimony,Other
8110 Antimony And Artcls Throf Incl Waste And Scrap,"Korea, South",2017,1840706,1840706.0,8110,Antimony,Other
8110 Antimony And Artcls Throf Incl Waste And Scrap,Japan,2019,1344618,1344618.0,8110,Antimony,Other
8110 Antimony And Artcls Throf Incl Waste And Scrap,Japan,2007,36033,36033.0,8110,Antimony,Other
8110 Antimony And Artcls Throf Incl Waste And Scrap,Japan,2020,1277447,1277447.0,8110,Antimony,Other
8110 Antimony And Artcls Throf Incl Waste And Scrap,Taiwan,2002,47600,47600.0,8110,Antimony,Other
8110 Antimony And Artcls Throf Incl Waste And Scrap,"Korea, South",2014,312001,312001.0,8110,Antimony,Other
8110 Antimony And Artcls Throf Incl Waste And Scrap,Hong Kong,2016,96087,96087.0,8110,Antimony,Other
8110 Antimony And Artcls Throf Incl Waste And Scrap,Japan,2004,60166,60166.0,8110,Antimony,Other
8110 Antimony And Artcls Throf Incl Waste And Scrap,Japan,2003,91902,91902.0,8110,Antimony,Other
8110 Antimony And Artcls Throf Incl Waste And Scrap,Japan,2012,317533,317533.0,8110,Antimony,Other
8110 Antimony And Artcls Throf Incl Waste And Scrap,Hong Kong,2007,1077671,1190271.0,8110,Antimony,Other
8110 Antimony And Artcls Throf Incl Waste And Scrap,"Korea, South",2022,16551,16551.0,8110,Antimony,Other
8110 Antimony And Artcls Throf Incl Waste And Scrap,Japan,2006,54127,54127.0,8110,Antimony,Other
8110 Antimony And Artcls Throf Incl Waste And Scrap,Hong Kong,2003,49800,49800.0,8110,Antimony,Other
8110 Antimony And Artcls Throf Incl Waste And Scrap,Hong Kong,2002,164200,164200.0,8110,Antimony,Other
8110 Antimony And Artcls Throf Incl Waste And Scrap,Hong Kong,2006,77900,77900.0,8110,Antimony,Other
8110 Antimony And Artcls Throf Incl Waste And Scrap,Japan,2005,98669,98669.0,8110,Antimony,Other
8110 Antimony And Artcls Throf Incl Waste And Scrap,"Korea, South",2024,480329,480329.0,8110,Antimony,Other
8110 Antimony And Artcls Throf Incl Waste And Scrap,Hong Kong,2014,589014,589014.0,8110,Antimony,Other
8110 Antimony And Artcls Throf Incl Waste And Scrap,"Korea, South",2020,14688,14688.0,8110,Antimony,Other
8110 Antimony And Artcls Throf Incl Waste And Scrap,Japan,2001,486228,,8110,Antimony,Other
8110 Antimony And Artcls Throf Incl Waste And Scrap,Hong Kong,2020,537153,675297.0,8110,Antimony,Other
8110 Antimony And Artcls Throf Incl Waste And Scrap,Hong Kong,2001,2385968,,8110,Antimony,Other
8110 Antimony And Artcls Throf Incl Waste And Scrap,Japan,2023,438836,438836.0,8110,Antimony,Other
8110 Antimony And Artcls Throf Incl Waste And Scrap,Japan,2017,1523395,1523395.0,8110,Antimony,Other
8110 Antimony And Artcls Throf Incl Waste And Scrap,"Korea, South",2016,876016,876016.0,8110,Antimony,Other
8110 Antimony And Artcls Throf Incl Waste And Scrap,"Korea, South",2019,14535,14535.0,8110,Antimony,Other
8110 Antimony And Artcls Throf Incl Waste And Scrap,Taiwan,2024,2111,2111.0,8110,Antimony,Other
8110 Antimony And Artcls Throf Incl Waste And Scrap,Japan,2016,1565921,1565921.0,8110,Antimony,Other
8110 Antimony And Artcls Throf Incl Waste And Scrap,Japan,2015,584236,584236.0,8110,Antimony,Other
8110 Antimony And Artcls Throf Incl Waste And Scrap,Hong Kong,2013,4436513,4436513.0,8110,Antimony,Other
8110 Antimony And Artcls Throf Incl Waste And Scrap,Hong Kong,2017,976665,307575.0,8110,Antimony,Other
8110 Antimony And Artcls Throf Incl Waste And Scrap,Hong Kong,2008,2227168,2227168.0,8110,Antimony,Other
8110 Antimony And Artcls Throf Incl Waste And Scrap,Japan,2014,510313,510313.0,8110,Antimony,Other
8110 Antimony And Artcls Throf Incl Waste And Scrap,Japan,2025,286665,286665.0,8110,Antimony,Other
8110 Antimony And Artcls Throf Incl Waste And Scrap,Taiwan,2004,55844,55844.0,8110,Antimony,Other
8110 Antimony And Artcls Throf Incl Waste And Scrap,"Korea, South",2013,668833,668833.0,8110,Antimony,Other
8110 Antimony And Artcls Throf Incl Waste And Scrap,Japan,2021,1450440,1450440.0,8110,Antimony,Other
8110 Antimony And Artcls Throf Incl Waste And Scrap,Hong Kong,2012,2292746,1680266.0,8110,Antimony,Other
8110 Antimony And Artcls Throf Incl Waste And Scrap,"Korea, South",2025,58361,58361.0,8110,Antimony,Other
8110 Antimony And Artcls Throf Incl Waste And Scrap,Hong Kong,2005,445877,445877.0,8110,Antimony,Other
8110 Antimony And Artcls Throf Incl Waste And Scrap,Japan,2022,829207,829207.0,8110,Antimony,Other
8110 Antimony And Artcls Throf Incl Waste And Scrap,Hong Kong,2010,201688,201688.0,8110,Antimony,Other
8110 Antimony And Artcls Throf Incl Waste And Scrap,Hong Kong,2019,527243,527243.0,8110,Antimony,Other
8110 Antimony And Artcls Throf Incl Waste And Scrap,"Korea, South",2010,6190,6190.0,8110,Antimony,Other
8110 Antimony And Artcls Throf Incl Waste And Scrap,Hong Kong,2011,810594,810594.0,8110,Antimony,Other
8110 Antimony And Artcls Throf Incl Waste And Scrap,Hong Kong,2015,334327,334327.0,8110,Antimony,Other
8110 Antimony And Artcls Throf Incl Waste And Scrap,Japan,2010,163416,163416.0,8110,Antimony,Other
8110 Antimony And Artcls Throf Incl Waste And Scrap,Hong Kong,2018,314596,314596.0,8110,Antimony,Other
8110 Antimony And Artcls Throf Incl Waste And Scrap,Japan,2008,77674,77674.0,8110,Antimony,Other
8110 Antimony And Artcls Throf Incl Waste And Scrap,Japan,2011,341140,341140.0,8110,Antimony,Other
8110 Antimony And Artcls Throf Incl Waste And Scrap,"Korea, South",2018,147694,147694.0,8110,Antimony,Other
"8111 Manganese And Artcles Thereof, Inc Waste And Scrap",Hong Kong,2011,318906,318906.0,8111,Manganese,Other
"8111 Manganese And Artcles Thereof, Inc Waste And Scrap",Hong Kong,2018,172260,262980.0,8111,Manganese,Other
"8111 Manganese And Artcles Thereof, Inc Waste And Scrap",Hong Kong,2007,820830,820830.0,8111,Manganese,Other
"8111 Manganese And Artcles Thereof, Inc Waste And Scrap",Japan,2012,157671,157671.0,8111,Manganese,Other
"8111 Manganese And Artcles Thereof, Inc Waste And Scrap",Japan,2002,52132,52132.0,8111,Manganese,Other
"8111 Manganese And Artcles Thereof, Inc Waste And Scrap",Japan,2024,6058437,6058437.0,8111,Manganese,Other
"8111 Manganese And Artcles Thereof, Inc Waste And Scrap",Hong Kong,2014,130050,130050.0,8111,Manganese,Other
"8111 Manganese And Artcles Thereof, Inc Waste And Scrap",Japan,2016,1558604,1558604.0,8111,Manganese,Other
"8111 Manganese And Artcles Thereof, Inc Waste And Scrap",Japan,2019,2378033,2378033.0,8111,Manganese,Other
"8111 Manganese And Artcles Thereof, Inc Waste And Scrap",Taiwan,2007,14310,14310.0,8111,Manganese,Other
"8111 Manganese And Artcles Thereof, Inc Waste And Scrap",Japan,2010,38700,38700.0,8111,Manganese,Other
"8111 Manganese And Artcles Thereof, Inc Waste And Scrap","Korea, South",2008,143421,143421.0,8111,Manganese,Other
"8111 Manganese And Artcles Thereof, Inc Waste And Scrap",Taiwan,2014,3620,3620.0,8111,Manganese,Other
"8111 Manganese And Artcles Thereof, Inc Waste And Scrap",Hong Kong,2016,372710,372710.0,8111,Manganese,Other
"8111 Manganese And Artcles Thereof, Inc Waste And Scrap",Hong Kong,2006,23750,23750.0,8111,Manganese,Other
"8111 Manganese And Artcles Thereof, Inc Waste And Scrap",Japan,2020,2182413,2182413.0,8111,Manganese,Other
"8111 Manganese And Artcles Thereof, Inc Waste And Scrap",Japan,2017,2547460,2547460.0,8111,Manganese,Other
"8111 Manganese And Artcles Thereof, Inc Waste And Scrap",Japan,2013,856050,856050.0,8111,Manganese,Other
"8111 Manganese And Artcles Thereof, Inc Waste And Scrap",Japan,2015,1505120,1505120.0,8111,Manganese,Other
"8111 Manganese And Artcles Thereof, Inc Waste And Scrap",Japan,2007,2098,2098.0,8111,Manganese,Other
"8111 Manganese And Artcles Thereof, Inc Waste And Scrap",Taiwan,2003,11025,11025.0,8111,Manganese,Other
"8111 Manganese And Artcles Thereof, Inc Waste And Scrap",Japan,2025,3114165,3114165.0,8111,Manganese,Other
"8111 Manganese And Artcles Thereof, Inc Waste And Scrap",Japan,2011,22776,22776.0,8111,Manganese,Other
"8111 Manganese And Artcles Thereof, Inc Waste And Scrap",Japan,2018,3124898,3124898.0,8111,Manganese,Other
"8111 Manganese And Artcles Thereof, Inc Waste And Scrap","Korea, South",2003,77974,77974.0,8111,Manganese,Other
"8111 Manganese And Artcles Thereof, Inc Waste And Scrap","Korea, South",2025,4132,4132.0,8111,Manganese,Other
"8111 Manganese And Artcles Thereof, Inc Waste And Scrap",Taiwan,2012,159870,159870.0,8111,Manganese,Other
"8111 Manganese And Artcles Thereof, Inc Waste And Scrap",Hong Kong,2009,440053,440053.0,8111,Manganese,Other
"8111 Manganese And Artcles Thereof, Inc Waste And Scrap",Hong Kong,2025,6720,6720.0,8111,Manganese,Other
"8111 Manganese And Artcles Thereof, Inc Waste And Scrap",Japan,2014,1788805,1788805.0,8111,Manganese,Other
"8111 Manganese And Artcles Thereof, Inc Waste And Scrap",Japan,2009,128060,128060.0,8111,Manganese,Other
"8111 Manganese And Artcles Thereof, Inc Waste And Scrap",Hong Kong,2005,30037,30037.0,8111,Manganese,Other
"8111 Manganese And Artcles Thereof, Inc Waste And Scrap","Korea, South",2014,4962444,4962444.0,8111,Manganese,Other
"8111 Manganese And Artcles Thereof, Inc Waste And Scrap",Japan,2008,5158,5158.0,8111,Manganese,Other
"8111 Manganese And Artcles Thereof, Inc Waste And Scrap",Hong Kong,2017,96250,96250.0,8111,Manganese,Other
"8111 Manganese And Artcles Thereof, Inc Waste And Scrap",Hong Kong,2010,2505608,2505608.0,8111,Manganese,Other
"8111 Manganese And Artcles Thereof, Inc Waste And Scrap",Japan,2001,45098,,8111,Manganese,Other
"8111 Manganese And Artcles Thereof, Inc Waste And Scrap",Hong Kong,2022,340408,0.0,8111,Manganese,Other
"8111 Manganese And Artcles Thereof, Inc Waste And Scrap","Korea, South",2019,51000,51000.0,8111,Manganese,Other
"8111 Manganese And Artcles Thereof, Inc Waste And Scrap",Hong Kong,2012,159870,159870.0,8111,Manganese,Other
"8111 Manganese And Artcles Thereof, Inc Waste And Scrap",Japan,2003,75978,75978.0,8111,Manganese,Other
"8111 Manganese And Artcles Thereof, Inc Waste And Scrap",Taiwan,2016,16800,16800.0,8111,Manganese,Other
"8111 Manganese And Artcles Thereof, Inc Waste And Scrap","Korea, South",2013,142025,142025.0,8111,Manganese,Other
"8111 Manganese And Artcles Thereof, Inc Waste And Scrap",Japan,2023,5102171,5102171.0,8111,Manganese,Other
"8111 Manganese And Artcles Thereof, Inc Waste And Scrap",Japan,2021,3617372,3617372.0,8111,Manganese,Other
"8111 Manganese And Artcles Thereof, Inc Waste And Scrap",Japan,2022,6917969,6917969.0,8111,Manganese,Other
"8111 Manganese And Artcles Thereof, Inc Waste And Scrap","Korea, South",2015,1923754,1923754.0,8111,Manganese,Other
"8111 Manganese And Artcles Thereof, Inc Waste And Scrap",Hong Kong,2019,452015,452015.0,8111,Manganese,Other
"8111 Manganese And Artcles Thereof, Inc Waste And Scrap","Korea, South",2011,8219,8219.0,8111,Manganese,Other
"8111 Manganese And Artcles Thereof, Inc Waste And Scrap",Japan,2004,14419,14419.0,8111,Manganese,Other
"8111 Manganese And Artcles Thereof, Inc Waste And Scrap",Hong Kong,2013,520522,520522.0,8111,Manganese,Other
"8112 Beryllium,chromium,hafnium,rhenium Etc & Articles",Japan,2022,11234222,11234222.0,8112,Beryllium/Chromium/Hafnium/Rhenium,Refined/Articles
"8112 Beryllium,chromium,hafnium,rhenium Etc & Articles",Hong Kong,2022,8080,8080.0,8112,Beryllium/Chromium/Hafnium/Rhenium,Refined/Articles
"8112 Beryllium,chromium,hafnium,rhenium Etc & Articles",Taiwan,2025,12608931,12608931.0,8112,Beryllium/Chromium/Hafnium/Rhenium,Refined/Articles
"8112 Beryllium,chromium,hafnium,rhenium Etc & Articles",Hong Kong,2021,107981,107981.0,8112,Beryllium/Chromium/Hafnium/Rhenium,Refined/Articles
"8112 Beryllium,chromium,hafnium,rhenium Etc & Articles",Taiwan,2024,11520778,11520778.0,8112,Beryllium/Chromium/Hafnium/Rhenium,Refined/Articles
"8112 Beryllium,chromium,hafnium,rhenium Etc & Articles",Taiwan,2023,4060423,3662891.0,8112,Beryllium/Chromium/Hafnium/Rhenium,Refined/Articles
"8112 Beryllium,chromium,hafnium,rhenium Etc & Articles",Japan,2021,2663317,3858777.0,8112,Beryllium/Chromium/Hafnium/Rhenium,Refined/Articles
"8112 Beryllium,chromium,hafnium,rhenium Etc & Articles",Hong Kong,2024,1037500,1037500.0,8112,Beryllium/Chromium/Hafnium/Rhenium,Refined/Articles
"8112 Beryllium,chromium,hafnium,rhenium Etc & Articles",Japan,2025,7537505,7541255.0,8112,Beryllium/Chromium/Hafnium/Rhenium,Refined/Articles
"8112 Beryllium,chromium,hafnium,rhenium Etc & Articles","Korea, South",2025,7731787,7731787.0,8112,Beryllium/Chromium/Hafnium/Rhenium,Refined/Articles
"8112 Beryllium,chromium,hafnium,rhenium Etc & Articles","Korea, South",2023,10496396,10496396.0,8112,Beryllium/Chromium/Hafnium/Rhenium,Refined/Articles
"8112 Beryllium,chromium,hafnium,rhenium Etc & Articles","Korea, South",2021,14726927,14726927.0,8112,Beryllium/Chromium/Hafnium/Rhenium,Refined/Articles
"8112 Beryllium,chromium,hafnium,rhenium Etc & Articles",Taiwan,2021,1264889,1264889.0,8112,Beryllium/Chromium/Hafnium/Rhenium,Refined/Articles
"8112 Beryllium,chromium,hafnium,rhenium Etc & Articles",Japan,2023,16587892,16587892.0,8112,Beryllium/Chromium/Hafnium/Rhenium,Refined/Articles
"8112 Beryllium,chromium,hafnium,rhenium Etc & Articles","Korea, South",2022,9551533,9551533.0,8112,Beryllium/Chromium/Hafnium/Rhenium,Refined/Articles
"8112 Beryllium,chromium,hafnium,rhenium Etc & Articles",Taiwan,2022,1004150,1004150.0,8112,Beryllium/Chromium/Hafnium/Rhenium,Refined/Articles
"8112 Beryllium,chromium,hafnium,rhenium Etc & Articles",Japan,2024,18961329,18964709.0,8112,Beryllium/Chromium/Hafnium/Rhenium,Refined/Articles
"8112 Beryllium,chromium,hafnium,rhenium Etc & Articles","Korea, South",2024,13498189,13498189.0,8112,Beryllium/Chromium/Hafnium/Rhenium,Refined/Articles
"8112 Beryllium,chromium,hafnium,rhenium Etc & Articles",Hong Kong,2023,6195,6195.0,8112,Beryllium/Chromium/Hafnium/Rhenium,Refined/Articles
"8112 Beryllium,chromium,hafnium,rhenium Etc & Articles","Korea, South",2009,1195463,1195463.0,8112,Beryllium/Chromium/Hafnium/Rhenium,Refined/Articles
"8112 Beryllium,chromium,hafnium,rhenium Etc & Articles",Taiwan,2001,249457,,8112,Beryllium/Chromium/Hafnium/Rhenium,Refined/Articles
"8112 Beryllium,chromium,hafnium,rhenium Etc & Articles","Korea, South",2010,298531,298531.0,8112,Beryllium/Chromium/Hafnium/Rhenium,Refined/Articles
"8112 Beryllium,chromium,hafnium,rhenium Etc & Articles","Korea, South",2005,9867884,9867884.0,8112,Beryllium/Chromium/Hafnium/Rhenium,Refined/Articles
"8112 Beryllium,chromium,hafnium,rhenium Etc & Articles",Taiwan,2003,82703,82703.0,8112,Beryllium/Chromium/Hafnium/Rhenium,Refined/Articles
"8112 Beryllium,chromium,hafnium,rhenium Etc & Articles","Korea, South",2001,339414,,8112,Beryllium/Chromium/Hafnium/Rhenium,Refined/Articles
"8112 Beryllium,chromium,hafnium,rhenium Etc & Articles",Japan,2001,4915542,,8112,Beryllium/Chromium/Hafnium/Rhenium,Refined/Articles
"8112 Beryllium,chromium,hafnium,rhenium Etc & Articles",Taiwan,2002,78665,78665.0,8112,Beryllium/Chromium/Hafnium/Rhenium,Refined/Articles
"8112 Beryllium,chromium,hafnium,rhenium Etc & Articles",Hong Kong,2010,3408520,3408520.0,8112,Beryllium/Chromium/Hafnium/Rhenium,Refined/Articles
"8112 Beryllium,chromium,hafnium,rhenium Etc & Articles","Korea, South",2011,5765444,5765444.0,8112,Beryllium/Chromium/Hafnium/Rhenium,Refined/Articles
"8112 Beryllium,chromium,hafnium,rhenium Etc & Articles",Japan,2016,6021555,6021555.0,8112,Beryllium/Chromium/Hafnium/Rhenium,Refined/Articles
"8112 Beryllium,chromium,hafnium,rhenium Etc & Articles",Japan,2007,15702984,15702984.0,8112,Beryllium/Chromium/Hafnium/Rhenium,Refined/Articles
"8112 Beryllium,chromium,hafnium,rhenium Etc & Articles",Japan,2015,3199180,3199180.0,8112,Beryllium/Chromium/Hafnium/Rhenium,Refined/Articles
"8112 Beryllium,chromium,hafnium,rhenium Etc & Articles","Korea, South",2014,10400853,10400853.0,8112,Beryllium/Chromium/Hafnium/Rhenium,Refined/Articles
"8112 Beryllium,chromium,hafnium,rhenium Etc & Articles",Japan,2003,5468143,5468143.0,8112,Beryllium/Chromium/Hafnium/Rhenium,Refined/Articles
"8112 Beryllium,chromium,hafnium,rhenium Etc & Articles",Taiwan,2006,279504,279504.0,8112,Beryllium/Chromium/Hafnium/Rhenium,Refined/Articles
"8112 Beryllium,chromium,hafnium,rhenium Etc & Articles",Japan,2009,5363758,5363758.0,8112,Beryllium/Chromium/Hafnium/Rhenium,Refined/Articles
"8112 Beryllium,chromium,hafnium,rhenium Etc & Articles","Korea, South",2019,4856605,4856605.0,8112,Beryllium/Chromium/Hafnium/Rhenium,Refined/Articles
"8112 Beryllium,chromium,hafnium,rhenium Etc & Articles",Hong Kong,2015,499787,499787.0,8112,Beryllium/Chromium/Hafnium/Rhenium,Refined/Articles
"8112 Beryllium,chromium,hafnium,rhenium Etc & Articles",Hong Kong,2011,3331908,3331908.0,8112,Beryllium/Chromium/Hafnium/Rhenium,Refined/Articles
"8112 Beryllium,chromium,hafnium,rhenium Etc & Articles",Taiwan,2009,683147,683147.0,8112,Beryllium/Chromium/Hafnium/Rhenium,Refined/Articles
"8112 Beryllium,chromium,hafnium,rhenium Etc & Articles",Taiwan,2017,1515092,1515092.0,8112,Beryllium/Chromium/Hafnium/Rhenium,Refined/Articles
"8112 Beryllium,chromium,hafnium,rhenium Etc & Articles",Hong Kong,2016,567818,567818.0,8112,Beryllium/Chromium/Hafnium/Rhenium,Refined/Articles
"8112 Beryllium,chromium,hafnium,rhenium Etc & Articles",Taiwan,2004,235190,235190.0,8112,Beryllium/Chromium/Hafnium/Rhenium,Refined/Articles
"8112 Beryllium,chromium,hafnium,rhenium Etc & Articles",Hong Kong,2006,2661683,2661683.0,8112,Beryllium/Chromium/Hafnium/Rhenium,Refined/Articles
"8112 Beryllium,chromium,hafnium,rhenium Etc & Articles",Hong Kong,2019,140217,140217.0,8112,Beryllium/Chromium/Hafnium/Rhenium,Refined/Articles
"8112 Beryllium,chromium,hafnium,rhenium Etc & Articles","Korea, South",2002,36548,36548.0,8112,Beryllium/Chromium/Hafnium/Rhenium,Refined/Articles
"8112 Beryllium,chromium,hafnium,rhenium Etc & Articles",Japan,2006,20053109,20053109.0,8112,Beryllium/Chromium/Hafnium/Rhenium,Refined/Articles
"8112 Beryllium,chromium,hafnium,rhenium Etc & Articles",Hong Kong,2008,2566657,2566657.0,8112,Beryllium/Chromium/Hafnium/Rhenium,Refined/Articles
"8112 Beryllium,chromium,hafnium,rhenium Etc & Articles",Japan,2019,3179861,3179861.0,8112,Beryllium/Chromium/Hafnium/Rhenium,Refined/Articles
"8112 Beryllium,chromium,hafnium,rhenium Etc & Articles","Korea, South",2008,1868479,1868479.0,8112,Beryllium/Chromium/Hafnium/Rhenium,Refined/Articles
"8112 Beryllium,chromium,hafnium,rhenium Etc & Articles",Japan,2005,38435333,38435333.0,8112,Beryllium/Chromium/Hafnium/Rhenium,Refined/Articles
"8112 Beryllium,chromium,hafnium,rhenium Etc & Articles",Macau,2004,83799,83799.0,8112,Beryllium/Chromium/Hafnium/Rhenium,Refined/Articles
"8112 Beryllium,chromium,hafnium,rhenium Etc & Articles",Taiwan,2007,336300,336300.0,8112,Beryllium/Chromium/Hafnium/Rhenium,Refined/Articles
"8112 Beryllium,chromium,hafnium,rhenium Etc & Articles",Hong Kong,2005,1681540,1681540.0,8112,Beryllium/Chromium/Hafnium/Rhenium,Refined/Articles
"8112 Beryllium,chromium,hafnium,rhenium Etc & Articles",Taiwan,2010,3629842,3629842.0,8112,Beryllium/Chromium/Hafnium/Rhenium,Refined/Articles
"8112 Beryllium,chromium,hafnium,rhenium Etc & Articles",Japan,2010,13873959,13873959.0,8112,Beryllium/Chromium/Hafnium/Rhenium,Refined/Articles
"8112 Beryllium,chromium,hafnium,rhenium Etc & Articles",Japan,2014,10604636,9352025.0,8112,Beryllium/Chromium/Hafnium/Rhenium,Refined/Articles
"8112 Beryllium,chromium,hafnium,rhenium Etc & Articles","Korea, South",2007,950283,950283.0,8112,Beryllium/Chromium/Hafnium/Rhenium,Refined/Articles
"8112 Beryllium,chromium,hafnium,rhenium Etc & Articles",Hong Kong,2003,461440,461440.0,8112,Beryllium/Chromium/Hafnium/Rhenium,Refined/Articles
"8112 Beryllium,chromium,hafnium,rhenium Etc & Articles","Korea, South",2003,131045,131045.0,8112,Beryllium/Chromium/Hafnium/Rhenium,Refined/Articles
"8112 Beryllium,chromium,hafnium,rhenium Etc & Articles",Hong Kong,2009,2490075,2490075.0,8112,Beryllium/Chromium/Hafnium/Rhenium,Refined/Articles
"8112 Beryllium,chromium,hafnium,rhenium Etc & Articles",Hong Kong,2007,2513004,2513004.0,8112,Beryllium/Chromium/Hafnium/Rhenium,Refined/Articles
"8112 Beryllium,chromium,hafnium,rhenium Etc & Articles",Japan,2012,10759674,10759674.0,8112,Beryllium/Chromium/Hafnium/Rhenium,Refined/Articles
"8112 Beryllium,chromium,hafnium,rhenium Etc & Articles",Japan,2002,3416992,3416992.0,8112,Beryllium/Chromium/Hafnium/Rhenium,Refined/Articles
"8112 Beryllium,chromium,hafnium,rhenium Etc & Articles",Hong Kong,2004,1972232,1856204.0,8112,Beryllium/Chromium/Hafnium/Rhenium,Refined/Articles
"8112 Beryllium,chromium,hafnium,rhenium Etc & Articles",Japan,2008,15450036,15450036.0,8112,Beryllium/Chromium/Hafnium/Rhenium,Refined/Articles
"8112 Beryllium,chromium,hafnium,rhenium Etc & Articles",Hong Kong,2002,8722,8722.0,8112,Beryllium/Chromium/Hafnium/Rhenium,Refined/Articles
"8112 Beryllium,chromium,hafnium,rhenium Etc & Articles","Korea, South",2004,41576,41576.0,8112,Beryllium/Chromium/Hafnium/Rhenium,Refined/Articles
"8112 Beryllium,chromium,hafnium,rhenium Etc & Articles",Hong Kong,2001,18770,,8112,Beryllium/Chromium/Hafnium/Rhenium,Refined/Articles
"8112 Beryllium,chromium,hafnium,rhenium Etc & Articles","Korea, South",2006,1483927,1483927.0,8112,Beryllium/Chromium/Hafnium/Rhenium,Refined/Articles
"8112 Beryllium,chromium,hafnium,rhenium Etc & Articles",Taiwan,2005,167074,167074.0,8112,Beryllium/Chromium/Hafnium/Rhenium,Refined/Articles
"8112 Beryllium,chromium,hafnium,rhenium Etc & Articles",Japan,2004,18201313,18201313.0,8112,Beryllium/Chromium/Hafnium/Rhenium,Refined/Articles
"8112 Beryllium,chromium,hafnium,rhenium Etc & Articles",Taiwan,2008,272789,272789.0,8112,Beryllium/Chromium/Hafnium/Rhenium,Refined/Articles
"8112 Beryllium,chromium,hafnium,rhenium Etc & Articles",Taiwan,2015,4994466,4994466.0,8112,Beryllium/Chromium/Hafnium/Rhenium,Refined/Articles
"8112 Beryllium,chromium,hafnium,rhenium Etc & Articles","Korea, South",2012,10308503,10308503.0,8112,Beryllium/Chromium/Hafnium/Rhenium,Refined/Articles
"8112 Beryllium,chromium,hafnium,rhenium Etc & Articles",Japan,2018,6965895,7058395.0,8112,Beryllium/Chromium/Hafnium/Rhenium,Refined/Articles
"8112 Beryllium,chromium,hafnium,rhenium Etc & Articles",Hong Kong,2014,1140653,1140653.0,8112,Beryllium/Chromium/Hafnium/Rhenium,Refined/Articles
"8112 Beryllium,chromium,hafnium,rhenium Etc & Articles",Taiwan,2014,15204838,15185486.0,8112,Beryllium/Chromium/Hafnium/Rhenium,Refined/Articles
"8112 Beryllium,chromium,hafnium,rhenium Etc & Articles",Japan,2020,3617303,3617303.0,8112,Beryllium/Chromium/Hafnium/Rhenium,Refined/Articles
"8112 Beryllium,chromium,hafnium,rhenium Etc & Articles","Korea, South",2016,5038779,5038779.0,8112,Beryllium/Chromium/Hafnium/Rhenium,Refined/Articles
"8112 Beryllium,chromium,hafnium,rhenium Etc & Articles",Taiwan,2011,7456998,7456998.0,8112,Beryllium/Chromium/Hafnium/Rhenium,Refined/Articles
"8112 Beryllium,chromium,hafnium,rhenium Etc & Articles","Korea, South",2018,3957304,3957304.0,8112,Beryllium/Chromium/Hafnium/Rhenium,Refined/Articles
"8112 Beryllium,chromium,hafnium,rhenium Etc & Articles","Korea, South",2015,4817551,4817551.0,8112,Beryllium/Chromium/Hafnium/Rhenium,Refined/Articles
"8112 Beryllium,chromium,hafnium,rhenium Etc & Articles",Japan,2017,6047916,6047916.0,8112,Beryllium/Chromium/Hafnium/Rhenium,Refined/Articles
"8112 Beryllium,chromium,hafnium,rhenium Etc & Articles",Japan,2013,6790145,6790145.0,8112,Beryllium/Chromium/Hafnium/Rhenium,Refined/Articles
"8112 Beryllium,chromium,hafnium,rhenium Etc & Articles",Taiwan,2013,2950388,2950388.0,8112,Beryllium/Chromium/Hafnium/Rhenium,Refined/Articles
"8112 Beryllium,chromium,hafnium,rhenium Etc & Articles","Korea, South",2013,5607768,5607768.0,8112,Beryllium/Chromium/Hafnium/Rhenium,Refined/Articles
"8112 Beryllium,chromium,hafnium,rhenium Etc & Articles",Hong Kong,2013,717004,717004.0,8112,Beryllium/Chromium/Hafnium/Rhenium,Refined/Articles
"8112 Beryllium,chromium,hafnium,rhenium Etc & Articles",Taiwan,2019,937655,937655.0,8112,Beryllium/Chromium/Hafnium/Rhenium,Refined/Articles
"8112 Beryllium,chromium,hafnium,rhenium Etc & Articles",Japan,2011,9860661,9860661.0,8112,Beryllium/Chromium/Hafnium/Rhenium,Refined/Articles
"8112 Beryllium,chromium,hafnium,rhenium Etc & Articles","Korea, South",2020,5866934,5866934.0,8112,Beryllium/Chromium/Hafnium/Rhenium,Refined/Articles
"8112 Beryllium,chromium,hafnium,rhenium Etc & Articles",Taiwan,2020,582264,582264.0,8112,Beryllium/Chromium/Hafnium/Rhenium,Refined/Articles
"8112 Beryllium,chromium,hafnium,rhenium Etc & Articles",Hong Kong,2012,2251680,2251680.0,8112,Beryllium/Chromium/Hafnium/Rhenium,Refined/Articles
"8112 Beryllium,chromium,hafnium,rhenium Etc & Articles",Taiwan,2016,3779735,3779735.0,8112,Beryllium/Chromium/Hafnium/Rhenium,Refined/Articles
"8112 Beryllium,chromium,hafnium,rhenium Etc & Articles",Taiwan,2012,1915876,1915876.0,8112,Beryllium/Chromium/Hafnium/Rhenium,Refined/Articles
"8112 Beryllium,chromium,hafnium,rhenium Etc & Articles","Korea, South",2017,3308027,3308027.0,8112,Beryllium/Chromium/Hafnium/Rhenium,Refined/Articles
"8112 Beryllium,chromium,hafnium,rhenium Etc & Articles",Hong Kong,2020,62375,62375.0,8112,Beryllium/Chromium/Hafnium/Rhenium,Refined/Articles
"8112 Beryllium,chromium,hafnium,rhenium Etc & Articles",Hong Kong,2017,3724929,3724929.0,8112,Beryllium/Chromium/Hafnium/Rhenium,Refined/Articles
"8112 Beryllium,chromium,hafnium,rhenium Etc & Articles",Hong Kong,2018,2182416,2182416.0,8112,Beryllium/Chromium/Hafnium/Rhenium,Refined/Articles
"8112 Beryllium,chromium,hafnium,rhenium Etc & Articles",Taiwan,2018,964831,964831.0,8112,Beryllium/Chromium/Hafnium/Rhenium,Refined/Articles
850511 Permanent Magnets Made Of Metal,Taiwan,2009,2050315,2050315.0,850511,Electric Steel,Advanced Product
850511 Permanent Magnets Made Of Metal,Hong Kong,2009,436058,429438.0,850511,Electric Steel,Advanced Product
850511 Permanent Magnets Made Of Metal,"Korea, South",2009,2522484,990167.0,850511,Electric Steel,Advanced Product
850511 Permanent Magnets Made Of Metal,Japan,2009,12644197,12098112.0,850511,Electric Steel,Advanced Product
850511 Permanent Magnets Made Of Metal,Japan,2006,29527992,28812544.0,850511,Electric Steel,Advanced Product
850511 Permanent Magnets Made Of Metal,"Korea, South",2010,4560973,1534631.0,850511,Electric Steel,Advanced Product
850511 Permanent Magnets Made Of Metal,Hong Kong,2010,671094,671094.0,850511,Electric Steel,Advanced Product
850511 Permanent Magnets Made Of Metal,Taiwan,2010,2521177,2521177.0,850511,Electric Steel,Advanced Product
850511 Permanent Magnets Made Of Metal,Japan,2010,19949905,19247254.0,850511,Electric Steel,Advanced Product
850511 Permanent Magnets Made Of Metal,Japan,2008,28134265,27324179.0,850511,Electric Steel,Advanced Product
850511 Permanent Magnets Made Of Metal,Hong Kong,2008,1175484,1090204.0,850511,Electric Steel,Advanced Product
850511 Permanent Magnets Made Of Metal,Japan,2004,32368417,31220063.0,850511,Electric Steel,Advanced Product
850511 Permanent Magnets Made Of Metal,Taiwan,2004,2931960,2931960.0,850511,Electric Steel,Advanced Product
850511 Permanent Magnets Made Of Metal,Hong Kong,2004,746176,679031.0,850511,Electric Steel,Advanced Product
850511 Permanent Magnets Made Of Metal,"Korea, South",2004,5931376,4205649.0,850511,Electric Steel,Advanced Product
850511 Permanent Magnets Made Of Metal,Macau,2004,2400,2400.0,850511,Electric Steel,Advanced Product
850511 Permanent Magnets Made Of Metal,Japan,2003,36953661,36439853.0,850511,Electric Steel,Advanced Product
850511 Permanent Magnets Made Of Metal,Taiwan,2006,3564379,3564379.0,850511,Electric Steel,Advanced Product
850511 Permanent Magnets Made Of Metal,Hong Kong,2006,699018,699018.0,850511,Electric Steel,Advanced Product
850511 Permanent Magnets Made Of Metal,"Korea, South",2006,5221450,2101920.0,850511,Electric Steel,Advanced Product
850511 Permanent Magnets Made Of Metal,Japan,2005,33734852,33246442.0,850511,Electric Steel,Advanced Product
850511 Permanent Magnets Made Of Metal,Taiwan,2005,3818738,3818738.0,850511,Electric Steel,Advanced Product
850511 Permanent Magnets Made Of Metal,Hong Kong,2005,707226,707226.0,850511,Electric Steel,Advanced Product
850511 Permanent Magnets Made Of Metal,"Korea, South",2005,4342259,2437947.0,850511,Electric Steel,Advanced Product
850511 Permanent Magnets Made Of Metal,Taiwan,2003,4646615,4646615.0,850511,Electric Steel,Advanced Product
850511 Permanent Magnets Made Of Metal,Hong Kong,2003,768061,658469.0,850511,Electric Steel,Advanced Product
850511 Permanent Magnets Made Of Metal,"Korea, South",2003,1735113,1716384.0,850511,Electric Steel,Advanced Product
850511 Permanent Magnets Made Of Metal,"Korea, South",2007,6533321,2665717.0,850511,Electric Steel,Advanced Product
850511 Permanent Magnets Made Of Metal,Hong Kong,2007,938600,938600.0,850511,Electric Steel,Advanced Product
850511 Permanent Magnets Made Of Metal,Taiwan,2007,3434751,3434751.0,850511,Electric Steel,Advanced Product
850511 Permanent Magnets Made Of Metal,Japan,2007,27270666,26661512.0,850511,Electric Steel,Advanced Product
850511 Permanent Magnets Made Of Metal,"Korea, South",2008,5176788,2285152.0,850511,Electric Steel,Advanced Product
850511 Permanent Magnets Made Of Metal,"Korea, South",2001,1814324,,850511,Electric Steel,Advanced Product
850511 Permanent Magnets Made Of Metal,Taiwan,2008,2833438,2833438.0,850511,Electric Steel,Advanced Product
850511 Permanent Magnets Made Of Metal,Hong Kong,2001,2247951,,850511,Electric Steel,Advanced Product
850511 Permanent Magnets Made Of Metal,Japan,2001,30780378,,850511,Electric Steel,Advanced Product
850511 Permanent Magnets Made Of Metal,Japan,2002,31301661,30929697.0,850511,Electric Steel,Advanced Product
850511 Permanent Magnets Made Of Metal,Taiwan,2002,3005438,3005438.0,850511,Electric Steel,Advanced Product
850511 Permanent Magnets Made Of Metal,Hong Kong,2002,654940,654940.0,850511,Electric Steel,Advanced Product
850511 Permanent Magnets Made Of Metal,"Korea, South",2002,2000659,2000659.0,850511,Electric Steel,Advanced Product
850511 Permanent Magnets Made Of Metal,Taiwan,2001,3081969,,850511,Electric Steel,Advanced Product
850511 Permanent Magnets Made Of Metal,Japan,2020,25964294,18549623.0,850511,Electric Steel,Advanced Product
850511 Permanent Magnets Made Of Metal,"Korea, South",2021,7572194,7572194.0,850511,Electric Steel,Advanced Product
850511 Permanent Magnets Made Of Metal,Hong Kong,2021,121914,121914.0,850511,Electric Steel,Advanced Product
850511 Permanent Magnets Made Of Metal,Taiwan,2021,5871691,5871691.0,850511,Electric Steel,Advanced Product
850511 Permanent Magnets Made Of Metal,Japan,2021,32624891,26832950.0,850511,Electric Steel,Advanced Product
850511 Permanent Magnets Made Of Metal,Taiwan,2020,3817066,3817038.0,850511,Electric Steel,Advanced Product
850511 Permanent Magnets Made Of Metal,Hong Kong,2020,219984,219984.0,850511,Electric Steel,Advanced Product
850511 Permanent Magnets Made Of Metal,Macau,2019,7402,7402.0,850511,Electric Steel,Advanced Product
850511 Permanent Magnets Made Of Metal,"Korea, South",2019,2413347,2413347.0,850511,Electric Steel,Advanced Product
850511 Permanent Magnets Made Of Metal,Hong Kong,2019,215830,215830.0,850511,Electric Steel,Advanced Product
850511 Permanent Magnets Made Of Metal,Taiwan,2019,3390862,3376989.0,850511,Electric Steel,Advanced Product
850511 Permanent Magnets Made Of Metal,Japan,2019,39061553,27592361.0,850511,Electric Steel,Advanced Product
850511 Permanent Magnets Made Of Metal,"Korea, South",2020,4317204,4317204.0,850511,Electric Steel,Advanced Product
850511 Permanent Magnets Made Of Metal,Mongolia,2022,3465,3465.0,850511,Electric Steel,Advanced Product
850511 Permanent Magnets Made Of Metal,Taiwan,2022,9398504,9398504.0,850511,Electric Steel,Advanced Product
850511 Permanent Magnets Made Of Metal,"Korea, South",2024,9811059,9765197.0,850511,Electric Steel,Advanced Product
850511 Permanent Magnets Made Of Metal,Hong Kong,2024,72198,72198.0,850511,Electric Steel,Advanced Product
850511 Permanent Magnets Made Of Metal,Taiwan,2024,7562302,7553622.0,850511,Electric Steel,Advanced Product
850511 Permanent Magnets Made Of Metal,Japan,2024,19781902,14672007.0,850511,Electric Steel,Advanced Product
850511 Permanent Magnets Made Of Metal,"Korea, South",2025,2025619,2071679.0,850511,Electric Steel,Advanced Product
850511 Permanent Magnets Made Of Metal,Hong Kong,2025,4320,4320.0,850511,Electric Steel,Advanced Product
850511 Permanent Magnets Made Of Metal,Taiwan,2025,4090307,4090307.0,850511,Electric Steel,Advanced Product
850511 Permanent Magnets Made Of Metal,Japan,2025,9537798,7893805.0,850511,Electric Steel,Advanced Product
850511 Permanent Magnets Made Of Metal,"Korea, South",2022,9420323,9420323.0,850511,Electric Steel,Advanced Product
850511 Permanent Magnets Made Of Metal,Japan,2022,35192544,27550492.0,850511,Electric Steel,Advanced Product
850511 Permanent Magnets Made Of Metal,"Korea, South",2023,4247866,4247866.0,850511,Electric Steel,Advanced Product
850511 Permanent Magnets Made Of Metal,Hong Kong,2023,46662,46662.0,850511,Electric Steel,Advanced Product
850511 Permanent Magnets Made Of Metal,Taiwan,2023,6924633,6922463.0,850511,Electric Steel,Advanced Product
850511 Permanent Magnets Made Of Metal,Japan,2023,26631388,18309527.0,850511,Electric Steel,Advanced Product
850511 Permanent Magnets Made Of Metal,Japan,2018,49943487,36051715.0,850511,Electric Steel,Advanced Product
850511 Permanent Magnets Made Of Metal,Hong Kong,2022,192556,192556.0,850511,Electric Steel,Advanced Product
850511 Permanent Magnets Made Of Metal,Hong Kong,2018,428931,428931.0,850511,Electric Steel,Advanced Product
850511 Permanent Magnets Made Of Metal,"Korea, South",2013,1333578,1333578.0,850511,Electric Steel,Advanced Product
850511 Permanent Magnets Made Of Metal,Hong Kong,2013,634852,632736.0,850511,Electric Steel,Advanced Product
850511 Permanent Magnets Made Of Metal,Taiwan,2013,3023269,2957190.0,850511,Electric Steel,Advanced Product
850511 Permanent Magnets Made Of Metal,Japan,2013,63254450,63274224.0,850511,Electric Steel,Advanced Product
850511 Permanent Magnets Made Of Metal,"Korea, South",2014,1025403,1025403.0,850511,Electric Steel,Advanced Product
850511 Permanent Magnets Made Of Metal,Hong Kong,2014,1592588,1592588.0,850511,Electric Steel,Advanced Product
850511 Permanent Magnets Made Of Metal,Taiwan,2014,2171026,2171026.0,850511,Electric Steel,Advanced Product
850511 Permanent Magnets Made Of Metal,Japan,2012,66614542,66688083.0,850511,Electric Steel,Advanced Product
850511 Permanent Magnets Made Of Metal,Hong Kong,2012,609712,609712.0,850511,Electric Steel,Advanced Product
850511 Permanent Magnets Made Of Metal,Taiwan,2018,2512210,2486424.0,850511,Electric Steel,Advanced Product
850511 Permanent Magnets Made Of Metal,"Korea, South",2011,5160333,1707921.0,850511,Electric Steel,Advanced Product
850511 Permanent Magnets Made Of Metal,Hong Kong,2011,459352,459352.0,850511,Electric Steel,Advanced Product
850511 Permanent Magnets Made Of Metal,Taiwan,2011,3413004,3411852.0,850511,Electric Steel,Advanced Product
850511 Permanent Magnets Made Of Metal,Japan,2011,31265367,31000234.0,850511,Electric Steel,Advanced Product
850511 Permanent Magnets Made Of Metal,"Korea, South",2012,3549021,1830647.0,850511,Electric Steel,Advanced Product
850511 Permanent Magnets Made Of Metal,Taiwan,2012,4332298,4398377.0,850511,Electric Steel,Advanced Product
850511 Permanent Magnets Made Of Metal,Japan,2014,33507432,33393212.0,850511,Electric Steel,Advanced Product
850511 Permanent Magnets Made Of Metal,Hong Kong,2017,216818,216818.0,850511,Electric Steel,Advanced Product
850511 Permanent Magnets Made Of Metal,"Korea, South",2017,1283019,1283019.0,850511,Electric Steel,Advanced Product
850511 Permanent Magnets Made Of Metal,Taiwan,2017,2032640,2013320.0,850511,Electric Steel,Advanced Product
850511 Permanent Magnets Made Of Metal,Japan,2017,42291191,28308589.0,850511,Electric Steel,Advanced Product
850511 Permanent Magnets Made Of Metal,"Korea, South",2018,1151052,1151052.0,850511,Electric Steel,Advanced Product
850511 Permanent Magnets Made Of Metal,Japan,2016,33668610,22786982.0,850511,Electric Steel,Advanced Product
850511 Permanent Magnets Made Of Metal,Taiwan,2016,1943528,1921391.0,850511,Electric Steel,Advanced Product
850511 Permanent Magnets Made Of Metal,Hong Kong,2016,125581,125581.0,850511,Electric Steel,Advanced Product
850511 Permanent Magnets Made Of Metal,"Korea, South",2015,1110380,1110380.0,850511,Electric Steel,Advanced Product
850511 Permanent Magnets Made Of Metal,Taiwan,2015,1992705,1971514.0,850511,Electric Steel,Advanced Product
850511 Permanent Magnets Made Of Metal,Japan,2015,24682866,20190851.0,850511,Electric Steel,Advanced Product
850511 Permanent Magnets Made Of Metal,Hong Kong,2015,634044,629760.0,850511,Electric Steel,Advanced Product
850511 Permanent Magnets Made Of Metal,"Korea, South",2016,912284,912284.0,850511,Electric Steel,Advanced Product
"850650 Primary Cells And Batteries, Lithium",Macau,2009,16244,16244.0,850650,Lithium,Other
"850650 Primary Cells And Batteries, Lithium","Korea, South",2009,9976276,9976276.0,850650,Lithium,Other
"850650 Primary Cells And Batteries, Lithium",Japan,2009,43242438,42932222.0,850650,Lithium,Other
"850650 Primary Cells And Batteries, Lithium",Hong Kong,2009,1039490,1039490.0,850650,Lithium,Other
"850650 Primary Cells And Batteries, Lithium",Japan,2024,39048149,40127694.0,850650,Lithium,Other
"850650 Primary Cells And Batteries, Lithium",Taiwan,2009,3878145,3878145.0,850650,Lithium,Other
"850650 Primary Cells And Batteries, Lithium",Hong Kong,2025,73238,73238.0,850650,Lithium,Other
"850650 Primary Cells And Batteries, Lithium",Macau,2010,56900,56900.0,850650,Lithium,Other
"850650 Primary Cells And Batteries, Lithium","Korea, South",2010,32567483,32567483.0,850650,Lithium,Other
"850650 Primary Cells And Batteries, Lithium",Hong Kong,2010,2388414,2388414.0,850650,Lithium,Other
"850650 Primary Cells And Batteries, Lithium",Taiwan,2024,2928923,2928923.0,850650,Lithium,Other
"850650 Primary Cells And Batteries, Lithium",Taiwan,2010,4327700,4298034.0,850650,Lithium,Other
"850650 Primary Cells And Batteries, Lithium","Korea, South",2025,17722081,17722081.0,850650,Lithium,Other
"850650 Primary Cells And Batteries, Lithium",Macau,2008,18647,18647.0,850650,Lithium,Other
"850650 Primary Cells And Batteries, Lithium","Korea, South",2008,9903981,9903981.0,850650,Lithium,Other
"850650 Primary Cells And Batteries, Lithium",Hong Kong,2008,702117,702117.0,850650,Lithium,Other
"850650 Primary Cells And Batteries, Lithium",Taiwan,2008,8757666,8757666.0,850650,Lithium,Other
"850650 Primary Cells And Batteries, Lithium",Japan,2008,56726643,56664182.0,850650,Lithium,Other
"850650 Primary Cells And Batteries, Lithium",Hong Kong,2024,222327,222327.0,850650,Lithium,Other
"850650 Primary Cells And Batteries, Lithium","Korea, South",2024,31655176,31655176.0,850650,Lithium,Other
"850650 Primary Cells And Batteries, Lithium",Taiwan,2025,2306612,2306612.0,850650,Lithium,Other
"850650 Primary Cells And Batteries, Lithium",Japan,2021,42746631,42700577.0,850650,Lithium,Other
"850650 Primary Cells And Batteries, Lithium",Taiwan,2021,5305689,5305130.0,850650,Lithium,Other
"850650 Primary Cells And Batteries, Lithium","Korea, South",2021,18840168,18836923.0,850650,Lithium,Other
"850650 Primary Cells And Batteries, Lithium",Hong Kong,2021,1192173,1192173.0,850650,Lithium,Other
"850650 Primary Cells And Batteries, Lithium","Korea, South",2022,25140061,25140061.0,850650,Lithium,Other
"850650 Primary Cells And Batteries, Lithium",Hong Kong,2022,558150,558150.0,850650,Lithium,Other
"850650 Primary Cells And Batteries, Lithium",Taiwan,2022,8105260,8105260.0,850650,Lithium,Other
"850650 Primary Cells And Batteries, Lithium",Japan,2023,37312330,38111757.0,850650,Lithium,Other
"850650 Primary Cells And Batteries, Lithium",Taiwan,2023,5982492,5982492.0,850650,Lithium,Other
"850650 Primary Cells And Batteries, Lithium",Hong Kong,2023,630249,645649.0,850650,Lithium,Other
"850650 Primary Cells And Batteries, Lithium","Korea, South",2023,29642160,29642160.0,850650,Lithium,Other
"850650 Primary Cells And Batteries, Lithium",Japan,2022,50696859,50963717.0,850650,Lithium,Other
"850650 Primary Cells And Batteries, Lithium",Japan,2010,65826465,64654866.0,850650,Lithium,Other
"850650 Primary Cells And Batteries, Lithium",Taiwan,2020,9581243,9581243.0,850650,Lithium,Other
"850650 Primary Cells And Batteries, Lithium",Taiwan,2007,8462392,7939728.0,850650,Lithium,Other
"850650 Primary Cells And Batteries, Lithium",Japan,2014,39427900,39162778.0,850650,Lithium,Other
"850650 Primary Cells And Batteries, Lithium","Korea, South",2015,12679844,12679844.0,850650,Lithium,Other
"850650 Primary Cells And Batteries, Lithium",Hong Kong,2015,3107563,3107563.0,850650,Lithium,Other
"850650 Primary Cells And Batteries, Lithium",Taiwan,2015,3831011,3831011.0,850650,Lithium,Other
"850650 Primary Cells And Batteries, Lithium",Japan,2015,44575513,44086189.0,850650,Lithium,Other
"850650 Primary Cells And Batteries, Lithium",Macau,2016,24687,24687.0,850650,Lithium,Other
"850650 Primary Cells And Batteries, Lithium",Taiwan,2014,6073921,6050972.0,850650,Lithium,Other
"850650 Primary Cells And Batteries, Lithium","Korea, South",2016,14744998,14744998.0,850650,Lithium,Other
"850650 Primary Cells And Batteries, Lithium",Hong Kong,2014,2235446,2235446.0,850650,Lithium,Other
"850650 Primary Cells And Batteries, Lithium",Japan,2012,55671197,57476954.0,850650,Lithium,Other
"850650 Primary Cells And Batteries, Lithium",Macau,2013,477847,477847.0,850650,Lithium,Other
"850650 Primary Cells And Batteries, Lithium","Korea, South",2013,11901477,11901477.0,850650,Lithium,Other
"850650 Primary Cells And Batteries, Lithium",Hong Kong,2013,1672543,1672543.0,850650,Lithium,Other
"850650 Primary Cells And Batteries, Lithium",Taiwan,2013,11271226,11196476.0,850650,Lithium,Other
"850650 Primary Cells And Batteries, Lithium",Japan,2013,41167577,41329947.0,850650,Lithium,Other
"850650 Primary Cells And Batteries, Lithium","Korea, South",2014,14831029,14831029.0,850650,Lithium,Other
"850650 Primary Cells And Batteries, Lithium",Taiwan,2012,5451072,5407410.0,850650,Lithium,Other
"850650 Primary Cells And Batteries, Lithium",Hong Kong,2016,2760481,2760481.0,850650,Lithium,Other
"850650 Primary Cells And Batteries, Lithium",Japan,2016,41423384,40927333.0,850650,Lithium,Other
"850650 Primary Cells And Batteries, Lithium","Korea, South",2019,15767262,15714672.0,850650,Lithium,Other
"850650 Primary Cells And Batteries, Lithium",Hong Kong,2019,447375,447375.0,850650,Lithium,Other
"850650 Primary Cells And Batteries, Lithium",Taiwan,2019,5660839,5660839.0,850650,Lithium,Other
"850650 Primary Cells And Batteries, Lithium",Japan,2019,49135760,49412159.0,850650,Lithium,Other
"850650 Primary Cells And Batteries, Lithium","Korea, South",2020,20182893,20220982.0,850650,Lithium,Other
"850650 Primary Cells And Batteries, Lithium",Hong Kong,2020,382361,382361.0,850650,Lithium,Other
"850650 Primary Cells And Batteries, Lithium",Taiwan,2016,2683400,2683400.0,850650,Lithium,Other
"850650 Primary Cells And Batteries, Lithium",Japan,2018,50749029,50479370.0,850650,Lithium,Other
"850650 Primary Cells And Batteries, Lithium",Hong Kong,2018,1498480,1498480.0,850650,Lithium,Other
"850650 Primary Cells And Batteries, Lithium","Korea, South",2017,16502914,16502397.0,850650,Lithium,Other
"850650 Primary Cells And Batteries, Lithium",Hong Kong,2017,2161400,2161400.0,850650,Lithium,Other
"850650 Primary Cells And Batteries, Lithium",Taiwan,2017,4351961,4351961.0,850650,Lithium,Other
"850650 Primary Cells And Batteries, Lithium",Japan,2017,42152227,41446865.0,850650,Lithium,Other
"850650 Primary Cells And Batteries, Lithium","Korea, South",2018,17001954,17001954.0,850650,Lithium,Other
"850650 Primary Cells And Batteries, Lithium",Taiwan,2018,5833414,5833414.0,850650,Lithium,Other
"850650 Primary Cells And Batteries, Lithium",Japan,2007,68547173,67928597.0,850650,Lithium,Other
"850650 Primary Cells And Batteries, Lithium",Hong Kong,2012,2034332,2034332.0,850650,Lithium,Other
"850650 Primary Cells And Batteries, Lithium",Macau,2012,49679,49679.0,850650,Lithium,Other
"850650 Primary Cells And Batteries, Lithium",Japan,2004,50796455,50312914.0,850650,Lithium,Other
"850650 Primary Cells And Batteries, Lithium",Taiwan,2004,6825430,6825430.0,850650,Lithium,Other
"850650 Primary Cells And Batteries, Lithium",Hong Kong,2004,1482080,1467545.0,850650,Lithium,Other
"850650 Primary Cells And Batteries, Lithium","Korea, South",2004,4425308,4425308.0,850650,Lithium,Other
"850650 Primary Cells And Batteries, Lithium",Japan,2003,50076015,49556820.0,850650,Lithium,Other
"850650 Primary Cells And Batteries, Lithium",Taiwan,2003,12504125,12504125.0,850650,Lithium,Other
"850650 Primary Cells And Batteries, Lithium","Korea, South",2005,7156419,7156419.0,850650,Lithium,Other
"850650 Primary Cells And Batteries, Lithium",Hong Kong,2003,2339498,2339498.0,850650,Lithium,Other
"850650 Primary Cells And Batteries, Lithium",Hong Kong,2005,1469419,1469419.0,850650,Lithium,Other
"850650 Primary Cells And Batteries, Lithium",Japan,2005,55431491,55053144.0,850650,Lithium,Other
"850650 Primary Cells And Batteries, Lithium",Hong Kong,2007,598096,595242.0,850650,Lithium,Other
"850650 Primary Cells And Batteries, Lithium","Korea, South",2007,6879281,6879281.0,850650,Lithium,Other
"850650 Primary Cells And Batteries, Lithium",Japan,2006,58333446,58031013.0,850650,Lithium,Other
"850650 Primary Cells And Batteries, Lithium",Taiwan,2006,13709782,11063306.0,850650,Lithium,Other
"850650 Primary Cells And Batteries, Lithium",Hong Kong,2006,698216,471719.0,850650,Lithium,Other
"850650 Primary Cells And Batteries, Lithium","Korea, South",2006,11193894,11193894.0,850650,Lithium,Other
"850650 Primary Cells And Batteries, Lithium",Taiwan,2005,9870638,9870638.0,850650,Lithium,Other
"850650 Primary Cells And Batteries, Lithium","Korea, South",2012,11668189,11668189.0,850650,Lithium,Other
"850650 Primary Cells And Batteries, Lithium","Korea, South",2003,3719766,3719766.0,850650,Lithium,Other
"850650 Primary Cells And Batteries, Lithium",Macau,2011,17678,17678.0,850650,Lithium,Other
"850650 Primary Cells And Batteries, Lithium","Korea, South",2011,22823629,22820200.0,850650,Lithium,Other
"850650 Primary Cells And Batteries, Lithium",Hong Kong,2011,2387147,2387147.0,850650,Lithium,Other
"850650 Primary Cells And Batteries, Lithium",Taiwan,2011,7078345,7038658.0,850650,Lithium,Other
"850650 Primary Cells And Batteries, Lithium",Japan,2011,68340377,66753216.0,850650,Lithium,Other
"850650 Primary Cells And Batteries, Lithium",Japan,2020,34648096,34714542.0,850650,Lithium,Other
"850650 Primary Cells And Batteries, Lithium",Macau,2003,2460,2460.0,850650,Lithium,Other
"850650 Primary Cells And Batteries, Lithium",Japan,2002,63240836,62711251.0,850650,Lithium,Other
"850650 Primary Cells And Batteries, Lithium",Taiwan,2002,8610492,8610492.0,850650,Lithium,Other
"850650 Primary Cells And Batteries, Lithium",Hong Kong,2002,1403243,1416195.0,850650,Lithium,Other
"850650 Primary Cells And Batteries, Lithium","Korea, South",2002,4239722,4239722.0,850650,Lithium,Other
"850650 Primary Cells And Batteries, Lithium",Japan,2001,70500466,,850650,Lithium,Other
"850650 Primary Cells And Batteries, Lithium",Taiwan,2001,3870358,,850650,Lithium,Other
"850650 Primary Cells And Batteries, Lithium",Hong Kong,2001,891629,,850650,Lithium,Other
"850650 Primary Cells And Batteries, Lithium","Korea, South",2001,1813556,,850650,Lithium,Other
"850650 Primary Cells And Batteries, Lithium",Japan,2025,22785478,23067421.0,850650,Lithium,Other
