Commodities,Countries,Time,Customs Value (Gen) ($US) (Default Member),Customs Value (Cons) ($US),HS_Code,CategoryType
2504 Natural Graphite,APEC - Asia Pacific Economic Co-operation,2018,47886193,47860292.0,2504,Other
2504 Natural Graphite,APEC - Asia Pacific Economic Co-operation,2016,35363169,35363169.0,2504,Other
2504 Natural Graphite,APEC - Asia Pacific Economic Co-operation,2017,46917775,46917775.0,2504,Other
2504 Natural Graphite,ASEAN - Association of Southeast Asian Nations,2019,19775,19775.0,2504,Other
2504 Natural Graphite,ASEAN - Association of Southeast Asian Nations,2018,2700,2700.0,2504,Other
2504 Natural Graphite,ASEAN - Association of Southeast Asian Nations,2013,8496,8496.0,2504,Other
2504 Natural Graphite,APEC - Asia Pacific Economic Co-operation,2020,30122236,30094628.0,2504,Other
2504 Natural Graphite,Asia - South,2003,1277642,1277642.0,2504,Other
2504 Natural Graphite,Asia - South,2019,602726,602726.0,2504,Other
2504 Natural Graphite,Asia - South,2013,917994,917994.0,2504,Other
2504 Natural Graphite,Asia - South,2011,1241801,1241801.0,2504,Other
2504 Natural Graphite,Asia - South,2020,102899,102899.0,2504,Other
2504 Natural Graphite,Asia - South,2017,844280,844280.0,2504,Other
2504 Natural Graphite,APEC - Asia Pacific Economic Co-operation,2012,56521267,56521267.0,2504,Other
2504 Natural Graphite,APEC - Asia Pacific Economic Co-operation,2014,60094695,60094695.0,2504,Other
2504 Natural Graphite,APEC - Asia Pacific Economic Co-operation,2013,55786123,55786123.0,2504,Other
2504 Natural Graphite,APEC - Asia Pacific Economic Co-operation,2019,43919428,43844699.0,2504,Other
2504 Natural Graphite,APEC - Asia Pacific Economic Co-operation,2011,70478753,70478753.0,2504,Other
2504 Natural Graphite,APEC - Asia Pacific Economic Co-operation,2015,44775131,44775131.0,2504,Other
2504 Natural Graphite,ASEAN - Association of Southeast Asian Nations,2017,5593,5593.0,2504,Other
2504 Natural Graphite,ASEAN - Association of Southeast Asian Nations,2024,82684,82684.0,2504,Other
2504 Natural Graphite,Asia - South,2004,1596376,1596376.0,2504,Other
2504 Natural Graphite,Asia - South,2010,1172175,1172175.0,2504,Other
2504 Natural Graphite,APEC - Asia Pacific Economic Co-operation,2010,43435716,43435716.0,2504,Other
2504 Natural Graphite,APEC - Asia Pacific Economic Co-operation,2022,161784767,161764301.0,2504,Other
2504 Natural Graphite,Asia - South,2022,779394,779394.0,2504,Other
2504 Natural Graphite,Asia - South,2024,914711,914711.0,2504,Other
2504 Natural Graphite,APEC - Asia Pacific Economic Co-operation,2007,28532765,28532765.0,2504,Other
2504 Natural Graphite,Asia - South,2005,1547407,1547407.0,2504,Other
2504 Natural Graphite,Asia - South,2021,696954,696954.0,2504,Other
2504 Natural Graphite,Asia - South,2025,425891,425891.0,2504,Other
2504 Natural Graphite,APEC - Asia Pacific Economic Co-operation,2008,39327547,39327547.0,2504,Other
2504 Natural Graphite,APEC - Asia Pacific Economic Co-operation,2004,22527439,22527439.0,2504,Other
2504 Natural Graphite,APEC - Asia Pacific Economic Co-operation,2001,16356779,,2504,Other
2504 Natural Graphite,APEC - Asia Pacific Economic Co-operation,2003,15205824,15205824.0,2504,Other
2504 Natural Graphite,APEC - Asia Pacific Economic Co-operation,2009,22920956,22920956.0,2504,Other
2504 Natural Graphite,Asia - South,2023,799219,799219.0,2504,Other
2504 Natural Graphite,APEC - Asia Pacific Economic Co-operation,2002,13645296,13645296.0,2504,Other
2504 Natural Graphite,ASEAN - Association of Southeast Asian Nations,2020,20895,20895.0,2504,Other
2504 Natural Graphite,APEC - Asia Pacific Economic Co-operation,2005,26534549,26534549.0,2504,Other
2504 Natural Graphite,ASEAN - Association of Southeast Asian Nations,2025,7225570,7225570.0,2504,Other
2504 Natural Graphite,ASEAN - Association of Southeast Asian Nations,2022,2308,2308.0,2504,Other
2504 Natural Graphite,APEC - Asia Pacific Economic Co-operation,2023,128065954,128050110.0,2504,Other
2504 Natural Graphite,Asia - South,2008,1334313,1334313.0,2504,Other
2504 Natural Graphite,APEC - Asia Pacific Economic Co-operation,2021,53987731,53943942.0,2504,Other
2504 Natural Graphite,Asia - South,2007,2434700,2434700.0,2504,Other
2504 Natural Graphite,APEC - Asia Pacific Economic Co-operation,2024,121726742,121698621.0,2504,Other
2504 Natural Graphite,Asia - South,2009,189610,189610.0,2504,Other
2504 Natural Graphite,ASEAN - Association of Southeast Asian Nations,2009,20650,20650.0,2504,Other
2504 Natural Graphite,Asia - South,2002,470819,470819.0,2504,Other
2504 Natural Graphite,Asia - South,2006,1183180,1183180.0,2504,Other
2504 Natural Graphite,Asia - South,2001,764533,,2504,Other
2504 Natural Graphite,APEC - Asia Pacific Economic Co-operation,2006,21159453,21159453.0,2504,Other
2504 Natural Graphite,APEC - Asia Pacific Economic Co-operation,2025,58348425,56681679.0,2504,Other
2504 Natural Graphite,ASEAN - Association of Southeast Asian Nations,2007,3822,3822.0,2504,Other
2504 Natural Graphite,Asia - South,2012,1034210,1034210.0,2504,Other
2504 Natural Graphite,Asia - South,2018,3522174,3522174.0,2504,Other
2504 Natural Graphite,Asia - South,2014,1033841,1033841.0,2504,Other
2504 Natural Graphite,Asia - South,2016,848774,848774.0,2504,Other
2504 Natural Graphite,Asia - South,2015,860808,860808.0,2504,Other
2602 Manganese Ores A Concntrts Inc Ferr Mangn Iron Ore,Asia - South,2025,20822,20822.0,2602,Ore/Raw
2602 Manganese Ores A Concntrts Inc Ferr Mangn Iron Ore,APEC - Asia Pacific Economic Co-operation,2010,26203327,26203327.0,2602,Ore/Raw
2602 Manganese Ores A Concntrts Inc Ferr Mangn Iron Ore,Asia - South,2001,92140,,2602,Ore/Raw
2602 Manganese Ores A Concntrts Inc Ferr Mangn Iron Ore,APEC - Asia Pacific Economic Co-operation,2024,8382459,8382459.0,2602,Ore/Raw
2602 Manganese Ores A Concntrts Inc Ferr Mangn Iron Ore,APEC - Asia Pacific Economic Co-operation,2019,8682211,8682211.0,2602,Ore/Raw
2602 Manganese Ores A Concntrts Inc Ferr Mangn Iron Ore,Asia - South,2005,12812,12812.0,2602,Ore/Raw
2602 Manganese Ores A Concntrts Inc Ferr Mangn Iron Ore,APEC - Asia Pacific Economic Co-operation,2006,5537338,5537338.0,2602,Ore/Raw
2602 Manganese Ores A Concntrts Inc Ferr Mangn Iron Ore,APEC - Asia Pacific Economic Co-operation,2018,12705660,12705660.0,2602,Ore/Raw
2602 Manganese Ores A Concntrts Inc Ferr Mangn Iron Ore,APEC - Asia Pacific Economic Co-operation,2017,13685511,13685511.0,2602,Ore/Raw
2602 Manganese Ores A Concntrts Inc Ferr Mangn Iron Ore,APEC - Asia Pacific Economic Co-operation,2004,7152704,7152704.0,2602,Ore/Raw
2602 Manganese Ores A Concntrts Inc Ferr Mangn Iron Ore,APEC - Asia Pacific Economic Co-operation,2013,18880528,18880528.0,2602,Ore/Raw
2602 Manganese Ores A Concntrts Inc Ferr Mangn Iron Ore,APEC - Asia Pacific Economic Co-operation,2003,2570976,2570976.0,2602,Ore/Raw
2602 Manganese Ores A Concntrts Inc Ferr Mangn Iron Ore,APEC - Asia Pacific Economic Co-operation,2023,2485470,2485470.0,2602,Ore/Raw
2602 Manganese Ores A Concntrts Inc Ferr Mangn Iron Ore,Asia - South,2004,6546,6546.0,2602,Ore/Raw
2602 Manganese Ores A Concntrts Inc Ferr Mangn Iron Ore,APEC - Asia Pacific Economic Co-operation,2005,7557358,7557358.0,2602,Ore/Raw
2602 Manganese Ores A Concntrts Inc Ferr Mangn Iron Ore,Asia - South,2024,99656,99656.0,2602,Ore/Raw
2602 Manganese Ores A Concntrts Inc Ferr Mangn Iron Ore,APEC - Asia Pacific Economic Co-operation,2025,6547756,6547756.0,2602,Ore/Raw
2602 Manganese Ores A Concntrts Inc Ferr Mangn Iron Ore,APEC - Asia Pacific Economic Co-operation,2001,3611541,,2602,Ore/Raw
2602 Manganese Ores A Concntrts Inc Ferr Mangn Iron Ore,APEC - Asia Pacific Economic Co-operation,2016,5466811,5466811.0,2602,Ore/Raw
2602 Manganese Ores A Concntrts Inc Ferr Mangn Iron Ore,APEC - Asia Pacific Economic Co-operation,2008,25938359,25938359.0,2602,Ore/Raw
2602 Manganese Ores A Concntrts Inc Ferr Mangn Iron Ore,APEC - Asia Pacific Economic Co-operation,2009,13179435,13179435.0,2602,Ore/Raw
2602 Manganese Ores A Concntrts Inc Ferr Mangn Iron Ore,APEC - Asia Pacific Economic Co-operation,2007,12813267,12813267.0,2602,Ore/Raw
2602 Manganese Ores A Concntrts Inc Ferr Mangn Iron Ore,Asia - South,2007,4633,4633.0,2602,Ore/Raw
2602 Manganese Ores A Concntrts Inc Ferr Mangn Iron Ore,APEC - Asia Pacific Economic Co-operation,2012,7058472,7058472.0,2602,Ore/Raw
2602 Manganese Ores A Concntrts Inc Ferr Mangn Iron Ore,Asia - South,2008,6045,6045.0,2602,Ore/Raw
2602 Manganese Ores A Concntrts Inc Ferr Mangn Iron Ore,APEC - Asia Pacific Economic Co-operation,2015,10483241,10483241.0,2602,Ore/Raw
2602 Manganese Ores A Concntrts Inc Ferr Mangn Iron Ore,APEC - Asia Pacific Economic Co-operation,2002,3575813,3575813.0,2602,Ore/Raw
2602 Manganese Ores A Concntrts Inc Ferr Mangn Iron Ore,APEC - Asia Pacific Economic Co-operation,2014,13482125,13482125.0,2602,Ore/Raw
2602 Manganese Ores A Concntrts Inc Ferr Mangn Iron Ore,APEC - Asia Pacific Economic Co-operation,2022,15085829,15085829.0,2602,Ore/Raw
2602 Manganese Ores A Concntrts Inc Ferr Mangn Iron Ore,APEC - Asia Pacific Economic Co-operation,2020,14121280,14121280.0,2602,Ore/Raw
2602 Manganese Ores A Concntrts Inc Ferr Mangn Iron Ore,APEC - Asia Pacific Economic Co-operation,2021,9674112,9674112.0,2602,Ore/Raw
2602 Manganese Ores A Concntrts Inc Ferr Mangn Iron Ore,APEC - Asia Pacific Economic Co-operation,2011,35575561,35575561.0,2602,Ore/Raw
2602 Manganese Ores A Concntrts Inc Ferr Mangn Iron Ore,Asia - South,2023,239225,239225.0,2602,Ore/Raw
2603 Copper Ores And Concentrates,ASEAN - Association of Southeast Asian Nations,2002,5723332,5723332.0,2603,Ore/Raw
2603 Copper Ores And Concentrates,APEC - Asia Pacific Economic Co-operation,2024,257457,257457.0,2603,Ore/Raw
2603 Copper Ores And Concentrates,APEC - Asia Pacific Economic Co-operation,2001,57972384,,2603,Ore/Raw
2603 Copper Ores And Concentrates,APEC - Asia Pacific Economic Co-operation,2004,24656786,24656786.0,2603,Ore/Raw
2603 Copper Ores And Concentrates,APEC - Asia Pacific Economic Co-operation,2021,101450514,101450514.0,2603,Ore/Raw
2603 Copper Ores And Concentrates,APEC - Asia Pacific Economic Co-operation,2009,105249486,214845.0,2603,Ore/Raw
2603 Copper Ores And Concentrates,APEC - Asia Pacific Economic Co-operation,2025,322975,322975.0,2603,Ore/Raw
2603 Copper Ores And Concentrates,APEC - Asia Pacific Economic Co-operation,2010,80441664,1817664.0,2603,Ore/Raw
2603 Copper Ores And Concentrates,APEC - Asia Pacific Economic Co-operation,2023,34636986,34636986.0,2603,Ore/Raw
2603 Copper Ores And Concentrates,APEC - Asia Pacific Economic Co-operation,2006,187096,187096.0,2603,Ore/Raw
2603 Copper Ores And Concentrates,APEC - Asia Pacific Economic Co-operation,2007,16300100,184973.0,2603,Ore/Raw
2603 Copper Ores And Concentrates,APEC - Asia Pacific Economic Co-operation,2002,102910565,102910565.0,2603,Ore/Raw
2603 Copper Ores And Concentrates,APEC - Asia Pacific Economic Co-operation,2003,18029784,18029784.0,2603,Ore/Raw
2603 Copper Ores And Concentrates,Asia - South,2022,185305,185305.0,2603,Ore/Raw
2603 Copper Ores And Concentrates,APEC - Asia Pacific Economic Co-operation,2005,460051,460051.0,2603,Ore/Raw
2603 Copper Ores And Concentrates,APEC - Asia Pacific Economic Co-operation,2022,122490327,122490327.0,2603,Ore/Raw
2603 Copper Ores And Concentrates,APEC - Asia Pacific Economic Co-operation,2008,103660114,1225503.0,2603,Ore/Raw
2603 Copper Ores And Concentrates,Asia - South,2016,6560,6560.0,2603,Ore/Raw
2603 Copper Ores And Concentrates,APEC - Asia Pacific Economic Co-operation,2018,139043852,89795852.0,2603,Ore/Raw
2603 Copper Ores And Concentrates,APEC - Asia Pacific Economic Co-operation,2013,84116515,18092515.0,2603,Ore/Raw
2603 Copper Ores And Concentrates,APEC - Asia Pacific Economic Co-operation,2019,153002522,148466522.0,2603,Ore/Raw
2603 Copper Ores And Concentrates,APEC - Asia Pacific Economic Co-operation,2016,145287048,207048.0,2603,Ore/Raw
2603 Copper Ores And Concentrates,APEC - Asia Pacific Economic Co-operation,2015,74334105,1254105.0,2603,Ore/Raw
2603 Copper Ores And Concentrates,APEC - Asia Pacific Economic Co-operation,2020,42530096,8186096.0,2603,Ore/Raw
2603 Copper Ores And Concentrates,APEC - Asia Pacific Economic Co-operation,2014,88247236,515236.0,2603,Ore/Raw
2603 Copper Ores And Concentrates,APEC - Asia Pacific Economic Co-operation,2012,99182726,29522726.0,2603,Ore/Raw
2603 Copper Ores And Concentrates,ASEAN - Association of Southeast Asian Nations,2019,2556,2556.0,2603,Ore/Raw
2603 Copper Ores And Concentrates,ASEAN - Association of Southeast Asian Nations,2015,174400,174400.0,2603,Ore/Raw
2603 Copper Ores And Concentrates,APEC - Asia Pacific Economic Co-operation,2017,95273559,25721559.0,2603,Ore/Raw
2603 Copper Ores And Concentrates,APEC - Asia Pacific Economic Co-operation,2011,226228582,143332582.0,2603,Ore/Raw
2603 Copper Ores And Concentrates,ASEAN - Association of Southeast Asian Nations,2016,43973,43973.0,2603,Ore/Raw
2603 Copper Ores And Concentrates,ASEAN - Association of Southeast Asian Nations,2001,14201112,,2603,Ore/Raw
2604 Nickel Ores And Concentrates,APEC - Asia Pacific Economic Co-operation,2013,6088,6088.0,2604,Ore/Raw
2604 Nickel Ores And Concentrates,APEC - Asia Pacific Economic Co-operation,2025,136168,136168.0,2604,Ore/Raw
2604 Nickel Ores And Concentrates,APEC - Asia Pacific Economic Co-operation,2024,73394,73394.0,2604,Ore/Raw
2604 Nickel Ores And Concentrates,APEC - Asia Pacific Economic Co-operation,2017,48482,48482.0,2604,Ore/Raw
2604 Nickel Ores And Concentrates,APEC - Asia Pacific Economic Co-operation,2006,2904,2904.0,2604,Ore/Raw
2604 Nickel Ores And Concentrates,APEC - Asia Pacific Economic Co-operation,2005,2700,2700.0,2604,Ore/Raw
2604 Nickel Ores And Concentrates,APEC - Asia Pacific Economic Co-operation,2002,5608,5608.0,2604,Ore/Raw
2604 Nickel Ores And Concentrates,APEC - Asia Pacific Economic Co-operation,2016,21476,21476.0,2604,Ore/Raw
2604 Nickel Ores And Concentrates,APEC - Asia Pacific Economic Co-operation,2014,242191,242191.0,2604,Ore/Raw
2604 Nickel Ores And Concentrates,APEC - Asia Pacific Economic Co-operation,2001,27827,,2604,Ore/Raw
2604 Nickel Ores And Concentrates,APEC - Asia Pacific Economic Co-operation,2018,114439,114439.0,2604,Ore/Raw
2604 Nickel Ores And Concentrates,Asia - South,2016,6921,6921.0,2604,Ore/Raw
2604 Nickel Ores And Concentrates,Asia - South,2012,2322,2322.0,2604,Ore/Raw
2604 Nickel Ores And Concentrates,APEC - Asia Pacific Economic Co-operation,2023,21819,21819.0,2604,Ore/Raw
2604 Nickel Ores And Concentrates,APEC - Asia Pacific Economic Co-operation,2021,86992,86992.0,2604,Ore/Raw
2604 Nickel Ores And Concentrates,ASEAN - Association of Southeast Asian Nations,2016,5615,5615.0,2604,Ore/Raw
2604 Nickel Ores And Concentrates,ASEAN - Association of Southeast Asian Nations,2002,3200,3200.0,2604,Ore/Raw
2604 Nickel Ores And Concentrates,ASEAN - Association of Southeast Asian Nations,2025,2145,2145.0,2604,Ore/Raw
2604 Nickel Ores And Concentrates,ASEAN - Association of Southeast Asian Nations,2015,14775,14775.0,2604,Ore/Raw
2604 Nickel Ores And Concentrates,ASEAN - Association of Southeast Asian Nations,2013,3245,3245.0,2604,Ore/Raw
2604 Nickel Ores And Concentrates,APEC - Asia Pacific Economic Co-operation,2020,349150,349150.0,2604,Ore/Raw
2604 Nickel Ores And Concentrates,APEC - Asia Pacific Economic Co-operation,2008,30558,30558.0,2604,Ore/Raw
2604 Nickel Ores And Concentrates,APEC - Asia Pacific Economic Co-operation,2012,13373,13373.0,2604,Ore/Raw
2604 Nickel Ores And Concentrates,APEC - Asia Pacific Economic Co-operation,2003,84810,84810.0,2604,Ore/Raw
2604 Nickel Ores And Concentrates,APEC - Asia Pacific Economic Co-operation,2019,58077,58077.0,2604,Ore/Raw
2604 Nickel Ores And Concentrates,APEC - Asia Pacific Economic Co-operation,2015,122861,122861.0,2604,Ore/Raw
2604 Nickel Ores And Concentrates,APEC - Asia Pacific Economic Co-operation,2022,101622,101622.0,2604,Ore/Raw
2605 Cobalt Ores And Concentrates,APEC - Asia Pacific Economic Co-operation,2010,169800,169800.0,2605,Ore/Raw
2605 Cobalt Ores And Concentrates,APEC - Asia Pacific Economic Co-operation,2021,356450,356450.0,2605,Ore/Raw
2605 Cobalt Ores And Concentrates,APEC - Asia Pacific Economic Co-operation,2022,954846,954846.0,2605,Ore/Raw
2605 Cobalt Ores And Concentrates,APEC - Asia Pacific Economic Co-operation,2017,196240,196240.0,2605,Ore/Raw
2605 Cobalt Ores And Concentrates,APEC - Asia Pacific Economic Co-operation,2023,151300,151300.0,2605,Ore/Raw
2605 Cobalt Ores And Concentrates,APEC - Asia Pacific Economic Co-operation,2007,13488480,13488480.0,2605,Ore/Raw
2605 Cobalt Ores And Concentrates,APEC - Asia Pacific Economic Co-operation,2001,195000,,2605,Ore/Raw
2605 Cobalt Ores And Concentrates,APEC - Asia Pacific Economic Co-operation,2024,88900,88900.0,2605,Ore/Raw
2605 Cobalt Ores And Concentrates,APEC - Asia Pacific Economic Co-operation,2004,11095,11095.0,2605,Ore/Raw
2605 Cobalt Ores And Concentrates,APEC - Asia Pacific Economic Co-operation,2008,1357200,1357200.0,2605,Ore/Raw
2605 Cobalt Ores And Concentrates,APEC - Asia Pacific Economic Co-operation,2003,6991,6991.0,2605,Ore/Raw
2605 Cobalt Ores And Concentrates,APEC - Asia Pacific Economic Co-operation,2005,3139029,3139029.0,2605,Ore/Raw
2605 Cobalt Ores And Concentrates,APEC - Asia Pacific Economic Co-operation,2020,58500,58500.0,2605,Ore/Raw
2605 Cobalt Ores And Concentrates,APEC - Asia Pacific Economic Co-operation,2015,176763,176763.0,2605,Ore/Raw
2605 Cobalt Ores And Concentrates,APEC - Asia Pacific Economic Co-operation,2018,509275,509275.0,2605,Ore/Raw
2605 Cobalt Ores And Concentrates,APEC - Asia Pacific Economic Co-operation,2006,9789048,9789048.0,2605,Ore/Raw
2605 Cobalt Ores And Concentrates,APEC - Asia Pacific Economic Co-operation,2016,506272,506272.0,2605,Ore/Raw
2605 Cobalt Ores And Concentrates,APEC - Asia Pacific Economic Co-operation,2019,135222,135222.0,2605,Ore/Raw
2605 Cobalt Ores And Concentrates,APEC - Asia Pacific Economic Co-operation,2012,692673,692673.0,2605,Ore/Raw
2605 Cobalt Ores And Concentrates,APEC - Asia Pacific Economic Co-operation,2014,247149,247149.0,2605,Ore/Raw
2606 Aluminum Ores And Concentrates,Asia - South,2006,7043789,4301897.0,2606,Ore/Raw
2606 Aluminum Ores And Concentrates,Asia - South,2008,1689990,1689990.0,2606,Ore/Raw
2606 Aluminum Ores And Concentrates,Asia - South,2009,54877,54877.0,2606,Ore/Raw
2606 Aluminum Ores And Concentrates,Asia - South,2004,1913316,1913316.0,2606,Ore/Raw
2606 Aluminum Ores And Concentrates,Asia - South,2010,158022,158022.0,2606,Ore/Raw
2606 Aluminum Ores And Concentrates,Asia - South,2005,20462570,20462570.0,2606,Ore/Raw
2606 Aluminum Ores And Concentrates,APEC - Asia Pacific Economic Co-operation,2007,41275238,41275238.0,2606,Ore/Raw
2606 Aluminum Ores And Concentrates,Asia - South,2025,19850,19850.0,2606,Ore/Raw
2606 Aluminum Ores And Concentrates,APEC - Asia Pacific Economic Co-operation,2024,48020094,48020094.0,2606,Ore/Raw
2606 Aluminum Ores And Concentrates,APEC - Asia Pacific Economic Co-operation,2001,19318948,,2606,Ore/Raw
2606 Aluminum Ores And Concentrates,APEC - Asia Pacific Economic Co-operation,2025,12218527,12218527.0,2606,Ore/Raw
2606 Aluminum Ores And Concentrates,ASEAN - Association of Southeast Asian Nations,2012,578699,578699.0,2606,Ore/Raw
2606 Aluminum Ores And Concentrates,ASEAN - Association of Southeast Asian Nations,2020,14613,14613.0,2606,Ore/Raw
2606 Aluminum Ores And Concentrates,APEC - Asia Pacific Economic Co-operation,2018,25861105,25861105.0,2606,Ore/Raw
2606 Aluminum Ores And Concentrates,APEC - Asia Pacific Economic Co-operation,2015,35087991,35087991.0,2606,Ore/Raw
2606 Aluminum Ores And Concentrates,APEC - Asia Pacific Economic Co-operation,2016,25485749,25485749.0,2606,Ore/Raw
2606 Aluminum Ores And Concentrates,APEC - Asia Pacific Economic Co-operation,2014,45650578,45650578.0,2606,Ore/Raw
2606 Aluminum Ores And Concentrates,APEC - Asia Pacific Economic Co-operation,2013,40538145,40538145.0,2606,Ore/Raw
2606 Aluminum Ores And Concentrates,APEC - Asia Pacific Economic Co-operation,2017,36846781,36846781.0,2606,Ore/Raw
2606 Aluminum Ores And Concentrates,APEC - Asia Pacific Economic Co-operation,2012,24372225,24372225.0,2606,Ore/Raw
2606 Aluminum Ores And Concentrates,APEC - Asia Pacific Economic Co-operation,2005,37339035,36795289.0,2606,Ore/Raw
2606 Aluminum Ores And Concentrates,APEC - Asia Pacific Economic Co-operation,2011,27012602,27012602.0,2606,Ore/Raw
2606 Aluminum Ores And Concentrates,APEC - Asia Pacific Economic Co-operation,2020,21700374,21700374.0,2606,Ore/Raw
2606 Aluminum Ores And Concentrates,Asia - South,2014,85000,85000.0,2606,Ore/Raw
2606 Aluminum Ores And Concentrates,Asia - South,2011,470534,470534.0,2606,Ore/Raw
2606 Aluminum Ores And Concentrates,Asia - South,2019,47625,47625.0,2606,Ore/Raw
2606 Aluminum Ores And Concentrates,Asia - South,2018,831874,831874.0,2606,Ore/Raw
2606 Aluminum Ores And Concentrates,Asia - South,2016,1775053,1775053.0,2606,Ore/Raw
2606 Aluminum Ores And Concentrates,Asia - South,2013,172800,172800.0,2606,Ore/Raw
2606 Aluminum Ores And Concentrates,Asia - South,2012,652980,652980.0,2606,Ore/Raw
2606 Aluminum Ores And Concentrates,Asia - South,2017,148210,148210.0,2606,Ore/Raw
2606 Aluminum Ores And Concentrates,APEC - Asia Pacific Economic Co-operation,2019,20907942,20907942.0,2606,Ore/Raw
2606 Aluminum Ores And Concentrates,APEC - Asia Pacific Economic Co-operation,2023,38580813,38012122.0,2606,Ore/Raw
2606 Aluminum Ores And Concentrates,APEC - Asia Pacific Economic Co-operation,2021,45163999,44804065.0,2606,Ore/Raw
2606 Aluminum Ores And Concentrates,APEC - Asia Pacific Economic Co-operation,2008,84101435,84101435.0,2606,Ore/Raw
2606 Aluminum Ores And Concentrates,APEC - Asia Pacific Economic Co-operation,2010,36600953,36600953.0,2606,Ore/Raw
2606 Aluminum Ores And Concentrates,Asia - South,2022,5444,5444.0,2606,Ore/Raw
2606 Aluminum Ores And Concentrates,APEC - Asia Pacific Economic Co-operation,2002,18297651,18297651.0,2606,Ore/Raw
2606 Aluminum Ores And Concentrates,APEC - Asia Pacific Economic Co-operation,2004,39007984,39007984.0,2606,Ore/Raw
2606 Aluminum Ores And Concentrates,APEC - Asia Pacific Economic Co-operation,2006,43591920,42742140.0,2606,Ore/Raw
2606 Aluminum Ores And Concentrates,APEC - Asia Pacific Economic Co-operation,2022,31857661,30081930.0,2606,Ore/Raw
2606 Aluminum Ores And Concentrates,APEC - Asia Pacific Economic Co-operation,2003,21744404,21744404.0,2606,Ore/Raw
2606 Aluminum Ores And Concentrates,APEC - Asia Pacific Economic Co-operation,2009,15609454,15609454.0,2606,Ore/Raw
2609 Tin Ores And Concentrates,APEC - Asia Pacific Economic Co-operation,2011,51510,51510.0,2609,Ore/Raw
2609 Tin Ores And Concentrates,Asia - South,2024,19577,19577.0,2609,Ore/Raw
2609 Tin Ores And Concentrates,APEC - Asia Pacific Economic Co-operation,2010,16943,16943.0,2609,Ore/Raw
2609 Tin Ores And Concentrates,Asia - South,2025,62118,62118.0,2609,Ore/Raw
2614 Titanium Ores And Concentrates,APEC - Asia Pacific Economic Co-operation,2009,98544451,98544451.0,2614,Ore/Raw
2614 Titanium Ores And Concentrates,Asia - South,2019,3750,3750.0,2614,Ore/Raw
2614 Titanium Ores And Concentrates,APEC - Asia Pacific Economic Co-operation,2013,302258325,302258325.0,2614,Ore/Raw
2614 Titanium Ores And Concentrates,APEC - Asia Pacific Economic Co-operation,2016,121516236,121516236.0,2614,Ore/Raw
2614 Titanium Ores And Concentrates,APEC - Asia Pacific Economic Co-operation,2006,101984421,101984421.0,2614,Ore/Raw
2614 Titanium Ores And Concentrates,APEC - Asia Pacific Economic Co-operation,2014,137976209,137976209.0,2614,Ore/Raw
2614 Titanium Ores And Concentrates,APEC - Asia Pacific Economic Co-operation,2010,123928925,123928925.0,2614,Ore/Raw
2614 Titanium Ores And Concentrates,APEC - Asia Pacific Economic Co-operation,2002,125465391,125465391.0,2614,Ore/Raw
2614 Titanium Ores And Concentrates,APEC - Asia Pacific Economic Co-operation,2011,176394037,176394037.0,2614,Ore/Raw
2614 Titanium Ores And Concentrates,APEC - Asia Pacific Economic Co-operation,2003,136065454,136065454.0,2614,Ore/Raw
2614 Titanium Ores And Concentrates,Asia - South,2017,141688,141688.0,2614,Ore/Raw
2614 Titanium Ores And Concentrates,APEC - Asia Pacific Economic Co-operation,2004,123626882,123626882.0,2614,Ore/Raw
2614 Titanium Ores And Concentrates,Asia - South,2012,436700,436700.0,2614,Ore/Raw
2614 Titanium Ores And Concentrates,Asia - South,2016,87558,87558.0,2614,Ore/Raw
2614 Titanium Ores And Concentrates,Asia - South,2015,216157,216157.0,2614,Ore/Raw
2614 Titanium Ores And Concentrates,APEC - Asia Pacific Economic Co-operation,2008,205179020,205179020.0,2614,Ore/Raw
2614 Titanium Ores And Concentrates,APEC - Asia Pacific Economic Co-operation,2001,93084607,,2614,Ore/Raw
2614 Titanium Ores And Concentrates,APEC - Asia Pacific Economic Co-operation,2005,110754185,110754185.0,2614,Ore/Raw
2614 Titanium Ores And Concentrates,ASEAN - Association of Southeast Asian Nations,2014,4025099,4025099.0,2614,Ore/Raw
2614 Titanium Ores And Concentrates,ASEAN - Association of Southeast Asian Nations,2015,2815171,2815171.0,2614,Ore/Raw
2614 Titanium Ores And Concentrates,ASEAN - Association of Southeast Asian Nations,2019,82922,82922.0,2614,Ore/Raw
2614 Titanium Ores And Concentrates,Asia - South,2002,803000,803000.0,2614,Ore/Raw
2614 Titanium Ores And Concentrates,Asia - South,2009,10982,10982.0,2614,Ore/Raw
2614 Titanium Ores And Concentrates,ASEAN - Association of Southeast Asian Nations,2011,6831832,6831832.0,2614,Ore/Raw
2614 Titanium Ores And Concentrates,Asia - South,2003,3840,3840.0,2614,Ore/Raw
2614 Titanium Ores And Concentrates,ASEAN - Association of Southeast Asian Nations,2009,2920983,2920983.0,2614,Ore/Raw
2614 Titanium Ores And Concentrates,ASEAN - Association of Southeast Asian Nations,2002,6321511,6321511.0,2614,Ore/Raw
2614 Titanium Ores And Concentrates,ASEAN - Association of Southeast Asian Nations,2006,4301600,4301600.0,2614,Ore/Raw
2614 Titanium Ores And Concentrates,ASEAN - Association of Southeast Asian Nations,2016,3738504,3738504.0,2614,Ore/Raw
2614 Titanium Ores And Concentrates,ASEAN - Association of Southeast Asian Nations,2003,7789007,7789007.0,2614,Ore/Raw
2614 Titanium Ores And Concentrates,ASEAN - Association of Southeast Asian Nations,2001,6557518,,2614,Ore/Raw
2614 Titanium Ores And Concentrates,ASEAN - Association of Southeast Asian Nations,2005,6192500,6192500.0,2614,Ore/Raw
2614 Titanium Ores And Concentrates,ASEAN - Association of Southeast Asian Nations,2008,2078762,2078762.0,2614,Ore/Raw
2614 Titanium Ores And Concentrates,ASEAN - Association of Southeast Asian Nations,2010,2617444,2617444.0,2614,Ore/Raw
2614 Titanium Ores And Concentrates,ASEAN - Association of Southeast Asian Nations,2007,2426300,2426300.0,2614,Ore/Raw
2614 Titanium Ores And Concentrates,APEC - Asia Pacific Economic Co-operation,2023,61347159,61347159.0,2614,Ore/Raw
2614 Titanium Ores And Concentrates,APEC - Asia Pacific Economic Co-operation,2022,123824713,123824713.0,2614,Ore/Raw
2614 Titanium Ores And Concentrates,Asia - South,2010,46930,46930.0,2614,Ore/Raw
2614 Titanium Ores And Concentrates,Asia - South,2008,114102,114102.0,2614,Ore/Raw
2614 Titanium Ores And Concentrates,ASEAN - Association of Southeast Asian Nations,2004,5146200,5146200.0,2614,Ore/Raw
2614 Titanium Ores And Concentrates,Asia - South,2001,2445086,,2614,Ore/Raw
2614 Titanium Ores And Concentrates,APEC - Asia Pacific Economic Co-operation,2024,95782798,95782798.0,2614,Ore/Raw
2614 Titanium Ores And Concentrates,APEC - Asia Pacific Economic Co-operation,2021,155502609,155502609.0,2614,Ore/Raw
2614 Titanium Ores And Concentrates,APEC - Asia Pacific Economic Co-operation,2012,347307511,347307511.0,2614,Ore/Raw
2614 Titanium Ores And Concentrates,APEC - Asia Pacific Economic Co-operation,2018,141101680,141101680.0,2614,Ore/Raw
2614 Titanium Ores And Concentrates,APEC - Asia Pacific Economic Co-operation,2025,54643132,54643132.0,2614,Ore/Raw
2614 Titanium Ores And Concentrates,ASEAN - Association of Southeast Asian Nations,2017,1931497,1931497.0,2614,Ore/Raw
2614 Titanium Ores And Concentrates,APEC - Asia Pacific Economic Co-operation,2017,116991911,116991911.0,2614,Ore/Raw
2614 Titanium Ores And Concentrates,APEC - Asia Pacific Economic Co-operation,2020,51472130,51472130.0,2614,Ore/Raw
2614 Titanium Ores And Concentrates,Asia - South,2023,14971320,14971320.0,2614,Ore/Raw
2614 Titanium Ores And Concentrates,APEC - Asia Pacific Economic Co-operation,2015,208947270,208947270.0,2614,Ore/Raw
2614 Titanium Ores And Concentrates,APEC - Asia Pacific Economic Co-operation,2019,98257745,98257745.0,2614,Ore/Raw
2614 Titanium Ores And Concentrates,ASEAN - Association of Southeast Asian Nations,2013,4199629,4199629.0,2614,Ore/Raw
2614 Titanium Ores And Concentrates,ASEAN - Association of Southeast Asian Nations,2012,1752377,1752377.0,2614,Ore/Raw
2614 Titanium Ores And Concentrates,APEC - Asia Pacific Economic Co-operation,2007,126012892,126012892.0,2614,Ore/Raw
2615906090 Vanadium Ores And Concentrates (kg),APEC - Asia Pacific Economic Co-operation,2018,8449155,8449155.0,2615906090,Ore/Raw
2615906090 Vanadium Ores And Concentrates (kg),APEC - Asia Pacific Economic Co-operation,2019,7075744,7075744.0,2615906090,Ore/Raw
2615906090 Vanadium Ores And Concentrates (kg),APEC - Asia Pacific Economic Co-operation,2011,2849,2849.0,2615906090,Ore/Raw
2615906090 Vanadium Ores And Concentrates (kg),APEC - Asia Pacific Economic Co-operation,2024,8498101,8498101.0,2615906090,Ore/Raw
2615906090 Vanadium Ores And Concentrates (kg),APEC - Asia Pacific Economic Co-operation,2006,42099,42099.0,2615906090,Ore/Raw
2615906090 Vanadium Ores And Concentrates (kg),APEC - Asia Pacific Economic Co-operation,2020,560763,560763.0,2615906090,Ore/Raw
2615906090 Vanadium Ores And Concentrates (kg),APEC - Asia Pacific Economic Co-operation,2017,281843,281843.0,2615906090,Ore/Raw
2615906090 Vanadium Ores And Concentrates (kg),APEC - Asia Pacific Economic Co-operation,2025,964772,964772.0,2615906090,Ore/Raw
2615906090 Vanadium Ores And Concentrates (kg),APEC - Asia Pacific Economic Co-operation,2021,963684,963684.0,2615906090,Ore/Raw
2615906090 Vanadium Ores And Concentrates (kg),APEC - Asia Pacific Economic Co-operation,2022,7183790,7183790.0,2615906090,Ore/Raw
2615906090 Vanadium Ores And Concentrates (kg),APEC - Asia Pacific Economic Co-operation,2023,9769999,9769999.0,2615906090,Ore/Raw
"2801 Fluorine, Chlorine, Bromine & Iodine",APEC - Asia Pacific Economic Co-operation,2017,110629563,110629563.0,2801,Other
"2801 Fluorine, Chlorine, Bromine & Iodine",ASEAN - Association of Southeast Asian Nations,2008,4000,4000.0,2801,Other
"2801 Fluorine, Chlorine, Bromine & Iodine",ASEAN - Association of Southeast Asian Nations,2001,20100,,2801,Other
"2801 Fluorine, Chlorine, Bromine & Iodine",Asia - South,2001,6000,,2801,Other
"2801 Fluorine, Chlorine, Bromine & Iodine",APEC - Asia Pacific Economic Co-operation,2024,427286593,427286593.0,2801,Other
"2801 Fluorine, Chlorine, Bromine & Iodine",Asia - South,2021,50122,50122.0,2801,Other
"2801 Fluorine, Chlorine, Bromine & Iodine",Asia - South,2012,11745,11745.0,2801,Other
"2801 Fluorine, Chlorine, Bromine & Iodine",Asia - South,2017,22440,22440.0,2801,Other
"2801 Fluorine, Chlorine, Bromine & Iodine",Asia - South,2014,6556,6556.0,2801,Other
"2801 Fluorine, Chlorine, Bromine & Iodine",APEC - Asia Pacific Economic Co-operation,2018,145029397,145029397.0,2801,Other
"2801 Fluorine, Chlorine, Bromine & Iodine",APEC - Asia Pacific Economic Co-operation,2015,186989640,186984840.0,2801,Other
"2801 Fluorine, Chlorine, Bromine & Iodine",Asia - South,2009,622850,622850.0,2801,Other
"2801 Fluorine, Chlorine, Bromine & Iodine",APEC - Asia Pacific Economic Co-operation,2019,156112624,156112624.0,2801,Other
"2801 Fluorine, Chlorine, Bromine & Iodine",Asia - South,2005,13200,13200.0,2801,Other
"2801 Fluorine, Chlorine, Bromine & Iodine",APEC - Asia Pacific Economic Co-operation,2016,128420278,128420278.0,2801,Other
"2801 Fluorine, Chlorine, Bromine & Iodine",Asia - South,2003,21550,21550.0,2801,Other
"2801 Fluorine, Chlorine, Bromine & Iodine",APEC - Asia Pacific Economic Co-operation,2013,310499941,310499941.0,2801,Other
"2801 Fluorine, Chlorine, Bromine & Iodine",Asia - South,2002,145943,145943.0,2801,Other
"2801 Fluorine, Chlorine, Bromine & Iodine",ASEAN - Association of Southeast Asian Nations,2021,41032,41032.0,2801,Other
"2801 Fluorine, Chlorine, Bromine & Iodine",Asia - South,2024,260545,260545.0,2801,Other
"2801 Fluorine, Chlorine, Bromine & Iodine",APEC - Asia Pacific Economic Co-operation,2021,200938151,200938151.0,2801,Other
"2801 Fluorine, Chlorine, Bromine & Iodine",APEC - Asia Pacific Economic Co-operation,2003,139211200,139211200.0,2801,Other
"2801 Fluorine, Chlorine, Bromine & Iodine",APEC - Asia Pacific Economic Co-operation,2009,201292786,201292786.0,2801,Other
"2801 Fluorine, Chlorine, Bromine & Iodine",APEC - Asia Pacific Economic Co-operation,2010,208290008,208290008.0,2801,Other
"2801 Fluorine, Chlorine, Bromine & Iodine",APEC - Asia Pacific Economic Co-operation,2001,97265003,,2801,Other
"2801 Fluorine, Chlorine, Bromine & Iodine",APEC - Asia Pacific Economic Co-operation,2023,344881000,344881000.0,2801,Other
"2801 Fluorine, Chlorine, Bromine & Iodine",APEC - Asia Pacific Economic Co-operation,2006,226349928,226349928.0,2801,Other
"2801 Fluorine, Chlorine, Bromine & Iodine",APEC - Asia Pacific Economic Co-operation,2022,344607745,344607745.0,2801,Other
"2801 Fluorine, Chlorine, Bromine & Iodine",APEC - Asia Pacific Economic Co-operation,2004,168957546,168957546.0,2801,Other
"2801 Fluorine, Chlorine, Bromine & Iodine",APEC - Asia Pacific Economic Co-operation,2005,226991648,226991648.0,2801,Other
"2801 Fluorine, Chlorine, Bromine & Iodine",APEC - Asia Pacific Economic Co-operation,2008,234459968,234459968.0,2801,Other
"2801 Fluorine, Chlorine, Bromine & Iodine",Asia - South,2025,77448,77448.0,2801,Other
"2801 Fluorine, Chlorine, Bromine & Iodine",APEC - Asia Pacific Economic Co-operation,2002,121751802,121751802.0,2801,Other
"2801 Fluorine, Chlorine, Bromine & Iodine",Asia - South,2022,96830,96830.0,2801,Other
"2801 Fluorine, Chlorine, Bromine & Iodine",ASEAN - Association of Southeast Asian Nations,2023,3995,3995.0,2801,Other
"2801 Fluorine, Chlorine, Bromine & Iodine",APEC - Asia Pacific Economic Co-operation,2014,228313196,228313196.0,2801,Other
"2801 Fluorine, Chlorine, Bromine & Iodine",Asia - South,2023,33765,33765.0,2801,Other
"2801 Fluorine, Chlorine, Bromine & Iodine",APEC - Asia Pacific Economic Co-operation,2007,235438771,235438771.0,2801,Other
"2801 Fluorine, Chlorine, Bromine & Iodine",Asia - South,2020,353867,353867.0,2801,Other
"2801 Fluorine, Chlorine, Bromine & Iodine",APEC - Asia Pacific Economic Co-operation,2025,197857269,197857269.0,2801,Other
"2801 Fluorine, Chlorine, Bromine & Iodine",Asia - South,2011,244600,244600.0,2801,Other
"2801 Fluorine, Chlorine, Bromine & Iodine",APEC - Asia Pacific Economic Co-operation,2020,184591609,184591609.0,2801,Other
"2801 Fluorine, Chlorine, Bromine & Iodine",Asia - South,2018,5000,5000.0,2801,Other
"2801 Fluorine, Chlorine, Bromine & Iodine",APEC - Asia Pacific Economic Co-operation,2011,337433298,337433298.0,2801,Other
"2801 Fluorine, Chlorine, Bromine & Iodine",Asia - South,2019,26466,26466.0,2801,Other
"2801 Fluorine, Chlorine, Bromine & Iodine",APEC - Asia Pacific Economic Co-operation,2012,312962183,312962183.0,2801,Other
"2801 Fluorine, Chlorine, Bromine & Iodine",Asia - South,2013,28100,28100.0,2801,Other
"2801 Fluorine, Chlorine, Bromine & Iodine",Asia - South,2015,9700,9700.0,2801,Other
"2801 Fluorine, Chlorine, Bromine & Iodine",Asia - South,2016,15920,15920.0,2801,Other
"2801 Fluorine, Chlorine, Bromine & Iodine",Asia - South,2006,66305,66305.0,2801,Other
2820 Manganese Oxides,ASEAN - Association of Southeast Asian Nations,2006,74516,74516.0,2820,Compound
2820 Manganese Oxides,APEC - Asia Pacific Economic Co-operation,2001,33702005,,2820,Compound
2820 Manganese Oxides,APEC - Asia Pacific Economic Co-operation,2010,19065853,19065853.0,2820,Compound
2820 Manganese Oxides,APEC - Asia Pacific Economic Co-operation,2025,2144496,2144496.0,2820,Compound
2820 Manganese Oxides,APEC - Asia Pacific Economic Co-operation,2018,22811510,22811510.0,2820,Compound
2820 Manganese Oxides,APEC - Asia Pacific Economic Co-operation,2006,49969526,49969526.0,2820,Compound
2820 Manganese Oxides,Asia - South,2011,51642,51642.0,2820,Compound
2820 Manganese Oxides,Asia - South,2018,379452,379452.0,2820,Compound
2820 Manganese Oxides,Asia - South,2023,1209608,1209608.0,2820,Compound
2820 Manganese Oxides,ASEAN - Association of Southeast Asian Nations,2023,91380,91380.0,2820,Compound
2820 Manganese Oxides,APEC - Asia Pacific Economic Co-operation,2020,13036159,13036159.0,2820,Compound
2820 Manganese Oxides,APEC - Asia Pacific Economic Co-operation,2007,38534890,38534890.0,2820,Compound
2820 Manganese Oxides,APEC - Asia Pacific Economic Co-operation,2023,5429523,5429523.0,2820,Compound
2820 Manganese Oxides,APEC - Asia Pacific Economic Co-operation,2003,40563914,40563914.0,2820,Compound
2820 Manganese Oxides,ASEAN - Association of Southeast Asian Nations,2025,70000,70000.0,2820,Compound
2820 Manganese Oxides,APEC - Asia Pacific Economic Co-operation,2019,11474086,11474086.0,2820,Compound
2820 Manganese Oxides,ASEAN - Association of Southeast Asian Nations,2013,317693,317693.0,2820,Compound
2820 Manganese Oxides,APEC - Asia Pacific Economic Co-operation,2005,39984355,39984355.0,2820,Compound
2820 Manganese Oxides,APEC - Asia Pacific Economic Co-operation,2004,26140491,26140491.0,2820,Compound
2820 Manganese Oxides,Asia - South,2022,2202725,2202725.0,2820,Compound
2820 Manganese Oxides,APEC - Asia Pacific Economic Co-operation,2024,4548353,4548353.0,2820,Compound
2820 Manganese Oxides,ASEAN - Association of Southeast Asian Nations,2017,106875,106875.0,2820,Compound
2820 Manganese Oxides,APEC - Asia Pacific Economic Co-operation,2002,35161524,35161524.0,2820,Compound
2820 Manganese Oxides,APEC - Asia Pacific Economic Co-operation,2015,20103040,20103040.0,2820,Compound
2820 Manganese Oxides,Asia - South,2025,2503894,2503894.0,2820,Compound
2820 Manganese Oxides,APEC - Asia Pacific Economic Co-operation,2014,19473254,19473254.0,2820,Compound
2820 Manganese Oxides,APEC - Asia Pacific Economic Co-operation,2021,9789014,9789014.0,2820,Compound
2820 Manganese Oxides,ASEAN - Association of Southeast Asian Nations,2015,352830,352830.0,2820,Compound
2820 Manganese Oxides,ASEAN - Association of Southeast Asian Nations,2009,194460,194460.0,2820,Compound
2820 Manganese Oxides,Asia - South,2021,5127664,5127664.0,2820,Compound
2820 Manganese Oxides,APEC - Asia Pacific Economic Co-operation,2009,14240640,14240640.0,2820,Compound
2820 Manganese Oxides,APEC - Asia Pacific Economic Co-operation,2022,12327061,12327061.0,2820,Compound
2820 Manganese Oxides,ASEAN - Association of Southeast Asian Nations,2024,490000,490000.0,2820,Compound
2820 Manganese Oxides,ASEAN - Association of Southeast Asian Nations,2014,303525,303525.0,2820,Compound
2820 Manganese Oxides,Asia - South,2024,2390750,2390750.0,2820,Compound
2820 Manganese Oxides,APEC - Asia Pacific Economic Co-operation,2008,19562782,19562782.0,2820,Compound
2820 Manganese Oxides,ASEAN - Association of Southeast Asian Nations,2011,310080,310080.0,2820,Compound
2820 Manganese Oxides,ASEAN - Association of Southeast Asian Nations,2016,152760,152760.0,2820,Compound
2820 Manganese Oxides,ASEAN - Association of Southeast Asian Nations,2008,206150,206150.0,2820,Compound
2820 Manganese Oxides,Asia - South,2010,3974,3974.0,2820,Compound
2820 Manganese Oxides,Asia - South,2007,30368,30368.0,2820,Compound
2820 Manganese Oxides,Asia - South,2008,15061,15061.0,2820,Compound
2820 Manganese Oxides,Asia - South,2003,79134,79134.0,2820,Compound
2820 Manganese Oxides,ASEAN - Association of Southeast Asian Nations,2012,251940,251940.0,2820,Compound
2820 Manganese Oxides,Asia - South,2016,432450,466334.0,2820,Compound
2820 Manganese Oxides,APEC - Asia Pacific Economic Co-operation,2016,19271156,19271156.0,2820,Compound
2820 Manganese Oxides,Asia - South,2019,1160013,1160013.0,2820,Compound
2820 Manganese Oxides,Asia - South,2014,138558,138558.0,2820,Compound
2820 Manganese Oxides,APEC - Asia Pacific Economic Co-operation,2011,22420154,22420154.0,2820,Compound
2820 Manganese Oxides,Asia - South,2001,31203,,2820,Compound
2820 Manganese Oxides,Asia - South,2009,16265,16265.0,2820,Compound
2820 Manganese Oxides,Asia - South,2013,144515,144515.0,2820,Compound
2820 Manganese Oxides,APEC - Asia Pacific Economic Co-operation,2017,24889521,24889521.0,2820,Compound
2820 Manganese Oxides,Asia - South,2017,347031,347031.0,2820,Compound
2820 Manganese Oxides,Asia - South,2004,9907,9907.0,2820,Compound
2820 Manganese Oxides,APEC - Asia Pacific Economic Co-operation,2013,17303210,17303210.0,2820,Compound
2820 Manganese Oxides,Asia - South,2015,187479,153595.0,2820,Compound
2820 Manganese Oxides,ASEAN - Association of Southeast Asian Nations,2010,245100,245100.0,2820,Compound
2820 Manganese Oxides,Asia - South,2012,124850,124850.0,2820,Compound
2820 Manganese Oxides,Asia - South,2005,8539,8539.0,2820,Compound
2820 Manganese Oxides,APEC - Asia Pacific Economic Co-operation,2012,22645909,22645909.0,2820,Compound
2820 Manganese Oxides,Asia - South,2002,90243,90243.0,2820,Compound
2820 Manganese Oxides,ASEAN - Association of Southeast Asian Nations,2007,142215,142215.0,2820,Compound
2820 Manganese Oxides,Asia - South,2006,31693,31693.0,2820,Compound
2820 Manganese Oxides,Asia - South,2020,685249,685249.0,2820,Compound
282520 Lithium Oxide And Hydroxide,APEC - Asia Pacific Economic Co-operation,2005,261498,261498.0,282520,Compound
282520 Lithium Oxide And Hydroxide,APEC - Asia Pacific Economic Co-operation,2014,12044995,12044995.0,282520,Compound
282520 Lithium Oxide And Hydroxide,APEC - Asia Pacific Economic Co-operation,2002,1204209,1204209.0,282520,Compound
282520 Lithium Oxide And Hydroxide,Asia - South,2006,1511010,1511010.0,282520,Compound
282520 Lithium Oxide And Hydroxide,Asia - South,2007,595752,595752.0,282520,Compound
282520 Lithium Oxide And Hydroxide,Asia - South,2008,187007,187007.0,282520,Compound
282520 Lithium Oxide And Hydroxide,APEC - Asia Pacific Economic Co-operation,2003,367418,367418.0,282520,Compound
282520 Lithium Oxide And Hydroxide,Asia - South,2009,187951,187951.0,282520,Compound
282520 Lithium Oxide And Hydroxide,ASEAN - Association of Southeast Asian Nations,2006,3000,3000.0,282520,Compound
282520 Lithium Oxide And Hydroxide,APEC - Asia Pacific Economic Co-operation,2013,6852926,6852926.0,282520,Compound
282520 Lithium Oxide And Hydroxide,APEC - Asia Pacific Economic Co-operation,2012,10229822,10229822.0,282520,Compound
282520 Lithium Oxide And Hydroxide,APEC - Asia Pacific Economic Co-operation,2019,16250054,16250054.0,282520,Compound
282520 Lithium Oxide And Hydroxide,Asia - South,2021,15107,15107.0,282520,Compound
282520 Lithium Oxide And Hydroxide,APEC - Asia Pacific Economic Co-operation,2016,11398851,11398851.0,282520,Compound
282520 Lithium Oxide And Hydroxide,APEC - Asia Pacific Economic Co-operation,2008,7053200,7053200.0,282520,Compound
282520 Lithium Oxide And Hydroxide,APEC - Asia Pacific Economic Co-operation,2010,5123821,5123821.0,282520,Compound
282520 Lithium Oxide And Hydroxide,APEC - Asia Pacific Economic Co-operation,2011,7432887,7432887.0,282520,Compound
282520 Lithium Oxide And Hydroxide,Asia - South,2025,2825,2825.0,282520,Compound
282520 Lithium Oxide And Hydroxide,Asia - South,2024,34420,34420.0,282520,Compound
282520 Lithium Oxide And Hydroxide,APEC - Asia Pacific Economic Co-operation,2015,13272599,13272599.0,282520,Compound
282520 Lithium Oxide And Hydroxide,APEC - Asia Pacific Economic Co-operation,2004,71305,71305.0,282520,Compound
282520 Lithium Oxide And Hydroxide,APEC - Asia Pacific Economic Co-operation,2001,970186,,282520,Compound
282520 Lithium Oxide And Hydroxide,Asia - South,2023,102774,102774.0,282520,Compound
282520 Lithium Oxide And Hydroxide,APEC - Asia Pacific Economic Co-operation,2007,6893039,6893039.0,282520,Compound
282520 Lithium Oxide And Hydroxide,APEC - Asia Pacific Economic Co-operation,2020,13441374,13441374.0,282520,Compound
282520 Lithium Oxide And Hydroxide,Asia - South,2022,9500,9500.0,282520,Compound
282520 Lithium Oxide And Hydroxide,APEC - Asia Pacific Economic Co-operation,2009,4601394,4601394.0,282520,Compound
282520 Lithium Oxide And Hydroxide,APEC - Asia Pacific Economic Co-operation,2018,17991653,17991653.0,282520,Compound
282520 Lithium Oxide And Hydroxide,APEC - Asia Pacific Economic Co-operation,2017,27376876,27376876.0,282520,Compound
282520 Lithium Oxide And Hydroxide,APEC - Asia Pacific Economic Co-operation,2006,4022856,4022856.0,282520,Compound
282520 Lithium Oxide And Hydroxide,Asia - South,2015,4590,4590.0,282520,Compound
282520 Lithium Oxide And Hydroxide,APEC - Asia Pacific Economic Co-operation,2023,43935753,43935753.0,282520,Compound
282520 Lithium Oxide And Hydroxide,ASEAN - Association of Southeast Asian Nations,2025,2914,2914.0,282520,Compound
282520 Lithium Oxide And Hydroxide,APEC - Asia Pacific Economic Co-operation,2024,10424733,10424733.0,282520,Compound
282520 Lithium Oxide And Hydroxide,APEC - Asia Pacific Economic Co-operation,2025,4695238,4695238.0,282520,Compound
282520 Lithium Oxide And Hydroxide,APEC - Asia Pacific Economic Co-operation,2022,33869546,33869546.0,282520,Compound
282520 Lithium Oxide And Hydroxide,APEC - Asia Pacific Economic Co-operation,2021,18529068,18529068.0,282520,Compound
282540 Nickel Oxides And Hydroxides,ASEAN - Association of Southeast Asian Nations,2018,2235737,2235737.0,282540,Compound
282540 Nickel Oxides And Hydroxides,ASEAN - Association of Southeast Asian Nations,2017,3838018,3838018.0,282540,Compound
282540 Nickel Oxides And Hydroxides,ASEAN - Association of Southeast Asian Nations,2016,2376822,2376822.0,282540,Compound
282540 Nickel Oxides And Hydroxides,ASEAN - Association of Southeast Asian Nations,2015,1726603,1726603.0,282540,Compound
282540 Nickel Oxides And Hydroxides,ASEAN - Association of Southeast Asian Nations,2014,2370259,2370259.0,282540,Compound
282540 Nickel Oxides And Hydroxides,APEC - Asia Pacific Economic Co-operation,2003,6106700,6106700.0,282540,Compound
282540 Nickel Oxides And Hydroxides,APEC - Asia Pacific Economic Co-operation,2013,6325127,6325127.0,282540,Compound
282540 Nickel Oxides And Hydroxides,APEC - Asia Pacific Economic Co-operation,2005,5550270,5550270.0,282540,Compound
282540 Nickel Oxides And Hydroxides,ASEAN - Association of Southeast Asian Nations,2012,884145,884145.0,282540,Compound
282540 Nickel Oxides And Hydroxides,APEC - Asia Pacific Economic Co-operation,2008,16200191,16200191.0,282540,Compound
282540 Nickel Oxides And Hydroxides,APEC - Asia Pacific Economic Co-operation,2018,8035919,8035919.0,282540,Compound
282540 Nickel Oxides And Hydroxides,APEC - Asia Pacific Economic Co-operation,2010,4587730,4587730.0,282540,Compound
282540 Nickel Oxides And Hydroxides,APEC - Asia Pacific Economic Co-operation,2004,9113173,9113173.0,282540,Compound
282540 Nickel Oxides And Hydroxides,APEC - Asia Pacific Economic Co-operation,2009,5685743,5685743.0,282540,Compound
282540 Nickel Oxides And Hydroxides,ASEAN - Association of Southeast Asian Nations,2011,760564,760564.0,282540,Compound
282540 Nickel Oxides And Hydroxides,APEC - Asia Pacific Economic Co-operation,2020,6370285,6370285.0,282540,Compound
282540 Nickel Oxides And Hydroxides,APEC - Asia Pacific Economic Co-operation,2015,4580791,4580791.0,282540,Compound
282540 Nickel Oxides And Hydroxides,ASEAN - Association of Southeast Asian Nations,2019,2095330,2095330.0,282540,Compound
282540 Nickel Oxides And Hydroxides,ASEAN - Association of Southeast Asian Nations,2020,2125150,2125150.0,282540,Compound
282540 Nickel Oxides And Hydroxides,APEC - Asia Pacific Economic Co-operation,2006,11903841,11903841.0,282540,Compound
282540 Nickel Oxides And Hydroxides,APEC - Asia Pacific Economic Co-operation,2025,32528889,32528889.0,282540,Compound
282540 Nickel Oxides And Hydroxides,ASEAN - Association of Southeast Asian Nations,2003,12820,12820.0,282540,Compound
282540 Nickel Oxides And Hydroxides,APEC - Asia Pacific Economic Co-operation,2017,10636086,10636086.0,282540,Compound
282540 Nickel Oxides And Hydroxides,ASEAN - Association of Southeast Asian Nations,2005,102960,102960.0,282540,Compound
282540 Nickel Oxides And Hydroxides,ASEAN - Association of Southeast Asian Nations,2006,55200,55200.0,282540,Compound
282540 Nickel Oxides And Hydroxides,Asia - South,2015,6000,6000.0,282540,Compound
282540 Nickel Oxides And Hydroxides,ASEAN - Association of Southeast Asian Nations,2001,26954,,282540,Compound
282540 Nickel Oxides And Hydroxides,ASEAN - Association of Southeast Asian Nations,2009,607645,607645.0,282540,Compound
282540 Nickel Oxides And Hydroxides,ASEAN - Association of Southeast Asian Nations,2010,563316,563316.0,282540,Compound
282540 Nickel Oxides And Hydroxides,APEC - Asia Pacific Economic Co-operation,2002,6563662,6563662.0,282540,Compound
282540 Nickel Oxides And Hydroxides,APEC - Asia Pacific Economic Co-operation,2001,6445768,,282540,Compound
282540 Nickel Oxides And Hydroxides,Asia - South,2010,56690,56690.0,282540,Compound
282540 Nickel Oxides And Hydroxides,APEC - Asia Pacific Economic Co-operation,2011,4245925,4245925.0,282540,Compound
282540 Nickel Oxides And Hydroxides,APEC - Asia Pacific Economic Co-operation,2016,5946037,5946037.0,282540,Compound
282540 Nickel Oxides And Hydroxides,APEC - Asia Pacific Economic Co-operation,2007,14707565,14707565.0,282540,Compound
282540 Nickel Oxides And Hydroxides,ASEAN - Association of Southeast Asian Nations,2021,3249511,3249511.0,282540,Compound
282540 Nickel Oxides And Hydroxides,APEC - Asia Pacific Economic Co-operation,2014,6710729,6710729.0,282540,Compound
282540 Nickel Oxides And Hydroxides,ASEAN - Association of Southeast Asian Nations,2022,5109533,5109533.0,282540,Compound
282540 Nickel Oxides And Hydroxides,APEC - Asia Pacific Economic Co-operation,2019,6997063,6997063.0,282540,Compound
282540 Nickel Oxides And Hydroxides,ASEAN - Association of Southeast Asian Nations,2023,4948652,4948652.0,282540,Compound
282540 Nickel Oxides And Hydroxides,APEC - Asia Pacific Economic Co-operation,2012,4915964,4915964.0,282540,Compound
282540 Nickel Oxides And Hydroxides,ASEAN - Association of Southeast Asian Nations,2024,1794945,1794945.0,282540,Compound
282540 Nickel Oxides And Hydroxides,ASEAN - Association of Southeast Asian Nations,2025,1310775,1310775.0,282540,Compound
282540 Nickel Oxides And Hydroxides,ASEAN - Association of Southeast Asian Nations,2013,3052782,3052782.0,282540,Compound
282540 Nickel Oxides And Hydroxides,Asia - South,2021,5744,5744.0,282540,Compound
282540 Nickel Oxides And Hydroxides,Asia - South,2024,2350,2350.0,282540,Compound
282540 Nickel Oxides And Hydroxides,APEC - Asia Pacific Economic Co-operation,2021,15413677,15413677.0,282540,Compound
282540 Nickel Oxides And Hydroxides,APEC - Asia Pacific Economic Co-operation,2024,34190154,34190154.0,282540,Compound
282540 Nickel Oxides And Hydroxides,Asia - South,2025,11056,11056.0,282540,Compound
282540 Nickel Oxides And Hydroxides,APEC - Asia Pacific Economic Co-operation,2022,64462315,64462315.0,282540,Compound
282540 Nickel Oxides And Hydroxides,APEC - Asia Pacific Economic Co-operation,2023,55618065,55618065.0,282540,Compound
282540 Nickel Oxides And Hydroxides,Asia - South,2011,30150,30150.0,282540,Compound
282550 Copper Oxides And Hydroxides,APEC - Asia Pacific Economic Co-operation,2018,12569096,12569096.0,282550,Compound
282550 Copper Oxides And Hydroxides,APEC - Asia Pacific Economic Co-operation,2013,10925360,10925360.0,282550,Compound
282550 Copper Oxides And Hydroxides,APEC - Asia Pacific Economic Co-operation,2009,4785248,4785248.0,282550,Compound
282550 Copper Oxides And Hydroxides,APEC - Asia Pacific Economic Co-operation,2005,12617934,12617934.0,282550,Compound
282550 Copper Oxides And Hydroxides,APEC - Asia Pacific Economic Co-operation,2003,14565313,14565313.0,282550,Compound
282550 Copper Oxides And Hydroxides,APEC - Asia Pacific Economic Co-operation,2020,12232165,12232165.0,282550,Compound
282550 Copper Oxides And Hydroxides,APEC - Asia Pacific Economic Co-operation,2012,15264290,15264290.0,282550,Compound
282550 Copper Oxides And Hydroxides,APEC - Asia Pacific Economic Co-operation,2007,12781480,12781480.0,282550,Compound
282550 Copper Oxides And Hydroxides,APEC - Asia Pacific Economic Co-operation,2010,7572828,7572828.0,282550,Compound
282550 Copper Oxides And Hydroxides,APEC - Asia Pacific Economic Co-operation,2011,14890470,14890470.0,282550,Compound
282550 Copper Oxides And Hydroxides,APEC - Asia Pacific Economic Co-operation,2002,9467820,9467820.0,282550,Compound
282550 Copper Oxides And Hydroxides,Asia - South,2020,44640,44640.0,282550,Compound
282550 Copper Oxides And Hydroxides,Asia - South,2019,25620,25620.0,282550,Compound
282550 Copper Oxides And Hydroxides,Asia - South,2018,15140,15140.0,282550,Compound
282550 Copper Oxides And Hydroxides,APEC - Asia Pacific Economic Co-operation,2006,13252236,13252236.0,282550,Compound
282550 Copper Oxides And Hydroxides,Asia - South,2016,2700,2700.0,282550,Compound
282550 Copper Oxides And Hydroxides,APEC - Asia Pacific Economic Co-operation,2004,10739531,10739531.0,282550,Compound
282550 Copper Oxides And Hydroxides,APEC - Asia Pacific Economic Co-operation,2001,7690923,,282550,Compound
282550 Copper Oxides And Hydroxides,Asia - South,2015,6750,6750.0,282550,Compound
282550 Copper Oxides And Hydroxides,APEC - Asia Pacific Economic Co-operation,2016,12835095,12835095.0,282550,Compound
282550 Copper Oxides And Hydroxides,APEC - Asia Pacific Economic Co-operation,2008,12078823,12078823.0,282550,Compound
282550 Copper Oxides And Hydroxides,APEC - Asia Pacific Economic Co-operation,2017,16700273,16700273.0,282550,Compound
282550 Copper Oxides And Hydroxides,Asia - South,2025,107825,107825.0,282550,Compound
282550 Copper Oxides And Hydroxides,APEC - Asia Pacific Economic Co-operation,2022,16685349,16685349.0,282550,Compound
282550 Copper Oxides And Hydroxides,Asia - South,2024,95618,95618.0,282550,Compound
282550 Copper Oxides And Hydroxides,Asia - South,2023,35895,35895.0,282550,Compound
282550 Copper Oxides And Hydroxides,ASEAN - Association of Southeast Asian Nations,2019,456225,456225.0,282550,Compound
282550 Copper Oxides And Hydroxides,Asia - South,2022,12006,12006.0,282550,Compound
282550 Copper Oxides And Hydroxides,Asia - South,2021,47880,47880.0,282550,Compound
282550 Copper Oxides And Hydroxides,APEC - Asia Pacific Economic Co-operation,2014,7508731,7508731.0,282550,Compound
282550 Copper Oxides And Hydroxides,APEC - Asia Pacific Economic Co-operation,2015,9947808,9947808.0,282550,Compound
282550 Copper Oxides And Hydroxides,APEC - Asia Pacific Economic Co-operation,2024,12669866,12669866.0,282550,Compound
282550 Copper Oxides And Hydroxides,ASEAN - Association of Southeast Asian Nations,2018,346620,346620.0,282550,Compound
282550 Copper Oxides And Hydroxides,APEC - Asia Pacific Economic Co-operation,2025,8146581,8146581.0,282550,Compound
282550 Copper Oxides And Hydroxides,ASEAN - Association of Southeast Asian Nations,2017,886306,886306.0,282550,Compound
282550 Copper Oxides And Hydroxides,ASEAN - Association of Southeast Asian Nations,2016,432000,432000.0,282550,Compound
282550 Copper Oxides And Hydroxides,ASEAN - Association of Southeast Asian Nations,2012,33750,33750.0,282550,Compound
282550 Copper Oxides And Hydroxides,ASEAN - Association of Southeast Asian Nations,2015,385776,385776.0,282550,Compound
282550 Copper Oxides And Hydroxides,ASEAN - Association of Southeast Asian Nations,2014,411472,411472.0,282550,Compound
282550 Copper Oxides And Hydroxides,APEC - Asia Pacific Economic Co-operation,2021,15979816,15979816.0,282550,Compound
282550 Copper Oxides And Hydroxides,Asia - South,2004,2600,2600.0,282550,Compound
282550 Copper Oxides And Hydroxides,ASEAN - Association of Southeast Asian Nations,2013,178600,178600.0,282550,Compound
282550 Copper Oxides And Hydroxides,APEC - Asia Pacific Economic Co-operation,2023,13764324,13764324.0,282550,Compound
282550 Copper Oxides And Hydroxides,Asia - South,2007,3300,3300.0,282550,Compound
282550 Copper Oxides And Hydroxides,APEC - Asia Pacific Economic Co-operation,2019,12407283,12407283.0,282550,Compound
282550 Copper Oxides And Hydroxides,Asia - South,2006,4285,4285.0,282550,Compound
282550 Copper Oxides And Hydroxides,Asia - South,2005,11262,11262.0,282550,Compound
282580 Antimony Oxides,APEC - Asia Pacific Economic Co-operation,2009,59390086,59391686.0,282580,Compound
282580 Antimony Oxides,APEC - Asia Pacific Economic Co-operation,2002,36274914,36274914.0,282580,Compound
282580 Antimony Oxides,APEC - Asia Pacific Economic Co-operation,2005,74709838,75739643.0,282580,Compound
282580 Antimony Oxides,APEC - Asia Pacific Economic Co-operation,2010,120308160,120308160.0,282580,Compound
282580 Antimony Oxides,Asia - South,2003,31716,31716.0,282580,Compound
282580 Antimony Oxides,Asia - South,2007,102129,102129.0,282580,Compound
282580 Antimony Oxides,Asia - South,2008,121934,121934.0,282580,Compound
282580 Antimony Oxides,APEC - Asia Pacific Economic Co-operation,2001,31655572,,282580,Compound
282580 Antimony Oxides,APEC - Asia Pacific Economic Co-operation,2004,61399804,61469604.0,282580,Compound
282580 Antimony Oxides,APEC - Asia Pacific Economic Co-operation,2003,43302530,42639530.0,282580,Compound
282580 Antimony Oxides,APEC - Asia Pacific Economic Co-operation,2008,111657446,111899646.0,282580,Compound
282580 Antimony Oxides,APEC - Asia Pacific Economic Co-operation,2007,105387989,105806989.0,282580,Compound
282580 Antimony Oxides,APEC - Asia Pacific Economic Co-operation,2006,95230433,94908193.0,282580,Compound
282580 Antimony Oxides,Asia - South,2017,47450,47450.0,282580,Compound
282580 Antimony Oxides,APEC - Asia Pacific Economic Co-operation,2018,113072802,113054649.0,282580,Compound
282580 Antimony Oxides,ASEAN - Association of Southeast Asian Nations,2014,5800000,5800000.0,282580,Compound
282580 Antimony Oxides,ASEAN - Association of Southeast Asian Nations,2024,5400000,5400000.0,282580,Compound
282580 Antimony Oxides,APEC - Asia Pacific Economic Co-operation,2016,71563621,71563621.0,282580,Compound
282580 Antimony Oxides,APEC - Asia Pacific Economic Co-operation,2019,84365345,84612784.0,282580,Compound
282580 Antimony Oxides,ASEAN - Association of Southeast Asian Nations,2025,12342000,12342000.0,282580,Compound
282580 Antimony Oxides,Asia - South,2023,436073,436073.0,282580,Compound
282580 Antimony Oxides,Asia - South,2024,1225406,1225406.0,282580,Compound
282580 Antimony Oxides,Asia - South,2025,18635505,18635505.0,282580,Compound
282580 Antimony Oxides,APEC - Asia Pacific Economic Co-operation,2023,107289445,107346795.0,282580,Compound
282580 Antimony Oxides,Asia - South,2022,432988,432988.0,282580,Compound
282580 Antimony Oxides,ASEAN - Association of Southeast Asian Nations,2023,2160000,2160000.0,282580,Compound
282580 Antimony Oxides,Asia - South,2021,133822,133822.0,282580,Compound
282580 Antimony Oxides,ASEAN - Association of Southeast Asian Nations,2013,5000000,5000000.0,282580,Compound
282580 Antimony Oxides,ASEAN - Association of Southeast Asian Nations,2015,7740000,7740000.0,282580,Compound
282580 Antimony Oxides,ASEAN - Association of Southeast Asian Nations,2016,3240000,3240000.0,282580,Compound
282580 Antimony Oxides,ASEAN - Association of Southeast Asian Nations,2017,6854329,6854329.0,282580,Compound
282580 Antimony Oxides,ASEAN - Association of Southeast Asian Nations,2012,945943,945943.0,282580,Compound
282580 Antimony Oxides,ASEAN - Association of Southeast Asian Nations,2011,2344000,2344000.0,282580,Compound
282580 Antimony Oxides,ASEAN - Association of Southeast Asian Nations,2018,5340000,5340000.0,282580,Compound
282580 Antimony Oxides,APEC - Asia Pacific Economic Co-operation,2022,145288480,145253215.0,282580,Compound
282580 Antimony Oxides,ASEAN - Association of Southeast Asian Nations,2019,847303,847303.0,282580,Compound
282580 Antimony Oxides,APEC - Asia Pacific Economic Co-operation,2025,46675394,46692159.0,282580,Compound
282580 Antimony Oxides,ASEAN - Association of Southeast Asian Nations,2021,1992500,1992500.0,282580,Compound
282580 Antimony Oxides,APEC - Asia Pacific Economic Co-operation,2024,138783496,138810537.0,282580,Compound
282580 Antimony Oxides,APEC - Asia Pacific Economic Co-operation,2017,99880514,99880514.0,282580,Compound
282580 Antimony Oxides,APEC - Asia Pacific Economic Co-operation,2014,101989519,102169519.0,282580,Compound
282580 Antimony Oxides,APEC - Asia Pacific Economic Co-operation,2020,66098351,66136527.0,282580,Compound
282580 Antimony Oxides,APEC - Asia Pacific Economic Co-operation,2012,132074617,132074617.0,282580,Compound
282580 Antimony Oxides,APEC - Asia Pacific Economic Co-operation,2011,156185405,156185405.0,282580,Compound
282580 Antimony Oxides,APEC - Asia Pacific Economic Co-operation,2013,107123475,106943475.0,282580,Compound
282580 Antimony Oxides,APEC - Asia Pacific Economic Co-operation,2015,80135717,80135717.0,282580,Compound
282580 Antimony Oxides,APEC - Asia Pacific Economic Co-operation,2021,119285667,119226127.0,282580,Compound
282580 Antimony Oxides,Asia - South,2014,68015,68015.0,282580,Compound
282580 Antimony Oxides,Asia - South,2018,133375,133375.0,282580,Compound
282580 Antimony Oxides,Asia - South,2019,47250,47250.0,282580,Compound
282580 Antimony Oxides,Asia - South,2015,93831,93831.0,282580,Compound
282580 Antimony Oxides,ASEAN - Association of Southeast Asian Nations,2008,51000,51000.0,282580,Compound
282580 Antimony Oxides,Asia - South,2012,161223,161223.0,282580,Compound
282580 Antimony Oxides,ASEAN - Association of Southeast Asian Nations,2007,259501,259501.0,282580,Compound
282580 Antimony Oxides,ASEAN - Association of Southeast Asian Nations,2006,6604950,6604950.0,282580,Compound
282580 Antimony Oxides,ASEAN - Association of Southeast Asian Nations,2005,4953650,4953650.0,282580,Compound
282580 Antimony Oxides,ASEAN - Association of Southeast Asian Nations,2004,48800,48800.0,282580,Compound
282580 Antimony Oxides,Asia - South,2020,29939,29939.0,282580,Compound
282580 Antimony Oxides,Asia - South,2016,39000,39000.0,282580,Compound
2846 Rare-earth Metal Compounds Of Yttrium Or Scandium,ASEAN - Association of Southeast Asian Nations,2023,5254553,5254553.0,2846,Compound
2846 Rare-earth Metal Compounds Of Yttrium Or Scandium,APEC - Asia Pacific Economic Co-operation,2019,128473469,121876453.0,2846,Compound
2846 Rare-earth Metal Compounds Of Yttrium Or Scandium,APEC - Asia Pacific Economic Co-operation,2002,49913546,49699056.0,2846,Compound
2846 Rare-earth Metal Compounds Of Yttrium Or Scandium,ASEAN - Association of Southeast Asian Nations,2022,6644885,6644885.0,2846,Compound
2846 Rare-earth Metal Compounds Of Yttrium Or Scandium,APEC - Asia Pacific Economic Co-operation,2011,638951059,581786845.0,2846,Compound
2846 Rare-earth Metal Compounds Of Yttrium Or Scandium,Asia - South,2010,50760,50760.0,2846,Compound
2846 Rare-earth Metal Compounds Of Yttrium Or Scandium,ASEAN - Association of Southeast Asian Nations,2017,524738,524738.0,2846,Compound
2846 Rare-earth Metal Compounds Of Yttrium Or Scandium,APEC - Asia Pacific Economic Co-operation,2023,140002068,139332068.0,2846,Compound
2846 Rare-earth Metal Compounds Of Yttrium Or Scandium,APEC - Asia Pacific Economic Co-operation,2014,137545549,127030182.0,2846,Compound
2846 Rare-earth Metal Compounds Of Yttrium Or Scandium,Asia - South,2008,711284,711284.0,2846,Compound
2846 Rare-earth Metal Compounds Of Yttrium Or Scandium,APEC - Asia Pacific Economic Co-operation,2015,125677109,110817733.0,2846,Compound
2846 Rare-earth Metal Compounds Of Yttrium Or Scandium,ASEAN - Association of Southeast Asian Nations,2008,10944,10944.0,2846,Compound
2846 Rare-earth Metal Compounds Of Yttrium Or Scandium,APEC - Asia Pacific Economic Co-operation,2010,146614998,138366995.0,2846,Compound
2846 Rare-earth Metal Compounds Of Yttrium Or Scandium,APEC - Asia Pacific Economic Co-operation,2003,53839217,53839217.0,2846,Compound
2846 Rare-earth Metal Compounds Of Yttrium Or Scandium,APEC - Asia Pacific Economic Co-operation,2024,138357290,136985490.0,2846,Compound
2846 Rare-earth Metal Compounds Of Yttrium Or Scandium,ASEAN - Association of Southeast Asian Nations,2019,4615369,4615369.0,2846,Compound
2846 Rare-earth Metal Compounds Of Yttrium Or Scandium,ASEAN - Association of Southeast Asian Nations,2012,1657156,1657156.0,2846,Compound
2846 Rare-earth Metal Compounds Of Yttrium Or Scandium,APEC - Asia Pacific Economic Co-operation,2005,66415184,66415184.0,2846,Compound
2846 Rare-earth Metal Compounds Of Yttrium Or Scandium,APEC - Asia Pacific Economic Co-operation,2008,156897105,145490040.0,2846,Compound
2846 Rare-earth Metal Compounds Of Yttrium Or Scandium,ASEAN - Association of Southeast Asian Nations,2018,3607685,3607685.0,2846,Compound
2846 Rare-earth Metal Compounds Of Yttrium Or Scandium,APEC - Asia Pacific Economic Co-operation,2001,78673312,,2846,Compound
2846 Rare-earth Metal Compounds Of Yttrium Or Scandium,APEC - Asia Pacific Economic Co-operation,2006,77067202,73716324.0,2846,Compound
2846 Rare-earth Metal Compounds Of Yttrium Or Scandium,ASEAN - Association of Southeast Asian Nations,2020,2216417,2216417.0,2846,Compound
2846 Rare-earth Metal Compounds Of Yttrium Or Scandium,Asia - South,2025,1353953,1353953.0,2846,Compound
2846 Rare-earth Metal Compounds Of Yttrium Or Scandium,ASEAN - Association of Southeast Asian Nations,2011,34898668,3361168.0,2846,Compound
2846 Rare-earth Metal Compounds Of Yttrium Or Scandium,APEC - Asia Pacific Economic Co-operation,2022,162517087,160486762.0,2846,Compound
2846 Rare-earth Metal Compounds Of Yttrium Or Scandium,Asia - South,2023,404865,404865.0,2846,Compound
2846 Rare-earth Metal Compounds Of Yttrium Or Scandium,APEC - Asia Pacific Economic Co-operation,2021,107550801,107389211.0,2846,Compound
2846 Rare-earth Metal Compounds Of Yttrium Or Scandium,Asia - South,2021,1345782,1345782.0,2846,Compound
2846 Rare-earth Metal Compounds Of Yttrium Or Scandium,Asia - South,2022,184189,184189.0,2846,Compound
2846 Rare-earth Metal Compounds Of Yttrium Or Scandium,ASEAN - Association of Southeast Asian Nations,2021,4434833,4434833.0,2846,Compound
2846 Rare-earth Metal Compounds Of Yttrium Or Scandium,APEC - Asia Pacific Economic Co-operation,2009,84969412,79502404.0,2846,Compound
2846 Rare-earth Metal Compounds Of Yttrium Or Scandium,APEC - Asia Pacific Economic Co-operation,2004,63989004,63989005.0,2846,Compound
2846 Rare-earth Metal Compounds Of Yttrium Or Scandium,Asia - South,2024,1493561,1493561.0,2846,Compound
2846 Rare-earth Metal Compounds Of Yttrium Or Scandium,APEC - Asia Pacific Economic Co-operation,2007,99406357,89374754.0,2846,Compound
2846 Rare-earth Metal Compounds Of Yttrium Or Scandium,ASEAN - Association of Southeast Asian Nations,2015,2841061,2841061.0,2846,Compound
2846 Rare-earth Metal Compounds Of Yttrium Or Scandium,ASEAN - Association of Southeast Asian Nations,2016,898800,898800.0,2846,Compound
2846 Rare-earth Metal Compounds Of Yttrium Or Scandium,ASEAN - Association of Southeast Asian Nations,2013,732150,732150.0,2846,Compound
2846 Rare-earth Metal Compounds Of Yttrium Or Scandium,ASEAN - Association of Southeast Asian Nations,2014,2854857,2854857.0,2846,Compound
2846 Rare-earth Metal Compounds Of Yttrium Or Scandium,ASEAN - Association of Southeast Asian Nations,2024,1692396,1692396.0,2846,Compound
2846 Rare-earth Metal Compounds Of Yttrium Or Scandium,ASEAN - Association of Southeast Asian Nations,2002,3766,3766.0,2846,Compound
2846 Rare-earth Metal Compounds Of Yttrium Or Scandium,Asia - South,2020,751421,751421.0,2846,Compound
2846 Rare-earth Metal Compounds Of Yttrium Or Scandium,Asia - South,2003,135600,135600.0,2846,Compound
2846 Rare-earth Metal Compounds Of Yttrium Or Scandium,APEC - Asia Pacific Economic Co-operation,2016,100957025,76481708.0,2846,Compound
2846 Rare-earth Metal Compounds Of Yttrium Or Scandium,APEC - Asia Pacific Economic Co-operation,2012,327299149,309108835.0,2846,Compound
2846 Rare-earth Metal Compounds Of Yttrium Or Scandium,Asia - South,2012,29181,29181.0,2846,Compound
2846 Rare-earth Metal Compounds Of Yttrium Or Scandium,Asia - South,2011,7381574,7381574.0,2846,Compound
2846 Rare-earth Metal Compounds Of Yttrium Or Scandium,APEC - Asia Pacific Economic Co-operation,2013,178363055,164782768.0,2846,Compound
2846 Rare-earth Metal Compounds Of Yttrium Or Scandium,Asia - South,2014,180750,180750.0,2846,Compound
2846 Rare-earth Metal Compounds Of Yttrium Or Scandium,Asia - South,2018,801725,801725.0,2846,Compound
2846 Rare-earth Metal Compounds Of Yttrium Or Scandium,Asia - South,2017,142048,142048.0,2846,Compound
2846 Rare-earth Metal Compounds Of Yttrium Or Scandium,APEC - Asia Pacific Economic Co-operation,2017,104665254,95042652.0,2846,Compound
2846 Rare-earth Metal Compounds Of Yttrium Or Scandium,Asia - South,2019,270466,270466.0,2846,Compound
2846 Rare-earth Metal Compounds Of Yttrium Or Scandium,Asia - South,2001,1720152,,2846,Compound
2846 Rare-earth Metal Compounds Of Yttrium Or Scandium,Asia - South,2016,31200,31200.0,2846,Compound
2846 Rare-earth Metal Compounds Of Yttrium Or Scandium,Asia - South,2013,178374,178374.0,2846,Compound
2846 Rare-earth Metal Compounds Of Yttrium Or Scandium,Asia - South,2015,116364,116364.0,2846,Compound
2846 Rare-earth Metal Compounds Of Yttrium Or Scandium,ASEAN - Association of Southeast Asian Nations,2025,1854646,1854646.0,2846,Compound
2846 Rare-earth Metal Compounds Of Yttrium Or Scandium,ASEAN - Association of Southeast Asian Nations,2007,6457,6457.0,2846,Compound
2846 Rare-earth Metal Compounds Of Yttrium Or Scandium,APEC - Asia Pacific Economic Co-operation,2018,123345503,115550695.0,2846,Compound
2846 Rare-earth Metal Compounds Of Yttrium Or Scandium,APEC - Asia Pacific Economic Co-operation,2020,79303919,79303919.0,2846,Compound
2846 Rare-earth Metal Compounds Of Yttrium Or Scandium,Asia - South,2009,269311,269311.0,2846,Compound
2846 Rare-earth Metal Compounds Of Yttrium Or Scandium,Asia - South,2007,28114,28114.0,2846,Compound
2846 Rare-earth Metal Compounds Of Yttrium Or Scandium,Asia - South,2005,6180,6180.0,2846,Compound
2846 Rare-earth Metal Compounds Of Yttrium Or Scandium,Asia - South,2002,733668,733668.0,2846,Compound
2846 Rare-earth Metal Compounds Of Yttrium Or Scandium,APEC - Asia Pacific Economic Co-operation,2025,78298339,80374139.0,2846,Compound
3801 Artificial Graphite; Collodial Graphite & Prep Etc,ASEAN - Association of Southeast Asian Nations,2019,164004,164004.0,3801,Other
3801 Artificial Graphite; Collodial Graphite & Prep Etc,ASEAN - Association of Southeast Asian Nations,2021,1039128,1039128.0,3801,Other
3801 Artificial Graphite; Collodial Graphite & Prep Etc,ASEAN - Association of Southeast Asian Nations,2012,964496,964496.0,3801,Other
3801 Artificial Graphite; Collodial Graphite & Prep Etc,APEC - Asia Pacific Economic Co-operation,2002,25067188,25067188.0,3801,Other
3801 Artificial Graphite; Collodial Graphite & Prep Etc,ASEAN - Association of Southeast Asian Nations,2017,579985,579985.0,3801,Other
3801 Artificial Graphite; Collodial Graphite & Prep Etc,ASEAN - Association of Southeast Asian Nations,2023,4873329,4873329.0,3801,Other
3801 Artificial Graphite; Collodial Graphite & Prep Etc,APEC - Asia Pacific Economic Co-operation,2010,73944943,73944943.0,3801,Other
3801 Artificial Graphite; Collodial Graphite & Prep Etc,APEC - Asia Pacific Economic Co-operation,2022,467741118,467253284.0,3801,Other
3801 Artificial Graphite; Collodial Graphite & Prep Etc,ASEAN - Association of Southeast Asian Nations,2020,365104,365104.0,3801,Other
3801 Artificial Graphite; Collodial Graphite & Prep Etc,ASEAN - Association of Southeast Asian Nations,2010,690300,690300.0,3801,Other
3801 Artificial Graphite; Collodial Graphite & Prep Etc,ASEAN - Association of Southeast Asian Nations,2016,1461932,1461932.0,3801,Other
3801 Artificial Graphite; Collodial Graphite & Prep Etc,ASEAN - Association of Southeast Asian Nations,2001,2500,,3801,Other
3801 Artificial Graphite; Collodial Graphite & Prep Etc,ASEAN - Association of Southeast Asian Nations,2003,2340,2340.0,3801,Other
3801 Artificial Graphite; Collodial Graphite & Prep Etc,APEC - Asia Pacific Economic Co-operation,2025,219193807,219060931.0,3801,Other
3801 Artificial Graphite; Collodial Graphite & Prep Etc,ASEAN - Association of Southeast Asian Nations,2005,31389,31389.0,3801,Other
3801 Artificial Graphite; Collodial Graphite & Prep Etc,APEC - Asia Pacific Economic Co-operation,2023,433457799,433630454.0,3801,Other
3801 Artificial Graphite; Collodial Graphite & Prep Etc,ASEAN - Association of Southeast Asian Nations,2007,184772,184772.0,3801,Other
3801 Artificial Graphite; Collodial Graphite & Prep Etc,ASEAN - Association of Southeast Asian Nations,2004,39914,39914.0,3801,Other
3801 Artificial Graphite; Collodial Graphite & Prep Etc,ASEAN - Association of Southeast Asian Nations,2008,41879,41879.0,3801,Other
3801 Artificial Graphite; Collodial Graphite & Prep Etc,ASEAN - Association of Southeast Asian Nations,2006,30467,30467.0,3801,Other
3801 Artificial Graphite; Collodial Graphite & Prep Etc,Asia - South,2002,2494576,2494576.0,3801,Other
3801 Artificial Graphite; Collodial Graphite & Prep Etc,Asia - South,2005,4144968,4144968.0,3801,Other
3801 Artificial Graphite; Collodial Graphite & Prep Etc,Asia - South,2010,3163862,3163862.0,3801,Other
3801 Artificial Graphite; Collodial Graphite & Prep Etc,Asia - South,2009,3305489,3305489.0,3801,Other
3801 Artificial Graphite; Collodial Graphite & Prep Etc,APEC - Asia Pacific Economic Co-operation,2013,118859456,118859456.0,3801,Other
3801 Artificial Graphite; Collodial Graphite & Prep Etc,Asia - South,2004,3363969,3238969.0,3801,Other
3801 Artificial Graphite; Collodial Graphite & Prep Etc,Asia - South,2001,4511036,,3801,Other
3801 Artificial Graphite; Collodial Graphite & Prep Etc,APEC - Asia Pacific Economic Co-operation,2017,116497935,116503520.0,3801,Other
3801 Artificial Graphite; Collodial Graphite & Prep Etc,APEC - Asia Pacific Economic Co-operation,2016,74549388,74549388.0,3801,Other
3801 Artificial Graphite; Collodial Graphite & Prep Etc,APEC - Asia Pacific Economic Co-operation,2004,43213055,43213055.0,3801,Other
3801 Artificial Graphite; Collodial Graphite & Prep Etc,APEC - Asia Pacific Economic Co-operation,2015,84206233,84206233.0,3801,Other
3801 Artificial Graphite; Collodial Graphite & Prep Etc,ASEAN - Association of Southeast Asian Nations,2024,1075959,1075959.0,3801,Other
3801 Artificial Graphite; Collodial Graphite & Prep Etc,Asia - South,2003,1947965,1947965.0,3801,Other
3801 Artificial Graphite; Collodial Graphite & Prep Etc,APEC - Asia Pacific Economic Co-operation,2019,348472157,348421785.0,3801,Other
3801 Artificial Graphite; Collodial Graphite & Prep Etc,Asia - South,2007,4536621,4536621.0,3801,Other
3801 Artificial Graphite; Collodial Graphite & Prep Etc,APEC - Asia Pacific Economic Co-operation,2018,235252624,235198747.0,3801,Other
3801 Artificial Graphite; Collodial Graphite & Prep Etc,Asia - South,2023,11581851,11581851.0,3801,Other
3801 Artificial Graphite; Collodial Graphite & Prep Etc,APEC - Asia Pacific Economic Co-operation,2012,153627567,153627567.0,3801,Other
3801 Artificial Graphite; Collodial Graphite & Prep Etc,Asia - South,2011,9935586,9935586.0,3801,Other
3801 Artificial Graphite; Collodial Graphite & Prep Etc,Asia - South,2012,15267027,15267027.0,3801,Other
3801 Artificial Graphite; Collodial Graphite & Prep Etc,APEC - Asia Pacific Economic Co-operation,2014,83475913,83475913.0,3801,Other
3801 Artificial Graphite; Collodial Graphite & Prep Etc,APEC - Asia Pacific Economic Co-operation,2011,118078177,118078177.0,3801,Other
3801 Artificial Graphite; Collodial Graphite & Prep Etc,APEC - Asia Pacific Economic Co-operation,2020,216732217,216676355.0,3801,Other
3801 Artificial Graphite; Collodial Graphite & Prep Etc,Asia - South,2016,1312693,1312693.0,3801,Other
3801 Artificial Graphite; Collodial Graphite & Prep Etc,Asia - South,2014,3380433,3380433.0,3801,Other
3801 Artificial Graphite; Collodial Graphite & Prep Etc,Asia - South,2006,4987408,4987408.0,3801,Other
3801 Artificial Graphite; Collodial Graphite & Prep Etc,Asia - South,2013,7487360,7487360.0,3801,Other
3801 Artificial Graphite; Collodial Graphite & Prep Etc,Asia - South,2020,2590886,2590886.0,3801,Other
3801 Artificial Graphite; Collodial Graphite & Prep Etc,Asia - South,2008,9063405,9063405.0,3801,Other
3801 Artificial Graphite; Collodial Graphite & Prep Etc,Asia - South,2017,4770986,4770986.0,3801,Other
3801 Artificial Graphite; Collodial Graphite & Prep Etc,Asia - South,2019,7000020,7000020.0,3801,Other
3801 Artificial Graphite; Collodial Graphite & Prep Etc,Asia - South,2015,2364279,2364279.0,3801,Other
3801 Artificial Graphite; Collodial Graphite & Prep Etc,Asia - South,2018,11002577,11002577.0,3801,Other
3801 Artificial Graphite; Collodial Graphite & Prep Etc,ASEAN - Association of Southeast Asian Nations,2013,177102,177102.0,3801,Other
3801 Artificial Graphite; Collodial Graphite & Prep Etc,APEC - Asia Pacific Economic Co-operation,2003,24779098,24779098.0,3801,Other
3801 Artificial Graphite; Collodial Graphite & Prep Etc,ASEAN - Association of Southeast Asian Nations,2014,2104652,2104652.0,3801,Other
3801 Artificial Graphite; Collodial Graphite & Prep Etc,Asia - South,2021,4169988,4169988.0,3801,Other
3801 Artificial Graphite; Collodial Graphite & Prep Etc,APEC - Asia Pacific Economic Co-operation,2009,47508248,47508248.0,3801,Other
3801 Artificial Graphite; Collodial Graphite & Prep Etc,ASEAN - Association of Southeast Asian Nations,2018,637502,637502.0,3801,Other
3801 Artificial Graphite; Collodial Graphite & Prep Etc,ASEAN - Association of Southeast Asian Nations,2011,1841569,1841569.0,3801,Other
3801 Artificial Graphite; Collodial Graphite & Prep Etc,Asia - South,2025,4534595,4534595.0,3801,Other
3801 Artificial Graphite; Collodial Graphite & Prep Etc,APEC - Asia Pacific Economic Co-operation,2008,76430332,76430332.0,3801,Other
3801 Artificial Graphite; Collodial Graphite & Prep Etc,APEC - Asia Pacific Economic Co-operation,2007,73907954,73907954.0,3801,Other
3801 Artificial Graphite; Collodial Graphite & Prep Etc,APEC - Asia Pacific Economic Co-operation,2021,273690363,273628867.0,3801,Other
3801 Artificial Graphite; Collodial Graphite & Prep Etc,ASEAN - Association of Southeast Asian Nations,2022,6556815,6556815.0,3801,Other
3801 Artificial Graphite; Collodial Graphite & Prep Etc,Asia - South,2024,6992898,6992898.0,3801,Other
3801 Artificial Graphite; Collodial Graphite & Prep Etc,APEC - Asia Pacific Economic Co-operation,2024,388376871,388532453.0,3801,Other
3801 Artificial Graphite; Collodial Graphite & Prep Etc,APEC - Asia Pacific Economic Co-operation,2001,25271887,,3801,Other
3801 Artificial Graphite; Collodial Graphite & Prep Etc,ASEAN - Association of Southeast Asian Nations,2025,45919854,45822654.0,3801,Other
3801 Artificial Graphite; Collodial Graphite & Prep Etc,APEC - Asia Pacific Economic Co-operation,2005,80495467,80495467.0,3801,Other
3801 Artificial Graphite; Collodial Graphite & Prep Etc,APEC - Asia Pacific Economic Co-operation,2006,72426236,72426236.0,3801,Other
3801 Artificial Graphite; Collodial Graphite & Prep Etc,ASEAN - Association of Southeast Asian Nations,2015,1714883,1714883.0,3801,Other
3801 Artificial Graphite; Collodial Graphite & Prep Etc,Asia - South,2022,8831210,8831210.0,3801,Other
"3910 Silicones, In Primary Forms",APEC - Asia Pacific Economic Co-operation,2016,215700725,214437784.0,3910,Other
"3910 Silicones, In Primary Forms",Asia - South,2014,2140316,2140316.0,3910,Other
"3910 Silicones, In Primary Forms",Asia - South,2018,4834372,4834372.0,3910,Other
"3910 Silicones, In Primary Forms",Asia - South,2011,750550,750550.0,3910,Other
"3910 Silicones, In Primary Forms",ASEAN - Association of Southeast Asian Nations,2013,13861856,13861856.0,3910,Other
"3910 Silicones, In Primary Forms",Asia - South,2017,2874497,2874497.0,3910,Other
"3910 Silicones, In Primary Forms",Asia - South,2012,1836438,1836438.0,3910,Other
"3910 Silicones, In Primary Forms",APEC - Asia Pacific Economic Co-operation,2011,226900409,226987166.0,3910,Other
"3910 Silicones, In Primary Forms",Asia - South,2016,2787262,2787262.0,3910,Other
"3910 Silicones, In Primary Forms",Asia - South,2020,3286228,3286228.0,3910,Other
"3910 Silicones, In Primary Forms",APEC - Asia Pacific Economic Co-operation,2017,288085343,285590014.0,3910,Other
"3910 Silicones, In Primary Forms",APEC - Asia Pacific Economic Co-operation,2012,231803394,229478084.0,3910,Other
"3910 Silicones, In Primary Forms",ASEAN - Association of Southeast Asian Nations,2015,10595413,14553330.0,3910,Other
"3910 Silicones, In Primary Forms",ASEAN - Association of Southeast Asian Nations,2014,14183696,23514764.0,3910,Other
"3910 Silicones, In Primary Forms",Asia - South,2019,4064638,4064638.0,3910,Other
"3910 Silicones, In Primary Forms",ASEAN - Association of Southeast Asian Nations,2020,23761213,23763133.0,3910,Other
"3910 Silicones, In Primary Forms",Asia - South,2015,2287745,2287745.0,3910,Other
"3910 Silicones, In Primary Forms",APEC - Asia Pacific Economic Co-operation,2015,224397027,222965344.0,3910,Other
"3910 Silicones, In Primary Forms",ASEAN - Association of Southeast Asian Nations,2017,18405539,18474264.0,3910,Other
"3910 Silicones, In Primary Forms",ASEAN - Association of Southeast Asian Nations,2018,27112137,28746839.0,3910,Other
"3910 Silicones, In Primary Forms",APEC - Asia Pacific Economic Co-operation,2013,210434382,208999206.0,3910,Other
"3910 Silicones, In Primary Forms",ASEAN - Association of Southeast Asian Nations,2019,31732429,31732429.0,3910,Other
"3910 Silicones, In Primary Forms",Asia - South,2013,2905982,2905982.0,3910,Other
"3910 Silicones, In Primary Forms",APEC - Asia Pacific Economic Co-operation,2019,320674249,316754953.0,3910,Other
"3910 Silicones, In Primary Forms",ASEAN - Association of Southeast Asian Nations,2023,27630797,27644426.0,3910,Other
"3910 Silicones, In Primary Forms",ASEAN - Association of Southeast Asian Nations,2021,35287447,35938657.0,3910,Other
"3910 Silicones, In Primary Forms",APEC - Asia Pacific Economic Co-operation,2020,297985409,296752717.0,3910,Other
"3910 Silicones, In Primary Forms",ASEAN - Association of Southeast Asian Nations,2012,19619636,19619636.0,3910,Other
"3910 Silicones, In Primary Forms",ASEAN - Association of Southeast Asian Nations,2024,39119006,39747963.0,3910,Other
"3910 Silicones, In Primary Forms",APEC - Asia Pacific Economic Co-operation,2014,221458805,229658848.0,3910,Other
"3910 Silicones, In Primary Forms",APEC - Asia Pacific Economic Co-operation,2018,417679711,419418832.0,3910,Other
"3910 Silicones, In Primary Forms",ASEAN - Association of Southeast Asian Nations,2022,96389301,96371951.0,3910,Other
"3910 Silicones, In Primary Forms",ASEAN - Association of Southeast Asian Nations,2011,21509463,21949799.0,3910,Other
"3910 Silicones, In Primary Forms",ASEAN - Association of Southeast Asian Nations,2025,18275954,18441246.0,3910,Other
"3910 Silicones, In Primary Forms",ASEAN - Association of Southeast Asian Nations,2016,11010222,11010222.0,3910,Other
"3910 Silicones, In Primary Forms",ASEAN - Association of Southeast Asian Nations,2006,35943190,35943190.0,3910,Other
"3910 Silicones, In Primary Forms",APEC - Asia Pacific Economic Co-operation,2003,84916069,84571439.0,3910,Other
"3910 Silicones, In Primary Forms",Asia - South,2001,5000,,3910,Other
"3910 Silicones, In Primary Forms",Asia - South,2006,667263,667263.0,3910,Other
"3910 Silicones, In Primary Forms",Asia - South,2002,1128,1128.0,3910,Other
"3910 Silicones, In Primary Forms",Asia - South,2004,221936,221936.0,3910,Other
"3910 Silicones, In Primary Forms",Asia - South,2010,860567,860568.0,3910,Other
"3910 Silicones, In Primary Forms",Asia - South,2008,176601,176601.0,3910,Other
"3910 Silicones, In Primary Forms",APEC - Asia Pacific Economic Co-operation,2010,225135573,221707793.0,3910,Other
"3910 Silicones, In Primary Forms",APEC - Asia Pacific Economic Co-operation,2006,134481408,133679125.0,3910,Other
"3910 Silicones, In Primary Forms",Asia - South,2021,8651835,8651835.0,3910,Other
"3910 Silicones, In Primary Forms",APEC - Asia Pacific Economic Co-operation,2009,163974126,157067557.0,3910,Other
"3910 Silicones, In Primary Forms",APEC - Asia Pacific Economic Co-operation,2001,78524819,,3910,Other
"3910 Silicones, In Primary Forms",Asia - South,2022,16226528,16226528.0,3910,Other
"3910 Silicones, In Primary Forms",Asia - South,2025,4506201,4506201.0,3910,Other
"3910 Silicones, In Primary Forms",Asia - South,2024,8669293,8669293.0,3910,Other
"3910 Silicones, In Primary Forms",Asia - South,2023,7367462,7367462.0,3910,Other
"3910 Silicones, In Primary Forms",Asia - South,2003,1093,1093.0,3910,Other
"3910 Silicones, In Primary Forms",Asia - South,2007,900,900.0,3910,Other
"3910 Silicones, In Primary Forms",Asia - South,2009,936195,936195.0,3910,Other
"3910 Silicones, In Primary Forms",Asia - South,2005,680706,680706.0,3910,Other
"3910 Silicones, In Primary Forms",APEC - Asia Pacific Economic Co-operation,2008,175776003,174558929.0,3910,Other
"3910 Silicones, In Primary Forms",APEC - Asia Pacific Economic Co-operation,2002,80209803,79214032.0,3910,Other
"3910 Silicones, In Primary Forms",APEC - Asia Pacific Economic Co-operation,2022,714073594,710219132.0,3910,Other
"3910 Silicones, In Primary Forms",APEC - Asia Pacific Economic Co-operation,2025,189356075,188531769.0,3910,Other
"3910 Silicones, In Primary Forms",APEC - Asia Pacific Economic Co-operation,2024,385000109,380972796.0,3910,Other
"3910 Silicones, In Primary Forms",ASEAN - Association of Southeast Asian Nations,2002,129152,129152.0,3910,Other
"3910 Silicones, In Primary Forms",APEC - Asia Pacific Economic Co-operation,2007,150896848,150128718.0,3910,Other
"3910 Silicones, In Primary Forms",APEC - Asia Pacific Economic Co-operation,2005,119482861,118782486.0,3910,Other
"3910 Silicones, In Primary Forms",ASEAN - Association of Southeast Asian Nations,2008,31503492,31503492.0,3910,Other
"3910 Silicones, In Primary Forms",ASEAN - Association of Southeast Asian Nations,2005,22043524,22043524.0,3910,Other
"3910 Silicones, In Primary Forms",APEC - Asia Pacific Economic Co-operation,2023,348601085,344668196.0,3910,Other
"3910 Silicones, In Primary Forms",ASEAN - Association of Southeast Asian Nations,2004,7519733,7519733.0,3910,Other
"3910 Silicones, In Primary Forms",ASEAN - Association of Southeast Asian Nations,2010,27701880,26884922.0,3910,Other
"3910 Silicones, In Primary Forms",APEC - Asia Pacific Economic Co-operation,2004,101871796,100848245.0,3910,Other
"3910 Silicones, In Primary Forms",ASEAN - Association of Southeast Asian Nations,2009,22369894,22136077.0,3910,Other
"3910 Silicones, In Primary Forms",ASEAN - Association of Southeast Asian Nations,2001,132713,,3910,Other
"3910 Silicones, In Primary Forms",ASEAN - Association of Southeast Asian Nations,2003,39998,39998.0,3910,Other
"3910 Silicones, In Primary Forms",APEC - Asia Pacific Economic Co-operation,2021,391128453,389831357.0,3910,Other
"3910 Silicones, In Primary Forms",ASEAN - Association of Southeast Asian Nations,2007,27227053,27227053.0,3910,Other
"7110 Platinum, Unwrought, Semimfr Forms Or In Powder Fm",Asia - South,2017,299672,299672.0,7110,Other
"7110 Platinum, Unwrought, Semimfr Forms Or In Powder Fm",Asia - South,2015,2981,2981.0,7110,Other
"7110 Platinum, Unwrought, Semimfr Forms Or In Powder Fm",APEC - Asia Pacific Economic Co-operation,2016,830635792,830635792.0,7110,Other
"7110 Platinum, Unwrought, Semimfr Forms Or In Powder Fm",APEC - Asia Pacific Economic Co-operation,2018,1629315034,1629315034.0,7110,Other
"7110 Platinum, Unwrought, Semimfr Forms Or In Powder Fm",APEC - Asia Pacific Economic Co-operation,2020,2940968583,2940968583.0,7110,Other
"7110 Platinum, Unwrought, Semimfr Forms Or In Powder Fm",APEC - Asia Pacific Economic Co-operation,2011,1278769865,1278835024.0,7110,Other
"7110 Platinum, Unwrought, Semimfr Forms Or In Powder Fm",Asia - South,2019,6903995,6903995.0,7110,Other
"7110 Platinum, Unwrought, Semimfr Forms Or In Powder Fm",Asia - South,2014,108646,108646.0,7110,Other
"7110 Platinum, Unwrought, Semimfr Forms Or In Powder Fm",Asia - South,2020,3771642,3771642.0,7110,Other
"7110 Platinum, Unwrought, Semimfr Forms Or In Powder Fm",Asia - South,2011,917102,917102.0,7110,Other
"7110 Platinum, Unwrought, Semimfr Forms Or In Powder Fm",Asia - South,2018,2906625,2906625.0,7110,Other
"7110 Platinum, Unwrought, Semimfr Forms Or In Powder Fm",Asia - South,2016,376791,376791.0,7110,Other
"7110 Platinum, Unwrought, Semimfr Forms Or In Powder Fm",Asia - South,2012,1966053,1966053.0,7110,Other
"7110 Platinum, Unwrought, Semimfr Forms Or In Powder Fm",APEC - Asia Pacific Economic Co-operation,2023,1866179171,1866160370.0,7110,Other
"7110 Platinum, Unwrought, Semimfr Forms Or In Powder Fm",ASEAN - Association of Southeast Asian Nations,2023,5179641,5179641.0,7110,Other
"7110 Platinum, Unwrought, Semimfr Forms Or In Powder Fm",ASEAN - Association of Southeast Asian Nations,2019,113545607,113545607.0,7110,Other
"7110 Platinum, Unwrought, Semimfr Forms Or In Powder Fm",ASEAN - Association of Southeast Asian Nations,2025,22352442,22352442.0,7110,Other
"7110 Platinum, Unwrought, Semimfr Forms Or In Powder Fm",ASEAN - Association of Southeast Asian Nations,2003,376466,376466.0,7110,Other
"7110 Platinum, Unwrought, Semimfr Forms Or In Powder Fm",ASEAN - Association of Southeast Asian Nations,2010,3147654,3147654.0,7110,Other
"7110 Platinum, Unwrought, Semimfr Forms Or In Powder Fm",ASEAN - Association of Southeast Asian Nations,2001,4969883,,7110,Other
"7110 Platinum, Unwrought, Semimfr Forms Or In Powder Fm",APEC - Asia Pacific Economic Co-operation,2022,2827744237,2827744237.0,7110,Other
"7110 Platinum, Unwrought, Semimfr Forms Or In Powder Fm",ASEAN - Association of Southeast Asian Nations,2009,16192,16192.0,7110,Other
"7110 Platinum, Unwrought, Semimfr Forms Or In Powder Fm",ASEAN - Association of Southeast Asian Nations,2008,802251,802251.0,7110,Other
"7110 Platinum, Unwrought, Semimfr Forms Or In Powder Fm",APEC - Asia Pacific Economic Co-operation,2002,608544790,608544790.0,7110,Other
"7110 Platinum, Unwrought, Semimfr Forms Or In Powder Fm",APEC - Asia Pacific Economic Co-operation,2007,1109942117,1109942117.0,7110,Other
"7110 Platinum, Unwrought, Semimfr Forms Or In Powder Fm",APEC - Asia Pacific Economic Co-operation,2008,1415078277,1415078277.0,7110,Other
"7110 Platinum, Unwrought, Semimfr Forms Or In Powder Fm",Asia - South,2023,21054871,21054871.0,7110,Other
"7110 Platinum, Unwrought, Semimfr Forms Or In Powder Fm",Asia - South,2024,11620304,11620304.0,7110,Other
"7110 Platinum, Unwrought, Semimfr Forms Or In Powder Fm",APEC - Asia Pacific Economic Co-operation,2012,770605751,770605751.0,7110,Other
"7110 Platinum, Unwrought, Semimfr Forms Or In Powder Fm",ASEAN - Association of Southeast Asian Nations,2011,40151396,40151396.0,7110,Other
"7110 Platinum, Unwrought, Semimfr Forms Or In Powder Fm",ASEAN - Association of Southeast Asian Nations,2002,63064,63064.0,7110,Other
"7110 Platinum, Unwrought, Semimfr Forms Or In Powder Fm",Asia - South,2022,1371471,1371471.0,7110,Other
"7110 Platinum, Unwrought, Semimfr Forms Or In Powder Fm",APEC - Asia Pacific Economic Co-operation,2006,840079579,840079579.0,7110,Other
"7110 Platinum, Unwrought, Semimfr Forms Or In Powder Fm",APEC - Asia Pacific Economic Co-operation,2009,431958270,431958270.0,7110,Other
"7110 Platinum, Unwrought, Semimfr Forms Or In Powder Fm",ASEAN - Association of Southeast Asian Nations,2017,5301718,5301718.0,7110,Other
"7110 Platinum, Unwrought, Semimfr Forms Or In Powder Fm",ASEAN - Association of Southeast Asian Nations,2015,35861772,35861772.0,7110,Other
"7110 Platinum, Unwrought, Semimfr Forms Or In Powder Fm",Asia - South,2021,32369067,32369067.0,7110,Other
"7110 Platinum, Unwrought, Semimfr Forms Or In Powder Fm",ASEAN - Association of Southeast Asian Nations,2022,45835115,45835115.0,7110,Other
"7110 Platinum, Unwrought, Semimfr Forms Or In Powder Fm",APEC - Asia Pacific Economic Co-operation,2015,1035408994,1035408994.0,7110,Other
"7110 Platinum, Unwrought, Semimfr Forms Or In Powder Fm",ASEAN - Association of Southeast Asian Nations,2013,37637036,37637036.0,7110,Other
"7110 Platinum, Unwrought, Semimfr Forms Or In Powder Fm",ASEAN - Association of Southeast Asian Nations,2016,13586965,13586965.0,7110,Other
"7110 Platinum, Unwrought, Semimfr Forms Or In Powder Fm",APEC - Asia Pacific Economic Co-operation,2024,1385974035,1385974035.0,7110,Other
"7110 Platinum, Unwrought, Semimfr Forms Or In Powder Fm",APEC - Asia Pacific Economic Co-operation,2021,3638708342,3638708342.0,7110,Other
"7110 Platinum, Unwrought, Semimfr Forms Or In Powder Fm",ASEAN - Association of Southeast Asian Nations,2024,55649980,55649980.0,7110,Other
"7110 Platinum, Unwrought, Semimfr Forms Or In Powder Fm",ASEAN - Association of Southeast Asian Nations,2021,71393462,71393462.0,7110,Other
"7110 Platinum, Unwrought, Semimfr Forms Or In Powder Fm",APEC - Asia Pacific Economic Co-operation,2001,1739206647,,7110,Other
"7110 Platinum, Unwrought, Semimfr Forms Or In Powder Fm",ASEAN - Association of Southeast Asian Nations,2014,93090307,93090307.0,7110,Other
"7110 Platinum, Unwrought, Semimfr Forms Or In Powder Fm",APEC - Asia Pacific Economic Co-operation,2004,580356950,580356950.0,7110,Other
"7110 Platinum, Unwrought, Semimfr Forms Or In Powder Fm",ASEAN - Association of Southeast Asian Nations,2020,135994265,135994265.0,7110,Other
"7110 Platinum, Unwrought, Semimfr Forms Or In Powder Fm",ASEAN - Association of Southeast Asian Nations,2018,30974782,30974782.0,7110,Other
"7110 Platinum, Unwrought, Semimfr Forms Or In Powder Fm",Asia - South,2025,53799583,53799583.0,7110,Other
"7110 Platinum, Unwrought, Semimfr Forms Or In Powder Fm",APEC - Asia Pacific Economic Co-operation,2003,530648555,530648555.0,7110,Other
"7110 Platinum, Unwrought, Semimfr Forms Or In Powder Fm",APEC - Asia Pacific Economic Co-operation,2005,674027442,674027442.0,7110,Other
"7110 Platinum, Unwrought, Semimfr Forms Or In Powder Fm",ASEAN - Association of Southeast Asian Nations,2012,22854525,22854525.0,7110,Other
"7110 Platinum, Unwrought, Semimfr Forms Or In Powder Fm",Asia - South,2008,5752565,5752565.0,7110,Other
"7110 Platinum, Unwrought, Semimfr Forms Or In Powder Fm",Asia - South,2010,3704844,3704844.0,7110,Other
"7110 Platinum, Unwrought, Semimfr Forms Or In Powder Fm",APEC - Asia Pacific Economic Co-operation,2017,1143119029,1143119029.0,7110,Other
"7110 Platinum, Unwrought, Semimfr Forms Or In Powder Fm",Asia - South,2009,12975657,12975657.0,7110,Other
"7110 Platinum, Unwrought, Semimfr Forms Or In Powder Fm",Asia - South,2003,330919,330919.0,7110,Other
"7110 Platinum, Unwrought, Semimfr Forms Or In Powder Fm",Asia - South,2004,315287,315287.0,7110,Other
"7110 Platinum, Unwrought, Semimfr Forms Or In Powder Fm",APEC - Asia Pacific Economic Co-operation,2019,2148855447,2148855447.0,7110,Other
"7110 Platinum, Unwrought, Semimfr Forms Or In Powder Fm",Asia - South,2005,826808,826808.0,7110,Other
"7110 Platinum, Unwrought, Semimfr Forms Or In Powder Fm",APEC - Asia Pacific Economic Co-operation,2013,884904745,884904745.0,7110,Other
"7110 Platinum, Unwrought, Semimfr Forms Or In Powder Fm",ASEAN - Association of Southeast Asian Nations,2005,5159504,5159504.0,7110,Other
"7110 Platinum, Unwrought, Semimfr Forms Or In Powder Fm",ASEAN - Association of Southeast Asian Nations,2007,12366865,12366865.0,7110,Other
"7110 Platinum, Unwrought, Semimfr Forms Or In Powder Fm",APEC - Asia Pacific Economic Co-operation,2014,1019311290,1019311290.0,7110,Other
"7110 Platinum, Unwrought, Semimfr Forms Or In Powder Fm",APEC - Asia Pacific Economic Co-operation,2010,617419384,617419384.0,7110,Other
"7110 Platinum, Unwrought, Semimfr Forms Or In Powder Fm",ASEAN - Association of Southeast Asian Nations,2006,1940288,1940288.0,7110,Other
"7110 Platinum, Unwrought, Semimfr Forms Or In Powder Fm",Asia - South,2006,10108142,10108142.0,7110,Other
"7110 Platinum, Unwrought, Semimfr Forms Or In Powder Fm",APEC - Asia Pacific Economic Co-operation,2025,891527677,891527677.0,7110,Other
"7110 Platinum, Unwrought, Semimfr Forms Or In Powder Fm",ASEAN - Association of Southeast Asian Nations,2004,130000,130000.0,7110,Other
"7110 Platinum, Unwrought, Semimfr Forms Or In Powder Fm",Asia - South,2007,1053257,1053257.0,7110,Other
"7110 Platinum, Unwrought, Semimfr Forms Or In Powder Fm",Asia - South,2001,620000,,7110,Other
"711041 Iridium, Osmium And Ruthenium, Unwrought Or Powder",APEC - Asia Pacific Economic Co-operation,2009,2837195,2837195.0,711041,Other
"711041 Iridium, Osmium And Ruthenium, Unwrought Or Powder",APEC - Asia Pacific Economic Co-operation,2025,3657736,3657736.0,711041,Other
"711041 Iridium, Osmium And Ruthenium, Unwrought Or Powder",ASEAN - Association of Southeast Asian Nations,2011,9150,9150.0,711041,Other
"711041 Iridium, Osmium And Ruthenium, Unwrought Or Powder",APEC - Asia Pacific Economic Co-operation,2006,9051761,9051761.0,711041,Other
"711041 Iridium, Osmium And Ruthenium, Unwrought Or Powder",ASEAN - Association of Southeast Asian Nations,2013,43784,43784.0,711041,Other
"711041 Iridium, Osmium And Ruthenium, Unwrought Or Powder",APEC - Asia Pacific Economic Co-operation,2003,2535184,2535184.0,711041,Other
"711041 Iridium, Osmium And Ruthenium, Unwrought Or Powder",APEC - Asia Pacific Economic Co-operation,2005,703525,703525.0,711041,Other
"711041 Iridium, Osmium And Ruthenium, Unwrought Or Powder",APEC - Asia Pacific Economic Co-operation,2012,1351911,1351911.0,711041,Other
"711041 Iridium, Osmium And Ruthenium, Unwrought Or Powder",Asia - South,2025,12688,12688.0,711041,Other
"711041 Iridium, Osmium And Ruthenium, Unwrought Or Powder",ASEAN - Association of Southeast Asian Nations,2017,34043,34043.0,711041,Other
"711041 Iridium, Osmium And Ruthenium, Unwrought Or Powder",ASEAN - Association of Southeast Asian Nations,2014,78572,78572.0,711041,Other
"711041 Iridium, Osmium And Ruthenium, Unwrought Or Powder",ASEAN - Association of Southeast Asian Nations,2012,2248,2248.0,711041,Other
"711041 Iridium, Osmium And Ruthenium, Unwrought Or Powder",ASEAN - Association of Southeast Asian Nations,2022,4823,4823.0,711041,Other
"711041 Iridium, Osmium And Ruthenium, Unwrought Or Powder",APEC - Asia Pacific Economic Co-operation,2007,42478549,42478549.0,711041,Other
"711041 Iridium, Osmium And Ruthenium, Unwrought Or Powder",APEC - Asia Pacific Economic Co-operation,2021,45987388,45987388.0,711041,Other
"711041 Iridium, Osmium And Ruthenium, Unwrought Or Powder",APEC - Asia Pacific Economic Co-operation,2016,224656,224656.0,711041,Other
"711041 Iridium, Osmium And Ruthenium, Unwrought Or Powder",APEC - Asia Pacific Economic Co-operation,2014,1028476,1028476.0,711041,Other
"711041 Iridium, Osmium And Ruthenium, Unwrought Or Powder",APEC - Asia Pacific Economic Co-operation,2004,218319,218319.0,711041,Other
"711041 Iridium, Osmium And Ruthenium, Unwrought Or Powder",APEC - Asia Pacific Economic Co-operation,2001,1528717,,711041,Other
"711041 Iridium, Osmium And Ruthenium, Unwrought Or Powder",APEC - Asia Pacific Economic Co-operation,2015,260639,260639.0,711041,Other
"711041 Iridium, Osmium And Ruthenium, Unwrought Or Powder",ASEAN - Association of Southeast Asian Nations,2007,11107364,11107364.0,711041,Other
"711041 Iridium, Osmium And Ruthenium, Unwrought Or Powder",ASEAN - Association of Southeast Asian Nations,2006,1726555,1726555.0,711041,Other
"711041 Iridium, Osmium And Ruthenium, Unwrought Or Powder",ASEAN - Association of Southeast Asian Nations,2005,120000,120000.0,711041,Other
"711041 Iridium, Osmium And Ruthenium, Unwrought Or Powder",ASEAN - Association of Southeast Asian Nations,2001,18806,,711041,Other
"711041 Iridium, Osmium And Ruthenium, Unwrought Or Powder",APEC - Asia Pacific Economic Co-operation,2002,58079,58079.0,711041,Other
"711041 Iridium, Osmium And Ruthenium, Unwrought Or Powder",ASEAN - Association of Southeast Asian Nations,2008,356000,356000.0,711041,Other
"711041 Iridium, Osmium And Ruthenium, Unwrought Or Powder",APEC - Asia Pacific Economic Co-operation,2013,453992,453992.0,711041,Other
"711041 Iridium, Osmium And Ruthenium, Unwrought Or Powder",APEC - Asia Pacific Economic Co-operation,2018,6171079,6171079.0,711041,Other
"711041 Iridium, Osmium And Ruthenium, Unwrought Or Powder",APEC - Asia Pacific Economic Co-operation,2008,59849410,59849410.0,711041,Other
"711041 Iridium, Osmium And Ruthenium, Unwrought Or Powder",APEC - Asia Pacific Economic Co-operation,2019,3535240,3535240.0,711041,Other
"711041 Iridium, Osmium And Ruthenium, Unwrought Or Powder",APEC - Asia Pacific Economic Co-operation,2023,12955406,12955406.0,711041,Other
"711041 Iridium, Osmium And Ruthenium, Unwrought Or Powder",APEC - Asia Pacific Economic Co-operation,2011,1960508,1960508.0,711041,Other
"711041 Iridium, Osmium And Ruthenium, Unwrought Or Powder",APEC - Asia Pacific Economic Co-operation,2017,1662636,1662636.0,711041,Other
"711041 Iridium, Osmium And Ruthenium, Unwrought Or Powder",APEC - Asia Pacific Economic Co-operation,2020,9977974,9977974.0,711041,Other
"711041 Iridium, Osmium And Ruthenium, Unwrought Or Powder",APEC - Asia Pacific Economic Co-operation,2010,3577728,3577728.0,711041,Other
"711041 Iridium, Osmium And Ruthenium, Unwrought Or Powder",APEC - Asia Pacific Economic Co-operation,2024,8080911,8080911.0,711041,Other
"711041 Iridium, Osmium And Ruthenium, Unwrought Or Powder",APEC - Asia Pacific Economic Co-operation,2022,17946161,17946161.0,711041,Other
"711049 Iridium, Osmium And Ruthenium, Semimanufactured",ASEAN - Association of Southeast Asian Nations,2025,1116612,1116612.0,711049,Other
"711049 Iridium, Osmium And Ruthenium, Semimanufactured",APEC - Asia Pacific Economic Co-operation,2022,3370368,3370368.0,711049,Other
"711049 Iridium, Osmium And Ruthenium, Semimanufactured",APEC - Asia Pacific Economic Co-operation,2025,4530199,4530199.0,711049,Other
"711049 Iridium, Osmium And Ruthenium, Semimanufactured",Asia - South,2021,112200,112200.0,711049,Other
"711049 Iridium, Osmium And Ruthenium, Semimanufactured",Asia - South,2022,222785,222785.0,711049,Other
"711049 Iridium, Osmium And Ruthenium, Semimanufactured",APEC - Asia Pacific Economic Co-operation,2023,6714154,6695353.0,711049,Other
"711049 Iridium, Osmium And Ruthenium, Semimanufactured",APEC - Asia Pacific Economic Co-operation,2024,4752880,4752880.0,711049,Other
"711049 Iridium, Osmium And Ruthenium, Semimanufactured",APEC - Asia Pacific Economic Co-operation,2021,7428388,7428388.0,711049,Other
"711049 Iridium, Osmium And Ruthenium, Semimanufactured",ASEAN - Association of Southeast Asian Nations,2024,9548,9548.0,711049,Other
"711049 Iridium, Osmium And Ruthenium, Semimanufactured",ASEAN - Association of Southeast Asian Nations,2018,3020,3020.0,711049,Other
"711049 Iridium, Osmium And Ruthenium, Semimanufactured",ASEAN - Association of Southeast Asian Nations,2016,115469,115469.0,711049,Other
"711049 Iridium, Osmium And Ruthenium, Semimanufactured",ASEAN - Association of Southeast Asian Nations,2021,9815,9815.0,711049,Other
"711049 Iridium, Osmium And Ruthenium, Semimanufactured",ASEAN - Association of Southeast Asian Nations,2015,162942,162942.0,711049,Other
"711049 Iridium, Osmium And Ruthenium, Semimanufactured",ASEAN - Association of Southeast Asian Nations,2014,75618,75618.0,711049,Other
"711049 Iridium, Osmium And Ruthenium, Semimanufactured",ASEAN - Association of Southeast Asian Nations,2011,32497,32497.0,711049,Other
"711049 Iridium, Osmium And Ruthenium, Semimanufactured",ASEAN - Association of Southeast Asian Nations,2023,86278,86278.0,711049,Other
"711049 Iridium, Osmium And Ruthenium, Semimanufactured",ASEAN - Association of Southeast Asian Nations,2017,3241,3241.0,711049,Other
"711049 Iridium, Osmium And Ruthenium, Semimanufactured",APEC - Asia Pacific Economic Co-operation,2003,19318,19318.0,711049,Other
"711049 Iridium, Osmium And Ruthenium, Semimanufactured",APEC - Asia Pacific Economic Co-operation,2008,1040183,1040183.0,711049,Other
"711049 Iridium, Osmium And Ruthenium, Semimanufactured",APEC - Asia Pacific Economic Co-operation,2014,1520064,1520064.0,711049,Other
"711049 Iridium, Osmium And Ruthenium, Semimanufactured",APEC - Asia Pacific Economic Co-operation,2017,5528800,5528800.0,711049,Other
"711049 Iridium, Osmium And Ruthenium, Semimanufactured",APEC - Asia Pacific Economic Co-operation,2001,386382,,711049,Other
"711049 Iridium, Osmium And Ruthenium, Semimanufactured",ASEAN - Association of Southeast Asian Nations,2010,6071,6071.0,711049,Other
"711049 Iridium, Osmium And Ruthenium, Semimanufactured",ASEAN - Association of Southeast Asian Nations,2001,49495,,711049,Other
"711049 Iridium, Osmium And Ruthenium, Semimanufactured",APEC - Asia Pacific Economic Co-operation,2005,121281,121281.0,711049,Other
"711049 Iridium, Osmium And Ruthenium, Semimanufactured",APEC - Asia Pacific Economic Co-operation,2015,4106142,4106142.0,711049,Other
"711049 Iridium, Osmium And Ruthenium, Semimanufactured",APEC - Asia Pacific Economic Co-operation,2002,1619199,1619199.0,711049,Other
"711049 Iridium, Osmium And Ruthenium, Semimanufactured",APEC - Asia Pacific Economic Co-operation,2006,368789,368789.0,711049,Other
"711049 Iridium, Osmium And Ruthenium, Semimanufactured",APEC - Asia Pacific Economic Co-operation,2013,3027698,3027698.0,711049,Other
"711049 Iridium, Osmium And Ruthenium, Semimanufactured",APEC - Asia Pacific Economic Co-operation,2018,3656698,3656698.0,711049,Other
"711049 Iridium, Osmium And Ruthenium, Semimanufactured",APEC - Asia Pacific Economic Co-operation,2011,269141,269141.0,711049,Other
"711049 Iridium, Osmium And Ruthenium, Semimanufactured",APEC - Asia Pacific Economic Co-operation,2016,3533479,3533479.0,711049,Other
"711049 Iridium, Osmium And Ruthenium, Semimanufactured",APEC - Asia Pacific Economic Co-operation,2004,10169,10169.0,711049,Other
"711049 Iridium, Osmium And Ruthenium, Semimanufactured",APEC - Asia Pacific Economic Co-operation,2019,4763042,4763042.0,711049,Other
"711049 Iridium, Osmium And Ruthenium, Semimanufactured",APEC - Asia Pacific Economic Co-operation,2012,183304,183304.0,711049,Other
"711049 Iridium, Osmium And Ruthenium, Semimanufactured",APEC - Asia Pacific Economic Co-operation,2009,262246,262246.0,711049,Other
"711049 Iridium, Osmium And Ruthenium, Semimanufactured",APEC - Asia Pacific Economic Co-operation,2010,260595,260595.0,711049,Other
"711049 Iridium, Osmium And Ruthenium, Semimanufactured",APEC - Asia Pacific Economic Co-operation,2020,4082933,4082933.0,711049,Other
"711049 Iridium, Osmium And Ruthenium, Semimanufactured",APEC - Asia Pacific Economic Co-operation,2007,5073679,5073679.0,711049,Other
7225 Fl-rl Alloy Steel Nesoi Nun 600mm Wide,ASEAN - Association of Southeast Asian Nations,2019,2483507,2483507.0,7225,Other
7225 Fl-rl Alloy Steel Nesoi Nun 600mm Wide,APEC - Asia Pacific Economic Co-operation,2007,621244104,621244104.0,7225,Other
7225 Fl-rl Alloy Steel Nesoi Nun 600mm Wide,ASEAN - Association of Southeast Asian Nations,2014,619878,619878.0,7225,Other
7225 Fl-rl Alloy Steel Nesoi Nun 600mm Wide,APEC - Asia Pacific Economic Co-operation,2025,421998135,412931771.0,7225,Other
7225 Fl-rl Alloy Steel Nesoi Nun 600mm Wide,APEC - Asia Pacific Economic Co-operation,2009,465062879,465062879.0,7225,Other
7225 Fl-rl Alloy Steel Nesoi Nun 600mm Wide,APEC - Asia Pacific Economic Co-operation,2001,309911424,,7225,Other
7225 Fl-rl Alloy Steel Nesoi Nun 600mm Wide,ASEAN - Association of Southeast Asian Nations,2002,523578,523578.0,7225,Other
7225 Fl-rl Alloy Steel Nesoi Nun 600mm Wide,Asia - South,2017,2227637,2227637.0,7225,Other
7225 Fl-rl Alloy Steel Nesoi Nun 600mm Wide,ASEAN - Association of Southeast Asian Nations,2004,29701,29701.0,7225,Other
7225 Fl-rl Alloy Steel Nesoi Nun 600mm Wide,APEC - Asia Pacific Economic Co-operation,2023,1012849015,1007427405.0,7225,Other
7225 Fl-rl Alloy Steel Nesoi Nun 600mm Wide,ASEAN - Association of Southeast Asian Nations,2017,13491864,12927608.0,7225,Other
7225 Fl-rl Alloy Steel Nesoi Nun 600mm Wide,ASEAN - Association of Southeast Asian Nations,2005,940071,940071.0,7225,Other
7225 Fl-rl Alloy Steel Nesoi Nun 600mm Wide,APEC - Asia Pacific Economic Co-operation,2013,778485041,777248429.0,7225,Other
7225 Fl-rl Alloy Steel Nesoi Nun 600mm Wide,Asia - South,2016,3428209,3428209.0,7225,Other
7225 Fl-rl Alloy Steel Nesoi Nun 600mm Wide,ASEAN - Association of Southeast Asian Nations,2006,14912,14912.0,7225,Other
7225 Fl-rl Alloy Steel Nesoi Nun 600mm Wide,ASEAN - Association of Southeast Asian Nations,2003,4396799,4396799.0,7225,Other
7225 Fl-rl Alloy Steel Nesoi Nun 600mm Wide,APEC - Asia Pacific Economic Co-operation,2003,256514375,250488968.0,7225,Other
7225 Fl-rl Alloy Steel Nesoi Nun 600mm Wide,APEC - Asia Pacific Economic Co-operation,2006,628966093,626602374.0,7225,Other
7225 Fl-rl Alloy Steel Nesoi Nun 600mm Wide,ASEAN - Association of Southeast Asian Nations,2020,302980,302980.0,7225,Other
7225 Fl-rl Alloy Steel Nesoi Nun 600mm Wide,Asia - South,2014,1559452,1559452.0,7225,Other
7225 Fl-rl Alloy Steel Nesoi Nun 600mm Wide,Asia - South,2024,5490,5490.0,7225,Other
7225 Fl-rl Alloy Steel Nesoi Nun 600mm Wide,APEC - Asia Pacific Economic Co-operation,2022,1045923473,1021068430.0,7225,Other
7225 Fl-rl Alloy Steel Nesoi Nun 600mm Wide,ASEAN - Association of Southeast Asian Nations,2022,46752,46752.0,7225,Other
7225 Fl-rl Alloy Steel Nesoi Nun 600mm Wide,Asia - South,2013,6580,6580.0,7225,Other
7225 Fl-rl Alloy Steel Nesoi Nun 600mm Wide,Asia - South,2023,259776,259776.0,7225,Other
7225 Fl-rl Alloy Steel Nesoi Nun 600mm Wide,ASEAN - Association of Southeast Asian Nations,2015,401211,401211.0,7225,Other
7225 Fl-rl Alloy Steel Nesoi Nun 600mm Wide,APEC - Asia Pacific Economic Co-operation,2021,954372547,949475189.0,7225,Other
7225 Fl-rl Alloy Steel Nesoi Nun 600mm Wide,Asia - South,2021,285350,285350.0,7225,Other
7225 Fl-rl Alloy Steel Nesoi Nun 600mm Wide,ASEAN - Association of Southeast Asian Nations,2024,1337588,1337588.0,7225,Other
7225 Fl-rl Alloy Steel Nesoi Nun 600mm Wide,APEC - Asia Pacific Economic Co-operation,2004,413882993,409862455.0,7225,Other
7225 Fl-rl Alloy Steel Nesoi Nun 600mm Wide,ASEAN - Association of Southeast Asian Nations,2007,6246352,6246352.0,7225,Other
7225 Fl-rl Alloy Steel Nesoi Nun 600mm Wide,APEC - Asia Pacific Economic Co-operation,2010,645877631,645877631.0,7225,Other
7225 Fl-rl Alloy Steel Nesoi Nun 600mm Wide,ASEAN - Association of Southeast Asian Nations,2016,2681821,2681821.0,7225,Other
7225 Fl-rl Alloy Steel Nesoi Nun 600mm Wide,Asia - South,2020,2451858,2451858.0,7225,Other
7225 Fl-rl Alloy Steel Nesoi Nun 600mm Wide,APEC - Asia Pacific Economic Co-operation,2008,899789739,896591432.0,7225,Other
7225 Fl-rl Alloy Steel Nesoi Nun 600mm Wide,ASEAN - Association of Southeast Asian Nations,2021,10218,10218.0,7225,Other
7225 Fl-rl Alloy Steel Nesoi Nun 600mm Wide,ASEAN - Association of Southeast Asian Nations,2018,7055888,7055888.0,7225,Other
7225 Fl-rl Alloy Steel Nesoi Nun 600mm Wide,APEC - Asia Pacific Economic Co-operation,2005,558128565,555669467.0,7225,Other
7225 Fl-rl Alloy Steel Nesoi Nun 600mm Wide,Asia - South,2015,4040735,4040735.0,7225,Other
7225 Fl-rl Alloy Steel Nesoi Nun 600mm Wide,APEC - Asia Pacific Economic Co-operation,2020,562849016,561492052.0,7225,Other
7225 Fl-rl Alloy Steel Nesoi Nun 600mm Wide,APEC - Asia Pacific Economic Co-operation,2017,685914837,684759851.0,7225,Other
7225 Fl-rl Alloy Steel Nesoi Nun 600mm Wide,Asia - South,2009,89875,89875.0,7225,Other
7225 Fl-rl Alloy Steel Nesoi Nun 600mm Wide,Asia - South,2012,66872,66872.0,7225,Other
7225 Fl-rl Alloy Steel Nesoi Nun 600mm Wide,Asia - South,2010,76362,76362.0,7225,Other
7225 Fl-rl Alloy Steel Nesoi Nun 600mm Wide,Asia - South,2019,3626583,3626583.0,7225,Other
7225 Fl-rl Alloy Steel Nesoi Nun 600mm Wide,APEC - Asia Pacific Economic Co-operation,2019,645370771,642302311.0,7225,Other
7225 Fl-rl Alloy Steel Nesoi Nun 600mm Wide,APEC - Asia Pacific Economic Co-operation,2016,620386980,620530005.0,7225,Other
7225 Fl-rl Alloy Steel Nesoi Nun 600mm Wide,Asia - South,2004,211014,211014.0,7225,Other
7225 Fl-rl Alloy Steel Nesoi Nun 600mm Wide,APEC - Asia Pacific Economic Co-operation,2011,752381801,747823026.0,7225,Other
7225 Fl-rl Alloy Steel Nesoi Nun 600mm Wide,Asia - South,2005,273248,273248.0,7225,Other
7225 Fl-rl Alloy Steel Nesoi Nun 600mm Wide,APEC - Asia Pacific Economic Co-operation,2014,857970288,860916343.0,7225,Other
7225 Fl-rl Alloy Steel Nesoi Nun 600mm Wide,APEC - Asia Pacific Economic Co-operation,2002,296358498,290973834.0,7225,Other
7225 Fl-rl Alloy Steel Nesoi Nun 600mm Wide,APEC - Asia Pacific Economic Co-operation,2015,890149932,890240488.0,7225,Other
7225 Fl-rl Alloy Steel Nesoi Nun 600mm Wide,Asia - South,2008,121380,121380.0,7225,Other
7225 Fl-rl Alloy Steel Nesoi Nun 600mm Wide,Asia - South,2018,1851832,1851832.0,7225,Other
7225 Fl-rl Alloy Steel Nesoi Nun 600mm Wide,ASEAN - Association of Southeast Asian Nations,2001,452571,,7225,Other
7225 Fl-rl Alloy Steel Nesoi Nun 600mm Wide,APEC - Asia Pacific Economic Co-operation,2024,1058662575,1055898116.0,7225,Other
7225 Fl-rl Alloy Steel Nesoi Nun 600mm Wide,Asia - South,2007,2009362,2009362.0,7225,Other
7225 Fl-rl Alloy Steel Nesoi Nun 600mm Wide,ASEAN - Association of Southeast Asian Nations,2025,114401,114401.0,7225,Other
7225 Fl-rl Alloy Steel Nesoi Nun 600mm Wide,Asia - South,2006,2411158,2411158.0,7225,Other
7225 Fl-rl Alloy Steel Nesoi Nun 600mm Wide,APEC - Asia Pacific Economic Co-operation,2012,816146644,813782636.0,7225,Other
7225 Fl-rl Alloy Steel Nesoi Nun 600mm Wide,APEC - Asia Pacific Economic Co-operation,2018,807004738,806492395.0,7225,Other
7226 Fl-rl Alloy Steel Nesoi Un 600mm Wide,APEC - Asia Pacific Economic Co-operation,2014,72179310,72164881.0,7226,Other
7226 Fl-rl Alloy Steel Nesoi Un 600mm Wide,Asia - South,2011,4816,4816.0,7226,Other
7226 Fl-rl Alloy Steel Nesoi Un 600mm Wide,Asia - South,2020,36446,36446.0,7226,Other
7226 Fl-rl Alloy Steel Nesoi Un 600mm Wide,ASEAN - Association of Southeast Asian Nations,2011,1006707,1006707.0,7226,Other
7226 Fl-rl Alloy Steel Nesoi Un 600mm Wide,ASEAN - Association of Southeast Asian Nations,2014,117397,117397.0,7226,Other
7226 Fl-rl Alloy Steel Nesoi Un 600mm Wide,APEC - Asia Pacific Economic Co-operation,2006,55373738,55373738.0,7226,Other
7226 Fl-rl Alloy Steel Nesoi Un 600mm Wide,APEC - Asia Pacific Economic Co-operation,2023,126688361,124607742.0,7226,Other
7226 Fl-rl Alloy Steel Nesoi Un 600mm Wide,APEC - Asia Pacific Economic Co-operation,2018,81792632,80772730.0,7226,Other
7226 Fl-rl Alloy Steel Nesoi Un 600mm Wide,APEC - Asia Pacific Economic Co-operation,2024,116254537,113172016.0,7226,Other
7226 Fl-rl Alloy Steel Nesoi Un 600mm Wide,APEC - Asia Pacific Economic Co-operation,2021,109709326,108943830.0,7226,Other
7226 Fl-rl Alloy Steel Nesoi Un 600mm Wide,Asia - South,2016,65148,65148.0,7226,Other
7226 Fl-rl Alloy Steel Nesoi Un 600mm Wide,ASEAN - Association of Southeast Asian Nations,2006,6000,6000.0,7226,Other
7226 Fl-rl Alloy Steel Nesoi Un 600mm Wide,ASEAN - Association of Southeast Asian Nations,2020,36790,36790.0,7226,Other
7226 Fl-rl Alloy Steel Nesoi Un 600mm Wide,APEC - Asia Pacific Economic Co-operation,2002,26314197,26317152.0,7226,Other
7226 Fl-rl Alloy Steel Nesoi Un 600mm Wide,ASEAN - Association of Southeast Asian Nations,2025,155660,155660.0,7226,Other
7226 Fl-rl Alloy Steel Nesoi Un 600mm Wide,APEC - Asia Pacific Economic Co-operation,2003,28037915,26496230.0,7226,Other
7226 Fl-rl Alloy Steel Nesoi Un 600mm Wide,APEC - Asia Pacific Economic Co-operation,2025,49455789,49055327.0,7226,Other
7226 Fl-rl Alloy Steel Nesoi Un 600mm Wide,APEC - Asia Pacific Economic Co-operation,2011,114850224,114850224.0,7226,Other
7226 Fl-rl Alloy Steel Nesoi Un 600mm Wide,Asia - South,2003,2626,2626.0,7226,Other
7226 Fl-rl Alloy Steel Nesoi Un 600mm Wide,APEC - Asia Pacific Economic Co-operation,2020,59680021,59520681.0,7226,Other
7226 Fl-rl Alloy Steel Nesoi Un 600mm Wide,Asia - South,2017,15547,15547.0,7226,Other
7226 Fl-rl Alloy Steel Nesoi Un 600mm Wide,ASEAN - Association of Southeast Asian Nations,2021,10990,10990.0,7226,Other
7226 Fl-rl Alloy Steel Nesoi Un 600mm Wide,APEC - Asia Pacific Economic Co-operation,2015,77808878,76735160.0,7226,Other
7226 Fl-rl Alloy Steel Nesoi Un 600mm Wide,Asia - South,2019,13550,13550.0,7226,Other
7226 Fl-rl Alloy Steel Nesoi Un 600mm Wide,Asia - South,2023,1087325,1087325.0,7226,Other
7226 Fl-rl Alloy Steel Nesoi Un 600mm Wide,APEC - Asia Pacific Economic Co-operation,2012,106818794,106818794.0,7226,Other
7226 Fl-rl Alloy Steel Nesoi Un 600mm Wide,APEC - Asia Pacific Economic Co-operation,2007,79071760,79071760.0,7226,Other
7226 Fl-rl Alloy Steel Nesoi Un 600mm Wide,Asia - South,2014,468461,468461.0,7226,Other
7226 Fl-rl Alloy Steel Nesoi Un 600mm Wide,Asia - South,2015,204244,204244.0,7226,Other
7226 Fl-rl Alloy Steel Nesoi Un 600mm Wide,ASEAN - Association of Southeast Asian Nations,2023,1814041,370854.0,7226,Other
7226 Fl-rl Alloy Steel Nesoi Un 600mm Wide,ASEAN - Association of Southeast Asian Nations,2018,9214,9214.0,7226,Other
7226 Fl-rl Alloy Steel Nesoi Un 600mm Wide,ASEAN - Association of Southeast Asian Nations,2024,3825,3825.0,7226,Other
7226 Fl-rl Alloy Steel Nesoi Un 600mm Wide,APEC - Asia Pacific Economic Co-operation,2016,76003273,72784715.0,7226,Other
7226 Fl-rl Alloy Steel Nesoi Un 600mm Wide,APEC - Asia Pacific Economic Co-operation,2019,63721266,63677426.0,7226,Other
7226 Fl-rl Alloy Steel Nesoi Un 600mm Wide,Asia - South,2025,243874,243874.0,7226,Other
7226 Fl-rl Alloy Steel Nesoi Un 600mm Wide,Asia - South,2022,814743,814743.0,7226,Other
7226 Fl-rl Alloy Steel Nesoi Un 600mm Wide,Asia - South,2005,15784,15784.0,7226,Other
7226 Fl-rl Alloy Steel Nesoi Un 600mm Wide,Asia - South,2006,40838,40838.0,7226,Other
7226 Fl-rl Alloy Steel Nesoi Un 600mm Wide,ASEAN - Association of Southeast Asian Nations,2001,3800,,7226,Other
7226 Fl-rl Alloy Steel Nesoi Un 600mm Wide,Asia - South,2004,2092,2092.0,7226,Other
7226 Fl-rl Alloy Steel Nesoi Un 600mm Wide,APEC - Asia Pacific Economic Co-operation,2013,105537940,105524923.0,7226,Other
7226 Fl-rl Alloy Steel Nesoi Un 600mm Wide,Asia - South,2001,11851,,7226,Other
7226 Fl-rl Alloy Steel Nesoi Un 600mm Wide,APEC - Asia Pacific Economic Co-operation,2017,117639373,116633323.0,7226,Other
7226 Fl-rl Alloy Steel Nesoi Un 600mm Wide,APEC - Asia Pacific Economic Co-operation,2005,38950885,38950885.0,7226,Other
7226 Fl-rl Alloy Steel Nesoi Un 600mm Wide,Asia - South,2021,159118,159118.0,7226,Other
7226 Fl-rl Alloy Steel Nesoi Un 600mm Wide,ASEAN - Association of Southeast Asian Nations,2013,1754337,1754337.0,7226,Other
7226 Fl-rl Alloy Steel Nesoi Un 600mm Wide,Asia - South,2018,34912,34912.0,7226,Other
7226 Fl-rl Alloy Steel Nesoi Un 600mm Wide,APEC - Asia Pacific Economic Co-operation,2009,64438850,64438850.0,7226,Other
7226 Fl-rl Alloy Steel Nesoi Un 600mm Wide,APEC - Asia Pacific Economic Co-operation,2004,33224613,32665268.0,7226,Other
7226 Fl-rl Alloy Steel Nesoi Un 600mm Wide,APEC - Asia Pacific Economic Co-operation,2001,23335278,,7226,Other
7226 Fl-rl Alloy Steel Nesoi Un 600mm Wide,Asia - South,2024,684066,684066.0,7226,Other
7226 Fl-rl Alloy Steel Nesoi Un 600mm Wide,APEC - Asia Pacific Economic Co-operation,2010,107298028,107298028.0,7226,Other
7226 Fl-rl Alloy Steel Nesoi Un 600mm Wide,ASEAN - Association of Southeast Asian Nations,2016,6822,6822.0,7226,Other
7226 Fl-rl Alloy Steel Nesoi Un 600mm Wide,Asia - South,2012,11566,11566.0,7226,Other
7226 Fl-rl Alloy Steel Nesoi Un 600mm Wide,APEC - Asia Pacific Economic Co-operation,2008,85216381,85216381.0,7226,Other
7226 Fl-rl Alloy Steel Nesoi Un 600mm Wide,APEC - Asia Pacific Economic Co-operation,2022,118129462,116729328.0,7226,Other
7226 Fl-rl Alloy Steel Nesoi Un 600mm Wide,ASEAN - Association of Southeast Asian Nations,2022,667052,55995.0,7226,Other
74 Copper And Articles Thereof,ASEAN - Association of Southeast Asian Nations,2023,375989215,374669014.0,74,Refined/Articles
74 Copper And Articles Thereof,APEC - Asia Pacific Economic Co-operation,2024,14200829105,14174655167.0,74,Refined/Articles
74 Copper And Articles Thereof,APEC - Asia Pacific Economic Co-operation,2025,10074242472,10083667243.0,74,Refined/Articles
74 Copper And Articles Thereof,APEC - Asia Pacific Economic Co-operation,2022,12473685649,12543299326.0,74,Refined/Articles
74 Copper And Articles Thereof,ASEAN - Association of Southeast Asian Nations,2024,652805504,651153658.0,74,Refined/Articles
74 Copper And Articles Thereof,APEC - Asia Pacific Economic Co-operation,2023,11778898930,11800119431.0,74,Refined/Articles
74 Copper And Articles Thereof,ASEAN - Association of Southeast Asian Nations,2022,575108684,574593273.0,74,Refined/Articles
74 Copper And Articles Thereof,APEC - Asia Pacific Economic Co-operation,2021,13451261563,13490106823.0,74,Refined/Articles
74 Copper And Articles Thereof,ASEAN - Association of Southeast Asian Nations,2025,426428007,425740385.0,74,Refined/Articles
74 Copper And Articles Thereof,Asia - South,2025,226658454,225251491.0,74,Refined/Articles
74 Copper And Articles Thereof,Asia - South,2022,273168507,273104188.0,74,Refined/Articles
74 Copper And Articles Thereof,Asia - South,2021,176342027,176380524.0,74,Refined/Articles
74 Copper And Articles Thereof,Asia - South,2024,265180491,264004750.0,74,Refined/Articles
74 Copper And Articles Thereof,Asia - South,2023,237311007,237296329.0,74,Refined/Articles
74 Copper And Articles Thereof,ASEAN - Association of Southeast Asian Nations,2021,398289253,398150633.0,74,Refined/Articles
74 Copper And Articles Thereof,ASEAN - Association of Southeast Asian Nations,2004,94534718,93718856.0,74,Refined/Articles
74 Copper And Articles Thereof,APEC - Asia Pacific Economic Co-operation,2003,2967812021,3269395644.0,74,Refined/Articles
74 Copper And Articles Thereof,APEC - Asia Pacific Economic Co-operation,2009,5443504082,5541169410.0,74,Refined/Articles
74 Copper And Articles Thereof,APEC - Asia Pacific Economic Co-operation,2008,10257950561,10262641584.0,74,Refined/Articles
74 Copper And Articles Thereof,APEC - Asia Pacific Economic Co-operation,2005,6485771736,6570278347.0,74,Refined/Articles
74 Copper And Articles Thereof,APEC - Asia Pacific Economic Co-operation,2001,3726429140,,74,Refined/Articles
74 Copper And Articles Thereof,APEC - Asia Pacific Economic Co-operation,2006,11912015829,11875149322.0,74,Refined/Articles
74 Copper And Articles Thereof,Asia - South,2002,60464967,60582949.0,74,Refined/Articles
74 Copper And Articles Thereof,Asia - South,2006,77551316,77528880.0,74,Refined/Articles
74 Copper And Articles Thereof,ASEAN - Association of Southeast Asian Nations,2008,179894950,179875918.0,74,Refined/Articles
74 Copper And Articles Thereof,Asia - South,2007,72854216,72865624.0,74,Refined/Articles
74 Copper And Articles Thereof,Asia - South,2010,54246638,54061994.0,74,Refined/Articles
74 Copper And Articles Thereof,Asia - South,2005,72206763,72214935.0,74,Refined/Articles
74 Copper And Articles Thereof,Asia - South,2008,66449066,66425245.0,74,Refined/Articles
74 Copper And Articles Thereof,ASEAN - Association of Southeast Asian Nations,2003,61819223,61674658.0,74,Refined/Articles
74 Copper And Articles Thereof,APEC - Asia Pacific Economic Co-operation,2002,3291051983,3093388291.0,74,Refined/Articles
74 Copper And Articles Thereof,APEC - Asia Pacific Economic Co-operation,2007,11335093806,11334875734.0,74,Refined/Articles
74 Copper And Articles Thereof,APEC - Asia Pacific Economic Co-operation,2004,4312700404,4595919884.0,74,Refined/Articles
74 Copper And Articles Thereof,APEC - Asia Pacific Economic Co-operation,2010,7526092538,7687800463.0,74,Refined/Articles
74 Copper And Articles Thereof,Asia - South,2003,62737756,62822904.0,74,Refined/Articles
74 Copper And Articles Thereof,Asia - South,2017,100898754,101962941.0,74,Refined/Articles
74 Copper And Articles Thereof,ASEAN - Association of Southeast Asian Nations,2002,63893990,62260837.0,74,Refined/Articles
74 Copper And Articles Thereof,ASEAN - Association of Southeast Asian Nations,2006,197791937,188244491.0,74,Refined/Articles
74 Copper And Articles Thereof,Asia - South,2009,39046362,39015131.0,74,Refined/Articles
74 Copper And Articles Thereof,Asia - South,2018,112604328,112402629.0,74,Refined/Articles
74 Copper And Articles Thereof,ASEAN - Association of Southeast Asian Nations,2001,80403258,,74,Refined/Articles
74 Copper And Articles Thereof,Asia - South,2001,61219674,,74,Refined/Articles
74 Copper And Articles Thereof,ASEAN - Association of Southeast Asian Nations,2020,388771859,388505827.0,74,Refined/Articles
74 Copper And Articles Thereof,ASEAN - Association of Southeast Asian Nations,2009,93800840,93800840.0,74,Refined/Articles
74 Copper And Articles Thereof,Asia - South,2004,68055457,68116788.0,74,Refined/Articles
74 Copper And Articles Thereof,APEC - Asia Pacific Economic Co-operation,2018,8878306483,9056348325.0,74,Refined/Articles
74 Copper And Articles Thereof,ASEAN - Association of Southeast Asian Nations,2005,113827131,111686390.0,74,Refined/Articles
74 Copper And Articles Thereof,APEC - Asia Pacific Economic Co-operation,2020,7619701011,7599311841.0,74,Refined/Articles
74 Copper And Articles Thereof,APEC - Asia Pacific Economic Co-operation,2011,9795159990,9988199064.0,74,Refined/Articles
74 Copper And Articles Thereof,ASEAN - Association of Southeast Asian Nations,2014,182314241,182256914.0,74,Refined/Articles
74 Copper And Articles Thereof,ASEAN - Association of Southeast Asian Nations,2013,181308474,181248267.0,74,Refined/Articles
74 Copper And Articles Thereof,ASEAN - Association of Southeast Asian Nations,2019,290374448,290381434.0,74,Refined/Articles
74 Copper And Articles Thereof,Asia - South,2016,89946084,95677713.0,74,Refined/Articles
74 Copper And Articles Thereof,APEC - Asia Pacific Economic Co-operation,2017,8432447280,8370005516.0,74,Refined/Articles
74 Copper And Articles Thereof,ASEAN - Association of Southeast Asian Nations,2010,206056566,206056566.0,74,Refined/Articles
74 Copper And Articles Thereof,ASEAN - Association of Southeast Asian Nations,2007,205003792,195368026.0,74,Refined/Articles
74 Copper And Articles Thereof,ASEAN - Association of Southeast Asian Nations,2017,213176054,212871061.0,74,Refined/Articles
74 Copper And Articles Thereof,ASEAN - Association of Southeast Asian Nations,2018,254425035,254310760.0,74,Refined/Articles
74 Copper And Articles Thereof,Asia - South,2012,71094605,70269831.0,74,Refined/Articles
74 Copper And Articles Thereof,Asia - South,2019,109546255,109076262.0,74,Refined/Articles
74 Copper And Articles Thereof,APEC - Asia Pacific Economic Co-operation,2014,7945047302,7963881136.0,74,Refined/Articles
74 Copper And Articles Thereof,Asia - South,2013,74426020,74279421.0,74,Refined/Articles
74 Copper And Articles Thereof,APEC - Asia Pacific Economic Co-operation,2013,8989478086,9023935952.0,74,Refined/Articles
74 Copper And Articles Thereof,Asia - South,2014,78778765,78607721.0,74,Refined/Articles
74 Copper And Articles Thereof,Asia - South,2020,101013201,101023963.0,74,Refined/Articles
74 Copper And Articles Thereof,Asia - South,2011,72595885,72385527.0,74,Refined/Articles
74 Copper And Articles Thereof,ASEAN - Association of Southeast Asian Nations,2016,169530370,169590012.0,74,Refined/Articles
74 Copper And Articles Thereof,ASEAN - Association of Southeast Asian Nations,2012,213746601,213634783.0,74,Refined/Articles
74 Copper And Articles Thereof,ASEAN - Association of Southeast Asian Nations,2015,151029722,150891410.0,74,Refined/Articles
74 Copper And Articles Thereof,APEC - Asia Pacific Economic Co-operation,2012,8623419537,8636264287.0,74,Refined/Articles
74 Copper And Articles Thereof,APEC - Asia Pacific Economic Co-operation,2019,7904943797,7863165323.0,74,Refined/Articles
74 Copper And Articles Thereof,Asia - South,2015,91985492,95975712.0,74,Refined/Articles
74 Copper And Articles Thereof,ASEAN - Association of Southeast Asian Nations,2011,255734463,255719382.0,74,Refined/Articles
74 Copper And Articles Thereof,APEC - Asia Pacific Economic Co-operation,2015,6802421267,6926070978.0,74,Refined/Articles
74 Copper And Articles Thereof,APEC - Asia Pacific Economic Co-operation,2016,6116883149,6144607203.0,74,Refined/Articles
75 Nickel And Articles Thereof,ASEAN - Association of Southeast Asian Nations,2021,21084378,21088772.0,75,Refined/Articles
75 Nickel And Articles Thereof,APEC - Asia Pacific Economic Co-operation,2011,2547474967,2550236707.0,75,Refined/Articles
75 Nickel And Articles Thereof,ASEAN - Association of Southeast Asian Nations,2024,77877580,79173348.0,75,Refined/Articles
75 Nickel And Articles Thereof,APEC - Asia Pacific Economic Co-operation,2013,1691409976,1687195077.0,75,Refined/Articles
75 Nickel And Articles Thereof,APEC - Asia Pacific Economic Co-operation,2006,2368943382,2369180769.0,75,Refined/Articles
75 Nickel And Articles Thereof,APEC - Asia Pacific Economic Co-operation,2019,1611668349,1674646485.0,75,Refined/Articles
75 Nickel And Articles Thereof,ASEAN - Association of Southeast Asian Nations,2018,26515199,35440965.0,75,Refined/Articles
75 Nickel And Articles Thereof,ASEAN - Association of Southeast Asian Nations,2001,4717496,,75,Refined/Articles
75 Nickel And Articles Thereof,Asia - South,2025,19112966,19689151.0,75,Refined/Articles
75 Nickel And Articles Thereof,APEC - Asia Pacific Economic Co-operation,2012,2035275672,2040339363.0,75,Refined/Articles
75 Nickel And Articles Thereof,ASEAN - Association of Southeast Asian Nations,2010,39262671,39262671.0,75,Refined/Articles
75 Nickel And Articles Thereof,ASEAN - Association of Southeast Asian Nations,2025,32917598,32959515.0,75,Refined/Articles
75 Nickel And Articles Thereof,ASEAN - Association of Southeast Asian Nations,2004,1575193,1575193.0,75,Refined/Articles
75 Nickel And Articles Thereof,ASEAN - Association of Southeast Asian Nations,2015,16986177,16986177.0,75,Refined/Articles
75 Nickel And Articles Thereof,ASEAN - Association of Southeast Asian Nations,2011,46747233,46747233.0,75,Refined/Articles
75 Nickel And Articles Thereof,ASEAN - Association of Southeast Asian Nations,2019,41014957,41044826.0,75,Refined/Articles
75 Nickel And Articles Thereof,ASEAN - Association of Southeast Asian Nations,2022,41538321,41305217.0,75,Refined/Articles
75 Nickel And Articles Thereof,APEC - Asia Pacific Economic Co-operation,2020,1410620429,1414627660.0,75,Refined/Articles
75 Nickel And Articles Thereof,ASEAN - Association of Southeast Asian Nations,2020,21780854,21772065.0,75,Refined/Articles
75 Nickel And Articles Thereof,ASEAN - Association of Southeast Asian Nations,2013,18487219,18487219.0,75,Refined/Articles
75 Nickel And Articles Thereof,ASEAN - Association of Southeast Asian Nations,2012,19293816,19293816.0,75,Refined/Articles
75 Nickel And Articles Thereof,ASEAN - Association of Southeast Asian Nations,2017,23870789,23870789.0,75,Refined/Articles
75 Nickel And Articles Thereof,ASEAN - Association of Southeast Asian Nations,2003,13596279,13596279.0,75,Refined/Articles
75 Nickel And Articles Thereof,APEC - Asia Pacific Economic Co-operation,2001,654118098,,75,Refined/Articles
75 Nickel And Articles Thereof,APEC - Asia Pacific Economic Co-operation,2002,677961571,676141108.0,75,Refined/Articles
75 Nickel And Articles Thereof,Asia - South,2016,6415966,6428700.0,75,Refined/Articles
75 Nickel And Articles Thereof,Asia - South,2006,2127691,2124339.0,75,Refined/Articles
75 Nickel And Articles Thereof,ASEAN - Association of Southeast Asian Nations,2002,787922,787922.0,75,Refined/Articles
75 Nickel And Articles Thereof,APEC - Asia Pacific Economic Co-operation,2005,1509838793,1509331287.0,75,Refined/Articles
75 Nickel And Articles Thereof,Asia - South,2014,7319125,7316595.0,75,Refined/Articles
75 Nickel And Articles Thereof,APEC - Asia Pacific Economic Co-operation,2009,1146517328,1140370332.0,75,Refined/Articles
75 Nickel And Articles Thereof,ASEAN - Association of Southeast Asian Nations,2009,4827323,4827323.0,75,Refined/Articles
75 Nickel And Articles Thereof,APEC - Asia Pacific Economic Co-operation,2010,1813128922,1818923147.0,75,Refined/Articles
75 Nickel And Articles Thereof,Asia - South,2017,8798978,8659316.0,75,Refined/Articles
75 Nickel And Articles Thereof,Asia - South,2002,785783,785783.0,75,Refined/Articles
75 Nickel And Articles Thereof,Asia - South,2022,18805878,18951463.0,75,Refined/Articles
75 Nickel And Articles Thereof,Asia - South,2024,37511000,34352775.0,75,Refined/Articles
75 Nickel And Articles Thereof,Asia - South,2020,9326882,10516497.0,75,Refined/Articles
75 Nickel And Articles Thereof,Asia - South,2021,13017550,13339057.0,75,Refined/Articles
75 Nickel And Articles Thereof,APEC - Asia Pacific Economic Co-operation,2025,862682449,867630271.0,75,Refined/Articles
75 Nickel And Articles Thereof,Asia - South,2018,16118972,18908586.0,75,Refined/Articles
75 Nickel And Articles Thereof,Asia - South,2003,620418,620418.0,75,Refined/Articles
75 Nickel And Articles Thereof,Asia - South,2023,35450669,34984315.0,75,Refined/Articles
75 Nickel And Articles Thereof,Asia - South,2019,17018920,23330257.0,75,Refined/Articles
75 Nickel And Articles Thereof,Asia - South,2001,236873,,75,Refined/Articles
75 Nickel And Articles Thereof,APEC - Asia Pacific Economic Co-operation,2024,1853967432,1854791630.0,75,Refined/Articles
75 Nickel And Articles Thereof,Asia - South,2007,4000796,3963963.0,75,Refined/Articles
75 Nickel And Articles Thereof,Asia - South,2010,5994996,6000278.0,75,Refined/Articles
75 Nickel And Articles Thereof,APEC - Asia Pacific Economic Co-operation,2023,2468073229,2481875822.0,75,Refined/Articles
75 Nickel And Articles Thereof,Asia - South,2013,5020343,5047773.0,75,Refined/Articles
75 Nickel And Articles Thereof,Asia - South,2009,2962484,2961204.0,75,Refined/Articles
75 Nickel And Articles Thereof,ASEAN - Association of Southeast Asian Nations,2008,6091273,6084796.0,75,Refined/Articles
75 Nickel And Articles Thereof,Asia - South,2004,693327,693327.0,75,Refined/Articles
75 Nickel And Articles Thereof,APEC - Asia Pacific Economic Co-operation,2022,2490615059,2496447753.0,75,Refined/Articles
75 Nickel And Articles Thereof,Asia - South,2005,1848532,1848532.0,75,Refined/Articles
75 Nickel And Articles Thereof,Asia - South,2008,6242260,6235594.0,75,Refined/Articles
75 Nickel And Articles Thereof,APEC - Asia Pacific Economic Co-operation,2015,1419933103,1421759906.0,75,Refined/Articles
75 Nickel And Articles Thereof,Asia - South,2011,7469921,7450508.0,75,Refined/Articles
75 Nickel And Articles Thereof,ASEAN - Association of Southeast Asian Nations,2014,33075907,33075907.0,75,Refined/Articles
75 Nickel And Articles Thereof,APEC - Asia Pacific Economic Co-operation,2016,1128667874,1097257731.0,75,Refined/Articles
75 Nickel And Articles Thereof,ASEAN - Association of Southeast Asian Nations,2007,4853328,4853328.0,75,Refined/Articles
75 Nickel And Articles Thereof,APEC - Asia Pacific Economic Co-operation,2003,778942435,779073425.0,75,Refined/Articles
75 Nickel And Articles Thereof,APEC - Asia Pacific Economic Co-operation,2004,1331743553,1331786511.0,75,Refined/Articles
75 Nickel And Articles Thereof,APEC - Asia Pacific Economic Co-operation,2018,1665325073,1667760921.0,75,Refined/Articles
75 Nickel And Articles Thereof,APEC - Asia Pacific Economic Co-operation,2017,1289940700,1263996823.0,75,Refined/Articles
75 Nickel And Articles Thereof,Asia - South,2012,7293939,7306546.0,75,Refined/Articles
75 Nickel And Articles Thereof,APEC - Asia Pacific Economic Co-operation,2021,1575692717,1605199367.0,75,Refined/Articles
75 Nickel And Articles Thereof,Asia - South,2015,7343654,7207099.0,75,Refined/Articles
75 Nickel And Articles Thereof,APEC - Asia Pacific Economic Co-operation,2007,3584904756,3585246260.0,75,Refined/Articles
75 Nickel And Articles Thereof,APEC - Asia Pacific Economic Co-operation,2008,2612778617,2612742421.0,75,Refined/Articles
75 Nickel And Articles Thereof,ASEAN - Association of Southeast Asian Nations,2005,1812731,1812731.0,75,Refined/Articles
75 Nickel And Articles Thereof,APEC - Asia Pacific Economic Co-operation,2014,1948578720,1928819530.0,75,Refined/Articles
75 Nickel And Articles Thereof,ASEAN - Association of Southeast Asian Nations,2016,17449221,17449221.0,75,Refined/Articles
75 Nickel And Articles Thereof,ASEAN - Association of Southeast Asian Nations,2023,103577146,107677109.0,75,Refined/Articles
75 Nickel And Articles Thereof,ASEAN - Association of Southeast Asian Nations,2006,3808806,3808806.0,75,Refined/Articles
76 Aluminum And Articles Thereof,Asia - South,2007,109233931,109232252.0,76,Refined/Articles
76 Aluminum And Articles Thereof,APEC - Asia Pacific Economic Co-operation,2004,9810845573,9776286713.0,76,Refined/Articles
76 Aluminum And Articles Thereof,APEC - Asia Pacific Economic Co-operation,2008,13864797612,13677425257.0,76,Refined/Articles
76 Aluminum And Articles Thereof,APEC - Asia Pacific Economic Co-operation,2002,6950760898,6904230737.0,76,Refined/Articles
76 Aluminum And Articles Thereof,APEC - Asia Pacific Economic Co-operation,2010,11340299995,11103666637.0,76,Refined/Articles
76 Aluminum And Articles Thereof,APEC - Asia Pacific Economic Co-operation,2001,6563662416,,76,Refined/Articles
76 Aluminum And Articles Thereof,APEC - Asia Pacific Economic Co-operation,2009,9029859951,8878176792.0,76,Refined/Articles
76 Aluminum And Articles Thereof,Asia - South,2002,34559014,34559014.0,76,Refined/Articles
76 Aluminum And Articles Thereof,Asia - South,2003,43369425,43369425.0,76,Refined/Articles
76 Aluminum And Articles Thereof,Asia - South,2009,88534375,88387953.0,76,Refined/Articles
76 Aluminum And Articles Thereof,Asia - South,2005,100490009,100577499.0,76,Refined/Articles
76 Aluminum And Articles Thereof,Asia - South,2006,116900255,116900255.0,76,Refined/Articles
76 Aluminum And Articles Thereof,Asia - South,2008,127877993,127877993.0,76,Refined/Articles
76 Aluminum And Articles Thereof,Asia - South,2004,65655185,65511019.0,76,Refined/Articles
76 Aluminum And Articles Thereof,APEC - Asia Pacific Economic Co-operation,2005,11653454680,11619398418.0,76,Refined/Articles
76 Aluminum And Articles Thereof,Asia - South,2010,107472423,107347522.0,76,Refined/Articles
76 Aluminum And Articles Thereof,Asia - South,2001,35486757,,76,Refined/Articles
76 Aluminum And Articles Thereof,ASEAN - Association of Southeast Asian Nations,2008,345921720,345921720.0,76,Refined/Articles
76 Aluminum And Articles Thereof,APEC - Asia Pacific Economic Co-operation,2003,7515438312,7458664403.0,76,Refined/Articles
76 Aluminum And Articles Thereof,APEC - Asia Pacific Economic Co-operation,2006,14673029259,14653694501.0,76,Refined/Articles
76 Aluminum And Articles Thereof,APEC - Asia Pacific Economic Co-operation,2007,14422471172,14380988032.0,76,Refined/Articles
76 Aluminum And Articles Thereof,ASEAN - Association of Southeast Asian Nations,2024,1229437689,1223325074.0,76,Refined/Articles
76 Aluminum And Articles Thereof,APEC - Asia Pacific Economic Co-operation,2012,11592557927,11706470760.0,76,Refined/Articles
76 Aluminum And Articles Thereof,ASEAN - Association of Southeast Asian Nations,2004,224483886,224450269.0,76,Refined/Articles
76 Aluminum And Articles Thereof,Asia - South,2011,133676403,132891310.0,76,Refined/Articles
76 Aluminum And Articles Thereof,APEC - Asia Pacific Economic Co-operation,2011,12102800743,12155024161.0,76,Refined/Articles
76 Aluminum And Articles Thereof,APEC - Asia Pacific Economic Co-operation,2020,12601334648,12484972542.0,76,Refined/Articles
76 Aluminum And Articles Thereof,ASEAN - Association of Southeast Asian Nations,2022,1870841004,1845133362.0,76,Refined/Articles
76 Aluminum And Articles Thereof,APEC - Asia Pacific Economic Co-operation,2018,15437780805,15508440395.0,76,Refined/Articles
76 Aluminum And Articles Thereof,APEC - Asia Pacific Economic Co-operation,2019,13438275530,13329502606.0,76,Refined/Articles
76 Aluminum And Articles Thereof,APEC - Asia Pacific Economic Co-operation,2016,13124991411,13088209123.0,76,Refined/Articles
76 Aluminum And Articles Thereof,ASEAN - Association of Southeast Asian Nations,2023,1103259596,1099411639.0,76,Refined/Articles
76 Aluminum And Articles Thereof,APEC - Asia Pacific Economic Co-operation,2014,12747091854,13062029914.0,76,Refined/Articles
76 Aluminum And Articles Thereof,APEC - Asia Pacific Economic Co-operation,2015,13145835143,13059986296.0,76,Refined/Articles
76 Aluminum And Articles Thereof,APEC - Asia Pacific Economic Co-operation,2023,18430779683,18361495738.0,76,Refined/Articles
76 Aluminum And Articles Thereof,APEC - Asia Pacific Economic Co-operation,2021,19242936022,19088776913.0,76,Refined/Articles
76 Aluminum And Articles Thereof,Asia - South,2016,201569917,196162054.0,76,Refined/Articles
76 Aluminum And Articles Thereof,APEC - Asia Pacific Economic Co-operation,2025,8856431320,8775423614.0,76,Refined/Articles
76 Aluminum And Articles Thereof,APEC - Asia Pacific Economic Co-operation,2022,23666952170,23472121597.0,76,Refined/Articles
76 Aluminum And Articles Thereof,Asia - South,2013,131147617,130055792.0,76,Refined/Articles
76 Aluminum And Articles Thereof,Asia - South,2024,792173833,784123053.0,76,Refined/Articles
76 Aluminum And Articles Thereof,Asia - South,2021,585276245,564199331.0,76,Refined/Articles
76 Aluminum And Articles Thereof,Asia - South,2023,865652674,831838670.0,76,Refined/Articles
76 Aluminum And Articles Thereof,Asia - South,2025,523753035,553336236.0,76,Refined/Articles
76 Aluminum And Articles Thereof,Asia - South,2012,179757066,174982568.0,76,Refined/Articles
76 Aluminum And Articles Thereof,Asia - South,2017,465497256,455880089.0,76,Refined/Articles
76 Aluminum And Articles Thereof,Asia - South,2018,698378361,674091244.0,76,Refined/Articles
76 Aluminum And Articles Thereof,Asia - South,2019,642102972,660612308.0,76,Refined/Articles
76 Aluminum And Articles Thereof,Asia - South,2014,161734610,161179687.0,76,Refined/Articles
76 Aluminum And Articles Thereof,APEC - Asia Pacific Economic Co-operation,2024,18932396692,18848177070.0,76,Refined/Articles
76 Aluminum And Articles Thereof,Asia - South,2022,1123910803,1009181506.0,76,Refined/Articles
76 Aluminum And Articles Thereof,Asia - South,2015,225232499,224860715.0,76,Refined/Articles
76 Aluminum And Articles Thereof,Asia - South,2020,392775934,389738498.0,76,Refined/Articles
76 Aluminum And Articles Thereof,ASEAN - Association of Southeast Asian Nations,2002,166092500,165914972.0,76,Refined/Articles
76 Aluminum And Articles Thereof,ASEAN - Association of Southeast Asian Nations,2021,1318457718,1309606073.0,76,Refined/Articles
76 Aluminum And Articles Thereof,ASEAN - Association of Southeast Asian Nations,2014,482814097,481086799.0,76,Refined/Articles
76 Aluminum And Articles Thereof,ASEAN - Association of Southeast Asian Nations,2006,346303386,346232617.0,76,Refined/Articles
76 Aluminum And Articles Thereof,ASEAN - Association of Southeast Asian Nations,2019,854391082,855062934.0,76,Refined/Articles
76 Aluminum And Articles Thereof,ASEAN - Association of Southeast Asian Nations,2015,613370944,613118646.0,76,Refined/Articles
76 Aluminum And Articles Thereof,ASEAN - Association of Southeast Asian Nations,2009,220935934,220502183.0,76,Refined/Articles
76 Aluminum And Articles Thereof,ASEAN - Association of Southeast Asian Nations,2018,886118950,880655394.0,76,Refined/Articles
76 Aluminum And Articles Thereof,ASEAN - Association of Southeast Asian Nations,2003,186908337,186786192.0,76,Refined/Articles
76 Aluminum And Articles Thereof,ASEAN - Association of Southeast Asian Nations,2001,197547604,,76,Refined/Articles
76 Aluminum And Articles Thereof,ASEAN - Association of Southeast Asian Nations,2010,417038160,416311271.0,76,Refined/Articles
76 Aluminum And Articles Thereof,ASEAN - Association of Southeast Asian Nations,2005,312140902,312100819.0,76,Refined/Articles
76 Aluminum And Articles Thereof,ASEAN - Association of Southeast Asian Nations,2007,382540115,382437565.0,76,Refined/Articles
76 Aluminum And Articles Thereof,ASEAN - Association of Southeast Asian Nations,2012,548783809,547647025.0,76,Refined/Articles
76 Aluminum And Articles Thereof,ASEAN - Association of Southeast Asian Nations,2013,531477667,529581355.0,76,Refined/Articles
76 Aluminum And Articles Thereof,ASEAN - Association of Southeast Asian Nations,2025,687881721,696710192.0,76,Refined/Articles
76 Aluminum And Articles Thereof,ASEAN - Association of Southeast Asian Nations,2017,648416796,648388457.0,76,Refined/Articles
76 Aluminum And Articles Thereof,ASEAN - Association of Southeast Asian Nations,2016,523805584,523877161.0,76,Refined/Articles
76 Aluminum And Articles Thereof,APEC - Asia Pacific Economic Co-operation,2017,16020695517,15753111690.0,76,Refined/Articles
76 Aluminum And Articles Thereof,APEC - Asia Pacific Economic Co-operation,2013,11648745756,11999292873.0,76,Refined/Articles
76 Aluminum And Articles Thereof,ASEAN - Association of Southeast Asian Nations,2011,540276109,539106497.0,76,Refined/Articles
76 Aluminum And Articles Thereof,ASEAN - Association of Southeast Asian Nations,2020,792983527,790957639.0,76,Refined/Articles
80 Tin And Articles Thereof,Asia - South,2008,343187,343187.0,80,Refined/Articles
80 Tin And Articles Thereof,Asia - South,2022,875257,875257.0,80,Refined/Articles
80 Tin And Articles Thereof,Asia - South,2002,343007,343007.0,80,Refined/Articles
80 Tin And Articles Thereof,Asia - South,2001,278379,,80,Refined/Articles
80 Tin And Articles Thereof,Asia - South,2024,1298432,1298432.0,80,Refined/Articles
80 Tin And Articles Thereof,Asia - South,2010,645837,645837.0,80,Refined/Articles
80 Tin And Articles Thereof,Asia - South,2025,432002,432002.0,80,Refined/Articles
80 Tin And Articles Thereof,Asia - South,2004,508109,508109.0,80,Refined/Articles
80 Tin And Articles Thereof,Asia - South,2006,1063337,1063337.0,80,Refined/Articles
80 Tin And Articles Thereof,Asia - South,2016,803932,803932.0,80,Refined/Articles
80 Tin And Articles Thereof,ASEAN - Association of Southeast Asian Nations,2019,243605548,243605548.0,80,Refined/Articles
80 Tin And Articles Thereof,ASEAN - Association of Southeast Asian Nations,2018,359137624,359311723.0,80,Refined/Articles
80 Tin And Articles Thereof,ASEAN - Association of Southeast Asian Nations,2013,291099212,282846293.0,80,Refined/Articles
80 Tin And Articles Thereof,ASEAN - Association of Southeast Asian Nations,2012,236806719,234221259.0,80,Refined/Articles
80 Tin And Articles Thereof,ASEAN - Association of Southeast Asian Nations,2014,309977179,321390736.0,80,Refined/Articles
80 Tin And Articles Thereof,APEC - Asia Pacific Economic Co-operation,2013,678194063,673461839.0,80,Refined/Articles
80 Tin And Articles Thereof,APEC - Asia Pacific Economic Co-operation,2015,469043956,471463673.0,80,Refined/Articles
80 Tin And Articles Thereof,APEC - Asia Pacific Economic Co-operation,2020,445373544,448064615.0,80,Refined/Articles
80 Tin And Articles Thereof,ASEAN - Association of Southeast Asian Nations,2024,86389369,86389369.0,80,Refined/Articles
80 Tin And Articles Thereof,ASEAN - Association of Southeast Asian Nations,2021,378443020,368708700.0,80,Refined/Articles
80 Tin And Articles Thereof,APEC - Asia Pacific Economic Co-operation,2011,818352140,824365064.0,80,Refined/Articles
80 Tin And Articles Thereof,APEC - Asia Pacific Economic Co-operation,2019,527816251,526326695.0,80,Refined/Articles
80 Tin And Articles Thereof,APEC - Asia Pacific Economic Co-operation,2017,577549757,576873032.0,80,Refined/Articles
80 Tin And Articles Thereof,APEC - Asia Pacific Economic Co-operation,2012,678472606,675673675.0,80,Refined/Articles
80 Tin And Articles Thereof,APEC - Asia Pacific Economic Co-operation,2018,611565949,611613421.0,80,Refined/Articles
80 Tin And Articles Thereof,ASEAN - Association of Southeast Asian Nations,2017,338482272,337462919.0,80,Refined/Articles
80 Tin And Articles Thereof,ASEAN - Association of Southeast Asian Nations,2002,19403963,16539167.0,80,Refined/Articles
80 Tin And Articles Thereof,ASEAN - Association of Southeast Asian Nations,2003,15327571,16712173.0,80,Refined/Articles
80 Tin And Articles Thereof,ASEAN - Association of Southeast Asian Nations,2007,49825685,49825685.0,80,Refined/Articles
80 Tin And Articles Thereof,ASEAN - Association of Southeast Asian Nations,2001,26096060,,80,Refined/Articles
80 Tin And Articles Thereof,ASEAN - Association of Southeast Asian Nations,2006,57449935,57449935.0,80,Refined/Articles
80 Tin And Articles Thereof,ASEAN - Association of Southeast Asian Nations,2011,264135415,270176822.0,80,Refined/Articles
80 Tin And Articles Thereof,ASEAN - Association of Southeast Asian Nations,2015,245647582,247262196.0,80,Refined/Articles
80 Tin And Articles Thereof,ASEAN - Association of Southeast Asian Nations,2016,270807562,269736317.0,80,Refined/Articles
80 Tin And Articles Thereof,ASEAN - Association of Southeast Asian Nations,2008,119510217,119510217.0,80,Refined/Articles
80 Tin And Articles Thereof,ASEAN - Association of Southeast Asian Nations,2020,213570742,216670044.0,80,Refined/Articles
80 Tin And Articles Thereof,Asia - South,2007,592058,592058.0,80,Refined/Articles
80 Tin And Articles Thereof,ASEAN - Association of Southeast Asian Nations,2022,224244441,227208314.0,80,Refined/Articles
80 Tin And Articles Thereof,Asia - South,2011,493732,493732.0,80,Refined/Articles
80 Tin And Articles Thereof,APEC - Asia Pacific Economic Co-operation,2024,468915632,468659040.0,80,Refined/Articles
80 Tin And Articles Thereof,Asia - South,2014,384150,384150.0,80,Refined/Articles
80 Tin And Articles Thereof,Asia - South,2005,851483,851483.0,80,Refined/Articles
80 Tin And Articles Thereof,Asia - South,2012,549470,549470.0,80,Refined/Articles
80 Tin And Articles Thereof,APEC - Asia Pacific Economic Co-operation,2023,529960892,522033675.0,80,Refined/Articles
80 Tin And Articles Thereof,Asia - South,2018,1766551,1766551.0,80,Refined/Articles
80 Tin And Articles Thereof,APEC - Asia Pacific Economic Co-operation,2022,661878776,664333497.0,80,Refined/Articles
80 Tin And Articles Thereof,ASEAN - Association of Southeast Asian Nations,2010,184097725,183687630.0,80,Refined/Articles
80 Tin And Articles Thereof,APEC - Asia Pacific Economic Co-operation,2025,369284449,369307717.0,80,Refined/Articles
80 Tin And Articles Thereof,Asia - South,2021,7087584,7087584.0,80,Refined/Articles
80 Tin And Articles Thereof,Asia - South,2023,1646447,1646447.0,80,Refined/Articles
80 Tin And Articles Thereof,Asia - South,2019,985842,985842.0,80,Refined/Articles
80 Tin And Articles Thereof,Asia - South,2003,544950,544950.0,80,Refined/Articles
80 Tin And Articles Thereof,Asia - South,2009,1085060,1085060.0,80,Refined/Articles
80 Tin And Articles Thereof,Asia - South,2015,543712,543712.0,80,Refined/Articles
80 Tin And Articles Thereof,APEC - Asia Pacific Economic Co-operation,2021,904697487,894355385.0,80,Refined/Articles
80 Tin And Articles Thereof,Asia - South,2020,644979,644979.0,80,Refined/Articles
80 Tin And Articles Thereof,ASEAN - Association of Southeast Asian Nations,2025,64790915,64790915.0,80,Refined/Articles
80 Tin And Articles Thereof,ASEAN - Association of Southeast Asian Nations,2023,165767786,158209139.0,80,Refined/Articles
80 Tin And Articles Thereof,APEC - Asia Pacific Economic Co-operation,2014,710950523,722002646.0,80,Refined/Articles
80 Tin And Articles Thereof,ASEAN - Association of Southeast Asian Nations,2009,27369678,27369678.0,80,Refined/Articles
80 Tin And Articles Thereof,Asia - South,2017,1201290,1201290.0,80,Refined/Articles
80 Tin And Articles Thereof,Asia - South,2013,333292,333292.0,80,Refined/Articles
80 Tin And Articles Thereof,APEC - Asia Pacific Economic Co-operation,2016,457152304,456020681.0,80,Refined/Articles
80 Tin And Articles Thereof,ASEAN - Association of Southeast Asian Nations,2005,59181642,59181642.0,80,Refined/Articles
80 Tin And Articles Thereof,APEC - Asia Pacific Economic Co-operation,2008,665895031,665712123.0,80,Refined/Articles
80 Tin And Articles Thereof,APEC - Asia Pacific Economic Co-operation,2001,200160922,,80,Refined/Articles
80 Tin And Articles Thereof,APEC - Asia Pacific Economic Co-operation,2005,310447280,314380305.0,80,Refined/Articles
80 Tin And Articles Thereof,APEC - Asia Pacific Economic Co-operation,2010,663968628,663558533.0,80,Refined/Articles
80 Tin And Articles Thereof,APEC - Asia Pacific Economic Co-operation,2003,187052991,195784609.0,80,Refined/Articles
80 Tin And Articles Thereof,APEC - Asia Pacific Economic Co-operation,2007,490192709,491815089.0,80,Refined/Articles
80 Tin And Articles Thereof,APEC - Asia Pacific Economic Co-operation,2002,167429254,186739643.0,80,Refined/Articles
80 Tin And Articles Thereof,APEC - Asia Pacific Economic Co-operation,2009,409026031,409018060.0,80,Refined/Articles
80 Tin And Articles Thereof,APEC - Asia Pacific Economic Co-operation,2006,380848855,384451874.0,80,Refined/Articles
80 Tin And Articles Thereof,ASEAN - Association of Southeast Asian Nations,2004,105762222,105436419.0,80,Refined/Articles
80 Tin And Articles Thereof,APEC - Asia Pacific Economic Co-operation,2004,402650440,408028369.0,80,Refined/Articles
"8105 Cobalt Mattes Etc, Cobalt & Art, Inc Waste & Scrap",ASEAN - Association of Southeast Asian Nations,2024,4773032,4773032.0,8105,Other
"8105 Cobalt Mattes Etc, Cobalt & Art, Inc Waste & Scrap",APEC - Asia Pacific Economic Co-operation,2013,148508084,148505785.0,8105,Other
"8105 Cobalt Mattes Etc, Cobalt & Art, Inc Waste & Scrap",APEC - Asia Pacific Economic Co-operation,2012,174938982,174938982.0,8105,Other
"8105 Cobalt Mattes Etc, Cobalt & Art, Inc Waste & Scrap",ASEAN - Association of Southeast Asian Nations,2025,28342898,28342898.0,8105,Other
"8105 Cobalt Mattes Etc, Cobalt & Art, Inc Waste & Scrap",ASEAN - Association of Southeast Asian Nations,2021,525572,525572.0,8105,Other
"8105 Cobalt Mattes Etc, Cobalt & Art, Inc Waste & Scrap",APEC - Asia Pacific Economic Co-operation,2017,226123066,225710417.0,8105,Other
"8105 Cobalt Mattes Etc, Cobalt & Art, Inc Waste & Scrap",APEC - Asia Pacific Economic Co-operation,2011,187132463,187131301.0,8105,Other
"8105 Cobalt Mattes Etc, Cobalt & Art, Inc Waste & Scrap",APEC - Asia Pacific Economic Co-operation,2016,142930009,142402056.0,8105,Other
"8105 Cobalt Mattes Etc, Cobalt & Art, Inc Waste & Scrap",Asia - South,2017,370921,370921.0,8105,Other
"8105 Cobalt Mattes Etc, Cobalt & Art, Inc Waste & Scrap",Asia - South,2015,256255,256255.0,8105,Other
"8105 Cobalt Mattes Etc, Cobalt & Art, Inc Waste & Scrap",Asia - South,2011,4540877,5832233.0,8105,Other
"8105 Cobalt Mattes Etc, Cobalt & Art, Inc Waste & Scrap",Asia - South,2012,1483022,1483022.0,8105,Other
"8105 Cobalt Mattes Etc, Cobalt & Art, Inc Waste & Scrap",Asia - South,2013,253437,253437.0,8105,Other
"8105 Cobalt Mattes Etc, Cobalt & Art, Inc Waste & Scrap",Asia - South,2018,383765,426061.0,8105,Other
"8105 Cobalt Mattes Etc, Cobalt & Art, Inc Waste & Scrap",Asia - South,2016,73332,73332.0,8105,Other
"8105 Cobalt Mattes Etc, Cobalt & Art, Inc Waste & Scrap",Asia - South,2014,55506,55506.0,8105,Other
"8105 Cobalt Mattes Etc, Cobalt & Art, Inc Waste & Scrap",Asia - South,2020,294936,476966.0,8105,Other
"8105 Cobalt Mattes Etc, Cobalt & Art, Inc Waste & Scrap",Asia - South,2019,751650,982465.0,8105,Other
"8105 Cobalt Mattes Etc, Cobalt & Art, Inc Waste & Scrap",APEC - Asia Pacific Economic Co-operation,2014,173597214,172990551.0,8105,Other
"8105 Cobalt Mattes Etc, Cobalt & Art, Inc Waste & Scrap",APEC - Asia Pacific Economic Co-operation,2020,177532423,177667177.0,8105,Other
"8105 Cobalt Mattes Etc, Cobalt & Art, Inc Waste & Scrap",APEC - Asia Pacific Economic Co-operation,2018,416176394,414394668.0,8105,Other
"8105 Cobalt Mattes Etc, Cobalt & Art, Inc Waste & Scrap",ASEAN - Association of Southeast Asian Nations,2023,802987,802987.0,8105,Other
"8105 Cobalt Mattes Etc, Cobalt & Art, Inc Waste & Scrap",Asia - South,2025,1470747,1340078.0,8105,Other
"8105 Cobalt Mattes Etc, Cobalt & Art, Inc Waste & Scrap",ASEAN - Association of Southeast Asian Nations,2008,335278,335278.0,8105,Other
"8105 Cobalt Mattes Etc, Cobalt & Art, Inc Waste & Scrap",ASEAN - Association of Southeast Asian Nations,2007,591078,591078.0,8105,Other
"8105 Cobalt Mattes Etc, Cobalt & Art, Inc Waste & Scrap",ASEAN - Association of Southeast Asian Nations,2005,95987,95987.0,8105,Other
"8105 Cobalt Mattes Etc, Cobalt & Art, Inc Waste & Scrap",ASEAN - Association of Southeast Asian Nations,2010,397619,397619.0,8105,Other
"8105 Cobalt Mattes Etc, Cobalt & Art, Inc Waste & Scrap",ASEAN - Association of Southeast Asian Nations,2004,3758,3758.0,8105,Other
"8105 Cobalt Mattes Etc, Cobalt & Art, Inc Waste & Scrap",ASEAN - Association of Southeast Asian Nations,2006,104756,104756.0,8105,Other
"8105 Cobalt Mattes Etc, Cobalt & Art, Inc Waste & Scrap",Asia - South,2021,422206,444669.0,8105,Other
"8105 Cobalt Mattes Etc, Cobalt & Art, Inc Waste & Scrap",Asia - South,2024,347801,441948.0,8105,Other
"8105 Cobalt Mattes Etc, Cobalt & Art, Inc Waste & Scrap",ASEAN - Association of Southeast Asian Nations,2018,604535,604535.0,8105,Other
"8105 Cobalt Mattes Etc, Cobalt & Art, Inc Waste & Scrap",APEC - Asia Pacific Economic Co-operation,2024,146039813,144668622.0,8105,Other
"8105 Cobalt Mattes Etc, Cobalt & Art, Inc Waste & Scrap",ASEAN - Association of Southeast Asian Nations,2011,366494,366494.0,8105,Other
"8105 Cobalt Mattes Etc, Cobalt & Art, Inc Waste & Scrap",APEC - Asia Pacific Economic Co-operation,2023,160871679,161033025.0,8105,Other
"8105 Cobalt Mattes Etc, Cobalt & Art, Inc Waste & Scrap",ASEAN - Association of Southeast Asian Nations,2019,995983,995983.0,8105,Other
"8105 Cobalt Mattes Etc, Cobalt & Art, Inc Waste & Scrap",ASEAN - Association of Southeast Asian Nations,2015,305042,305042.0,8105,Other
"8105 Cobalt Mattes Etc, Cobalt & Art, Inc Waste & Scrap",APEC - Asia Pacific Economic Co-operation,2022,222099583,226496182.0,8105,Other
"8105 Cobalt Mattes Etc, Cobalt & Art, Inc Waste & Scrap",ASEAN - Association of Southeast Asian Nations,2012,547272,547272.0,8105,Other
"8105 Cobalt Mattes Etc, Cobalt & Art, Inc Waste & Scrap",ASEAN - Association of Southeast Asian Nations,2013,185865,185865.0,8105,Other
"8105 Cobalt Mattes Etc, Cobalt & Art, Inc Waste & Scrap",ASEAN - Association of Southeast Asian Nations,2017,454665,454665.0,8105,Other
"8105 Cobalt Mattes Etc, Cobalt & Art, Inc Waste & Scrap",APEC - Asia Pacific Economic Co-operation,2021,154582450,152516362.0,8105,Other
"8105 Cobalt Mattes Etc, Cobalt & Art, Inc Waste & Scrap",ASEAN - Association of Southeast Asian Nations,2014,788099,788099.0,8105,Other
"8105 Cobalt Mattes Etc, Cobalt & Art, Inc Waste & Scrap",ASEAN - Association of Southeast Asian Nations,2016,835756,835756.0,8105,Other
"8105 Cobalt Mattes Etc, Cobalt & Art, Inc Waste & Scrap",ASEAN - Association of Southeast Asian Nations,2020,1546044,1546044.0,8105,Other
"8105 Cobalt Mattes Etc, Cobalt & Art, Inc Waste & Scrap",APEC - Asia Pacific Economic Co-operation,2019,253157333,253201017.0,8105,Other
"8105 Cobalt Mattes Etc, Cobalt & Art, Inc Waste & Scrap",ASEAN - Association of Southeast Asian Nations,2022,538821,538821.0,8105,Other
"8105 Cobalt Mattes Etc, Cobalt & Art, Inc Waste & Scrap",APEC - Asia Pacific Economic Co-operation,2025,125677764,123745036.0,8105,Other
"8105 Cobalt Mattes Etc, Cobalt & Art, Inc Waste & Scrap",ASEAN - Association of Southeast Asian Nations,2002,14473,14473.0,8105,Other
"8105 Cobalt Mattes Etc, Cobalt & Art, Inc Waste & Scrap",ASEAN - Association of Southeast Asian Nations,2009,38669,38669.0,8105,Other
"8105 Cobalt Mattes Etc, Cobalt & Art, Inc Waste & Scrap",APEC - Asia Pacific Economic Co-operation,2015,166788478,168239713.0,8105,Other
"8105 Cobalt Mattes Etc, Cobalt & Art, Inc Waste & Scrap",Asia - South,2004,83756,83756.0,8105,Other
"8105 Cobalt Mattes Etc, Cobalt & Art, Inc Waste & Scrap",Asia - South,2005,947728,947728.0,8105,Other
"8105 Cobalt Mattes Etc, Cobalt & Art, Inc Waste & Scrap",APEC - Asia Pacific Economic Co-operation,2001,76961932,,8105,Other
"8105 Cobalt Mattes Etc, Cobalt & Art, Inc Waste & Scrap",APEC - Asia Pacific Economic Co-operation,2003,58924778,58924778.0,8105,Other
"8105 Cobalt Mattes Etc, Cobalt & Art, Inc Waste & Scrap",Asia - South,2022,638404,898629.0,8105,Other
"8105 Cobalt Mattes Etc, Cobalt & Art, Inc Waste & Scrap",Asia - South,2003,57860,57860.0,8105,Other
"8105 Cobalt Mattes Etc, Cobalt & Art, Inc Waste & Scrap",APEC - Asia Pacific Economic Co-operation,2008,349361926,354467814.0,8105,Other
"8105 Cobalt Mattes Etc, Cobalt & Art, Inc Waste & Scrap",Asia - South,2008,1558715,1558715.0,8105,Other
"8105 Cobalt Mattes Etc, Cobalt & Art, Inc Waste & Scrap",APEC - Asia Pacific Economic Co-operation,2002,43210665,43210665.0,8105,Other
"8105 Cobalt Mattes Etc, Cobalt & Art, Inc Waste & Scrap",APEC - Asia Pacific Economic Co-operation,2010,211813767,211239601.0,8105,Other
"8105 Cobalt Mattes Etc, Cobalt & Art, Inc Waste & Scrap",APEC - Asia Pacific Economic Co-operation,2009,123067388,122392587.0,8105,Other
"8105 Cobalt Mattes Etc, Cobalt & Art, Inc Waste & Scrap",Asia - South,2006,792373,792373.0,8105,Other
"8105 Cobalt Mattes Etc, Cobalt & Art, Inc Waste & Scrap",Asia - South,2023,1381767,1565524.0,8105,Other
"8105 Cobalt Mattes Etc, Cobalt & Art, Inc Waste & Scrap",Asia - South,2010,4509281,2829911.0,8105,Other
"8105 Cobalt Mattes Etc, Cobalt & Art, Inc Waste & Scrap",APEC - Asia Pacific Economic Co-operation,2005,130400533,129898762.0,8105,Other
"8105 Cobalt Mattes Etc, Cobalt & Art, Inc Waste & Scrap",APEC - Asia Pacific Economic Co-operation,2006,173602205,174292775.0,8105,Other
"8105 Cobalt Mattes Etc, Cobalt & Art, Inc Waste & Scrap",APEC - Asia Pacific Economic Co-operation,2007,270154698,265831079.0,8105,Other
"8105 Cobalt Mattes Etc, Cobalt & Art, Inc Waste & Scrap",ASEAN - Association of Southeast Asian Nations,2003,26423,26423.0,8105,Other
"8105 Cobalt Mattes Etc, Cobalt & Art, Inc Waste & Scrap",APEC - Asia Pacific Economic Co-operation,2004,173856409,173856409.0,8105,Other
"8105 Cobalt Mattes Etc, Cobalt & Art, Inc Waste & Scrap",Asia - South,2007,1330611,1330611.0,8105,Other
"8105 Cobalt Mattes Etc, Cobalt & Art, Inc Waste & Scrap",Asia - South,2009,220469,220469.0,8105,Other
"8105 Cobalt Mattes Etc, Cobalt & Art, Inc Waste & Scrap",Asia - South,2001,166216,,8105,Other
"8105 Cobalt Mattes Etc, Cobalt & Art, Inc Waste & Scrap",Asia - South,2002,62177,62177.0,8105,Other
"8108 Titanium & Articles Thereof, Includ Waste & Scrap",ASEAN - Association of Southeast Asian Nations,2023,12137199,12137199.0,8108,Refined/Articles
"8108 Titanium & Articles Thereof, Includ Waste & Scrap",APEC - Asia Pacific Economic Co-operation,2019,679397194,678075646.0,8108,Refined/Articles
"8108 Titanium & Articles Thereof, Includ Waste & Scrap",APEC - Asia Pacific Economic Co-operation,2011,459019058,526674496.0,8108,Refined/Articles
"8108 Titanium & Articles Thereof, Includ Waste & Scrap",Asia - South,2005,688186,688186.0,8108,Refined/Articles
"8108 Titanium & Articles Thereof, Includ Waste & Scrap",APEC - Asia Pacific Economic Co-operation,2008,413323042,452112166.0,8108,Refined/Articles
"8108 Titanium & Articles Thereof, Includ Waste & Scrap",APEC - Asia Pacific Economic Co-operation,2015,464603615,461210871.0,8108,Refined/Articles
"8108 Titanium & Articles Thereof, Includ Waste & Scrap",APEC - Asia Pacific Economic Co-operation,2018,587010170,596871208.0,8108,Refined/Articles
"8108 Titanium & Articles Thereof, Includ Waste & Scrap",APEC - Asia Pacific Economic Co-operation,2013,463537158,469259674.0,8108,Refined/Articles
"8108 Titanium & Articles Thereof, Includ Waste & Scrap",APEC - Asia Pacific Economic Co-operation,2017,529457638,544268541.0,8108,Refined/Articles
"8108 Titanium & Articles Thereof, Includ Waste & Scrap",ASEAN - Association of Southeast Asian Nations,2022,6514759,6514759.0,8108,Refined/Articles
"8108 Titanium & Articles Thereof, Includ Waste & Scrap",ASEAN - Association of Southeast Asian Nations,2024,13593115,13583679.0,8108,Refined/Articles
"8108 Titanium & Articles Thereof, Includ Waste & Scrap",APEC - Asia Pacific Economic Co-operation,2020,478497654,486849948.0,8108,Refined/Articles
"8108 Titanium & Articles Thereof, Includ Waste & Scrap",Asia - South,2001,50908,,8108,Refined/Articles
"8108 Titanium & Articles Thereof, Includ Waste & Scrap",ASEAN - Association of Southeast Asian Nations,2021,3874235,3874235.0,8108,Refined/Articles
"8108 Titanium & Articles Thereof, Includ Waste & Scrap",ASEAN - Association of Southeast Asian Nations,2025,14322233,14304880.0,8108,Refined/Articles
"8108 Titanium & Articles Thereof, Includ Waste & Scrap",APEC - Asia Pacific Economic Co-operation,2016,443142451,445154892.0,8108,Refined/Articles
"8108 Titanium & Articles Thereof, Includ Waste & Scrap",APEC - Asia Pacific Economic Co-operation,2002,111386462,107577303.0,8108,Refined/Articles
"8108 Titanium & Articles Thereof, Includ Waste & Scrap",Asia - South,2009,75554,75554.0,8108,Refined/Articles
"8108 Titanium & Articles Thereof, Includ Waste & Scrap",Asia - South,2019,1990170,1994359.0,8108,Refined/Articles
"8108 Titanium & Articles Thereof, Includ Waste & Scrap",Asia - South,2024,3254679,3359487.0,8108,Refined/Articles
"8108 Titanium & Articles Thereof, Includ Waste & Scrap",Asia - South,2006,949780,949780.0,8108,Refined/Articles
"8108 Titanium & Articles Thereof, Includ Waste & Scrap",APEC - Asia Pacific Economic Co-operation,2007,439254296,441246655.0,8108,Refined/Articles
"8108 Titanium & Articles Thereof, Includ Waste & Scrap",APEC - Asia Pacific Economic Co-operation,2004,153144089,147347579.0,8108,Refined/Articles
"8108 Titanium & Articles Thereof, Includ Waste & Scrap",Asia - South,2011,1927891,1927891.0,8108,Refined/Articles
"8108 Titanium & Articles Thereof, Includ Waste & Scrap",APEC - Asia Pacific Economic Co-operation,2001,160445600,,8108,Refined/Articles
"8108 Titanium & Articles Thereof, Includ Waste & Scrap",Asia - South,2016,796905,796905.0,8108,Refined/Articles
"8108 Titanium & Articles Thereof, Includ Waste & Scrap",Asia - South,2015,890406,890406.0,8108,Refined/Articles
"8108 Titanium & Articles Thereof, Includ Waste & Scrap",APEC - Asia Pacific Economic Co-operation,2012,549132548,576059337.0,8108,Refined/Articles
"8108 Titanium & Articles Thereof, Includ Waste & Scrap",Asia - South,2004,5709,5709.0,8108,Refined/Articles
"8108 Titanium & Articles Thereof, Includ Waste & Scrap",APEC - Asia Pacific Economic Co-operation,2005,266049226,249531892.0,8108,Refined/Articles
"8108 Titanium & Articles Thereof, Includ Waste & Scrap",Asia - South,2007,241622,241622.0,8108,Refined/Articles
"8108 Titanium & Articles Thereof, Includ Waste & Scrap",APEC - Asia Pacific Economic Co-operation,2009,249599103,319901286.0,8108,Refined/Articles
"8108 Titanium & Articles Thereof, Includ Waste & Scrap",Asia - South,2012,1463558,1463558.0,8108,Refined/Articles
"8108 Titanium & Articles Thereof, Includ Waste & Scrap",Asia - South,2014,515898,515898.0,8108,Refined/Articles
"8108 Titanium & Articles Thereof, Includ Waste & Scrap",APEC - Asia Pacific Economic Co-operation,2003,111926970,111229034.0,8108,Refined/Articles
"8108 Titanium & Articles Thereof, Includ Waste & Scrap",Asia - South,2013,379671,379671.0,8108,Refined/Articles
"8108 Titanium & Articles Thereof, Includ Waste & Scrap",Asia - South,2020,1178800,1260535.0,8108,Refined/Articles
"8108 Titanium & Articles Thereof, Includ Waste & Scrap",Asia - South,2010,737744,737744.0,8108,Refined/Articles
"8108 Titanium & Articles Thereof, Includ Waste & Scrap",Asia - South,2017,1044907,1039507.0,8108,Refined/Articles
"8108 Titanium & Articles Thereof, Includ Waste & Scrap",Asia - South,2018,1567341,1567341.0,8108,Refined/Articles
"8108 Titanium & Articles Thereof, Includ Waste & Scrap",APEC - Asia Pacific Economic Co-operation,2014,440310525,460049482.0,8108,Refined/Articles
"8108 Titanium & Articles Thereof, Includ Waste & Scrap",Asia - South,2022,1840790,2088583.0,8108,Refined/Articles
"8108 Titanium & Articles Thereof, Includ Waste & Scrap",ASEAN - Association of Southeast Asian Nations,2017,7838424,7838424.0,8108,Refined/Articles
"8108 Titanium & Articles Thereof, Includ Waste & Scrap",ASEAN - Association of Southeast Asian Nations,2019,7651182,7651182.0,8108,Refined/Articles
"8108 Titanium & Articles Thereof, Includ Waste & Scrap",Asia - South,2025,2640770,2535885.0,8108,Refined/Articles
"8108 Titanium & Articles Thereof, Includ Waste & Scrap",ASEAN - Association of Southeast Asian Nations,2014,9221237,9221237.0,8108,Refined/Articles
"8108 Titanium & Articles Thereof, Includ Waste & Scrap",APEC - Asia Pacific Economic Co-operation,2022,492940117,507561570.0,8108,Refined/Articles
"8108 Titanium & Articles Thereof, Includ Waste & Scrap",ASEAN - Association of Southeast Asian Nations,2018,6824797,6824797.0,8108,Refined/Articles
"8108 Titanium & Articles Thereof, Includ Waste & Scrap",APEC - Asia Pacific Economic Co-operation,2021,377521467,401473153.0,8108,Refined/Articles
"8108 Titanium & Articles Thereof, Includ Waste & Scrap",Asia - South,2021,991655,1238098.0,8108,Refined/Articles
"8108 Titanium & Articles Thereof, Includ Waste & Scrap",ASEAN - Association of Southeast Asian Nations,2004,335515,335515.0,8108,Refined/Articles
"8108 Titanium & Articles Thereof, Includ Waste & Scrap",ASEAN - Association of Southeast Asian Nations,2006,4073779,4073779.0,8108,Refined/Articles
"8108 Titanium & Articles Thereof, Includ Waste & Scrap",ASEAN - Association of Southeast Asian Nations,2003,240368,240368.0,8108,Refined/Articles
"8108 Titanium & Articles Thereof, Includ Waste & Scrap",ASEAN - Association of Southeast Asian Nations,2007,3844029,3844029.0,8108,Refined/Articles
"8108 Titanium & Articles Thereof, Includ Waste & Scrap",ASEAN - Association of Southeast Asian Nations,2010,1407045,1407045.0,8108,Refined/Articles
"8108 Titanium & Articles Thereof, Includ Waste & Scrap",ASEAN - Association of Southeast Asian Nations,2008,1183300,1183300.0,8108,Refined/Articles
"8108 Titanium & Articles Thereof, Includ Waste & Scrap",Asia - South,2023,3238974,3463699.0,8108,Refined/Articles
"8108 Titanium & Articles Thereof, Includ Waste & Scrap",ASEAN - Association of Southeast Asian Nations,2005,1955329,1955329.0,8108,Refined/Articles
"8108 Titanium & Articles Thereof, Includ Waste & Scrap",ASEAN - Association of Southeast Asian Nations,2001,57118,,8108,Refined/Articles
"8108 Titanium & Articles Thereof, Includ Waste & Scrap",ASEAN - Association of Southeast Asian Nations,2002,154796,154796.0,8108,Refined/Articles
"8108 Titanium & Articles Thereof, Includ Waste & Scrap",ASEAN - Association of Southeast Asian Nations,2009,930782,930782.0,8108,Refined/Articles
"8108 Titanium & Articles Thereof, Includ Waste & Scrap",ASEAN - Association of Southeast Asian Nations,2012,5342157,5342157.0,8108,Refined/Articles
"8108 Titanium & Articles Thereof, Includ Waste & Scrap",APEC - Asia Pacific Economic Co-operation,2006,407688642,416118198.0,8108,Refined/Articles
"8108 Titanium & Articles Thereof, Includ Waste & Scrap",Asia - South,2002,81343,81343.0,8108,Refined/Articles
"8108 Titanium & Articles Thereof, Includ Waste & Scrap",ASEAN - Association of Southeast Asian Nations,2011,3258366,3258366.0,8108,Refined/Articles
"8108 Titanium & Articles Thereof, Includ Waste & Scrap",APEC - Asia Pacific Economic Co-operation,2024,669573318,669213058.0,8108,Refined/Articles
"8108 Titanium & Articles Thereof, Includ Waste & Scrap",APEC - Asia Pacific Economic Co-operation,2023,639831014,623706643.0,8108,Refined/Articles
"8108 Titanium & Articles Thereof, Includ Waste & Scrap",Asia - South,2008,173924,173924.0,8108,Refined/Articles
"8108 Titanium & Articles Thereof, Includ Waste & Scrap",ASEAN - Association of Southeast Asian Nations,2013,4321508,4321508.0,8108,Refined/Articles
"8108 Titanium & Articles Thereof, Includ Waste & Scrap",APEC - Asia Pacific Economic Co-operation,2010,365596270,409397927.0,8108,Refined/Articles
"8108 Titanium & Articles Thereof, Includ Waste & Scrap",APEC - Asia Pacific Economic Co-operation,2025,351744410,356864379.0,8108,Refined/Articles
"8108 Titanium & Articles Thereof, Includ Waste & Scrap",ASEAN - Association of Southeast Asian Nations,2015,9787871,9787871.0,8108,Refined/Articles
"8108 Titanium & Articles Thereof, Includ Waste & Scrap",ASEAN - Association of Southeast Asian Nations,2016,7259223,7259223.0,8108,Refined/Articles
"8108 Titanium & Articles Thereof, Includ Waste & Scrap",ASEAN - Association of Southeast Asian Nations,2020,6833009,6833009.0,8108,Refined/Articles
8110 Antimony And Artcls Throf Incl Waste And Scrap,Asia - South,2022,15383375,15383375.0,8110,Other
8110 Antimony And Artcls Throf Incl Waste And Scrap,Asia - South,2021,18256366,18256366.0,8110,Other
8110 Antimony And Artcls Throf Incl Waste And Scrap,Asia - South,2010,413361,413361.0,8110,Other
8110 Antimony And Artcls Throf Incl Waste And Scrap,Asia - South,2009,82025,82025.0,8110,Other
8110 Antimony And Artcls Throf Incl Waste And Scrap,APEC - Asia Pacific Economic Co-operation,2023,35450897,35450897.0,8110,Other
8110 Antimony And Artcls Throf Incl Waste And Scrap,APEC - Asia Pacific Economic Co-operation,2021,38632428,38632428.0,8110,Other
8110 Antimony And Artcls Throf Incl Waste And Scrap,APEC - Asia Pacific Economic Co-operation,2019,27672373,27672373.0,8110,Other
8110 Antimony And Artcls Throf Incl Waste And Scrap,ASEAN - Association of Southeast Asian Nations,2016,3520581,3520581.0,8110,Other
8110 Antimony And Artcls Throf Incl Waste And Scrap,APEC - Asia Pacific Economic Co-operation,2024,60942912,60942912.0,8110,Other
8110 Antimony And Artcls Throf Incl Waste And Scrap,APEC - Asia Pacific Economic Co-operation,2015,29208778,29208778.0,8110,Other
8110 Antimony And Artcls Throf Incl Waste And Scrap,APEC - Asia Pacific Economic Co-operation,2016,37477065,37477065.0,8110,Other
8110 Antimony And Artcls Throf Incl Waste And Scrap,APEC - Asia Pacific Economic Co-operation,2020,10730601,11276472.0,8110,Other
8110 Antimony And Artcls Throf Incl Waste And Scrap,Asia - South,2023,15883691,15883691.0,8110,Other
8110 Antimony And Artcls Throf Incl Waste And Scrap,APEC - Asia Pacific Economic Co-operation,2011,50134804,49859549.0,8110,Other
8110 Antimony And Artcls Throf Incl Waste And Scrap,ASEAN - Association of Southeast Asian Nations,2012,595762,595762.0,8110,Other
8110 Antimony And Artcls Throf Incl Waste And Scrap,ASEAN - Association of Southeast Asian Nations,2021,21492273,21758244.0,8110,Other
8110 Antimony And Artcls Throf Incl Waste And Scrap,Asia - South,2024,13701542,13701542.0,8110,Other
8110 Antimony And Artcls Throf Incl Waste And Scrap,APEC - Asia Pacific Economic Co-operation,2003,10714360,10719087.0,8110,Other
8110 Antimony And Artcls Throf Incl Waste And Scrap,ASEAN - Association of Southeast Asian Nations,2019,13685793,13685793.0,8110,Other
8110 Antimony And Artcls Throf Incl Waste And Scrap,APEC - Asia Pacific Economic Co-operation,2025,56821190,56821190.0,8110,Other
8110 Antimony And Artcls Throf Incl Waste And Scrap,ASEAN - Association of Southeast Asian Nations,2023,28458003,28458003.0,8110,Other
8110 Antimony And Artcls Throf Incl Waste And Scrap,ASEAN - Association of Southeast Asian Nations,2014,1371531,1371531.0,8110,Other
8110 Antimony And Artcls Throf Incl Waste And Scrap,APEC - Asia Pacific Economic Co-operation,2004,17467855,17530071.0,8110,Other
8110 Antimony And Artcls Throf Incl Waste And Scrap,ASEAN - Association of Southeast Asian Nations,2022,20875568,20875568.0,8110,Other
8110 Antimony And Artcls Throf Incl Waste And Scrap,ASEAN - Association of Southeast Asian Nations,2015,2206367,2206367.0,8110,Other
8110 Antimony And Artcls Throf Incl Waste And Scrap,APEC - Asia Pacific Economic Co-operation,2005,18294922,18370922.0,8110,Other
8110 Antimony And Artcls Throf Incl Waste And Scrap,ASEAN - Association of Southeast Asian Nations,2013,370626,370626.0,8110,Other
8110 Antimony And Artcls Throf Incl Waste And Scrap,APEC - Asia Pacific Economic Co-operation,2010,38040387,38134932.0,8110,Other
8110 Antimony And Artcls Throf Incl Waste And Scrap,APEC - Asia Pacific Economic Co-operation,2009,18874870,18872566.0,8110,Other
8110 Antimony And Artcls Throf Incl Waste And Scrap,APEC - Asia Pacific Economic Co-operation,2001,15449292,,8110,Other
8110 Antimony And Artcls Throf Incl Waste And Scrap,ASEAN - Association of Southeast Asian Nations,2020,12026677,11760706.0,8110,Other
8110 Antimony And Artcls Throf Incl Waste And Scrap,APEC - Asia Pacific Economic Co-operation,2018,33708487,33708487.0,8110,Other
8110 Antimony And Artcls Throf Incl Waste And Scrap,APEC - Asia Pacific Economic Co-operation,2014,38682631,38682631.0,8110,Other
8110 Antimony And Artcls Throf Incl Waste And Scrap,APEC - Asia Pacific Economic Co-operation,2017,39150023,38480933.0,8110,Other
8110 Antimony And Artcls Throf Incl Waste And Scrap,APEC - Asia Pacific Economic Co-operation,2002,6624249,6500049.0,8110,Other
8110 Antimony And Artcls Throf Incl Waste And Scrap,APEC - Asia Pacific Economic Co-operation,2012,49642469,49289579.0,8110,Other
8110 Antimony And Artcls Throf Incl Waste And Scrap,ASEAN - Association of Southeast Asian Nations,2024,49236669,49236669.0,8110,Other
8110 Antimony And Artcls Throf Incl Waste And Scrap,APEC - Asia Pacific Economic Co-operation,2022,53941408,53574951.0,8110,Other
8110 Antimony And Artcls Throf Incl Waste And Scrap,APEC - Asia Pacific Economic Co-operation,2013,46428785,46666209.0,8110,Other
8110 Antimony And Artcls Throf Incl Waste And Scrap,ASEAN - Association of Southeast Asian Nations,2004,53000,53000.0,8110,Other
8110 Antimony And Artcls Throf Incl Waste And Scrap,Asia - South,2015,10807933,10807933.0,8110,Other
8110 Antimony And Artcls Throf Incl Waste And Scrap,APEC - Asia Pacific Economic Co-operation,2007,25098375,24993696.0,8110,Other
8110 Antimony And Artcls Throf Incl Waste And Scrap,ASEAN - Association of Southeast Asian Nations,2007,842369,842369.0,8110,Other
8110 Antimony And Artcls Throf Incl Waste And Scrap,ASEAN - Association of Southeast Asian Nations,2006,287130,287130.0,8110,Other
8110 Antimony And Artcls Throf Incl Waste And Scrap,ASEAN - Association of Southeast Asian Nations,2008,126500,126500.0,8110,Other
8110 Antimony And Artcls Throf Incl Waste And Scrap,APEC - Asia Pacific Economic Co-operation,2008,28807548,28894248.0,8110,Other
8110 Antimony And Artcls Throf Incl Waste And Scrap,ASEAN - Association of Southeast Asian Nations,2001,26128,,8110,Other
8110 Antimony And Artcls Throf Incl Waste And Scrap,ASEAN - Association of Southeast Asian Nations,2017,5132455,5132455.0,8110,Other
8110 Antimony And Artcls Throf Incl Waste And Scrap,ASEAN - Association of Southeast Asian Nations,2002,46225,46225.0,8110,Other
8110 Antimony And Artcls Throf Incl Waste And Scrap,ASEAN - Association of Southeast Asian Nations,2010,632961,632961.0,8110,Other
8110 Antimony And Artcls Throf Incl Waste And Scrap,Asia - South,2018,13580969,13580969.0,8110,Other
8110 Antimony And Artcls Throf Incl Waste And Scrap,ASEAN - Association of Southeast Asian Nations,2009,590300,590300.0,8110,Other
8110 Antimony And Artcls Throf Incl Waste And Scrap,Asia - South,2020,8645919,8645919.0,8110,Other
8110 Antimony And Artcls Throf Incl Waste And Scrap,ASEAN - Association of Southeast Asian Nations,2025,50081778,50081778.0,8110,Other
8110 Antimony And Artcls Throf Incl Waste And Scrap,Asia - South,2019,10278673,10278673.0,8110,Other
8110 Antimony And Artcls Throf Incl Waste And Scrap,Asia - South,2016,5351796,5351796.0,8110,Other
8110 Antimony And Artcls Throf Incl Waste And Scrap,Asia - South,2025,18274657,18274657.0,8110,Other
8110 Antimony And Artcls Throf Incl Waste And Scrap,ASEAN - Association of Southeast Asian Nations,2018,9727580,9727580.0,8110,Other
8110 Antimony And Artcls Throf Incl Waste And Scrap,Asia - South,2017,10618709,10618709.0,8110,Other
8110 Antimony And Artcls Throf Incl Waste And Scrap,Asia - South,2014,7037026,7037026.0,8110,Other
8110 Antimony And Artcls Throf Incl Waste And Scrap,Asia - South,2011,8116817,8116817.0,8110,Other
8110 Antimony And Artcls Throf Incl Waste And Scrap,Asia - South,2012,8407368,8407368.0,8110,Other
8110 Antimony And Artcls Throf Incl Waste And Scrap,Asia - South,2013,9584903,9584903.0,8110,Other
8110 Antimony And Artcls Throf Incl Waste And Scrap,ASEAN - Association of Southeast Asian Nations,2005,569000,569000.0,8110,Other
8110 Antimony And Artcls Throf Incl Waste And Scrap,ASEAN - Association of Southeast Asian Nations,2003,117650,117650.0,8110,Other
8110 Antimony And Artcls Throf Incl Waste And Scrap,APEC - Asia Pacific Economic Co-operation,2006,30221221,30099621.0,8110,Other
"8111 Manganese And Artcles Thereof, Inc Waste And Scrap",ASEAN - Association of Southeast Asian Nations,2017,3646,3646.0,8111,Other
"8111 Manganese And Artcles Thereof, Inc Waste And Scrap",APEC - Asia Pacific Economic Co-operation,2025,41429572,43303776.0,8111,Other
"8111 Manganese And Artcles Thereof, Inc Waste And Scrap",ASEAN - Association of Southeast Asian Nations,2011,2556358,2556358.0,8111,Other
"8111 Manganese And Artcles Thereof, Inc Waste And Scrap",ASEAN - Association of Southeast Asian Nations,2018,3038,3038.0,8111,Other
"8111 Manganese And Artcles Thereof, Inc Waste And Scrap",Asia - South,2024,26905,26905.0,8111,Other
"8111 Manganese And Artcles Thereof, Inc Waste And Scrap",APEC - Asia Pacific Economic Co-operation,2010,72580856,73319446.0,8111,Other
"8111 Manganese And Artcles Thereof, Inc Waste And Scrap",ASEAN - Association of Southeast Asian Nations,2010,3011455,3011455.0,8111,Other
"8111 Manganese And Artcles Thereof, Inc Waste And Scrap",Asia - South,2023,37935,37935.0,8111,Other
"8111 Manganese And Artcles Thereof, Inc Waste And Scrap",ASEAN - Association of Southeast Asian Nations,2009,301441,301441.0,8111,Other
"8111 Manganese And Artcles Thereof, Inc Waste And Scrap",ASEAN - Association of Southeast Asian Nations,2001,11112,,8111,Other
"8111 Manganese And Artcles Thereof, Inc Waste And Scrap",ASEAN - Association of Southeast Asian Nations,2008,48450,48450.0,8111,Other
"8111 Manganese And Artcles Thereof, Inc Waste And Scrap",APEC - Asia Pacific Economic Co-operation,2009,40218343,41513969.0,8111,Other
"8111 Manganese And Artcles Thereof, Inc Waste And Scrap",APEC - Asia Pacific Economic Co-operation,2021,79174589,77006654.0,8111,Other
"8111 Manganese And Artcles Thereof, Inc Waste And Scrap",APEC - Asia Pacific Economic Co-operation,2007,78079968,77055673.0,8111,Other
"8111 Manganese And Artcles Thereof, Inc Waste And Scrap",ASEAN - Association of Southeast Asian Nations,2012,1052860,1199348.0,8111,Other
"8111 Manganese And Artcles Thereof, Inc Waste And Scrap",APEC - Asia Pacific Economic Co-operation,2003,8936610,8936610.0,8111,Other
"8111 Manganese And Artcles Thereof, Inc Waste And Scrap",APEC - Asia Pacific Economic Co-operation,2004,23328781,22868411.0,8111,Other
"8111 Manganese And Artcles Thereof, Inc Waste And Scrap",APEC - Asia Pacific Economic Co-operation,2023,113337549,109391871.0,8111,Other
"8111 Manganese And Artcles Thereof, Inc Waste And Scrap",APEC - Asia Pacific Economic Co-operation,2024,96747143,96165217.0,8111,Other
"8111 Manganese And Artcles Thereof, Inc Waste And Scrap",APEC - Asia Pacific Economic Co-operation,2022,142708015,141553507.0,8111,Other
"8111 Manganese And Artcles Thereof, Inc Waste And Scrap",ASEAN - Association of Southeast Asian Nations,2014,12412,12412.0,8111,Other
"8111 Manganese And Artcles Thereof, Inc Waste And Scrap",Asia - South,2025,15665,15665.0,8111,Other
"8111 Manganese And Artcles Thereof, Inc Waste And Scrap",APEC - Asia Pacific Economic Co-operation,2020,34496585,36092313.0,8111,Other
"8111 Manganese And Artcles Thereof, Inc Waste And Scrap",Asia - South,2015,17989,17989.0,8111,Other
"8111 Manganese And Artcles Thereof, Inc Waste And Scrap",Asia - South,2018,5640,5640.0,8111,Other
"8111 Manganese And Artcles Thereof, Inc Waste And Scrap",ASEAN - Association of Southeast Asian Nations,2024,2476836,2308187.0,8111,Other
"8111 Manganese And Artcles Thereof, Inc Waste And Scrap",APEC - Asia Pacific Economic Co-operation,2012,87685525,87734065.0,8111,Other
"8111 Manganese And Artcles Thereof, Inc Waste And Scrap",ASEAN - Association of Southeast Asian Nations,2025,1850041,1850041.0,8111,Other
"8111 Manganese And Artcles Thereof, Inc Waste And Scrap",APEC - Asia Pacific Economic Co-operation,2018,37501019,37673546.0,8111,Other
"8111 Manganese And Artcles Thereof, Inc Waste And Scrap",APEC - Asia Pacific Economic Co-operation,2019,64684395,60764437.0,8111,Other
"8111 Manganese And Artcles Thereof, Inc Waste And Scrap",APEC - Asia Pacific Economic Co-operation,2015,41454412,40510544.0,8111,Other
"8111 Manganese And Artcles Thereof, Inc Waste And Scrap",Asia - South,2014,22715,22715.0,8111,Other
"8111 Manganese And Artcles Thereof, Inc Waste And Scrap",APEC - Asia Pacific Economic Co-operation,2017,36147203,35652222.0,8111,Other
"8111 Manganese And Artcles Thereof, Inc Waste And Scrap",Asia - South,2017,2106,2106.0,8111,Other
"8111 Manganese And Artcles Thereof, Inc Waste And Scrap",APEC - Asia Pacific Economic Co-operation,2016,24293998,24011642.0,8111,Other
"8111 Manganese And Artcles Thereof, Inc Waste And Scrap",APEC - Asia Pacific Economic Co-operation,2008,86582217,80565889.0,8111,Other
"8111 Manganese And Artcles Thereof, Inc Waste And Scrap",APEC - Asia Pacific Economic Co-operation,2005,24998787,23312067.0,8111,Other
"8111 Manganese And Artcles Thereof, Inc Waste And Scrap",APEC - Asia Pacific Economic Co-operation,2002,5811258,5646258.0,8111,Other
"8111 Manganese And Artcles Thereof, Inc Waste And Scrap",ASEAN - Association of Southeast Asian Nations,2022,1133369,1133369.0,8111,Other
"8111 Manganese And Artcles Thereof, Inc Waste And Scrap",ASEAN - Association of Southeast Asian Nations,2020,73225,73225.0,8111,Other
"8111 Manganese And Artcles Thereof, Inc Waste And Scrap",Asia - South,2022,159186,159186.0,8111,Other
"8111 Manganese And Artcles Thereof, Inc Waste And Scrap",APEC - Asia Pacific Economic Co-operation,2001,5521041,,8111,Other
"8111 Manganese And Artcles Thereof, Inc Waste And Scrap",ASEAN - Association of Southeast Asian Nations,2023,3936631,3936631.0,8111,Other
"8111 Manganese And Artcles Thereof, Inc Waste And Scrap",APEC - Asia Pacific Economic Co-operation,2011,87495260,86951505.0,8111,Other
"8111 Manganese And Artcles Thereof, Inc Waste And Scrap",Asia - South,2001,493671,,8111,Other
"8111 Manganese And Artcles Thereof, Inc Waste And Scrap",APEC - Asia Pacific Economic Co-operation,2006,29980860,29672860.0,8111,Other
"8111 Manganese And Artcles Thereof, Inc Waste And Scrap",Asia - South,2004,12043,12043.0,8111,Other
"8111 Manganese And Artcles Thereof, Inc Waste And Scrap",APEC - Asia Pacific Economic Co-operation,2014,56307470,54898620.0,8111,Other
"8111 Manganese And Artcles Thereof, Inc Waste And Scrap",APEC - Asia Pacific Economic Co-operation,2013,67760322,67700954.0,8111,Other
"8112 Beryllium,chromium,hafnium,rhenium Etc & Articles",Asia - South,2024,3296876,3296876.0,8112,Refined/Articles
"8112 Beryllium,chromium,hafnium,rhenium Etc & Articles",Asia - South,2025,1767553,1318358.0,8112,Refined/Articles
"8112 Beryllium,chromium,hafnium,rhenium Etc & Articles",APEC - Asia Pacific Economic Co-operation,2023,210316868,214593057.0,8112,Refined/Articles
"8112 Beryllium,chromium,hafnium,rhenium Etc & Articles",Asia - South,2022,2278415,2278415.0,8112,Refined/Articles
"8112 Beryllium,chromium,hafnium,rhenium Etc & Articles",APEC - Asia Pacific Economic Co-operation,2024,282933630,278353703.0,8112,Refined/Articles
"8112 Beryllium,chromium,hafnium,rhenium Etc & Articles",APEC - Asia Pacific Economic Co-operation,2022,183181444,177645551.0,8112,Refined/Articles
"8112 Beryllium,chromium,hafnium,rhenium Etc & Articles",APEC - Asia Pacific Economic Co-operation,2021,135155195,138731755.0,8112,Refined/Articles
"8112 Beryllium,chromium,hafnium,rhenium Etc & Articles",ASEAN - Association of Southeast Asian Nations,2021,1385658,1385658.0,8112,Refined/Articles
"8112 Beryllium,chromium,hafnium,rhenium Etc & Articles",ASEAN - Association of Southeast Asian Nations,2025,3683552,3683552.0,8112,Refined/Articles
"8112 Beryllium,chromium,hafnium,rhenium Etc & Articles",ASEAN - Association of Southeast Asian Nations,2024,696273,696273.0,8112,Refined/Articles
"8112 Beryllium,chromium,hafnium,rhenium Etc & Articles",ASEAN - Association of Southeast Asian Nations,2023,1112261,1112261.0,8112,Refined/Articles
"8112 Beryllium,chromium,hafnium,rhenium Etc & Articles",APEC - Asia Pacific Economic Co-operation,2025,137379638,137131360.0,8112,Refined/Articles
"8112 Beryllium,chromium,hafnium,rhenium Etc & Articles",ASEAN - Association of Southeast Asian Nations,2022,349555,349555.0,8112,Refined/Articles
"8112 Beryllium,chromium,hafnium,rhenium Etc & Articles",Asia - South,2023,1755680,1755680.0,8112,Refined/Articles
"8112 Beryllium,chromium,hafnium,rhenium Etc & Articles",Asia - South,2021,1444048,1444048.0,8112,Refined/Articles
"8112 Beryllium,chromium,hafnium,rhenium Etc & Articles",ASEAN - Association of Southeast Asian Nations,2013,935445,935445.0,8112,Refined/Articles
"8112 Beryllium,chromium,hafnium,rhenium Etc & Articles",ASEAN - Association of Southeast Asian Nations,2016,54930,54930.0,8112,Refined/Articles
"8112 Beryllium,chromium,hafnium,rhenium Etc & Articles",ASEAN - Association of Southeast Asian Nations,2011,3618627,3618627.0,8112,Refined/Articles
"8112 Beryllium,chromium,hafnium,rhenium Etc & Articles",ASEAN - Association of Southeast Asian Nations,2018,134512,134512.0,8112,Refined/Articles
"8112 Beryllium,chromium,hafnium,rhenium Etc & Articles",ASEAN - Association of Southeast Asian Nations,2017,519458,519458.0,8112,Refined/Articles
"8112 Beryllium,chromium,hafnium,rhenium Etc & Articles",ASEAN - Association of Southeast Asian Nations,2014,255842,255842.0,8112,Refined/Articles
"8112 Beryllium,chromium,hafnium,rhenium Etc & Articles",ASEAN - Association of Southeast Asian Nations,2012,872367,872367.0,8112,Refined/Articles
"8112 Beryllium,chromium,hafnium,rhenium Etc & Articles",APEC - Asia Pacific Economic Co-operation,2016,176845119,179144451.0,8112,Refined/Articles
"8112 Beryllium,chromium,hafnium,rhenium Etc & Articles",APEC - Asia Pacific Economic Co-operation,2013,221272034,221461813.0,8112,Refined/Articles
"8112 Beryllium,chromium,hafnium,rhenium Etc & Articles",APEC - Asia Pacific Economic Co-operation,2019,187046681,186321513.0,8112,Refined/Articles
"8112 Beryllium,chromium,hafnium,rhenium Etc & Articles",APEC - Asia Pacific Economic Co-operation,2014,258612353,255078182.0,8112,Refined/Articles
"8112 Beryllium,chromium,hafnium,rhenium Etc & Articles",APEC - Asia Pacific Economic Co-operation,2017,199443547,199017981.0,8112,Refined/Articles
"8112 Beryllium,chromium,hafnium,rhenium Etc & Articles",APEC - Asia Pacific Economic Co-operation,2011,280484554,279856342.0,8112,Refined/Articles
"8112 Beryllium,chromium,hafnium,rhenium Etc & Articles",ASEAN - Association of Southeast Asian Nations,2019,201686,201686.0,8112,Refined/Articles
"8112 Beryllium,chromium,hafnium,rhenium Etc & Articles",APEC - Asia Pacific Economic Co-operation,2018,241057151,239291656.0,8112,Refined/Articles
"8112 Beryllium,chromium,hafnium,rhenium Etc & Articles",APEC - Asia Pacific Economic Co-operation,2020,127822372,125311157.0,8112,Refined/Articles
"8112 Beryllium,chromium,hafnium,rhenium Etc & Articles",APEC - Asia Pacific Economic Co-operation,2012,261772183,261862026.0,8112,Refined/Articles
"8112 Beryllium,chromium,hafnium,rhenium Etc & Articles",Asia - South,2013,64890,64890.0,8112,Refined/Articles
"8112 Beryllium,chromium,hafnium,rhenium Etc & Articles",Asia - South,2014,219242,219242.0,8112,Refined/Articles
"8112 Beryllium,chromium,hafnium,rhenium Etc & Articles",Asia - South,2018,458546,458546.0,8112,Refined/Articles
"8112 Beryllium,chromium,hafnium,rhenium Etc & Articles",Asia - South,2011,302320,302320.0,8112,Refined/Articles
"8112 Beryllium,chromium,hafnium,rhenium Etc & Articles",Asia - South,2016,13471,13471.0,8112,Refined/Articles
"8112 Beryllium,chromium,hafnium,rhenium Etc & Articles",Asia - South,2012,354500,354500.0,8112,Refined/Articles
"8112 Beryllium,chromium,hafnium,rhenium Etc & Articles",Asia - South,2015,213180,213180.0,8112,Refined/Articles
"8112 Beryllium,chromium,hafnium,rhenium Etc & Articles",Asia - South,2020,1362455,1362455.0,8112,Refined/Articles
"8112 Beryllium,chromium,hafnium,rhenium Etc & Articles",Asia - South,2019,786764,786764.0,8112,Refined/Articles
"8112 Beryllium,chromium,hafnium,rhenium Etc & Articles",Asia - South,2017,668418,668418.0,8112,Refined/Articles
"8112 Beryllium,chromium,hafnium,rhenium Etc & Articles",APEC - Asia Pacific Economic Co-operation,2015,220304745,217750377.0,8112,Refined/Articles
"8112 Beryllium,chromium,hafnium,rhenium Etc & Articles",ASEAN - Association of Southeast Asian Nations,2015,490088,490088.0,8112,Refined/Articles
"8112 Beryllium,chromium,hafnium,rhenium Etc & Articles",ASEAN - Association of Southeast Asian Nations,2004,364646,364646.0,8112,Refined/Articles
"8112 Beryllium,chromium,hafnium,rhenium Etc & Articles",ASEAN - Association of Southeast Asian Nations,2005,1727798,1727798.0,8112,Refined/Articles
"8112 Beryllium,chromium,hafnium,rhenium Etc & Articles",Asia - South,2001,396258,,8112,Refined/Articles
"8112 Beryllium,chromium,hafnium,rhenium Etc & Articles",Asia - South,2006,17589,17589.0,8112,Refined/Articles
"8112 Beryllium,chromium,hafnium,rhenium Etc & Articles",Asia - South,2007,19267,19267.0,8112,Refined/Articles
"8112 Beryllium,chromium,hafnium,rhenium Etc & Articles",Asia - South,2005,151802,151802.0,8112,Refined/Articles
"8112 Beryllium,chromium,hafnium,rhenium Etc & Articles",Asia - South,2004,7036,7036.0,8112,Refined/Articles
"8112 Beryllium,chromium,hafnium,rhenium Etc & Articles",Asia - South,2003,2300,2300.0,8112,Refined/Articles
"8112 Beryllium,chromium,hafnium,rhenium Etc & Articles",Asia - South,2008,2519,2519.0,8112,Refined/Articles
"8112 Beryllium,chromium,hafnium,rhenium Etc & Articles",Asia - South,2002,0,0.0,8112,Refined/Articles
"8112 Beryllium,chromium,hafnium,rhenium Etc & Articles",APEC - Asia Pacific Economic Co-operation,2005,172625520,171959161.0,8112,Refined/Articles
"8112 Beryllium,chromium,hafnium,rhenium Etc & Articles",APEC - Asia Pacific Economic Co-operation,2009,136584430,135980542.0,8112,Refined/Articles
"8112 Beryllium,chromium,hafnium,rhenium Etc & Articles",APEC - Asia Pacific Economic Co-operation,2007,164300805,164300805.0,8112,Refined/Articles
"8112 Beryllium,chromium,hafnium,rhenium Etc & Articles",APEC - Asia Pacific Economic Co-operation,2008,226654451,226070027.0,8112,Refined/Articles
"8112 Beryllium,chromium,hafnium,rhenium Etc & Articles",ASEAN - Association of Southeast Asian Nations,2001,226637,,8112,Refined/Articles
"8112 Beryllium,chromium,hafnium,rhenium Etc & Articles",ASEAN - Association of Southeast Asian Nations,2002,56032,56032.0,8112,Refined/Articles
"8112 Beryllium,chromium,hafnium,rhenium Etc & Articles",ASEAN - Association of Southeast Asian Nations,2003,168134,168134.0,8112,Refined/Articles
"8112 Beryllium,chromium,hafnium,rhenium Etc & Articles",ASEAN - Association of Southeast Asian Nations,2009,570551,570551.0,8112,Refined/Articles
"8112 Beryllium,chromium,hafnium,rhenium Etc & Articles",ASEAN - Association of Southeast Asian Nations,2008,890226,890226.0,8112,Refined/Articles
"8112 Beryllium,chromium,hafnium,rhenium Etc & Articles",ASEAN - Association of Southeast Asian Nations,2007,368764,368764.0,8112,Refined/Articles
"8112 Beryllium,chromium,hafnium,rhenium Etc & Articles",ASEAN - Association of Southeast Asian Nations,2010,1108083,1108083.0,8112,Refined/Articles
"8112 Beryllium,chromium,hafnium,rhenium Etc & Articles",APEC - Asia Pacific Economic Co-operation,2002,45967164,46350687.0,8112,Refined/Articles
"8112 Beryllium,chromium,hafnium,rhenium Etc & Articles",APEC - Asia Pacific Economic Co-operation,2003,55738896,55212549.0,8112,Refined/Articles
"8112 Beryllium,chromium,hafnium,rhenium Etc & Articles",APEC - Asia Pacific Economic Co-operation,2004,101608419,100313301.0,8112,Refined/Articles
"8112 Beryllium,chromium,hafnium,rhenium Etc & Articles",APEC - Asia Pacific Economic Co-operation,2001,58178960,,8112,Refined/Articles
"8112 Beryllium,chromium,hafnium,rhenium Etc & Articles",APEC - Asia Pacific Economic Co-operation,2010,210589286,209326353.0,8112,Refined/Articles
"8112 Beryllium,chromium,hafnium,rhenium Etc & Articles",APEC - Asia Pacific Economic Co-operation,2006,151795467,152299927.0,8112,Refined/Articles
"8112 Beryllium,chromium,hafnium,rhenium Etc & Articles",ASEAN - Association of Southeast Asian Nations,2006,1656987,1656987.0,8112,Refined/Articles
"8112 Beryllium,chromium,hafnium,rhenium Etc & Articles",ASEAN - Association of Southeast Asian Nations,2020,599250,599250.0,8112,Refined/Articles
850511 Permanent Magnets Made Of Metal,APEC - Asia Pacific Economic Co-operation,2012,334359836,332533189.0,850511,Advanced Product
850511 Permanent Magnets Made Of Metal,APEC - Asia Pacific Economic Co-operation,2019,336094056,317955818.0,850511,Advanced Product
850511 Permanent Magnets Made Of Metal,APEC - Asia Pacific Economic Co-operation,2020,280611259,268666300.0,850511,Advanced Product
850511 Permanent Magnets Made Of Metal,APEC - Asia Pacific Economic Co-operation,2015,243214499,235988782.0,850511,Advanced Product
850511 Permanent Magnets Made Of Metal,Asia - South,2008,914608,914608.0,850511,Advanced Product
850511 Permanent Magnets Made Of Metal,APEC - Asia Pacific Economic Co-operation,2016,240128901,226029509.0,850511,Advanced Product
850511 Permanent Magnets Made Of Metal,Asia - South,2007,529322,529322.0,850511,Advanced Product
850511 Permanent Magnets Made Of Metal,Asia - South,2006,518183,518183.0,850511,Advanced Product
850511 Permanent Magnets Made Of Metal,Asia - South,2005,812085,812085.0,850511,Advanced Product
850511 Permanent Magnets Made Of Metal,APEC - Asia Pacific Economic Co-operation,2013,276278520,275580225.0,850511,Advanced Product
850511 Permanent Magnets Made Of Metal,Asia - South,2004,439976,439976.0,850511,Advanced Product
850511 Permanent Magnets Made Of Metal,Asia - South,2003,728851,728851.0,850511,Advanced Product
850511 Permanent Magnets Made Of Metal,Asia - South,2002,498861,498861.0,850511,Advanced Product
850511 Permanent Magnets Made Of Metal,Asia - South,2009,557055,557055.0,850511,Advanced Product
850511 Permanent Magnets Made Of Metal,Asia - South,2001,123517,,850511,Advanced Product
850511 Permanent Magnets Made Of Metal,APEC - Asia Pacific Economic Co-operation,2011,303846851,298562345.0,850511,Advanced Product
850511 Permanent Magnets Made Of Metal,APEC - Asia Pacific Economic Co-operation,2018,342706323,324758985.0,850511,Advanced Product
850511 Permanent Magnets Made Of Metal,Asia - South,2010,1186826,1186826.0,850511,Advanced Product
850511 Permanent Magnets Made Of Metal,APEC - Asia Pacific Economic Co-operation,2014,257798628,257516785.0,850511,Advanced Product
850511 Permanent Magnets Made Of Metal,ASEAN - Association of Southeast Asian Nations,2010,10528992,10528992.0,850511,Advanced Product
850511 Permanent Magnets Made Of Metal,ASEAN - Association of Southeast Asian Nations,2009,4229476,4229476.0,850511,Advanced Product
850511 Permanent Magnets Made Of Metal,ASEAN - Association of Southeast Asian Nations,2008,5175441,5175441.0,850511,Advanced Product
850511 Permanent Magnets Made Of Metal,ASEAN - Association of Southeast Asian Nations,2007,5562182,5562182.0,850511,Advanced Product
850511 Permanent Magnets Made Of Metal,ASEAN - Association of Southeast Asian Nations,2006,4027616,4027616.0,850511,Advanced Product
850511 Permanent Magnets Made Of Metal,ASEAN - Association of Southeast Asian Nations,2005,1696437,1696437.0,850511,Advanced Product
850511 Permanent Magnets Made Of Metal,ASEAN - Association of Southeast Asian Nations,2004,973572,973572.0,850511,Advanced Product
850511 Permanent Magnets Made Of Metal,ASEAN - Association of Southeast Asian Nations,2003,1274369,1274369.0,850511,Advanced Product
850511 Permanent Magnets Made Of Metal,ASEAN - Association of Southeast Asian Nations,2002,1973135,1973135.0,850511,Advanced Product
850511 Permanent Magnets Made Of Metal,APEC - Asia Pacific Economic Co-operation,2017,263407274,245434916.0,850511,Advanced Product
850511 Permanent Magnets Made Of Metal,ASEAN - Association of Southeast Asian Nations,2001,2100325,,850511,Advanced Product
850511 Permanent Magnets Made Of Metal,APEC - Asia Pacific Economic Co-operation,2005,125196999,120282537.0,850511,Advanced Product
850511 Permanent Magnets Made Of Metal,APEC - Asia Pacific Economic Co-operation,2008,158117399,150433408.0,850511,Advanced Product
850511 Permanent Magnets Made Of Metal,APEC - Asia Pacific Economic Co-operation,2001,74416387,,850511,Advanced Product
850511 Permanent Magnets Made Of Metal,APEC - Asia Pacific Economic Co-operation,2007,154767410,147590340.0,850511,Advanced Product
850511 Permanent Magnets Made Of Metal,APEC - Asia Pacific Economic Co-operation,2003,116353379,113903044.0,850511,Advanced Product
850511 Permanent Magnets Made Of Metal,APEC - Asia Pacific Economic Co-operation,2010,158909548,154272226.0,850511,Advanced Product
850511 Permanent Magnets Made Of Metal,APEC - Asia Pacific Economic Co-operation,2004,108956272,103862917.0,850511,Advanced Product
850511 Permanent Magnets Made Of Metal,APEC - Asia Pacific Economic Co-operation,2009,103562145,99541134.0,850511,Advanced Product
850511 Permanent Magnets Made Of Metal,APEC - Asia Pacific Economic Co-operation,2002,159753050,156893704.0,850511,Advanced Product
850511 Permanent Magnets Made Of Metal,APEC - Asia Pacific Economic Co-operation,2006,135454319,129061933.0,850511,Advanced Product
850511 Permanent Magnets Made Of Metal,APEC - Asia Pacific Economic Co-operation,2023,498781538,483662640.0,850511,Advanced Product
850511 Permanent Magnets Made Of Metal,APEC - Asia Pacific Economic Co-operation,2024,412686682,404514901.0,850511,Advanced Product
850511 Permanent Magnets Made Of Metal,ASEAN - Association of Southeast Asian Nations,2020,14939536,14939536.0,850511,Advanced Product
850511 Permanent Magnets Made Of Metal,APEC - Asia Pacific Economic Co-operation,2025,158422320,154170527.0,850511,Advanced Product
850511 Permanent Magnets Made Of Metal,APEC - Asia Pacific Economic Co-operation,2022,591893240,573418262.0,850511,Advanced Product
850511 Permanent Magnets Made Of Metal,Asia - South,2025,1626564,1622809.0,850511,Advanced Product
850511 Permanent Magnets Made Of Metal,Asia - South,2024,1828334,1828334.0,850511,Advanced Product
850511 Permanent Magnets Made Of Metal,Asia - South,2023,1390531,1416254.0,850511,Advanced Product
850511 Permanent Magnets Made Of Metal,Asia - South,2022,1662126,1654045.0,850511,Advanced Product
850511 Permanent Magnets Made Of Metal,APEC - Asia Pacific Economic Co-operation,2021,442938764,431109701.0,850511,Advanced Product
850511 Permanent Magnets Made Of Metal,ASEAN - Association of Southeast Asian Nations,2011,25935662,25929827.0,850511,Advanced Product
850511 Permanent Magnets Made Of Metal,ASEAN - Association of Southeast Asian Nations,2013,18330536,18302708.0,850511,Advanced Product
850511 Permanent Magnets Made Of Metal,ASEAN - Association of Southeast Asian Nations,2014,36496859,36496859.0,850511,Advanced Product
850511 Permanent Magnets Made Of Metal,ASEAN - Association of Southeast Asian Nations,2015,30450062,30450062.0,850511,Advanced Product
850511 Permanent Magnets Made Of Metal,ASEAN - Association of Southeast Asian Nations,2016,22810507,22804805.0,850511,Advanced Product
850511 Permanent Magnets Made Of Metal,ASEAN - Association of Southeast Asian Nations,2017,24293461,24297740.0,850511,Advanced Product
850511 Permanent Magnets Made Of Metal,ASEAN - Association of Southeast Asian Nations,2018,28561212,28545814.0,850511,Advanced Product
850511 Permanent Magnets Made Of Metal,ASEAN - Association of Southeast Asian Nations,2019,25829747,25829747.0,850511,Advanced Product
850511 Permanent Magnets Made Of Metal,ASEAN - Association of Southeast Asian Nations,2012,36855546,36855546.0,850511,Advanced Product
850511 Permanent Magnets Made Of Metal,Asia - South,2021,1308901,1304671.0,850511,Advanced Product
850511 Permanent Magnets Made Of Metal,Asia - South,2016,534668,534668.0,850511,Advanced Product
850511 Permanent Magnets Made Of Metal,Asia - South,2015,719014,719014.0,850511,Advanced Product
850511 Permanent Magnets Made Of Metal,Asia - South,2014,811523,811523.0,850511,Advanced Product
850511 Permanent Magnets Made Of Metal,Asia - South,2013,560275,560275.0,850511,Advanced Product
850511 Permanent Magnets Made Of Metal,Asia - South,2012,764161,764161.0,850511,Advanced Product
850511 Permanent Magnets Made Of Metal,Asia - South,2011,680664,680664.0,850511,Advanced Product
850511 Permanent Magnets Made Of Metal,Asia - South,2017,1010761,1010761.0,850511,Advanced Product
850511 Permanent Magnets Made Of Metal,Asia - South,2018,1303430,1303430.0,850511,Advanced Product
850511 Permanent Magnets Made Of Metal,Asia - South,2019,1064004,1064004.0,850511,Advanced Product
850511 Permanent Magnets Made Of Metal,Asia - South,2020,1151434,1143699.0,850511,Advanced Product
850511 Permanent Magnets Made Of Metal,ASEAN - Association of Southeast Asian Nations,2025,7995943,7823628.0,850511,Advanced Product
850511 Permanent Magnets Made Of Metal,ASEAN - Association of Southeast Asian Nations,2024,20048337,20245171.0,850511,Advanced Product
850511 Permanent Magnets Made Of Metal,ASEAN - Association of Southeast Asian Nations,2023,14604167,14904477.0,850511,Advanced Product
850511 Permanent Magnets Made Of Metal,ASEAN - Association of Southeast Asian Nations,2022,14476211,14476211.0,850511,Advanced Product
850511 Permanent Magnets Made Of Metal,ASEAN - Association of Southeast Asian Nations,2021,18990095,18999155.0,850511,Advanced Product
"850650 Primary Cells And Batteries, Lithium",ASEAN - Association of Southeast Asian Nations,2006,14127456,14471809.0,850650,Other
"850650 Primary Cells And Batteries, Lithium",APEC - Asia Pacific Economic Co-operation,2021,258445659,262538255.0,850650,Other
"850650 Primary Cells And Batteries, Lithium",ASEAN - Association of Southeast Asian Nations,2007,12360415,12471891.0,850650,Other
"850650 Primary Cells And Batteries, Lithium",ASEAN - Association of Southeast Asian Nations,2021,103167803,107455410.0,850650,Other
"850650 Primary Cells And Batteries, Lithium",ASEAN - Association of Southeast Asian Nations,2005,5412813,5855524.0,850650,Other
"850650 Primary Cells And Batteries, Lithium",ASEAN - Association of Southeast Asian Nations,2008,12362275,12497711.0,850650,Other
"850650 Primary Cells And Batteries, Lithium",ASEAN - Association of Southeast Asian Nations,2009,10950807,10968091.0,850650,Other
"850650 Primary Cells And Batteries, Lithium",ASEAN - Association of Southeast Asian Nations,2025,45540949,48870653.0,850650,Other
"850650 Primary Cells And Batteries, Lithium",ASEAN - Association of Southeast Asian Nations,2024,104328385,114984650.0,850650,Other
"850650 Primary Cells And Batteries, Lithium",ASEAN - Association of Southeast Asian Nations,2023,145059774,151912208.0,850650,Other
"850650 Primary Cells And Batteries, Lithium",ASEAN - Association of Southeast Asian Nations,2022,114258538,122905309.0,850650,Other
"850650 Primary Cells And Batteries, Lithium",ASEAN - Association of Southeast Asian Nations,2017,93039052,93450826.0,850650,Other
"850650 Primary Cells And Batteries, Lithium",ASEAN - Association of Southeast Asian Nations,2010,12603231,12549804.0,850650,Other
"850650 Primary Cells And Batteries, Lithium",APEC - Asia Pacific Economic Co-operation,2020,231891645,234369941.0,850650,Other
"850650 Primary Cells And Batteries, Lithium",Asia - South,2021,69976,43336.0,850650,Other
"850650 Primary Cells And Batteries, Lithium",Asia - South,2022,147425,147425.0,850650,Other
"850650 Primary Cells And Batteries, Lithium",Asia - South,2023,681732,555094.0,850650,Other
"850650 Primary Cells And Batteries, Lithium",Asia - South,2024,322256,344738.0,850650,Other
"850650 Primary Cells And Batteries, Lithium",Asia - South,2025,12345,12345.0,850650,Other
"850650 Primary Cells And Batteries, Lithium",ASEAN - Association of Southeast Asian Nations,2012,37486746,37434890.0,850650,Other
"850650 Primary Cells And Batteries, Lithium",APEC - Asia Pacific Economic Co-operation,2023,340763122,348140661.0,850650,Other
"850650 Primary Cells And Batteries, Lithium",ASEAN - Association of Southeast Asian Nations,2004,6464629,6805488.0,850650,Other
"850650 Primary Cells And Batteries, Lithium",ASEAN - Association of Southeast Asian Nations,2003,5089646,5464026.0,850650,Other
"850650 Primary Cells And Batteries, Lithium",APEC - Asia Pacific Economic Co-operation,2022,305282026,313947536.0,850650,Other
"850650 Primary Cells And Batteries, Lithium",APEC - Asia Pacific Economic Co-operation,2013,205578617,205583329.0,850650,Other
"850650 Primary Cells And Batteries, Lithium",ASEAN - Association of Southeast Asian Nations,2013,50269181,50258926.0,850650,Other
"850650 Primary Cells And Batteries, Lithium",ASEAN - Association of Southeast Asian Nations,2014,80791839,80770750.0,850650,Other
"850650 Primary Cells And Batteries, Lithium",APEC - Asia Pacific Economic Co-operation,2024,302938201,314580576.0,850650,Other
"850650 Primary Cells And Batteries, Lithium",APEC - Asia Pacific Economic Co-operation,2015,225510613,224833197.0,850650,Other
"850650 Primary Cells And Batteries, Lithium",ASEAN - Association of Southeast Asian Nations,2015,82390451,82259145.0,850650,Other
"850650 Primary Cells And Batteries, Lithium",ASEAN - Association of Southeast Asian Nations,2016,67550676,67138881.0,850650,Other
"850650 Primary Cells And Batteries, Lithium",APEC - Asia Pacific Economic Co-operation,2017,288031294,287507955.0,850650,Other
"850650 Primary Cells And Batteries, Lithium",ASEAN - Association of Southeast Asian Nations,2018,116782923,119973706.0,850650,Other
"850650 Primary Cells And Batteries, Lithium",ASEAN - Association of Southeast Asian Nations,2019,96666016,98865862.0,850650,Other
"850650 Primary Cells And Batteries, Lithium",ASEAN - Association of Southeast Asian Nations,2020,91839865,94245385.0,850650,Other
"850650 Primary Cells And Batteries, Lithium",APEC - Asia Pacific Economic Co-operation,2025,141461268,144441690.0,850650,Other
"850650 Primary Cells And Batteries, Lithium",APEC - Asia Pacific Economic Co-operation,2011,189566864,187960079.0,850650,Other
"850650 Primary Cells And Batteries, Lithium",ASEAN - Association of Southeast Asian Nations,2011,16163549,16119710.0,850650,Other
"850650 Primary Cells And Batteries, Lithium",ASEAN - Association of Southeast Asian Nations,2002,4189363,4446083.0,850650,Other
"850650 Primary Cells And Batteries, Lithium",APEC - Asia Pacific Economic Co-operation,2009,123751582,123508751.0,850650,Other
"850650 Primary Cells And Batteries, Lithium",Asia - South,2020,20827,20827.0,850650,Other
"850650 Primary Cells And Batteries, Lithium",Asia - South,2019,30183,30183.0,850650,Other
"850650 Primary Cells And Batteries, Lithium",Asia - South,2018,111508,111508.0,850650,Other
"850650 Primary Cells And Batteries, Lithium",Asia - South,2017,385855,380107.0,850650,Other
"850650 Primary Cells And Batteries, Lithium",Asia - South,2016,517196,517196.0,850650,Other
"850650 Primary Cells And Batteries, Lithium",Asia - South,2015,66628,66628.0,850650,Other
"850650 Primary Cells And Batteries, Lithium",Asia - South,2014,119612,119612.0,850650,Other
"850650 Primary Cells And Batteries, Lithium",Asia - South,2012,102388,102388.0,850650,Other
"850650 Primary Cells And Batteries, Lithium",Asia - South,2011,40367,40367.0,850650,Other
"850650 Primary Cells And Batteries, Lithium",APEC - Asia Pacific Economic Co-operation,2012,192423938,194151463.0,850650,Other
"850650 Primary Cells And Batteries, Lithium",APEC - Asia Pacific Economic Co-operation,2018,302811535,305714354.0,850650,Other
"850650 Primary Cells And Batteries, Lithium",APEC - Asia Pacific Economic Co-operation,2014,243912062,243548218.0,850650,Other
"850650 Primary Cells And Batteries, Lithium",APEC - Asia Pacific Economic Co-operation,2019,243275547,245420992.0,850650,Other
"850650 Primary Cells And Batteries, Lithium",APEC - Asia Pacific Economic Co-operation,2006,156276358,151548661.0,850650,Other
"850650 Primary Cells And Batteries, Lithium",APEC - Asia Pacific Economic Co-operation,2003,95685613,95495246.0,850650,Other
"850650 Primary Cells And Batteries, Lithium",APEC - Asia Pacific Economic Co-operation,2005,126752995,126792682.0,850650,Other
"850650 Primary Cells And Batteries, Lithium",APEC - Asia Pacific Economic Co-operation,2007,154375307,153135442.0,850650,Other
"850650 Primary Cells And Batteries, Lithium",APEC - Asia Pacific Economic Co-operation,2004,101204184,100990627.0,850650,Other
"850650 Primary Cells And Batteries, Lithium",APEC - Asia Pacific Economic Co-operation,2002,94924264,94664351.0,850650,Other
"850650 Primary Cells And Batteries, Lithium",APEC - Asia Pacific Economic Co-operation,2001,85512740,,850650,Other
"850650 Primary Cells And Batteries, Lithium",APEC - Asia Pacific Economic Co-operation,2008,150521250,150688722.0,850650,Other
"850650 Primary Cells And Batteries, Lithium",APEC - Asia Pacific Economic Co-operation,2010,181296731,180188120.0,850650,Other
"850650 Primary Cells And Batteries, Lithium",Asia - South,2010,6076,6076.0,850650,Other
"850650 Primary Cells And Batteries, Lithium",Asia - South,2009,10400,10400.0,850650,Other
"850650 Primary Cells And Batteries, Lithium",Asia - South,2007,7540,7540.0,850650,Other
"850650 Primary Cells And Batteries, Lithium",Asia - South,2003,145976,145976.0,850650,Other
"850650 Primary Cells And Batteries, Lithium",Asia - South,2002,212481,212481.0,850650,Other
"850650 Primary Cells And Batteries, Lithium",Asia - South,2001,608440,,850650,Other
"850650 Primary Cells And Batteries, Lithium",APEC - Asia Pacific Economic Co-operation,2016,228911136,227561585.0,850650,Other
"850650 Primary Cells And Batteries, Lithium",ASEAN - Association of Southeast Asian Nations,2001,2343917,,850650,Other
