Commodities,Countries,Time,Customs Value (Gen) ($US) (Default Member),Customs Value (Cons) ($US),HS_Code,critical_mineral,CategoryType
74 Copper And Articles Thereof,Singapore,2024,25377765,25376605.0,74,Copper,Refined/Articles
74 Copper And Articles Thereof,Vietnam,2023,74108485,72991015.0,74,Copper,Refined/Articles
74 Copper And Articles Thereof,Thailand,2021,236742496,236800326.0,74,Copper,Refined/Articles
74 Copper And Articles Thereof,Taiwan,2022,321923940,321831607.0,74,Copper,Refined/Articles
74 Copper And Articles Thereof,Macau,2022,185961,185961.0,74,Copper,Refined/Articles
74 Copper And Articles Thereof,Singapore,2023,20526280,20539390.0,74,Copper,Refined/Articles
74 Copper And Articles Thereof,Philippines,2025,7899927,7902583.0,74,Copper,Refined/Articles
74 Copper And Articles Thereof,Philippines,2021,2337104,2330388.0,74,Copper,Refined/Articles
74 Copper And Articles Thereof,ASEAN - Association of Southeast Asian Nations,2023,375989215,374669014.0,74,Copper,Refined/Articles
74 Copper And Articles Thereof,Thailand,2023,226933677,226718846.0,74,Copper,Refined/Articles
74 Copper And Articles Thereof,Philippines,2023,1036715,1035705.0,74,Copper,Refined/Articles
74 Copper And Articles Thereof,APEC - Asia Pacific Economic Co-operation,2024,14200829105,14174655167.0,74,Copper,Refined/Articles
74 Copper And Articles Thereof,APEC - Asia Pacific Economic Co-operation,2025,10074242472,10083667243.0,74,Copper,Refined/Articles
74 Copper And Articles Thereof,APEC - Asia Pacific Economic Co-operation,2022,12473685649,12543299326.0,74,Copper,Refined/Articles
74 Copper And Articles Thereof,ASEAN - Association of Southeast Asian Nations,2024,652805504,651153658.0,74,Copper,Refined/Articles
74 Copper And Articles Thereof,APEC - Asia Pacific Economic Co-operation,2023,11778898930,11800119431.0,74,Copper,Refined/Articles
74 Copper And Articles Thereof,ASEAN - Association of Southeast Asian Nations,2022,575108684,574593273.0,74,Copper,Refined/Articles
74 Copper And Articles Thereof,APEC - Asia Pacific Economic Co-operation,2021,13451261563,13490106823.0,74,Copper,Refined/Articles
74 Copper And Articles Thereof,ASEAN - Association of Southeast Asian Nations,2025,426428007,425740385.0,74,Copper,Refined/Articles
74 Copper And Articles Thereof,Asia - South,2025,226658454,225251491.0,74,Copper,Refined/Articles
74 Copper And Articles Thereof,Asia - South,2022,273168507,273104188.0,74,Copper,Refined/Articles
74 Copper And Articles Thereof,Asia - South,2021,176342027,176380524.0,74,Copper,Refined/Articles
74 Copper And Articles Thereof,Asia - South,2024,265180491,264004750.0,74,Copper,Refined/Articles
74 Copper And Articles Thereof,Asia - South,2023,237311007,237296329.0,74,Copper,Refined/Articles
74 Copper And Articles Thereof,Vietnam,2024,129363837,128142078.0,74,Copper,Refined/Articles
74 Copper And Articles Thereof,Hong Kong,2021,2091315,2109287.0,74,Copper,Refined/Articles
74 Copper And Articles Thereof,ASEAN - Association of Southeast Asian Nations,2021,398289253,398150633.0,74,Copper,Refined/Articles
74 Copper And Articles Thereof,Malaysia,2025,89639363,89623189.0,74,Copper,Refined/Articles
74 Copper And Articles Thereof,Malaysia,2023,35265249,35265249.0,74,Copper,Refined/Articles
74 Copper And Articles Thereof,Japan,2023,187959691,181810480.0,74,Copper,Refined/Articles
74 Copper And Articles Thereof,Taiwan,2025,158726094,158857819.0,74,Copper,Refined/Articles
74 Copper And Articles Thereof,Indonesia,2025,11400701,11400701.0,74,Copper,Refined/Articles
74 Copper And Articles Thereof,Vietnam,2021,86305703,86113519.0,74,Copper,Refined/Articles
74 Copper And Articles Thereof,Vietnam,2022,99992092,99822845.0,74,Copper,Refined/Articles
74 Copper And Articles Thereof,Philippines,2024,1130527,1132773.0,74,Copper,Refined/Articles
74 Copper And Articles Thereof,Hong Kong,2024,1595110,1595110.0,74,Copper,Refined/Articles
74 Copper And Articles Thereof,Indonesia,2024,19865124,19865124.0,74,Copper,Refined/Articles
74 Copper And Articles Thereof,Cambodia,2025,29115,38990.0,74,Copper,Refined/Articles
74 Copper And Articles Thereof,Singapore,2021,18547049,18549499.0,74,Copper,Refined/Articles
74 Copper And Articles Thereof,"Korea, South",2023,591814791,591889334.0,74,Copper,Refined/Articles
74 Copper And Articles Thereof,Hong Kong,2023,3302592,3291648.0,74,Copper,Refined/Articles
74 Copper And Articles Thereof,"Korea, South",2021,458509401,458728071.0,74,Copper,Refined/Articles
74 Copper And Articles Thereof,Laos,2024,6346,6346.0,74,Copper,Refined/Articles
74 Copper And Articles Thereof,Taiwan,2021,256007706,255702970.0,74,Copper,Refined/Articles
74 Copper And Articles Thereof,Thailand,2025,229796628,229575745.0,74,Copper,Refined/Articles
74 Copper And Articles Thereof,Vietnam,2025,77969234,77506138.0,74,Copper,Refined/Articles
74 Copper And Articles Thereof,Japan,2025,218332052,221074583.0,74,Copper,Refined/Articles
74 Copper And Articles Thereof,Thailand,2024,344223060,343812148.0,74,Copper,Refined/Articles
74 Copper And Articles Thereof,Cambodia,2022,90224,90224.0,74,Copper,Refined/Articles
74 Copper And Articles Thereof,Singapore,2022,20945864,20926664.0,74,Copper,Refined/Articles
74 Copper And Articles Thereof,Malaysia,2022,65694824,65698729.0,74,Copper,Refined/Articles
74 Copper And Articles Thereof,Cambodia,2024,39572,37466.0,74,Copper,Refined/Articles
74 Copper And Articles Thereof,Thailand,2022,355559872,355228404.0,74,Copper,Refined/Articles
74 Copper And Articles Thereof,Macau,2025,52838,52838.0,74,Copper,Refined/Articles
74 Copper And Articles Thereof,Singapore,2025,9693039,9693039.0,74,Copper,Refined/Articles
74 Copper And Articles Thereof,Philippines,2022,1326898,1327497.0,74,Copper,Refined/Articles
74 Copper And Articles Thereof,Japan,2022,235985976,228234524.0,74,Copper,Refined/Articles
74 Copper And Articles Thereof,Indonesia,2021,24072482,24072482.0,74,Copper,Refined/Articles
74 Copper And Articles Thereof,Japan,2021,222467426,208792236.0,74,Copper,Refined/Articles
74 Copper And Articles Thereof,Japan,2024,187013848,192251906.0,74,Copper,Refined/Articles
74 Copper And Articles Thereof,Indonesia,2022,31498910,31498910.0,74,Copper,Refined/Articles
74 Copper And Articles Thereof,"Korea, South",2024,594568582,593123683.0,74,Copper,Refined/Articles
74 Copper And Articles Thereof,Malaysia,2021,30267041,30267041.0,74,Copper,Refined/Articles
74 Copper And Articles Thereof,Taiwan,2024,243887815,245479998.0,74,Copper,Refined/Articles
74 Copper And Articles Thereof,Hong Kong,2022,4568404,4568404.0,74,Copper,Refined/Articles
74 Copper And Articles Thereof,"Korea, South",2025,476948037,471960732.0,74,Copper,Refined/Articles
74 Copper And Articles Thereof,"Korea, South",2022,592306181,591122722.0,74,Copper,Refined/Articles
74 Copper And Articles Thereof,Cambodia,2021,17378,17378.0,74,Copper,Refined/Articles
74 Copper And Articles Thereof,Macau,2023,3000,3000.0,74,Copper,Refined/Articles
74 Copper And Articles Thereof,Hong Kong,2025,1864313,1732295.0,74,Copper,Refined/Articles
74 Copper And Articles Thereof,Indonesia,2023,18118809,18118809.0,74,Copper,Refined/Articles
74 Copper And Articles Thereof,Taiwan,2023,226881075,227345795.0,74,Copper,Refined/Articles
74 Copper And Articles Thereof,Malaysia,2024,132799273,132781118.0,74,Copper,Refined/Articles
74 Copper And Articles Thereof,Taiwan,2005,159906947,159797450.0,74,Copper,Refined/Articles
74 Copper And Articles Thereof,ASEAN - Association of Southeast Asian Nations,2004,94534718,93718856.0,74,Copper,Refined/Articles
74 Copper And Articles Thereof,Thailand,2015,52869291,52866645.0,74,Copper,Refined/Articles
74 Copper And Articles Thereof,Burma,2014,77111,77111.0,74,Copper,Refined/Articles
74 Copper And Articles Thereof,Taiwan,2014,171610808,171324636.0,74,Copper,Refined/Articles
74 Copper And Articles Thereof,APEC - Asia Pacific Economic Co-operation,2003,2967812021,3269395644.0,74,Copper,Refined/Articles
74 Copper And Articles Thereof,Cambodia,2012,6955,6955.0,74,Copper,Refined/Articles
74 Copper And Articles Thereof,Philippines,2018,1514051,1514051.0,74,Copper,Refined/Articles
74 Copper And Articles Thereof,APEC - Asia Pacific Economic Co-operation,2009,5443504082,5541169410.0,74,Copper,Refined/Articles
74 Copper And Articles Thereof,Taiwan,2012,165435769,165379863.0,74,Copper,Refined/Articles
74 Copper And Articles Thereof,Hong Kong,2003,3054224,3230526.0,74,Copper,Refined/Articles
74 Copper And Articles Thereof,Thailand,2007,63481921,63476762.0,74,Copper,Refined/Articles
74 Copper And Articles Thereof,Philippines,2008,4761069,4761069.0,74,Copper,Refined/Articles
74 Copper And Articles Thereof,"Korea, South",2006,126211433,126061694.0,74,Copper,Refined/Articles
74 Copper And Articles Thereof,Singapore,2019,12573780,12573780.0,74,Copper,Refined/Articles
74 Copper And Articles Thereof,Burma,2020,13740,5061.0,74,Copper,Refined/Articles
74 Copper And Articles Thereof,Hong Kong,2013,5866210,5863847.0,74,Copper,Refined/Articles
74 Copper And Articles Thereof,Indonesia,2007,10982897,10982897.0,74,Copper,Refined/Articles
74 Copper And Articles Thereof,Japan,2001,194627412,,74,Copper,Refined/Articles
74 Copper And Articles Thereof,Cambodia,2007,2750,2750.0,74,Copper,Refined/Articles
74 Copper And Articles Thereof,Japan,2002,135139047,134595116.0,74,Copper,Refined/Articles
74 Copper And Articles Thereof,"Korea, South",2010,190522534,190437482.0,74,Copper,Refined/Articles
74 Copper And Articles Thereof,Taiwan,2002,152788649,152649373.0,74,Copper,Refined/Articles
74 Copper And Articles Thereof,Singapore,2003,2326457,2181892.0,74,Copper,Refined/Articles
74 Copper And Articles Thereof,Malaysia,2003,19815427,19815427.0,74,Copper,Refined/Articles
74 Copper And Articles Thereof,Singapore,2015,7846457,7846457.0,74,Copper,Refined/Articles
74 Copper And Articles Thereof,Vietnam,2011,60658903,60658903.0,74,Copper,Refined/Articles
74 Copper And Articles Thereof,Taiwan,2018,203814034,203832999.0,74,Copper,Refined/Articles
74 Copper And Articles Thereof,Laos,2014,5040,5040.0,74,Copper,Refined/Articles
74 Copper And Articles Thereof,Malaysia,2006,108785788,99238342.0,74,Copper,Refined/Articles
74 Copper And Articles Thereof,Hong Kong,2009,3780945,3780945.0,74,Copper,Refined/Articles
74 Copper And Articles Thereof,"Korea, South",2005,83435299,83235876.0,74,Copper,Refined/Articles
74 Copper And Articles Thereof,Thailand,2013,65608827,65580298.0,74,Copper,Refined/Articles
74 Copper And Articles Thereof,Cambodia,2020,25217,25217.0,74,Copper,Refined/Articles
74 Copper And Articles Thereof,Indonesia,2019,14399392,14399392.0,74,Copper,Refined/Articles
74 Copper And Articles Thereof,APEC - Asia Pacific Economic Co-operation,2008,10257950561,10262641584.0,74,Copper,Refined/Articles
74 Copper And Articles Thereof,Singapore,2020,15211474,15211474.0,74,Copper,Refined/Articles
74 Copper And Articles Thereof,Indonesia,2008,12421083,12421083.0,74,Copper,Refined/Articles
74 Copper And Articles Thereof,Thailand,2009,34454212,34454212.0,74,Copper,Refined/Articles
74 Copper And Articles Thereof,APEC - Asia Pacific Economic Co-operation,2005,6485771736,6570278347.0,74,Copper,Refined/Articles
74 Copper And Articles Thereof,APEC - Asia Pacific Economic Co-operation,2001,3726429140,,74,Copper,Refined/Articles
74 Copper And Articles Thereof,Japan,2014,201463016,201083836.0,74,Copper,Refined/Articles
74 Copper And Articles Thereof,"Korea, South",2004,74200816,74200816.0,74,Copper,Refined/Articles
74 Copper And Articles Thereof,APEC - Asia Pacific Economic Co-operation,2006,11912015829,11875149322.0,74,Copper,Refined/Articles
74 Copper And Articles Thereof,Indonesia,2015,12791667,12791667.0,74,Copper,Refined/Articles
74 Copper And Articles Thereof,Vietnam,2015,46445339,46311946.0,74,Copper,Refined/Articles
74 Copper And Articles Thereof,Thailand,2004,43754380,43743515.0,74,Copper,Refined/Articles
74 Copper And Articles Thereof,Taiwan,2013,167170720,167007297.0,74,Copper,Refined/Articles
74 Copper And Articles Thereof,"Korea, South",2018,239607910,239437149.0,74,Copper,Refined/Articles
74 Copper And Articles Thereof,Philippines,2019,1578023,1642964.0,74,Copper,Refined/Articles
74 Copper And Articles Thereof,Japan,2012,173821099,172064719.0,74,Copper,Refined/Articles
74 Copper And Articles Thereof,Cambodia,2016,7922,7922.0,74,Copper,Refined/Articles
74 Copper And Articles Thereof,Taiwan,2010,131808904,131810157.0,74,Copper,Refined/Articles
74 Copper And Articles Thereof,Thailand,2003,34226971,34226971.0,74,Copper,Refined/Articles
74 Copper And Articles Thereof,Taiwan,2003,152960877,153261331.0,74,Copper,Refined/Articles
74 Copper And Articles Thereof,Asia - South,2002,60464967,60582949.0,74,Copper,Refined/Articles
74 Copper And Articles Thereof,Asia - South,2006,77551316,77528880.0,74,Copper,Refined/Articles
74 Copper And Articles Thereof,Burma,2015,5100,5100.0,74,Copper,Refined/Articles
74 Copper And Articles Thereof,Philippines,2020,1536070,1529237.0,74,Copper,Refined/Articles
74 Copper And Articles Thereof,ASEAN - Association of Southeast Asian Nations,2008,179894950,179875918.0,74,Copper,Refined/Articles
74 Copper And Articles Thereof,Asia - South,2007,72854216,72865624.0,74,Copper,Refined/Articles
74 Copper And Articles Thereof,Asia - South,2010,54246638,54061994.0,74,Copper,Refined/Articles
74 Copper And Articles Thereof,Burma,2016,2717,2717.0,74,Copper,Refined/Articles
74 Copper And Articles Thereof,Hong Kong,2004,6503683,6503683.0,74,Copper,Refined/Articles
74 Copper And Articles Thereof,Indonesia,2011,11110298,11110298.0,74,Copper,Refined/Articles
74 Copper And Articles Thereof,Brunei,2018,7560,7560.0,74,Copper,Refined/Articles
74 Copper And Articles Thereof,Macau,2017,148786,148786.0,74,Copper,Refined/Articles
74 Copper And Articles Thereof,Taiwan,2019,212678085,212392942.0,74,Copper,Refined/Articles
74 Copper And Articles Thereof,"Korea, South",2008,147245544,147134407.0,74,Copper,Refined/Articles
74 Copper And Articles Thereof,Macau,2008,9726,9726.0,74,Copper,Refined/Articles
74 Copper And Articles Thereof,"Korea, South",2007,136437570,136250369.0,74,Copper,Refined/Articles
74 Copper And Articles Thereof,Hong Kong,2015,5219039,5219039.0,74,Copper,Refined/Articles
74 Copper And Articles Thereof,Asia - South,2005,72206763,72214935.0,74,Copper,Refined/Articles
74 Copper And Articles Thereof,Asia - South,2008,66449066,66425245.0,74,Copper,Refined/Articles
74 Copper And Articles Thereof,Vietnam,2013,47542002,47542002.0,74,Copper,Refined/Articles
74 Copper And Articles Thereof,Philippines,2002,1663579,1663579.0,74,Copper,Refined/Articles
74 Copper And Articles Thereof,ASEAN - Association of Southeast Asian Nations,2003,61819223,61674658.0,74,Copper,Refined/Articles
74 Copper And Articles Thereof,Taiwan,2007,174784160,174804872.0,74,Copper,Refined/Articles
74 Copper And Articles Thereof,Malaysia,2002,18893299,17493027.0,74,Copper,Refined/Articles
74 Copper And Articles Thereof,Malaysia,2014,40037976,40037976.0,74,Copper,Refined/Articles
74 Copper And Articles Thereof,Japan,2019,309167339,281650707.0,74,Copper,Refined/Articles
74 Copper And Articles Thereof,Hong Kong,2020,1508216,1508216.0,74,Copper,Refined/Articles
74 Copper And Articles Thereof,Malaysia,2008,89894441,89901660.0,74,Copper,Refined/Articles
74 Copper And Articles Thereof,Hong Kong,2001,5752998,,74,Copper,Refined/Articles
74 Copper And Articles Thereof,Macau,2018,132604,132604.0,74,Copper,Refined/Articles
74 Copper And Articles Thereof,Laos,2008,15170,15170.0,74,Copper,Refined/Articles
74 Copper And Articles Thereof,APEC - Asia Pacific Economic Co-operation,2002,3291051983,3093388291.0,74,Copper,Refined/Articles
74 Copper And Articles Thereof,Macau,2013,2721,2721.0,74,Copper,Refined/Articles
74 Copper And Articles Thereof,Cambodia,2005,3880,3880.0,74,Copper,Refined/Articles
74 Copper And Articles Thereof,APEC - Asia Pacific Economic Co-operation,2007,11335093806,11334875734.0,74,Copper,Refined/Articles
74 Copper And Articles Thereof,Malaysia,2018,26339779,26336075.0,74,Copper,Refined/Articles
74 Copper And Articles Thereof,Japan,2013,218098240,217134496.0,74,Copper,Refined/Articles
74 Copper And Articles Thereof,APEC - Asia Pacific Economic Co-operation,2004,4312700404,4595919884.0,74,Copper,Refined/Articles
74 Copper And Articles Thereof,Thailand,2019,50868943,50912921.0,74,Copper,Refined/Articles
74 Copper And Articles Thereof,Hong Kong,2008,7271500,7271500.0,74,Copper,Refined/Articles
74 Copper And Articles Thereof,APEC - Asia Pacific Economic Co-operation,2010,7526092538,7687800463.0,74,Copper,Refined/Articles
74 Copper And Articles Thereof,Singapore,2002,1971544,1899888.0,74,Copper,Refined/Articles
74 Copper And Articles Thereof,Singapore,2006,5915363,5915363.0,74,Copper,Refined/Articles
74 Copper And Articles Thereof,Philippines,2010,2314108,2314108.0,74,Copper,Refined/Articles
74 Copper And Articles Thereof,Taiwan,2015,173640434,172741338.0,74,Copper,Refined/Articles
74 Copper And Articles Thereof,Cambodia,2019,8900,8900.0,74,Copper,Refined/Articles
74 Copper And Articles Thereof,Thailand,2020,78699291,78702998.0,74,Copper,Refined/Articles
74 Copper And Articles Thereof,Malaysia,2013,43840311,43840311.0,74,Copper,Refined/Articles
74 Copper And Articles Thereof,Philippines,2005,5244737,5244737.0,74,Copper,Refined/Articles
74 Copper And Articles Thereof,Indonesia,2013,12351442,12351442.0,74,Copper,Refined/Articles
74 Copper And Articles Thereof,Asia - South,2003,62737756,62822904.0,74,Copper,Refined/Articles
74 Copper And Articles Thereof,Asia - South,2017,100898754,101962941.0,74,Copper,Refined/Articles
74 Copper And Articles Thereof,Philippines,2003,859560,859560.0,74,Copper,Refined/Articles
74 Copper And Articles Thereof,Japan,2004,158363458,157312178.0,74,Copper,Refined/Articles
74 Copper And Articles Thereof,Vietnam,2018,150754539,150641203.0,74,Copper,Refined/Articles
74 Copper And Articles Thereof,Cambodia,2015,4985,4985.0,74,Copper,Refined/Articles
74 Copper And Articles Thereof,Philippines,2013,2547926,2538322.0,74,Copper,Refined/Articles
74 Copper And Articles Thereof,Hong Kong,2011,7183139,7177859.0,74,Copper,Refined/Articles
74 Copper And Articles Thereof,Hong Kong,2014,4031411,4018434.0,74,Copper,Refined/Articles
74 Copper And Articles Thereof,Taiwan,2016,159574746,158370829.0,74,Copper,Refined/Articles
74 Copper And Articles Thereof,Thailand,2018,53295024,53297789.0,74,Copper,Refined/Articles
74 Copper And Articles Thereof,Indonesia,2016,11173426,11173426.0,74,Copper,Refined/Articles
74 Copper And Articles Thereof,Japan,2018,270128259,262372727.0,74,Copper,Refined/Articles
74 Copper And Articles Thereof,Malaysia,2015,29329316,29327043.0,74,Copper,Refined/Articles
74 Copper And Articles Thereof,"Korea, South",2016,179151281,178984622.0,74,Copper,Refined/Articles
74 Copper And Articles Thereof,Philippines,2011,2234549,2234549.0,74,Copper,Refined/Articles
74 Copper And Articles Thereof,Singapore,2009,3469222,3469222.0,74,Copper,Refined/Articles
74 Copper And Articles Thereof,Malaysia,2016,21766445,21766445.0,74,Copper,Refined/Articles
74 Copper And Articles Thereof,Singapore,2014,8855123,8855123.0,74,Copper,Refined/Articles
74 Copper And Articles Thereof,Singapore,2012,8875765,8875765.0,74,Copper,Refined/Articles
74 Copper And Articles Thereof,Indonesia,2020,14409790,14409790.0,74,Copper,Refined/Articles
74 Copper And Articles Thereof,Singapore,2013,9415626,9393552.0,74,Copper,Refined/Articles
74 Copper And Articles Thereof,Vietnam,2017,118697731,118504475.0,74,Copper,Refined/Articles
74 Copper And Articles Thereof,"Korea, South",2019,246983389,247000170.0,74,Copper,Refined/Articles
74 Copper And Articles Thereof,Vietnam,2020,258844668,258590441.0,74,Copper,Refined/Articles
74 Copper And Articles Thereof,Brunei,2017,2600,2600.0,74,Copper,Refined/Articles
74 Copper And Articles Thereof,"Korea, South",2012,264670996,264576339.0,74,Copper,Refined/Articles
74 Copper And Articles Thereof,Philippines,2012,4067668,4067668.0,74,Copper,Refined/Articles
74 Copper And Articles Thereof,Malaysia,2020,20031609,20031609.0,74,Copper,Refined/Articles
74 Copper And Articles Thereof,Hong Kong,2019,2759841,2738828.0,74,Copper,Refined/Articles
74 Copper And Articles Thereof,Japan,2008,210791703,209698020.0,74,Copper,Refined/Articles
74 Copper And Articles Thereof,Singapore,2008,5793141,5793141.0,74,Copper,Refined/Articles
74 Copper And Articles Thereof,Hong Kong,2012,11247013,11247013.0,74,Copper,Refined/Articles
74 Copper And Articles Thereof,Vietnam,2005,357628,357628.0,74,Copper,Refined/Articles
74 Copper And Articles Thereof,Vietnam,2019,187992369,187890436.0,74,Copper,Refined/Articles
74 Copper And Articles Thereof,Burma,2017,5000,5000.0,74,Copper,Refined/Articles
74 Copper And Articles Thereof,Vietnam,2012,51297348,51297348.0,74,Copper,Refined/Articles
74 Copper And Articles Thereof,Burma,2019,50553,50553.0,74,Copper,Refined/Articles
74 Copper And Articles Thereof,Japan,2009,96518358,96268259.0,74,Copper,Refined/Articles
74 Copper And Articles Thereof,Taiwan,2020,188533836,188492548.0,74,Copper,Refined/Articles
74 Copper And Articles Thereof,Japan,2015,160605342,159835089.0,74,Copper,Refined/Articles
74 Copper And Articles Thereof,Philippines,2015,1737567,1737567.0,74,Copper,Refined/Articles
74 Copper And Articles Thereof,Japan,2017,212419611,184428980.0,74,Copper,Refined/Articles
74 Copper And Articles Thereof,Japan,2016,125012555,123605829.0,74,Copper,Refined/Articles
74 Copper And Articles Thereof,Indonesia,2018,12287655,12287655.0,74,Copper,Refined/Articles
74 Copper And Articles Thereof,Malaysia,2019,22902488,22902488.0,74,Copper,Refined/Articles
74 Copper And Articles Thereof,Vietnam,2016,84213242,84285248.0,74,Copper,Refined/Articles
74 Copper And Articles Thereof,Indonesia,2012,10738778,10738778.0,74,Copper,Refined/Articles
74 Copper And Articles Thereof,"Korea, South",2013,301598837,301479987.0,74,Copper,Refined/Articles
74 Copper And Articles Thereof,"Korea, South",2011,281302397,279397182.0,74,Copper,Refined/Articles
74 Copper And Articles Thereof,"Korea, South",2014,317694418,317620651.0,74,Copper,Refined/Articles
74 Copper And Articles Thereof,Brunei,2011,12067,12067.0,74,Copper,Refined/Articles
74 Copper And Articles Thereof,Thailand,2016,42739117,42726753.0,74,Copper,Refined/Articles
74 Copper And Articles Thereof,Thailand,2017,46077901,45958279.0,74,Copper,Refined/Articles
74 Copper And Articles Thereof,Mongolia,2007,29216,29216.0,74,Copper,Refined/Articles
74 Copper And Articles Thereof,Thailand,2014,62896418,62839091.0,74,Copper,Refined/Articles
74 Copper And Articles Thereof,Cambodia,2011,14202,14202.0,74,Copper,Refined/Articles
74 Copper And Articles Thereof,Philippines,2014,2335905,2335905.0,74,Copper,Refined/Articles
74 Copper And Articles Thereof,Hong Kong,2010,4660825,4660825.0,74,Copper,Refined/Articles
74 Copper And Articles Thereof,Thailand,2012,63892740,63780922.0,74,Copper,Refined/Articles
74 Copper And Articles Thereof,Taiwan,2006,178443475,178389189.0,74,Copper,Refined/Articles
74 Copper And Articles Thereof,Burma,2001,4115,,74,Copper,Refined/Articles
74 Copper And Articles Thereof,Cambodia,2001,9600,,74,Copper,Refined/Articles
74 Copper And Articles Thereof,Hong Kong,2016,5750874,5740796.0,74,Copper,Refined/Articles
74 Copper And Articles Thereof,Singapore,2001,3014317,,74,Copper,Refined/Articles
74 Copper And Articles Thereof,Taiwan,2008,149102498,149069711.0,74,Copper,Refined/Articles
74 Copper And Articles Thereof,Japan,2003,128482323,127826990.0,74,Copper,Refined/Articles
74 Copper And Articles Thereof,Cambodia,2009,10620,10620.0,74,Copper,Refined/Articles
74 Copper And Articles Thereof,Thailand,2011,70390740,70375659.0,74,Copper,Refined/Articles
74 Copper And Articles Thereof,ASEAN - Association of Southeast Asian Nations,2002,63893990,62260837.0,74,Copper,Refined/Articles
74 Copper And Articles Thereof,Thailand,2010,56194275,56194275.0,74,Copper,Refined/Articles
74 Copper And Articles Thereof,Hong Kong,2018,16645953,16681188.0,74,Copper,Refined/Articles
74 Copper And Articles Thereof,Hong Kong,2007,6831745,6831745.0,74,Copper,Refined/Articles
74 Copper And Articles Thereof,Singapore,2007,4649175,4649175.0,74,Copper,Refined/Articles
74 Copper And Articles Thereof,Vietnam,2014,53182291,53182291.0,74,Copper,Refined/Articles
74 Copper And Articles Thereof,Taiwan,2009,92457052,92397608.0,74,Copper,Refined/Articles
74 Copper And Articles Thereof,Taiwan,2017,177942098,177619247.0,74,Copper,Refined/Articles
74 Copper And Articles Thereof,ASEAN - Association of Southeast Asian Nations,2006,197791937,188244491.0,74,Copper,Refined/Articles
74 Copper And Articles Thereof,Thailand,2005,43235408,43165865.0,74,Copper,Refined/Articles
74 Copper And Articles Thereof,Philippines,2016,991592,991592.0,74,Copper,Refined/Articles
74 Copper And Articles Thereof,Thailand,2002,36603315,36442090.0,74,Copper,Refined/Articles
74 Copper And Articles Thereof,Singapore,2011,7336595,7336595.0,74,Copper,Refined/Articles
74 Copper And Articles Thereof,Vietnam,2004,238563,238563.0,74,Copper,Refined/Articles
74 Copper And Articles Thereof,Taiwan,2011,152173070,152143776.0,74,Copper,Refined/Articles
74 Copper And Articles Thereof,Cambodia,2014,4200,4200.0,74,Copper,Refined/Articles
74 Copper And Articles Thereof,Macau,2011,2913,2913.0,74,Copper,Refined/Articles
74 Copper And Articles Thereof,Hong Kong,2017,9515458,9515458.0,74,Copper,Refined/Articles
74 Copper And Articles Thereof,Malaysia,2011,103977109,103977109.0,74,Copper,Refined/Articles
74 Copper And Articles Thereof,Singapore,2018,10226427,10226427.0,74,Copper,Refined/Articles
74 Copper And Articles Thereof,Laos,2012,5300,5300.0,74,Copper,Refined/Articles
74 Copper And Articles Thereof,"Korea, South",2017,217290051,217164421.0,74,Copper,Refined/Articles
74 Copper And Articles Thereof,Vietnam,2009,1942412,1942412.0,74,Copper,Refined/Articles
74 Copper And Articles Thereof,Malaysia,2012,74862047,74862047.0,74,Copper,Refined/Articles
74 Copper And Articles Thereof,Philippines,2017,1344342,1349172.0,74,Copper,Refined/Articles
74 Copper And Articles Thereof,Macau,2012,14456,14456.0,74,Copper,Refined/Articles
74 Copper And Articles Thereof,"Korea, South",2020,270324819,269900186.0,74,Copper,Refined/Articles
74 Copper And Articles Thereof,Japan,2011,172224947,170318399.0,74,Copper,Refined/Articles
74 Copper And Articles Thereof,Cambodia,2013,2340,2340.0,74,Copper,Refined/Articles
74 Copper And Articles Thereof,Hong Kong,2006,5390530,5390530.0,74,Copper,Refined/Articles
74 Copper And Articles Thereof,Indonesia,2001,5288065,,74,Copper,Refined/Articles
74 Copper And Articles Thereof,Singapore,2016,8635909,8635909.0,74,Copper,Refined/Articles
74 Copper And Articles Thereof,Indonesia,2014,14920177,14920177.0,74,Copper,Refined/Articles
74 Copper And Articles Thereof,Indonesia,2017,11814437,11814437.0,74,Copper,Refined/Articles
74 Copper And Articles Thereof,Japan,2020,214657881,201618253.0,74,Copper,Refined/Articles
74 Copper And Articles Thereof,Malaysia,2017,24014268,24017323.0,74,Copper,Refined/Articles
74 Copper And Articles Thereof,Hong Kong,2002,4149764,4191762.0,74,Copper,Refined/Articles
74 Copper And Articles Thereof,Indonesia,2003,4468782,4468782.0,74,Copper,Refined/Articles
74 Copper And Articles Thereof,Singapore,2017,11219775,11219775.0,74,Copper,Refined/Articles
74 Copper And Articles Thereof,Vietnam,2006,245507,245507.0,74,Copper,Refined/Articles
74 Copper And Articles Thereof,"Korea, South",2015,254282588,253796013.0,74,Copper,Refined/Articles
74 Copper And Articles Thereof,Singapore,2005,2444110,2444110.0,74,Copper,Refined/Articles
74 Copper And Articles Thereof,Asia - South,2009,39046362,39015131.0,74,Copper,Refined/Articles
74 Copper And Articles Thereof,Japan,2006,230148699,229046332.0,74,Copper,Refined/Articles
74 Copper And Articles Thereof,Indonesia,2002,4694735,4694735.0,74,Copper,Refined/Articles
74 Copper And Articles Thereof,Asia - South,2018,112604328,112402629.0,74,Copper,Refined/Articles
74 Copper And Articles Thereof,Vietnam,2007,166393,166393.0,74,Copper,Refined/Articles
74 Copper And Articles Thereof,ASEAN - Association of Southeast Asian Nations,2001,80403258,,74,Copper,Refined/Articles
74 Copper And Articles Thereof,Malaysia,2005,55517851,53446653.0,74,Copper,Refined/Articles
74 Copper And Articles Thereof,Cambodia,2006,11000,11000.0,74,Copper,Refined/Articles
74 Copper And Articles Thereof,Vietnam,2008,1165406,1165406.0,74,Copper,Refined/Articles
74 Copper And Articles Thereof,Malaysia,2007,123052282,113421675.0,74,Copper,Refined/Articles
74 Copper And Articles Thereof,Philippines,2007,2668374,2668374.0,74,Copper,Refined/Articles
74 Copper And Articles Thereof,Indonesia,2006,11621339,11621339.0,74,Copper,Refined/Articles
74 Copper And Articles Thereof,Asia - South,2001,61219674,,74,Copper,Refined/Articles
74 Copper And Articles Thereof,Singapore,2004,2970590,2165593.0,74,Copper,Refined/Articles
74 Copper And Articles Thereof,ASEAN - Association of Southeast Asian Nations,2020,388771859,388505827.0,74,Copper,Refined/Articles
74 Copper And Articles Thereof,ASEAN - Association of Southeast Asian Nations,2009,93800840,93800840.0,74,Copper,Refined/Articles
74 Copper And Articles Thereof,Asia - South,2004,68055457,68116788.0,74,Copper,Refined/Articles
74 Copper And Articles Thereof,APEC - Asia Pacific Economic Co-operation,2018,8878306483,9056348325.0,74,Copper,Refined/Articles
74 Copper And Articles Thereof,Cambodia,2008,7416,7416.0,74,Copper,Refined/Articles
74 Copper And Articles Thereof,Indonesia,2010,12856684,12856684.0,74,Copper,Refined/Articles
74 Copper And Articles Thereof,Japan,2007,234394844,233002735.0,74,Copper,Refined/Articles
74 Copper And Articles Thereof,ASEAN - Association of Southeast Asian Nations,2005,113827131,111686390.0,74,Copper,Refined/Articles
74 Copper And Articles Thereof,APEC - Asia Pacific Economic Co-operation,2020,7619701011,7599311841.0,74,Copper,Refined/Articles
74 Copper And Articles Thereof,APEC - Asia Pacific Economic Co-operation,2011,9795159990,9988199064.0,74,Copper,Refined/Articles
74 Copper And Articles Thereof,ASEAN - Association of Southeast Asian Nations,2014,182314241,182256914.0,74,Copper,Refined/Articles
74 Copper And Articles Thereof,Thailand,2008,65837224,65810973.0,74,Copper,Refined/Articles
74 Copper And Articles Thereof,Thailand,2001,38163629,,74,Copper,Refined/Articles
74 Copper And Articles Thereof,Vietnam,2002,67518,67518.0,74,Copper,Refined/Articles
74 Copper And Articles Thereof,Taiwan,2004,169463842,169646529.0,74,Copper,Refined/Articles
74 Copper And Articles Thereof,Philippines,2006,7206939,7206939.0,74,Copper,Refined/Articles
74 Copper And Articles Thereof,Hong Kong,2005,5289155,5289155.0,74,Copper,Refined/Articles
74 Copper And Articles Thereof,ASEAN - Association of Southeast Asian Nations,2013,181308474,181248267.0,74,Copper,Refined/Articles
74 Copper And Articles Thereof,Taiwan,2001,161707093,,74,Copper,Refined/Articles
74 Copper And Articles Thereof,ASEAN - Association of Southeast Asian Nations,2019,290374448,290381434.0,74,Copper,Refined/Articles
74 Copper And Articles Thereof,Asia - South,2016,89946084,95677713.0,74,Copper,Refined/Articles
74 Copper And Articles Thereof,Brunei,2004,35149,35149.0,74,Copper,Refined/Articles
74 Copper And Articles Thereof,APEC - Asia Pacific Economic Co-operation,2017,8432447280,8370005516.0,74,Copper,Refined/Articles
74 Copper And Articles Thereof,Indonesia,2004,7362824,7362824.0,74,Copper,Refined/Articles
74 Copper And Articles Thereof,ASEAN - Association of Southeast Asian Nations,2010,206056566,206056566.0,74,Copper,Refined/Articles
74 Copper And Articles Thereof,ASEAN - Association of Southeast Asian Nations,2007,205003792,195368026.0,74,Copper,Refined/Articles
74 Copper And Articles Thereof,Laos,2001,20671,,74,Copper,Refined/Articles
74 Copper And Articles Thereof,Vietnam,2003,117824,117824.0,74,Copper,Refined/Articles
74 Copper And Articles Thereof,Laos,2010,3995,3995.0,74,Copper,Refined/Articles
74 Copper And Articles Thereof,Indonesia,2009,11420995,11420995.0,74,Copper,Refined/Articles
74 Copper And Articles Thereof,ASEAN - Association of Southeast Asian Nations,2017,213176054,212871061.0,74,Copper,Refined/Articles
74 Copper And Articles Thereof,Singapore,2010,8432609,8432609.0,74,Copper,Refined/Articles
74 Copper And Articles Thereof,Malaysia,2009,41063942,41063942.0,74,Copper,Refined/Articles
74 Copper And Articles Thereof,ASEAN - Association of Southeast Asian Nations,2018,254425035,254310760.0,74,Copper,Refined/Articles
74 Copper And Articles Thereof,Asia - South,2012,71094605,70269831.0,74,Copper,Refined/Articles
74 Copper And Articles Thereof,Asia - South,2019,109546255,109076262.0,74,Copper,Refined/Articles
74 Copper And Articles Thereof,APEC - Asia Pacific Economic Co-operation,2014,7945047302,7963881136.0,74,Copper,Refined/Articles
74 Copper And Articles Thereof,Laos,2006,2800,2800.0,74,Copper,Refined/Articles
74 Copper And Articles Thereof,Philippines,2001,14507529,,74,Copper,Refined/Articles
74 Copper And Articles Thereof,Asia - South,2013,74426020,74279421.0,74,Copper,Refined/Articles
74 Copper And Articles Thereof,Japan,2010,152934243,151642954.0,74,Copper,Refined/Articles
74 Copper And Articles Thereof,Philippines,2004,1499055,1499055.0,74,Copper,Refined/Articles
74 Copper And Articles Thereof,APEC - Asia Pacific Economic Co-operation,2013,8989478086,9023935952.0,74,Copper,Refined/Articles
74 Copper And Articles Thereof,"Korea, South",2001,45622615,,74,Copper,Refined/Articles
74 Copper And Articles Thereof,Thailand,2006,64003201,64003201.0,74,Copper,Refined/Articles
74 Copper And Articles Thereof,Indonesia,2005,7023517,7023517.0,74,Copper,Refined/Articles
74 Copper And Articles Thereof,Philippines,2009,1439437,1439437.0,74,Copper,Refined/Articles
74 Copper And Articles Thereof,"Korea, South",2009,78287800,78175790.0,74,Copper,Refined/Articles
74 Copper And Articles Thereof,Malaysia,2010,97763043,97763043.0,74,Copper,Refined/Articles
74 Copper And Articles Thereof,Cambodia,2003,4202,4202.0,74,Copper,Refined/Articles
74 Copper And Articles Thereof,"Korea, South",2002,37746931,37761027.0,74,Copper,Refined/Articles
74 Copper And Articles Thereof,Asia - South,2014,78778765,78607721.0,74,Copper,Refined/Articles
74 Copper And Articles Thereof,Asia - South,2020,101013201,101023963.0,74,Copper,Refined/Articles
74 Copper And Articles Thereof,Asia - South,2011,72595885,72385527.0,74,Copper,Refined/Articles
74 Copper And Articles Thereof,Macau,2004,2194,2194.0,74,Copper,Refined/Articles
74 Copper And Articles Thereof,Malaysia,2004,38674157,38674157.0,74,Copper,Refined/Articles
74 Copper And Articles Thereof,Macau,2007,3440,3440.0,74,Copper,Refined/Articles
74 Copper And Articles Thereof,ASEAN - Association of Southeast Asian Nations,2016,169530370,169590012.0,74,Copper,Refined/Articles
74 Copper And Articles Thereof,ASEAN - Association of Southeast Asian Nations,2012,213746601,213634783.0,74,Copper,Refined/Articles
74 Copper And Articles Thereof,Vietnam,2010,28491852,28491852.0,74,Copper,Refined/Articles
74 Copper And Articles Thereof,Macau,2003,9727,9727.0,74,Copper,Refined/Articles
74 Copper And Articles Thereof,ASEAN - Association of Southeast Asian Nations,2015,151029722,150891410.0,74,Copper,Refined/Articles
74 Copper And Articles Thereof,Japan,2005,159708612,158033213.0,74,Copper,Refined/Articles
74 Copper And Articles Thereof,Malaysia,2001,19395332,,74,Copper,Refined/Articles
74 Copper And Articles Thereof,APEC - Asia Pacific Economic Co-operation,2012,8623419537,8636264287.0,74,Copper,Refined/Articles
74 Copper And Articles Thereof,"Korea, South",2003,43187855,43187855.0,74,Copper,Refined/Articles
74 Copper And Articles Thereof,APEC - Asia Pacific Economic Co-operation,2019,7904943797,7863165323.0,74,Copper,Refined/Articles
74 Copper And Articles Thereof,Asia - South,2015,91985492,95975712.0,74,Copper,Refined/Articles
74 Copper And Articles Thereof,ASEAN - Association of Southeast Asian Nations,2011,255734463,255719382.0,74,Copper,Refined/Articles
74 Copper And Articles Thereof,APEC - Asia Pacific Economic Co-operation,2015,6802421267,6926070978.0,74,Copper,Refined/Articles
74 Copper And Articles Thereof,APEC - Asia Pacific Economic Co-operation,2016,6116883149,6144607203.0,74,Copper,Refined/Articles
75 Nickel And Articles Thereof,ASEAN - Association of Southeast Asian Nations,2021,21084378,21088772.0,75,Nickel,Refined/Articles
75 Nickel And Articles Thereof,"Korea, South",2004,961282,961282.0,75,Nickel,Refined/Articles
75 Nickel And Articles Thereof,Philippines,2018,61426,61426.0,75,Nickel,Refined/Articles
75 Nickel And Articles Thereof,Singapore,2013,7922250,7922250.0,75,Nickel,Refined/Articles
75 Nickel And Articles Thereof,Malaysia,2009,252898,252898.0,75,Nickel,Refined/Articles
75 Nickel And Articles Thereof,Singapore,2008,5061935,5055458.0,75,Nickel,Refined/Articles
75 Nickel And Articles Thereof,Japan,2004,21798120,21841078.0,75,Nickel,Refined/Articles
75 Nickel And Articles Thereof,Malaysia,2016,374006,374006.0,75,Nickel,Refined/Articles
75 Nickel And Articles Thereof,Thailand,2005,64066,64066.0,75,Nickel,Refined/Articles
75 Nickel And Articles Thereof,Thailand,2007,72461,72461.0,75,Nickel,Refined/Articles
75 Nickel And Articles Thereof,Taiwan,2008,10880296,10868673.0,75,Nickel,Refined/Articles
75 Nickel And Articles Thereof,Singapore,2018,16659434,16666333.0,75,Nickel,Refined/Articles
75 Nickel And Articles Thereof,Thailand,2006,38179,38179.0,75,Nickel,Refined/Articles
75 Nickel And Articles Thereof,Japan,2015,110382709,112737915.0,75,Nickel,Refined/Articles
75 Nickel And Articles Thereof,APEC - Asia Pacific Economic Co-operation,2011,2547474967,2550236707.0,75,Nickel,Refined/Articles
75 Nickel And Articles Thereof,Taiwan,2021,20078925,22894531.0,75,Nickel,Refined/Articles
75 Nickel And Articles Thereof,Malaysia,2003,124885,124885.0,75,Nickel,Refined/Articles
75 Nickel And Articles Thereof,Taiwan,2020,27356230,27568504.0,75,Nickel,Refined/Articles
75 Nickel And Articles Thereof,Hong Kong,2021,47985,47985.0,75,Nickel,Refined/Articles
75 Nickel And Articles Thereof,Indonesia,2013,10182441,10182441.0,75,Nickel,Refined/Articles
75 Nickel And Articles Thereof,Taiwan,2013,48766699,48754033.0,75,Nickel,Refined/Articles
75 Nickel And Articles Thereof,Vietnam,2020,66611,57822.0,75,Nickel,Refined/Articles
75 Nickel And Articles Thereof,ASEAN - Association of Southeast Asian Nations,2024,77877580,79173348.0,75,Nickel,Refined/Articles
75 Nickel And Articles Thereof,Malaysia,2010,2468496,2468496.0,75,Nickel,Refined/Articles
75 Nickel And Articles Thereof,Thailand,2009,442661,442661.0,75,Nickel,Refined/Articles
75 Nickel And Articles Thereof,Indonesia,2012,9898532,9898532.0,75,Nickel,Refined/Articles
75 Nickel And Articles Thereof,APEC - Asia Pacific Economic Co-operation,2013,1691409976,1687195077.0,75,Nickel,Refined/Articles
75 Nickel And Articles Thereof,Malaysia,2013,318066,318066.0,75,Nickel,Refined/Articles
75 Nickel And Articles Thereof,APEC - Asia Pacific Economic Co-operation,2006,2368943382,2369180769.0,75,Nickel,Refined/Articles
75 Nickel And Articles Thereof,Indonesia,2007,1605002,1605002.0,75,Nickel,Refined/Articles
75 Nickel And Articles Thereof,Singapore,2007,2496551,2496551.0,75,Nickel,Refined/Articles
75 Nickel And Articles Thereof,Hong Kong,2005,214930,214930.0,75,Nickel,Refined/Articles
75 Nickel And Articles Thereof,Malaysia,2002,56234,56234.0,75,Nickel,Refined/Articles
75 Nickel And Articles Thereof,Thailand,2003,43432,43432.0,75,Nickel,Refined/Articles
75 Nickel And Articles Thereof,Hong Kong,2019,130277,130277.0,75,Nickel,Refined/Articles
75 Nickel And Articles Thereof,Singapore,2015,5215232,5215232.0,75,Nickel,Refined/Articles
75 Nickel And Articles Thereof,Taiwan,2010,13435345,13435345.0,75,Nickel,Refined/Articles
75 Nickel And Articles Thereof,Japan,2018,121148255,122032945.0,75,Nickel,Refined/Articles
75 Nickel And Articles Thereof,APEC - Asia Pacific Economic Co-operation,2019,1611668349,1674646485.0,75,Nickel,Refined/Articles
75 Nickel And Articles Thereof,Taiwan,2011,17513117,17513117.0,75,Nickel,Refined/Articles
75 Nickel And Articles Thereof,ASEAN - Association of Southeast Asian Nations,2018,26515199,35440965.0,75,Nickel,Refined/Articles
75 Nickel And Articles Thereof,ASEAN - Association of Southeast Asian Nations,2001,4717496,,75,Nickel,Refined/Articles
75 Nickel And Articles Thereof,Asia - South,2025,19112966,19689151.0,75,Nickel,Refined/Articles
75 Nickel And Articles Thereof,APEC - Asia Pacific Economic Co-operation,2012,2035275672,2040339363.0,75,Nickel,Refined/Articles
75 Nickel And Articles Thereof,Malaysia,2006,403102,403102.0,75,Nickel,Refined/Articles
75 Nickel And Articles Thereof,ASEAN - Association of Southeast Asian Nations,2010,39262671,39262671.0,75,Nickel,Refined/Articles
75 Nickel And Articles Thereof,Japan,2013,68933168,65426224.0,75,Nickel,Refined/Articles
75 Nickel And Articles Thereof,"Korea, South",2006,460937,460937.0,75,Nickel,Refined/Articles
75 Nickel And Articles Thereof,"Korea, South",2023,21236248,20881925.0,75,Nickel,Refined/Articles
75 Nickel And Articles Thereof,Philippines,2016,3995,3995.0,75,Nickel,Refined/Articles
75 Nickel And Articles Thereof,Japan,2009,43544666,43503727.0,75,Nickel,Refined/Articles
75 Nickel And Articles Thereof,"Korea, South",2022,18722055,18522181.0,75,Nickel,Refined/Articles
75 Nickel And Articles Thereof,Malaysia,2001,145191,,75,Nickel,Refined/Articles
75 Nickel And Articles Thereof,ASEAN - Association of Southeast Asian Nations,2025,32917598,32959515.0,75,Nickel,Refined/Articles
75 Nickel And Articles Thereof,Philippines,2021,17701,17701.0,75,Nickel,Refined/Articles
75 Nickel And Articles Thereof,ASEAN - Association of Southeast Asian Nations,2004,1575193,1575193.0,75,Nickel,Refined/Articles
75 Nickel And Articles Thereof,Indonesia,2020,9376413,9376413.0,75,Nickel,Refined/Articles
75 Nickel And Articles Thereof,Thailand,2014,25768,25768.0,75,Nickel,Refined/Articles
75 Nickel And Articles Thereof,Philippines,2019,16739,16739.0,75,Nickel,Refined/Articles
75 Nickel And Articles Thereof,"Korea, South",2012,35059685,35059685.0,75,Nickel,Refined/Articles
75 Nickel And Articles Thereof,Taiwan,2007,9517713,9517713.0,75,Nickel,Refined/Articles
75 Nickel And Articles Thereof,Singapore,2014,11425072,11425072.0,75,Nickel,Refined/Articles
75 Nickel And Articles Thereof,Singapore,2022,24106276,24105610.0,75,Nickel,Refined/Articles
75 Nickel And Articles Thereof,Malaysia,2025,8339738,8460874.0,75,Nickel,Refined/Articles
75 Nickel And Articles Thereof,Vietnam,2011,331464,331464.0,75,Nickel,Refined/Articles
75 Nickel And Articles Thereof,ASEAN - Association of Southeast Asian Nations,2015,16986177,16986177.0,75,Nickel,Refined/Articles
75 Nickel And Articles Thereof,Japan,2024,212525150,215004538.0,75,Nickel,Refined/Articles
75 Nickel And Articles Thereof,Taiwan,2016,24791510,24797511.0,75,Nickel,Refined/Articles
75 Nickel And Articles Thereof,Cambodia,2022,5869,5869.0,75,Nickel,Refined/Articles
75 Nickel And Articles Thereof,ASEAN - Association of Southeast Asian Nations,2011,46747233,46747233.0,75,Nickel,Refined/Articles
75 Nickel And Articles Thereof,"Korea, South",2011,4267444,4267444.0,75,Nickel,Refined/Articles
75 Nickel And Articles Thereof,"Korea, South",2016,12758990,12758990.0,75,Nickel,Refined/Articles
75 Nickel And Articles Thereof,Japan,2025,103701798,107421002.0,75,Nickel,Refined/Articles
75 Nickel And Articles Thereof,Hong Kong,2020,106267,106267.0,75,Nickel,Refined/Articles
75 Nickel And Articles Thereof,ASEAN - Association of Southeast Asian Nations,2019,41014957,41044826.0,75,Nickel,Refined/Articles
75 Nickel And Articles Thereof,Macau,2018,3545,3545.0,75,Nickel,Refined/Articles
75 Nickel And Articles Thereof,Vietnam,2021,84328,88722.0,75,Nickel,Refined/Articles
75 Nickel And Articles Thereof,Japan,2022,145589592,149050603.0,75,Nickel,Refined/Articles
75 Nickel And Articles Thereof,Philippines,2015,2839,2839.0,75,Nickel,Refined/Articles
75 Nickel And Articles Thereof,Singapore,2011,36681553,36681553.0,75,Nickel,Refined/Articles
75 Nickel And Articles Thereof,Hong Kong,2016,3188492,3188492.0,75,Nickel,Refined/Articles
75 Nickel And Articles Thereof,Malaysia,2005,3132,3132.0,75,Nickel,Refined/Articles
75 Nickel And Articles Thereof,Vietnam,2025,1217462,1160252.0,75,Nickel,Refined/Articles
75 Nickel And Articles Thereof,Singapore,2004,1130065,1130065.0,75,Nickel,Refined/Articles
75 Nickel And Articles Thereof,Indonesia,2024,29144706,29144706.0,75,Nickel,Refined/Articles
75 Nickel And Articles Thereof,Vietnam,2017,63812,63812.0,75,Nickel,Refined/Articles
75 Nickel And Articles Thereof,Thailand,2019,186375,186375.0,75,Nickel,Refined/Articles
75 Nickel And Articles Thereof,Singapore,2024,32604998,32625344.0,75,Nickel,Refined/Articles
75 Nickel And Articles Thereof,Philippines,2017,68252,68252.0,75,Nickel,Refined/Articles
75 Nickel And Articles Thereof,Vietnam,2012,5741,5741.0,75,Nickel,Refined/Articles
75 Nickel And Articles Thereof,Hong Kong,2014,2061758,2061758.0,75,Nickel,Refined/Articles
75 Nickel And Articles Thereof,Indonesia,2015,10071231,10071231.0,75,Nickel,Refined/Articles
75 Nickel And Articles Thereof,Indonesia,2014,20218093,20218093.0,75,Nickel,Refined/Articles
75 Nickel And Articles Thereof,Indonesia,2023,12054303,12054303.0,75,Nickel,Refined/Articles
75 Nickel And Articles Thereof,Malaysia,2019,1414513,1414513.0,75,Nickel,Refined/Articles
75 Nickel And Articles Thereof,Malaysia,2018,430286,9353547.0,75,Nickel,Refined/Articles
75 Nickel And Articles Thereof,Japan,2020,95359672,102168276.0,75,Nickel,Refined/Articles
75 Nickel And Articles Thereof,Hong Kong,2011,1741173,1722057.0,75,Nickel,Refined/Articles
75 Nickel And Articles Thereof,Hong Kong,2003,196013,196013.0,75,Nickel,Refined/Articles
75 Nickel And Articles Thereof,Hong Kong,2006,287658,287658.0,75,Nickel,Refined/Articles
75 Nickel And Articles Thereof,ASEAN - Association of Southeast Asian Nations,2022,41538321,41305217.0,75,Nickel,Refined/Articles
75 Nickel And Articles Thereof,Thailand,2013,17064,17064.0,75,Nickel,Refined/Articles
75 Nickel And Articles Thereof,Singapore,2001,4392032,,75,Nickel,Refined/Articles
75 Nickel And Articles Thereof,Singapore,2002,354915,354915.0,75,Nickel,Refined/Articles
75 Nickel And Articles Thereof,APEC - Asia Pacific Economic Co-operation,2020,1410620429,1414627660.0,75,Nickel,Refined/Articles
75 Nickel And Articles Thereof,Taiwan,2002,2886423,1069271.0,75,Nickel,Refined/Articles
75 Nickel And Articles Thereof,Japan,2002,33754878,33754878.0,75,Nickel,Refined/Articles
75 Nickel And Articles Thereof,Indonesia,2025,10211752,10211752.0,75,Nickel,Refined/Articles
75 Nickel And Articles Thereof,Singapore,2023,59546779,59559433.0,75,Nickel,Refined/Articles
75 Nickel And Articles Thereof,Indonesia,2006,1051672,1051672.0,75,Nickel,Refined/Articles
75 Nickel And Articles Thereof,Malaysia,2023,29770141,33912749.0,75,Nickel,Refined/Articles
75 Nickel And Articles Thereof,ASEAN - Association of Southeast Asian Nations,2020,21780854,21772065.0,75,Nickel,Refined/Articles
75 Nickel And Articles Thereof,ASEAN - Association of Southeast Asian Nations,2013,18487219,18487219.0,75,Nickel,Refined/Articles
75 Nickel And Articles Thereof,Japan,2016,87161792,86690376.0,75,Nickel,Refined/Articles
75 Nickel And Articles Thereof,Hong Kong,2002,112136,112136.0,75,Nickel,Refined/Articles
75 Nickel And Articles Thereof,Hong Kong,2010,136239,116325.0,75,Nickel,Refined/Articles
75 Nickel And Articles Thereof,Vietnam,2024,509829,520539.0,75,Nickel,Refined/Articles
75 Nickel And Articles Thereof,ASEAN - Association of Southeast Asian Nations,2012,19293816,19293816.0,75,Nickel,Refined/Articles
75 Nickel And Articles Thereof,Indonesia,2008,382210,382210.0,75,Nickel,Refined/Articles
75 Nickel And Articles Thereof,Indonesia,2004,345419,345419.0,75,Nickel,Refined/Articles
75 Nickel And Articles Thereof,Indonesia,2009,209067,209067.0,75,Nickel,Refined/Articles
75 Nickel And Articles Thereof,Hong Kong,2004,161177,161177.0,75,Nickel,Refined/Articles
75 Nickel And Articles Thereof,Thailand,2020,240180,240180.0,75,Nickel,Refined/Articles
75 Nickel And Articles Thereof,Thailand,2021,35196,35196.0,75,Nickel,Refined/Articles
75 Nickel And Articles Thereof,Japan,2001,36019634,,75,Nickel,Refined/Articles
75 Nickel And Articles Thereof,Vietnam,2023,246780,242385.0,75,Nickel,Refined/Articles
75 Nickel And Articles Thereof,ASEAN - Association of Southeast Asian Nations,2017,23870789,23870789.0,75,Nickel,Refined/Articles
75 Nickel And Articles Thereof,Taiwan,2018,28647901,29015495.0,75,Nickel,Refined/Articles
75 Nickel And Articles Thereof,Japan,2023,244851523,251311500.0,75,Nickel,Refined/Articles
75 Nickel And Articles Thereof,"Korea, South",2010,28699055,28699055.0,75,Nickel,Refined/Articles
75 Nickel And Articles Thereof,Malaysia,2020,2359360,2359360.0,75,Nickel,Refined/Articles
75 Nickel And Articles Thereof,Malaysia,2004,77981,77981.0,75,Nickel,Refined/Articles
75 Nickel And Articles Thereof,Vietnam,2013,47398,47398.0,75,Nickel,Refined/Articles
75 Nickel And Articles Thereof,Vietnam,2015,23611,23611.0,75,Nickel,Refined/Articles
75 Nickel And Articles Thereof,Singapore,2010,36680768,36680768.0,75,Nickel,Refined/Articles
75 Nickel And Articles Thereof,Japan,2012,74870863,73707679.0,75,Nickel,Refined/Articles
75 Nickel And Articles Thereof,Thailand,2001,85898,,75,Nickel,Refined/Articles
75 Nickel And Articles Thereof,"Korea, South",2015,13104283,13104283.0,75,Nickel,Refined/Articles
75 Nickel And Articles Thereof,"Korea, South",2008,3216691,3216691.0,75,Nickel,Refined/Articles
75 Nickel And Articles Thereof,ASEAN - Association of Southeast Asian Nations,2003,13596279,13596279.0,75,Nickel,Refined/Articles
75 Nickel And Articles Thereof,"Korea, South",2002,427638,427638.0,75,Nickel,Refined/Articles
75 Nickel And Articles Thereof,Japan,2021,78571412,87846865.0,75,Nickel,Refined/Articles
75 Nickel And Articles Thereof,Thailand,2010,73117,73117.0,75,Nickel,Refined/Articles
75 Nickel And Articles Thereof,Singapore,2025,12864873,12867178.0,75,Nickel,Refined/Articles
75 Nickel And Articles Thereof,APEC - Asia Pacific Economic Co-operation,2001,654118098,,75,Nickel,Refined/Articles
75 Nickel And Articles Thereof,APEC - Asia Pacific Economic Co-operation,2002,677961571,676141108.0,75,Nickel,Refined/Articles
75 Nickel And Articles Thereof,Asia - South,2016,6415966,6428700.0,75,Nickel,Refined/Articles
75 Nickel And Articles Thereof,Hong Kong,2007,349041,349041.0,75,Nickel,Refined/Articles
75 Nickel And Articles Thereof,Thailand,2022,43654,43654.0,75,Nickel,Refined/Articles
75 Nickel And Articles Thereof,Singapore,2003,13089099,13089099.0,75,Nickel,Refined/Articles
75 Nickel And Articles Thereof,Philippines,2025,6191,6191.0,75,Nickel,Refined/Articles
75 Nickel And Articles Thereof,Philippines,2022,11834,11834.0,75,Nickel,Refined/Articles
75 Nickel And Articles Thereof,"Korea, South",2013,25396008,25364424.0,75,Nickel,Refined/Articles
75 Nickel And Articles Thereof,Thailand,2011,206251,206251.0,75,Nickel,Refined/Articles
75 Nickel And Articles Thereof,Japan,2007,54312422,54662884.0,75,Nickel,Refined/Articles
75 Nickel And Articles Thereof,"Korea, South",2009,15613058,15613058.0,75,Nickel,Refined/Articles
75 Nickel And Articles Thereof,Asia - South,2006,2127691,2124339.0,75,Nickel,Refined/Articles
75 Nickel And Articles Thereof,Taiwan,2024,71327383,70838625.0,75,Nickel,Refined/Articles
75 Nickel And Articles Thereof,Indonesia,2005,87769,87769.0,75,Nickel,Refined/Articles
75 Nickel And Articles Thereof,Hong Kong,2015,421306,421306.0,75,Nickel,Refined/Articles
75 Nickel And Articles Thereof,Hong Kong,2013,311689,311689.0,75,Nickel,Refined/Articles
75 Nickel And Articles Thereof,Singapore,2017,11018883,11018883.0,75,Nickel,Refined/Articles
75 Nickel And Articles Thereof,ASEAN - Association of Southeast Asian Nations,2002,787922,787922.0,75,Nickel,Refined/Articles
75 Nickel And Articles Thereof,Taiwan,2023,50990996,54980610.0,75,Nickel,Refined/Articles
75 Nickel And Articles Thereof,Thailand,2025,277582,253268.0,75,Nickel,Refined/Articles
75 Nickel And Articles Thereof,Singapore,2009,3922697,3922697.0,75,Nickel,Refined/Articles
75 Nickel And Articles Thereof,Vietnam,2019,67787,61194.0,75,Nickel,Refined/Articles
75 Nickel And Articles Thereof,"Korea, South",2014,31702453,31702453.0,75,Nickel,Refined/Articles
75 Nickel And Articles Thereof,APEC - Asia Pacific Economic Co-operation,2005,1509838793,1509331287.0,75,Nickel,Refined/Articles
75 Nickel And Articles Thereof,Singapore,2016,5938460,5938460.0,75,Nickel,Refined/Articles
75 Nickel And Articles Thereof,Philippines,2023,7605,7605.0,75,Nickel,Refined/Articles
75 Nickel And Articles Thereof,Asia - South,2014,7319125,7316595.0,75,Nickel,Refined/Articles
75 Nickel And Articles Thereof,APEC - Asia Pacific Economic Co-operation,2009,1146517328,1140370332.0,75,Nickel,Refined/Articles
75 Nickel And Articles Thereof,"Korea, South",2017,9060526,9053221.0,75,Nickel,Refined/Articles
75 Nickel And Articles Thereof,ASEAN - Association of Southeast Asian Nations,2009,4827323,4827323.0,75,Nickel,Refined/Articles
75 Nickel And Articles Thereof,"Korea, South",2019,9718951,9726273.0,75,Nickel,Refined/Articles
75 Nickel And Articles Thereof,APEC - Asia Pacific Economic Co-operation,2010,1813128922,1818923147.0,75,Nickel,Refined/Articles
75 Nickel And Articles Thereof,Japan,2017,97485798,96894919.0,75,Nickel,Refined/Articles
75 Nickel And Articles Thereof,"Korea, South",2001,201154,,75,Nickel,Refined/Articles
75 Nickel And Articles Thereof,Taiwan,2006,4973167,4973167.0,75,Nickel,Refined/Articles
75 Nickel And Articles Thereof,Malaysia,2007,679314,679314.0,75,Nickel,Refined/Articles
75 Nickel And Articles Thereof,Hong Kong,2008,61510,61510.0,75,Nickel,Refined/Articles
75 Nickel And Articles Thereof,Taiwan,2015,62440248,62384680.0,75,Nickel,Refined/Articles
75 Nickel And Articles Thereof,Asia - South,2017,8798978,8659316.0,75,Nickel,Refined/Articles
75 Nickel And Articles Thereof,Singapore,2020,9574606,9574606.0,75,Nickel,Refined/Articles
75 Nickel And Articles Thereof,Malaysia,2014,1312205,1312205.0,75,Nickel,Refined/Articles
75 Nickel And Articles Thereof,Hong Kong,2012,37400,37400.0,75,Nickel,Refined/Articles
75 Nickel And Articles Thereof,Thailand,2023,1951538,1900634.0,75,Nickel,Refined/Articles
75 Nickel And Articles Thereof,Philippines,2020,163684,163684.0,75,Nickel,Refined/Articles
75 Nickel And Articles Thereof,Asia - South,2002,785783,785783.0,75,Nickel,Refined/Articles
75 Nickel And Articles Thereof,Thailand,2018,20588,20588.0,75,Nickel,Refined/Articles
75 Nickel And Articles Thereof,Malaysia,2011,997536,997536.0,75,Nickel,Refined/Articles
75 Nickel And Articles Thereof,Indonesia,2017,12137661,12137661.0,75,Nickel,Refined/Articles
75 Nickel And Articles Thereof,Asia - South,2022,18805878,18951463.0,75,Nickel,Refined/Articles
75 Nickel And Articles Thereof,Asia - South,2024,37511000,34352775.0,75,Nickel,Refined/Articles
75 Nickel And Articles Thereof,Malaysia,2012,761203,761203.0,75,Nickel,Refined/Articles
75 Nickel And Articles Thereof,Taiwan,2009,9666861,9666861.0,75,Nickel,Refined/Articles
75 Nickel And Articles Thereof,Singapore,2006,2310932,2310932.0,75,Nickel,Refined/Articles
75 Nickel And Articles Thereof,Asia - South,2020,9326882,10516497.0,75,Nickel,Refined/Articles
75 Nickel And Articles Thereof,Asia - South,2021,13017550,13339057.0,75,Nickel,Refined/Articles
75 Nickel And Articles Thereof,"Korea, South",2007,541248,541248.0,75,Nickel,Refined/Articles
75 Nickel And Articles Thereof,Indonesia,2010,40290,40290.0,75,Nickel,Refined/Articles
75 Nickel And Articles Thereof,APEC - Asia Pacific Economic Co-operation,2025,862682449,867630271.0,75,Nickel,Refined/Articles
75 Nickel And Articles Thereof,Indonesia,2021,8736979,8736979.0,75,Nickel,Refined/Articles
75 Nickel And Articles Thereof,Asia - South,2018,16118972,18908586.0,75,Nickel,Refined/Articles
75 Nickel And Articles Thereof,Asia - South,2003,620418,620418.0,75,Nickel,Refined/Articles
75 Nickel And Articles Thereof,Asia - South,2023,35450669,34984315.0,75,Nickel,Refined/Articles
75 Nickel And Articles Thereof,Taiwan,2004,4092814,4092814.0,75,Nickel,Refined/Articles
75 Nickel And Articles Thereof,Asia - South,2019,17018920,23330257.0,75,Nickel,Refined/Articles
75 Nickel And Articles Thereof,Asia - South,2001,236873,,75,Nickel,Refined/Articles
75 Nickel And Articles Thereof,Taiwan,2014,54369456,54341315.0,75,Nickel,Refined/Articles
75 Nickel And Articles Thereof,APEC - Asia Pacific Economic Co-operation,2024,1853967432,1854791630.0,75,Nickel,Refined/Articles
75 Nickel And Articles Thereof,Asia - South,2007,4000796,3963963.0,75,Nickel,Refined/Articles
75 Nickel And Articles Thereof,Cambodia,2019,8719,8719.0,75,Nickel,Refined/Articles
75 Nickel And Articles Thereof,Asia - South,2010,5994996,6000278.0,75,Nickel,Refined/Articles
75 Nickel And Articles Thereof,APEC - Asia Pacific Economic Co-operation,2023,2468073229,2481875822.0,75,Nickel,Refined/Articles
75 Nickel And Articles Thereof,Japan,2008,39239390,39221294.0,75,Nickel,Refined/Articles
75 Nickel And Articles Thereof,Asia - South,2013,5020343,5047773.0,75,Nickel,Refined/Articles
75 Nickel And Articles Thereof,Taiwan,2003,2536811,2536811.0,75,Nickel,Refined/Articles
75 Nickel And Articles Thereof,"Korea, South",2025,15691176,14593862.0,75,Nickel,Refined/Articles
75 Nickel And Articles Thereof,Asia - South,2009,2962484,2961204.0,75,Nickel,Refined/Articles
75 Nickel And Articles Thereof,ASEAN - Association of Southeast Asian Nations,2008,6091273,6084796.0,75,Nickel,Refined/Articles
75 Nickel And Articles Thereof,Asia - South,2004,693327,693327.0,75,Nickel,Refined/Articles
75 Nickel And Articles Thereof,Thailand,2017,27907,27907.0,75,Nickel,Refined/Articles
75 Nickel And Articles Thereof,"Korea, South",2003,245362,245362.0,75,Nickel,Refined/Articles
75 Nickel And Articles Thereof,Indonesia,2002,301387,301387.0,75,Nickel,Refined/Articles
75 Nickel And Articles Thereof,Singapore,2021,10088189,10088189.0,75,Nickel,Refined/Articles
75 Nickel And Articles Thereof,APEC - Asia Pacific Economic Co-operation,2022,2490615059,2496447753.0,75,Nickel,Refined/Articles
75 Nickel And Articles Thereof,Asia - South,2005,1848532,1848532.0,75,Nickel,Refined/Articles
75 Nickel And Articles Thereof,Asia - South,2008,6242260,6235594.0,75,Nickel,Refined/Articles
75 Nickel And Articles Thereof,Thailand,2002,75386,75386.0,75,Nickel,Refined/Articles
75 Nickel And Articles Thereof,"Korea, South",2021,3886616,3886616.0,75,Nickel,Refined/Articles
75 Nickel And Articles Thereof,Japan,2003,26104808,26236460.0,75,Nickel,Refined/Articles
75 Nickel And Articles Thereof,APEC - Asia Pacific Economic Co-operation,2015,1419933103,1421759906.0,75,Nickel,Refined/Articles
75 Nickel And Articles Thereof,Asia - South,2011,7469921,7450508.0,75,Nickel,Refined/Articles
75 Nickel And Articles Thereof,ASEAN - Association of Southeast Asian Nations,2014,33075907,33075907.0,75,Nickel,Refined/Articles
75 Nickel And Articles Thereof,Thailand,2015,29500,29500.0,75,Nickel,Refined/Articles
75 Nickel And Articles Thereof,Vietnam,2016,30389,30389.0,75,Nickel,Refined/Articles
75 Nickel And Articles Thereof,APEC - Asia Pacific Economic Co-operation,2016,1128667874,1097257731.0,75,Nickel,Refined/Articles
75 Nickel And Articles Thereof,Malaysia,2024,14733659,16302970.0,75,Nickel,Refined/Articles
75 Nickel And Articles Thereof,ASEAN - Association of Southeast Asian Nations,2007,4853328,4853328.0,75,Nickel,Refined/Articles
75 Nickel And Articles Thereof,Indonesia,2003,338863,338863.0,75,Nickel,Refined/Articles
75 Nickel And Articles Thereof,Vietnam,2022,134628,150030.0,75,Nickel,Refined/Articles
75 Nickel And Articles Thereof,Hong Kong,2022,122904,122904.0,75,Nickel,Refined/Articles
75 Nickel And Articles Thereof,Japan,2011,66908248,66491271.0,75,Nickel,Refined/Articles
75 Nickel And Articles Thereof,Taiwan,2019,33607065,34246982.0,75,Nickel,Refined/Articles
75 Nickel And Articles Thereof,Hong Kong,2018,370017,370017.0,75,Nickel,Refined/Articles
75 Nickel And Articles Thereof,Malaysia,2021,2121985,2121985.0,75,Nickel,Refined/Articles
75 Nickel And Articles Thereof,APEC - Asia Pacific Economic Co-operation,2003,778942435,779073425.0,75,Nickel,Refined/Articles
75 Nickel And Articles Thereof,"Korea, South",2018,10051783,10051786.0,75,Nickel,Refined/Articles
75 Nickel And Articles Thereof,APEC - Asia Pacific Economic Co-operation,2004,1331743553,1331786511.0,75,Nickel,Refined/Articles
75 Nickel And Articles Thereof,Japan,2006,44334570,44557831.0,75,Nickel,Refined/Articles
75 Nickel And Articles Thereof,Hong Kong,2001,331892,,75,Nickel,Refined/Articles
75 Nickel And Articles Thereof,"Korea, South",2005,1217443,1217443.0,75,Nickel,Refined/Articles
75 Nickel And Articles Thereof,Indonesia,2022,10493912,10493912.0,75,Nickel,Refined/Articles
75 Nickel And Articles Thereof,Hong Kong,2009,94094,94094.0,75,Nickel,Refined/Articles
75 Nickel And Articles Thereof,APEC - Asia Pacific Economic Co-operation,2018,1665325073,1667760921.0,75,Nickel,Refined/Articles
75 Nickel And Articles Thereof,Taiwan,2022,32504499,33314293.0,75,Nickel,Refined/Articles
75 Nickel And Articles Thereof,Philippines,2006,4921,4921.0,75,Nickel,Refined/Articles
75 Nickel And Articles Thereof,Taiwan,2001,3090309,,75,Nickel,Refined/Articles
75 Nickel And Articles Thereof,"Korea, South",2024,15257124,15290182.0,75,Nickel,Refined/Articles
75 Nickel And Articles Thereof,Singapore,2019,22105986,22142448.0,75,Nickel,Refined/Articles
75 Nickel And Articles Thereof,Taiwan,2012,38322777,38321808.0,75,Nickel,Refined/Articles
75 Nickel And Articles Thereof,Indonesia,2019,17214838,17214838.0,75,Nickel,Refined/Articles
75 Nickel And Articles Thereof,Singapore,2005,1657764,1657764.0,75,Nickel,Refined/Articles
75 Nickel And Articles Thereof,Malaysia,2015,1643764,1643764.0,75,Nickel,Refined/Articles
75 Nickel And Articles Thereof,Japan,2005,33826800,33284499.0,75,Nickel,Refined/Articles
75 Nickel And Articles Thereof,APEC - Asia Pacific Economic Co-operation,2017,1289940700,1263996823.0,75,Nickel,Refined/Articles
75 Nickel And Articles Thereof,Indonesia,2011,8530429,8530429.0,75,Nickel,Refined/Articles
75 Nickel And Articles Thereof,Thailand,2008,129131,129131.0,75,Nickel,Refined/Articles
75 Nickel And Articles Thereof,Asia - South,2012,7293939,7306546.0,75,Nickel,Refined/Articles
75 Nickel And Articles Thereof,APEC - Asia Pacific Economic Co-operation,2021,1575692717,1605199367.0,75,Nickel,Refined/Articles
75 Nickel And Articles Thereof,Malaysia,2017,554274,554274.0,75,Nickel,Refined/Articles
75 Nickel And Articles Thereof,Asia - South,2015,7343654,7207099.0,75,Nickel,Refined/Articles
75 Nickel And Articles Thereof,Taiwan,2005,3849154,3849154.0,75,Nickel,Refined/Articles
75 Nickel And Articles Thereof,Japan,2010,66153975,65840055.0,75,Nickel,Refined/Articles
75 Nickel And Articles Thereof,APEC - Asia Pacific Economic Co-operation,2007,3584904756,3585246260.0,75,Nickel,Refined/Articles
75 Nickel And Articles Thereof,Vietnam,2014,94769,94769.0,75,Nickel,Refined/Articles
75 Nickel And Articles Thereof,Indonesia,2018,9279414,9279414.0,75,Nickel,Refined/Articles
75 Nickel And Articles Thereof,Indonesia,2001,94375,,75,Nickel,Refined/Articles
75 Nickel And Articles Thereof,Japan,2014,119112051,119088529.0,75,Nickel,Refined/Articles
75 Nickel And Articles Thereof,APEC - Asia Pacific Economic Co-operation,2008,2612778617,2612742421.0,75,Nickel,Refined/Articles
75 Nickel And Articles Thereof,"Korea, South",2020,4632721,4635899.0,75,Nickel,Refined/Articles
75 Nickel And Articles Thereof,Malaysia,2008,514191,514191.0,75,Nickel,Refined/Articles
75 Nickel And Articles Thereof,Singapore,2012,8538588,8538588.0,75,Nickel,Refined/Articles
75 Nickel And Articles Thereof,Philippines,2008,3806,3806.0,75,Nickel,Refined/Articles
75 Nickel And Articles Thereof,Taiwan,2025,32618621,38685567.0,75,Nickel,Refined/Articles
75 Nickel And Articles Thereof,Vietnam,2018,64051,59657.0,75,Nickel,Refined/Articles
75 Nickel And Articles Thereof,Malaysia,2022,6742148,6494308.0,75,Nickel,Refined/Articles
75 Nickel And Articles Thereof,Thailand,2012,89752,89752.0,75,Nickel,Refined/Articles
75 Nickel And Articles Thereof,ASEAN - Association of Southeast Asian Nations,2005,1812731,1812731.0,75,Nickel,Refined/Articles
75 Nickel And Articles Thereof,APEC - Asia Pacific Economic Co-operation,2014,1948578720,1928819530.0,75,Nickel,Refined/Articles
75 Nickel And Articles Thereof,Hong Kong,2017,608286,608286.0,75,Nickel,Refined/Articles
75 Nickel And Articles Thereof,ASEAN - Association of Southeast Asian Nations,2016,17449221,17449221.0,75,Nickel,Refined/Articles
75 Nickel And Articles Thereof,ASEAN - Association of Southeast Asian Nations,2023,103577146,107677109.0,75,Nickel,Refined/Articles
75 Nickel And Articles Thereof,Thailand,2024,884388,579789.0,75,Nickel,Refined/Articles
75 Nickel And Articles Thereof,Hong Kong,2025,379308,0.0,75,Nickel,Refined/Articles
75 Nickel And Articles Thereof,Japan,2019,136867722,146964887.0,75,Nickel,Refined/Articles
75 Nickel And Articles Thereof,ASEAN - Association of Southeast Asian Nations,2006,3808806,3808806.0,75,Nickel,Refined/Articles
75 Nickel And Articles Thereof,Indonesia,2016,11102371,11102371.0,75,Nickel,Refined/Articles
75 Nickel And Articles Thereof,Taiwan,2017,19554918,19541954.0,75,Nickel,Refined/Articles
75 Nickel And Articles Thereof,Thailand,2004,21728,21728.0,75,Nickel,Refined/Articles
76 Aluminum And Articles Thereof,Thailand,2012,233152926,232138784.0,76,Aluminum,Refined/Articles
76 Aluminum And Articles Thereof,Singapore,2010,5885168,5885168.0,76,Aluminum,Refined/Articles
76 Aluminum And Articles Thereof,Thailand,2001,114463943,,76,Aluminum,Refined/Articles
76 Aluminum And Articles Thereof,Hong Kong,2009,18805072,18731235.0,76,Aluminum,Refined/Articles
76 Aluminum And Articles Thereof,Mongolia,2014,2484,2484.0,76,Aluminum,Refined/Articles
76 Aluminum And Articles Thereof,Singapore,2012,26802198,26802198.0,76,Aluminum,Refined/Articles
76 Aluminum And Articles Thereof,Japan,2004,250147671,211216310.0,76,Aluminum,Refined/Articles
76 Aluminum And Articles Thereof,Taiwan,2006,95836930,95245804.0,76,Aluminum,Refined/Articles
76 Aluminum And Articles Thereof,Indonesia,2001,42792916,,76,Aluminum,Refined/Articles
76 Aluminum And Articles Thereof,Taiwan,2018,309106526,308282657.0,76,Aluminum,Refined/Articles
76 Aluminum And Articles Thereof,Hong Kong,2015,27941433,27637789.0,76,Aluminum,Refined/Articles
76 Aluminum And Articles Thereof,Indonesia,2025,57374702,72657635.0,76,Aluminum,Refined/Articles
76 Aluminum And Articles Thereof,Vietnam,2016,83394791,83375954.0,76,Aluminum,Refined/Articles
76 Aluminum And Articles Thereof,Singapore,2015,20700926,20689610.0,76,Aluminum,Refined/Articles
76 Aluminum And Articles Thereof,Taiwan,2019,351514436,349742948.0,76,Aluminum,Refined/Articles
76 Aluminum And Articles Thereof,Malaysia,2002,16590161,16508873.0,76,Aluminum,Refined/Articles
76 Aluminum And Articles Thereof,Vietnam,2017,111558303,111537857.0,76,Aluminum,Refined/Articles
76 Aluminum And Articles Thereof,Malaysia,2017,51058151,50816845.0,76,Aluminum,Refined/Articles
76 Aluminum And Articles Thereof,Macau,2014,2168,2168.0,76,Aluminum,Refined/Articles
76 Aluminum And Articles Thereof,Japan,2025,69542353,57128311.0,76,Aluminum,Refined/Articles
76 Aluminum And Articles Thereof,Malaysia,2014,34534028,34531506.0,76,Aluminum,Refined/Articles
76 Aluminum And Articles Thereof,Burma,2020,4702394,4702394.0,76,Aluminum,Refined/Articles
76 Aluminum And Articles Thereof,Malaysia,2023,124550471,124500154.0,76,Aluminum,Refined/Articles
76 Aluminum And Articles Thereof,Brunei,2019,6511,6511.0,76,Aluminum,Refined/Articles
76 Aluminum And Articles Thereof,"Korea, South",2001,77144557,,76,Aluminum,Refined/Articles
76 Aluminum And Articles Thereof,"Korea, South",2006,105715605,105360408.0,76,Aluminum,Refined/Articles
76 Aluminum And Articles Thereof,Indonesia,2024,104262613,104263255.0,76,Aluminum,Refined/Articles
76 Aluminum And Articles Thereof,Japan,2022,364454101,300912316.0,76,Aluminum,Refined/Articles
76 Aluminum And Articles Thereof,Philippines,2004,3368107,3368107.0,76,Aluminum,Refined/Articles
76 Aluminum And Articles Thereof,Philippines,2017,10255163,10255163.0,76,Aluminum,Refined/Articles
76 Aluminum And Articles Thereof,Singapore,2014,9880673,9880673.0,76,Aluminum,Refined/Articles
76 Aluminum And Articles Thereof,Hong Kong,2005,39236298,39263504.0,76,Aluminum,Refined/Articles
76 Aluminum And Articles Thereof,Macau,2003,101567,101567.0,76,Aluminum,Refined/Articles
76 Aluminum And Articles Thereof,Japan,2012,156711604,117909115.0,76,Aluminum,Refined/Articles
76 Aluminum And Articles Thereof,Thailand,2013,265483824,264583707.0,76,Aluminum,Refined/Articles
76 Aluminum And Articles Thereof,Hong Kong,2001,46306445,,76,Aluminum,Refined/Articles
76 Aluminum And Articles Thereof,Philippines,2014,1822107,978267.0,76,Aluminum,Refined/Articles
76 Aluminum And Articles Thereof,Cambodia,2018,11054708,11117429.0,76,Aluminum,Refined/Articles
76 Aluminum And Articles Thereof,Japan,2006,243241787,209089136.0,76,Aluminum,Refined/Articles
76 Aluminum And Articles Thereof,Japan,2005,257016912,223140288.0,76,Aluminum,Refined/Articles
76 Aluminum And Articles Thereof,Asia - South,2007,109233931,109232252.0,76,Aluminum,Refined/Articles
76 Aluminum And Articles Thereof,Hong Kong,2017,38230594,36196780.0,76,Aluminum,Refined/Articles
76 Aluminum And Articles Thereof,Singapore,2005,8518037,8518037.0,76,Aluminum,Refined/Articles
76 Aluminum And Articles Thereof,Indonesia,2007,139230819,139230819.0,76,Aluminum,Refined/Articles
76 Aluminum And Articles Thereof,"Korea, South",2005,110161129,109890245.0,76,Aluminum,Refined/Articles
76 Aluminum And Articles Thereof,Macau,2009,106746,106746.0,76,Aluminum,Refined/Articles
76 Aluminum And Articles Thereof,Vietnam,2004,2224382,2224382.0,76,Aluminum,Refined/Articles
76 Aluminum And Articles Thereof,APEC - Asia Pacific Economic Co-operation,2004,9810845573,9776286713.0,76,Aluminum,Refined/Articles
76 Aluminum And Articles Thereof,Thailand,2002,113915666,113900545.0,76,Aluminum,Refined/Articles
76 Aluminum And Articles Thereof,APEC - Asia Pacific Economic Co-operation,2008,13864797612,13677425257.0,76,Aluminum,Refined/Articles
76 Aluminum And Articles Thereof,Taiwan,2008,116234083,115712699.0,76,Aluminum,Refined/Articles
76 Aluminum And Articles Thereof,Thailand,2010,195207176,194979582.0,76,Aluminum,Refined/Articles
76 Aluminum And Articles Thereof,APEC - Asia Pacific Economic Co-operation,2002,6950760898,6904230737.0,76,Aluminum,Refined/Articles
76 Aluminum And Articles Thereof,Taiwan,2001,69969203,,76,Aluminum,Refined/Articles
76 Aluminum And Articles Thereof,Singapore,2008,24277860,24277860.0,76,Aluminum,Refined/Articles
76 Aluminum And Articles Thereof,Thailand,2005,167697081,167656998.0,76,Aluminum,Refined/Articles
76 Aluminum And Articles Thereof,Japan,2010,159080258,120342712.0,76,Aluminum,Refined/Articles
76 Aluminum And Articles Thereof,Thailand,2007,169335413,169226413.0,76,Aluminum,Refined/Articles
76 Aluminum And Articles Thereof,Philippines,2008,2492549,2492549.0,76,Aluminum,Refined/Articles
76 Aluminum And Articles Thereof,Cambodia,2007,168811,168811.0,76,Aluminum,Refined/Articles
76 Aluminum And Articles Thereof,APEC - Asia Pacific Economic Co-operation,2010,11340299995,11103666637.0,76,Aluminum,Refined/Articles
76 Aluminum And Articles Thereof,Hong Kong,2003,32362427,32056835.0,76,Aluminum,Refined/Articles
76 Aluminum And Articles Thereof,"Korea, South",2007,109897931,109408021.0,76,Aluminum,Refined/Articles
76 Aluminum And Articles Thereof,APEC - Asia Pacific Economic Co-operation,2001,6563662416,,76,Aluminum,Refined/Articles
76 Aluminum And Articles Thereof,Singapore,2006,15947634,15939035.0,76,Aluminum,Refined/Articles
76 Aluminum And Articles Thereof,Macau,2005,52916,52916.0,76,Aluminum,Refined/Articles
76 Aluminum And Articles Thereof,APEC - Asia Pacific Economic Co-operation,2009,9029859951,8878176792.0,76,Aluminum,Refined/Articles
76 Aluminum And Articles Thereof,Indonesia,2002,29031393,28959261.0,76,Aluminum,Refined/Articles
76 Aluminum And Articles Thereof,Vietnam,2007,6052777,6052777.0,76,Aluminum,Refined/Articles
76 Aluminum And Articles Thereof,Malaysia,2007,33583448,33583448.0,76,Aluminum,Refined/Articles
76 Aluminum And Articles Thereof,Hong Kong,2006,45783734,45768254.0,76,Aluminum,Refined/Articles
76 Aluminum And Articles Thereof,Malaysia,2004,52845466,52855897.0,76,Aluminum,Refined/Articles
76 Aluminum And Articles Thereof,Asia - South,2002,34559014,34559014.0,76,Aluminum,Refined/Articles
76 Aluminum And Articles Thereof,Asia - South,2003,43369425,43369425.0,76,Aluminum,Refined/Articles
76 Aluminum And Articles Thereof,Taiwan,2005,91221310,90959452.0,76,Aluminum,Refined/Articles
76 Aluminum And Articles Thereof,"Korea, South",2009,59531490,58918401.0,76,Aluminum,Refined/Articles
76 Aluminum And Articles Thereof,Hong Kong,2010,25154898,25131998.0,76,Aluminum,Refined/Articles
76 Aluminum And Articles Thereof,Macau,2010,93425,93425.0,76,Aluminum,Refined/Articles
76 Aluminum And Articles Thereof,Hong Kong,2002,30614412,30616129.0,76,Aluminum,Refined/Articles
76 Aluminum And Articles Thereof,Malaysia,2005,51260358,51260358.0,76,Aluminum,Refined/Articles
76 Aluminum And Articles Thereof,Thailand,2003,116547555,116514702.0,76,Aluminum,Refined/Articles
76 Aluminum And Articles Thereof,Asia - South,2009,88534375,88387953.0,76,Aluminum,Refined/Articles
76 Aluminum And Articles Thereof,"Korea, South",2002,81915003,81442648.0,76,Aluminum,Refined/Articles
76 Aluminum And Articles Thereof,Asia - South,2005,100490009,100577499.0,76,Aluminum,Refined/Articles
76 Aluminum And Articles Thereof,Asia - South,2006,116900255,116900255.0,76,Aluminum,Refined/Articles
76 Aluminum And Articles Thereof,Philippines,2007,1548933,1548933.0,76,Aluminum,Refined/Articles
76 Aluminum And Articles Thereof,Vietnam,2005,2316693,2316693.0,76,Aluminum,Refined/Articles
76 Aluminum And Articles Thereof,Philippines,2001,2709006,,76,Aluminum,Refined/Articles
76 Aluminum And Articles Thereof,Asia - South,2008,127877993,127877993.0,76,Aluminum,Refined/Articles
76 Aluminum And Articles Thereof,Asia - South,2004,65655185,65511019.0,76,Aluminum,Refined/Articles
76 Aluminum And Articles Thereof,Vietnam,2001,20318,,76,Aluminum,Refined/Articles
76 Aluminum And Articles Thereof,APEC - Asia Pacific Economic Co-operation,2005,11653454680,11619398418.0,76,Aluminum,Refined/Articles
76 Aluminum And Articles Thereof,Asia - South,2010,107472423,107347522.0,76,Aluminum,Refined/Articles
76 Aluminum And Articles Thereof,Taiwan,2010,98940902,98758583.0,76,Aluminum,Refined/Articles
76 Aluminum And Articles Thereof,Indonesia,2009,46127531,46127531.0,76,Aluminum,Refined/Articles
76 Aluminum And Articles Thereof,Asia - South,2001,35486757,,76,Aluminum,Refined/Articles
76 Aluminum And Articles Thereof,Malaysia,2003,29444616,29416244.0,76,Aluminum,Refined/Articles
76 Aluminum And Articles Thereof,"Korea, South",2011,114347759,112491480.0,76,Aluminum,Refined/Articles
76 Aluminum And Articles Thereof,Macau,2007,248143,248143.0,76,Aluminum,Refined/Articles
76 Aluminum And Articles Thereof,Thailand,2008,191943870,191943870.0,76,Aluminum,Refined/Articles
76 Aluminum And Articles Thereof,Japan,2003,216336396,182072019.0,76,Aluminum,Refined/Articles
76 Aluminum And Articles Thereof,Indonesia,2010,184901104,184901104.0,76,Aluminum,Refined/Articles
76 Aluminum And Articles Thereof,Hong Kong,2004,29270419,29170445.0,76,Aluminum,Refined/Articles
76 Aluminum And Articles Thereof,Singapore,2009,10890765,10890765.0,76,Aluminum,Refined/Articles
76 Aluminum And Articles Thereof,Taiwan,2007,97585140,96427120.0,76,Aluminum,Refined/Articles
76 Aluminum And Articles Thereof,Japan,2021,296967910,244775805.0,76,Aluminum,Refined/Articles
76 Aluminum And Articles Thereof,Hong Kong,2024,9288397,9351807.0,76,Aluminum,Refined/Articles
76 Aluminum And Articles Thereof,Singapore,2017,6797189,6797189.0,76,Aluminum,Refined/Articles
76 Aluminum And Articles Thereof,Philippines,2023,15699096,15689958.0,76,Aluminum,Refined/Articles
76 Aluminum And Articles Thereof,Vietnam,2010,10359914,10359914.0,76,Aluminum,Refined/Articles
76 Aluminum And Articles Thereof,Macau,2002,44640,44640.0,76,Aluminum,Refined/Articles
76 Aluminum And Articles Thereof,Hong Kong,2023,5246742,5390880.0,76,Aluminum,Refined/Articles
76 Aluminum And Articles Thereof,Malaysia,2020,96393985,96810159.0,76,Aluminum,Refined/Articles
76 Aluminum And Articles Thereof,Vietnam,2023,436191130,435828365.0,76,Aluminum,Refined/Articles
76 Aluminum And Articles Thereof,Singapore,2023,12359475,12351220.0,76,Aluminum,Refined/Articles
76 Aluminum And Articles Thereof,ASEAN - Association of Southeast Asian Nations,2008,345921720,345921720.0,76,Aluminum,Refined/Articles
76 Aluminum And Articles Thereof,Japan,2008,232305293,180301962.0,76,Aluminum,Refined/Articles
76 Aluminum And Articles Thereof,Philippines,2020,10248049,10211050.0,76,Aluminum,Refined/Articles
76 Aluminum And Articles Thereof,Japan,2014,244956389,211168255.0,76,Aluminum,Refined/Articles
76 Aluminum And Articles Thereof,Singapore,2016,8278860,8278860.0,76,Aluminum,Refined/Articles
76 Aluminum And Articles Thereof,Burma,2021,8670134,8670134.0,76,Aluminum,Refined/Articles
76 Aluminum And Articles Thereof,Indonesia,2012,226297548,226230805.0,76,Aluminum,Refined/Articles
76 Aluminum And Articles Thereof,Japan,2020,180442736,137311777.0,76,Aluminum,Refined/Articles
76 Aluminum And Articles Thereof,Indonesia,2019,242562677,243362019.0,76,Aluminum,Refined/Articles
76 Aluminum And Articles Thereof,Thailand,2023,356218259,352966091.0,76,Aluminum,Refined/Articles
76 Aluminum And Articles Thereof,Indonesia,2003,32912698,32851778.0,76,Aluminum,Refined/Articles
76 Aluminum And Articles Thereof,"Korea, South",2010,83456018,82947814.0,76,Aluminum,Refined/Articles
76 Aluminum And Articles Thereof,Philippines,2005,3226865,3226865.0,76,Aluminum,Refined/Articles
76 Aluminum And Articles Thereof,Vietnam,2003,1404678,1404678.0,76,Aluminum,Refined/Articles
76 Aluminum And Articles Thereof,APEC - Asia Pacific Economic Co-operation,2003,7515438312,7458664403.0,76,Aluminum,Refined/Articles
76 Aluminum And Articles Thereof,Japan,2001,176500200,,76,Aluminum,Refined/Articles
76 Aluminum And Articles Thereof,Indonesia,2005,79121868,79121868.0,76,Aluminum,Refined/Articles
76 Aluminum And Articles Thereof,Taiwan,2004,90716696,90513728.0,76,Aluminum,Refined/Articles
76 Aluminum And Articles Thereof,Taiwan,2009,71173062,71030257.0,76,Aluminum,Refined/Articles
76 Aluminum And Articles Thereof,"Korea, South",2004,80796525,80453959.0,76,Aluminum,Refined/Articles
76 Aluminum And Articles Thereof,Singapore,2002,2755196,2746209.0,76,Aluminum,Refined/Articles
76 Aluminum And Articles Thereof,APEC - Asia Pacific Economic Co-operation,2006,14673029259,14653694501.0,76,Aluminum,Refined/Articles
76 Aluminum And Articles Thereof,Singapore,2001,3328233,,76,Aluminum,Refined/Articles
76 Aluminum And Articles Thereof,Singapore,2003,4443478,4443478.0,76,Aluminum,Refined/Articles
76 Aluminum And Articles Thereof,APEC - Asia Pacific Economic Co-operation,2007,14422471172,14380988032.0,76,Aluminum,Refined/Articles
76 Aluminum And Articles Thereof,Taiwan,2002,66985366,66528378.0,76,Aluminum,Refined/Articles
76 Aluminum And Articles Thereof,Malaysia,2006,35126504,35126504.0,76,Aluminum,Refined/Articles
76 Aluminum And Articles Thereof,Philippines,2010,2545941,2051929.0,76,Aluminum,Refined/Articles
76 Aluminum And Articles Thereof,Malaysia,2010,18138857,18133574.0,76,Aluminum,Refined/Articles
76 Aluminum And Articles Thereof,Vietnam,2002,524041,524041.0,76,Aluminum,Refined/Articles
76 Aluminum And Articles Thereof,Macau,2008,74873,74873.0,76,Aluminum,Refined/Articles
76 Aluminum And Articles Thereof,Vietnam,2006,5614471,5614471.0,76,Aluminum,Refined/Articles
76 Aluminum And Articles Thereof,Indonesia,2021,153118723,153414141.0,76,Aluminum,Refined/Articles
76 Aluminum And Articles Thereof,Malaysia,2001,34233188,,76,Aluminum,Refined/Articles
76 Aluminum And Articles Thereof,Malaysia,2009,18014589,18007059.0,76,Aluminum,Refined/Articles
76 Aluminum And Articles Thereof,Philippines,2003,2155312,2155312.0,76,Aluminum,Refined/Articles
76 Aluminum And Articles Thereof,Vietnam,2009,2244335,2244335.0,76,Aluminum,Refined/Articles
76 Aluminum And Articles Thereof,Thailand,2009,141818140,141818140.0,76,Aluminum,Refined/Articles
76 Aluminum And Articles Thereof,Philippines,2002,2970809,2970809.0,76,Aluminum,Refined/Articles
76 Aluminum And Articles Thereof,"Korea, South",2003,76796687,76199214.0,76,Aluminum,Refined/Articles
76 Aluminum And Articles Thereof,Philippines,2006,2351330,2351330.0,76,Aluminum,Refined/Articles
76 Aluminum And Articles Thereof,Burma,2019,2502430,2502430.0,76,Aluminum,Refined/Articles
76 Aluminum And Articles Thereof,Vietnam,2015,62840343,62809873.0,76,Aluminum,Refined/Articles
76 Aluminum And Articles Thereof,Philippines,2012,1010828,952325.0,76,Aluminum,Refined/Articles
76 Aluminum And Articles Thereof,Philippines,2019,12109167,12109167.0,76,Aluminum,Refined/Articles
76 Aluminum And Articles Thereof,Taiwan,2015,137156085,136224002.0,76,Aluminum,Refined/Articles
76 Aluminum And Articles Thereof,Philippines,2009,1840574,1414353.0,76,Aluminum,Refined/Articles
76 Aluminum And Articles Thereof,Taiwan,2016,158834426,157948148.0,76,Aluminum,Refined/Articles
76 Aluminum And Articles Thereof,Malaysia,2019,110009955,109739755.0,76,Aluminum,Refined/Articles
76 Aluminum And Articles Thereof,Vietnam,2012,14877861,14877861.0,76,Aluminum,Refined/Articles
76 Aluminum And Articles Thereof,ASEAN - Association of Southeast Asian Nations,2024,1229437689,1223325074.0,76,Aluminum,Refined/Articles
76 Aluminum And Articles Thereof,Burma,2022,7627888,7627888.0,76,Aluminum,Refined/Articles
76 Aluminum And Articles Thereof,Taiwan,2013,123996096,123208487.0,76,Aluminum,Refined/Articles
76 Aluminum And Articles Thereof,APEC - Asia Pacific Economic Co-operation,2012,11592557927,11706470760.0,76,Aluminum,Refined/Articles
76 Aluminum And Articles Thereof,Hong Kong,2022,35427276,35412225.0,76,Aluminum,Refined/Articles
76 Aluminum And Articles Thereof,"Korea, South",2018,318835558,313461645.0,76,Aluminum,Refined/Articles
76 Aluminum And Articles Thereof,"Korea, South",2022,970970438,961507126.0,76,Aluminum,Refined/Articles
76 Aluminum And Articles Thereof,ASEAN - Association of Southeast Asian Nations,2004,224483886,224450269.0,76,Aluminum,Refined/Articles
76 Aluminum And Articles Thereof,Malaysia,2024,134399916,134381419.0,76,Aluminum,Refined/Articles
76 Aluminum And Articles Thereof,Asia - South,2011,133676403,132891310.0,76,Aluminum,Refined/Articles
76 Aluminum And Articles Thereof,Vietnam,2008,2161902,2161902.0,76,Aluminum,Refined/Articles
76 Aluminum And Articles Thereof,Malaysia,2012,46642448,46645052.0,76,Aluminum,Refined/Articles
76 Aluminum And Articles Thereof,Indonesia,2011,253435577,253425930.0,76,Aluminum,Refined/Articles
76 Aluminum And Articles Thereof,Brunei,2022,3631,3631.0,76,Aluminum,Refined/Articles
76 Aluminum And Articles Thereof,Indonesia,2017,209466628,209381606.0,76,Aluminum,Refined/Articles
76 Aluminum And Articles Thereof,Macau,2018,238804,238804.0,76,Aluminum,Refined/Articles
76 Aluminum And Articles Thereof,Brunei,2021,2024858,2024858.0,76,Aluminum,Refined/Articles
76 Aluminum And Articles Thereof,Laos,2024,7315,7315.0,76,Aluminum,Refined/Articles
76 Aluminum And Articles Thereof,APEC - Asia Pacific Economic Co-operation,2011,12102800743,12155024161.0,76,Aluminum,Refined/Articles
76 Aluminum And Articles Thereof,Hong Kong,2008,33427740,33360842.0,76,Aluminum,Refined/Articles
76 Aluminum And Articles Thereof,Singapore,2021,18691163,18673337.0,76,Aluminum,Refined/Articles
76 Aluminum And Articles Thereof,Indonesia,2013,178224040,178191656.0,76,Aluminum,Refined/Articles
76 Aluminum And Articles Thereof,APEC - Asia Pacific Economic Co-operation,2020,12601334648,12484972542.0,76,Aluminum,Refined/Articles
76 Aluminum And Articles Thereof,Japan,2009,119104514,93774216.0,76,Aluminum,Refined/Articles
76 Aluminum And Articles Thereof,ASEAN - Association of Southeast Asian Nations,2022,1870841004,1845133362.0,76,Aluminum,Refined/Articles
76 Aluminum And Articles Thereof,Malaysia,2011,50699152,50606881.0,76,Aluminum,Refined/Articles
76 Aluminum And Articles Thereof,Mongolia,2021,41331,41331.0,76,Aluminum,Refined/Articles
76 Aluminum And Articles Thereof,APEC - Asia Pacific Economic Co-operation,2018,15437780805,15508440395.0,76,Aluminum,Refined/Articles
76 Aluminum And Articles Thereof,APEC - Asia Pacific Economic Co-operation,2019,13438275530,13329502606.0,76,Aluminum,Refined/Articles
76 Aluminum And Articles Thereof,Taiwan,2023,221634852,221474161.0,76,Aluminum,Refined/Articles
76 Aluminum And Articles Thereof,Hong Kong,2012,27419015,27244836.0,76,Aluminum,Refined/Articles
76 Aluminum And Articles Thereof,Thailand,2015,269696297,269608310.0,76,Aluminum,Refined/Articles
76 Aluminum And Articles Thereof,Vietnam,2025,239004848,239199610.0,76,Aluminum,Refined/Articles
76 Aluminum And Articles Thereof,Japan,2018,336656093,282835438.0,76,Aluminum,Refined/Articles
76 Aluminum And Articles Thereof,Thailand,2014,228703590,227933989.0,76,Aluminum,Refined/Articles
76 Aluminum And Articles Thereof,"Korea, South",2021,456384428,444278818.0,76,Aluminum,Refined/Articles
76 Aluminum And Articles Thereof,Thailand,2022,880145630,854915388.0,76,Aluminum,Refined/Articles
76 Aluminum And Articles Thereof,Cambodia,2019,8888028,9372313.0,76,Aluminum,Refined/Articles
76 Aluminum And Articles Thereof,Vietnam,2014,42200138,42180720.0,76,Aluminum,Refined/Articles
76 Aluminum And Articles Thereof,Laos,2025,112651,112651.0,76,Aluminum,Refined/Articles
76 Aluminum And Articles Thereof,Indonesia,2022,196109070,196062370.0,76,Aluminum,Refined/Articles
76 Aluminum And Articles Thereof,APEC - Asia Pacific Economic Co-operation,2016,13124991411,13088209123.0,76,Aluminum,Refined/Articles
76 Aluminum And Articles Thereof,ASEAN - Association of Southeast Asian Nations,2023,1103259596,1099411639.0,76,Aluminum,Refined/Articles
76 Aluminum And Articles Thereof,APEC - Asia Pacific Economic Co-operation,2014,12747091854,13062029914.0,76,Aluminum,Refined/Articles
76 Aluminum And Articles Thereof,Cambodia,2014,3296,3296.0,76,Aluminum,Refined/Articles
76 Aluminum And Articles Thereof,Vietnam,2021,317950952,317017489.0,76,Aluminum,Refined/Articles
76 Aluminum And Articles Thereof,Singapore,2019,6356757,6356757.0,76,Aluminum,Refined/Articles
76 Aluminum And Articles Thereof,Burma,2025,27196,27196.0,76,Aluminum,Refined/Articles
76 Aluminum And Articles Thereof,APEC - Asia Pacific Economic Co-operation,2015,13145835143,13059986296.0,76,Aluminum,Refined/Articles
76 Aluminum And Articles Thereof,Thailand,2016,265719331,265859638.0,76,Aluminum,Refined/Articles
76 Aluminum And Articles Thereof,Thailand,2025,291749083,286513216.0,76,Aluminum,Refined/Articles
76 Aluminum And Articles Thereof,Brunei,2023,96571,96571.0,76,Aluminum,Refined/Articles
76 Aluminum And Articles Thereof,Japan,2002,189032195,163192368.0,76,Aluminum,Refined/Articles
76 Aluminum And Articles Thereof,APEC - Asia Pacific Economic Co-operation,2023,18430779683,18361495738.0,76,Aluminum,Refined/Articles
76 Aluminum And Articles Thereof,Cambodia,2017,2701238,2927700.0,76,Aluminum,Refined/Articles
76 Aluminum And Articles Thereof,APEC - Asia Pacific Economic Co-operation,2021,19242936022,19088776913.0,76,Aluminum,Refined/Articles
76 Aluminum And Articles Thereof,"Korea, South",2008,93771691,93451667.0,76,Aluminum,Refined/Articles
76 Aluminum And Articles Thereof,Cambodia,2021,8739882,8809972.0,76,Aluminum,Refined/Articles
76 Aluminum And Articles Thereof,Asia - South,2016,201569917,196162054.0,76,Aluminum,Refined/Articles
76 Aluminum And Articles Thereof,APEC - Asia Pacific Economic Co-operation,2025,8856431320,8775423614.0,76,Aluminum,Refined/Articles
76 Aluminum And Articles Thereof,Hong Kong,2013,22958166,22861674.0,76,Aluminum,Refined/Articles
76 Aluminum And Articles Thereof,Japan,2007,249588606,209669541.0,76,Aluminum,Refined/Articles
76 Aluminum And Articles Thereof,APEC - Asia Pacific Economic Co-operation,2022,23666952170,23472121597.0,76,Aluminum,Refined/Articles
76 Aluminum And Articles Thereof,Malaysia,2016,47900069,47900666.0,76,Aluminum,Refined/Articles
76 Aluminum And Articles Thereof,Asia - South,2013,131147617,130055792.0,76,Aluminum,Refined/Articles
76 Aluminum And Articles Thereof,Asia - South,2024,792173833,784123053.0,76,Aluminum,Refined/Articles
76 Aluminum And Articles Thereof,Burma,2023,5759167,5759167.0,76,Aluminum,Refined/Articles
76 Aluminum And Articles Thereof,Vietnam,2019,177560169,177246945.0,76,Aluminum,Refined/Articles
76 Aluminum And Articles Thereof,Mongolia,2024,11800,11800.0,76,Aluminum,Refined/Articles
76 Aluminum And Articles Thereof,Vietnam,2011,19097562,19066312.0,76,Aluminum,Refined/Articles
76 Aluminum And Articles Thereof,Singapore,2013,21970013,21970013.0,76,Aluminum,Refined/Articles
76 Aluminum And Articles Thereof,Burma,2017,2934466,2934466.0,76,Aluminum,Refined/Articles
76 Aluminum And Articles Thereof,Asia - South,2021,585276245,564199331.0,76,Aluminum,Refined/Articles
76 Aluminum And Articles Thereof,Asia - South,2023,865652674,831838670.0,76,Aluminum,Refined/Articles
76 Aluminum And Articles Thereof,Asia - South,2025,523753035,553336236.0,76,Aluminum,Refined/Articles
76 Aluminum And Articles Thereof,Indonesia,2014,165670265,165578348.0,76,Aluminum,Refined/Articles
76 Aluminum And Articles Thereof,Asia - South,2012,179757066,174982568.0,76,Aluminum,Refined/Articles
76 Aluminum And Articles Thereof,Hong Kong,2014,24968812,24941616.0,76,Aluminum,Refined/Articles
76 Aluminum And Articles Thereof,Asia - South,2017,465497256,455880089.0,76,Aluminum,Refined/Articles
76 Aluminum And Articles Thereof,Macau,2011,2429,2429.0,76,Aluminum,Refined/Articles
76 Aluminum And Articles Thereof,Cambodia,2016,1393229,1393229.0,76,Aluminum,Refined/Articles
76 Aluminum And Articles Thereof,Vietnam,2018,144365753,144148743.0,76,Aluminum,Refined/Articles
76 Aluminum And Articles Thereof,Macau,2017,27838,27838.0,76,Aluminum,Refined/Articles
76 Aluminum And Articles Thereof,Japan,2011,176740889,132461308.0,76,Aluminum,Refined/Articles
76 Aluminum And Articles Thereof,Philippines,2025,3993123,3909793.0,76,Aluminum,Refined/Articles
76 Aluminum And Articles Thereof,Mongolia,2018,13288,13288.0,76,Aluminum,Refined/Articles
76 Aluminum And Articles Thereof,Malaysia,2013,32817526,32804740.0,76,Aluminum,Refined/Articles
76 Aluminum And Articles Thereof,Philippines,2011,2230609,1924329.0,76,Aluminum,Refined/Articles
76 Aluminum And Articles Thereof,Hong Kong,2025,4567815,4517419.0,76,Aluminum,Refined/Articles
76 Aluminum And Articles Thereof,Asia - South,2018,698378361,674091244.0,76,Aluminum,Refined/Articles
76 Aluminum And Articles Thereof,"Korea, South",2014,212042530,209840949.0,76,Aluminum,Refined/Articles
76 Aluminum And Articles Thereof,Asia - South,2019,642102972,660612308.0,76,Aluminum,Refined/Articles
76 Aluminum And Articles Thereof,Taiwan,2024,215782544,213981979.0,76,Aluminum,Refined/Articles
76 Aluminum And Articles Thereof,Malaysia,2018,83963562,84213915.0,76,Aluminum,Refined/Articles
76 Aluminum And Articles Thereof,Hong Kong,2020,13046512,12863303.0,76,Aluminum,Refined/Articles
76 Aluminum And Articles Thereof,Hong Kong,2016,37638211,37577622.0,76,Aluminum,Refined/Articles
76 Aluminum And Articles Thereof,Japan,2017,285735579,203036856.0,76,Aluminum,Refined/Articles
76 Aluminum And Articles Thereof,Asia - South,2014,161734610,161179687.0,76,Aluminum,Refined/Articles
76 Aluminum And Articles Thereof,Cambodia,2020,8514931,8514931.0,76,Aluminum,Refined/Articles
76 Aluminum And Articles Thereof,APEC - Asia Pacific Economic Co-operation,2024,18932396692,18848177070.0,76,Aluminum,Refined/Articles
76 Aluminum And Articles Thereof,Asia - South,2022,1123910803,1009181506.0,76,Aluminum,Refined/Articles
76 Aluminum And Articles Thereof,Asia - South,2015,225232499,224860715.0,76,Aluminum,Refined/Articles
76 Aluminum And Articles Thereof,Japan,2015,258416274,180760747.0,76,Aluminum,Refined/Articles
76 Aluminum And Articles Thereof,Taiwan,2011,124340102,123542299.0,76,Aluminum,Refined/Articles
76 Aluminum And Articles Thereof,Indonesia,2020,111145441,111499081.0,76,Aluminum,Refined/Articles
76 Aluminum And Articles Thereof,Japan,2019,282772717,245066473.0,76,Aluminum,Refined/Articles
76 Aluminum And Articles Thereof,Asia - South,2020,392775934,389738498.0,76,Aluminum,Refined/Articles
76 Aluminum And Articles Thereof,Thailand,2006,170842404,170780234.0,76,Aluminum,Refined/Articles
76 Aluminum And Articles Thereof,ASEAN - Association of Southeast Asian Nations,2002,166092500,165914972.0,76,Aluminum,Refined/Articles
76 Aluminum And Articles Thereof,Taiwan,2017,225066699,224660367.0,76,Aluminum,Refined/Articles
76 Aluminum And Articles Thereof,ASEAN - Association of Southeast Asian Nations,2021,1318457718,1309606073.0,76,Aluminum,Refined/Articles
76 Aluminum And Articles Thereof,Indonesia,2008,100887748,100887748.0,76,Aluminum,Refined/Articles
76 Aluminum And Articles Thereof,Taiwan,2022,310753795,309599621.0,76,Aluminum,Refined/Articles
76 Aluminum And Articles Thereof,"Korea, South",2015,200896348,199831867.0,76,Aluminum,Refined/Articles
76 Aluminum And Articles Thereof,Burma,2018,2567895,2567895.0,76,Aluminum,Refined/Articles
76 Aluminum And Articles Thereof,Japan,2023,203304719,197228014.0,76,Aluminum,Refined/Articles
76 Aluminum And Articles Thereof,ASEAN - Association of Southeast Asian Nations,2014,482814097,481086799.0,76,Aluminum,Refined/Articles
76 Aluminum And Articles Thereof,Philippines,2022,9544684,9524554.0,76,Aluminum,Refined/Articles
76 Aluminum And Articles Thereof,Thailand,2018,279791056,279737862.0,76,Aluminum,Refined/Articles
76 Aluminum And Articles Thereof,Thailand,2019,294395388,294367037.0,76,Aluminum,Refined/Articles
76 Aluminum And Articles Thereof,ASEAN - Association of Southeast Asian Nations,2006,346303386,346232617.0,76,Aluminum,Refined/Articles
76 Aluminum And Articles Thereof,Cambodia,2015,630411,630411.0,76,Aluminum,Refined/Articles
76 Aluminum And Articles Thereof,Indonesia,2006,116421043,116421043.0,76,Aluminum,Refined/Articles
76 Aluminum And Articles Thereof,ASEAN - Association of Southeast Asian Nations,2019,854391082,855062934.0,76,Aluminum,Refined/Articles
76 Aluminum And Articles Thereof,ASEAN - Association of Southeast Asian Nations,2015,613370944,613118646.0,76,Aluminum,Refined/Articles
76 Aluminum And Articles Thereof,Cambodia,2025,17416813,17416813.0,76,Aluminum,Refined/Articles
76 Aluminum And Articles Thereof,Taiwan,2003,74067595,73516122.0,76,Aluminum,Refined/Articles
76 Aluminum And Articles Thereof,"Korea, South",2025,595779558,604173756.0,76,Aluminum,Refined/Articles
76 Aluminum And Articles Thereof,Vietnam,2020,207849523,207707386.0,76,Aluminum,Refined/Articles
76 Aluminum And Articles Thereof,Singapore,2025,3945779,2662177.0,76,Aluminum,Refined/Articles
76 Aluminum And Articles Thereof,Hong Kong,2011,24612534,24518493.0,76,Aluminum,Refined/Articles
76 Aluminum And Articles Thereof,ASEAN - Association of Southeast Asian Nations,2009,220935934,220502183.0,76,Aluminum,Refined/Articles
76 Aluminum And Articles Thereof,Taiwan,2021,250300727,249568060.0,76,Aluminum,Refined/Articles
76 Aluminum And Articles Thereof,Philippines,2021,9766849,9769902.0,76,Aluminum,Refined/Articles
76 Aluminum And Articles Thereof,Taiwan,2012,128341095,127770181.0,76,Aluminum,Refined/Articles
76 Aluminum And Articles Thereof,Cambodia,2023,7838097,7881732.0,76,Aluminum,Refined/Articles
76 Aluminum And Articles Thereof,ASEAN - Association of Southeast Asian Nations,2018,886118950,880655394.0,76,Aluminum,Refined/Articles
76 Aluminum And Articles Thereof,Hong Kong,2021,18731854,18339467.0,76,Aluminum,Refined/Articles
76 Aluminum And Articles Thereof,Indonesia,2016,112075753,112025263.0,76,Aluminum,Refined/Articles
76 Aluminum And Articles Thereof,Burma,2015,527466,527466.0,76,Aluminum,Refined/Articles
76 Aluminum And Articles Thereof,ASEAN - Association of Southeast Asian Nations,2003,186908337,186786192.0,76,Aluminum,Refined/Articles
76 Aluminum And Articles Thereof,Singapore,2004,8362804,8362804.0,76,Aluminum,Refined/Articles
76 Aluminum And Articles Thereof,Philippines,2018,18210215,18219431.0,76,Aluminum,Refined/Articles
76 Aluminum And Articles Thereof,ASEAN - Association of Southeast Asian Nations,2001,197547604,,76,Aluminum,Refined/Articles
76 Aluminum And Articles Thereof,Philippines,2013,3992359,3061299.0,76,Aluminum,Refined/Articles
76 Aluminum And Articles Thereof,"Korea, South",2019,376247475,372550710.0,76,Aluminum,Refined/Articles
76 Aluminum And Articles Thereof,Malaysia,2021,180308514,180379767.0,76,Aluminum,Refined/Articles
76 Aluminum And Articles Thereof,Singapore,2018,30971226,25322796.0,76,Aluminum,Refined/Articles
76 Aluminum And Articles Thereof,Burma,2024,90990,90990.0,76,Aluminum,Refined/Articles
76 Aluminum And Articles Thereof,Brunei,2024,862607,862607.0,76,Aluminum,Refined/Articles
76 Aluminum And Articles Thereof,Cambodia,2022,9884728,9880425.0,76,Aluminum,Refined/Articles
76 Aluminum And Articles Thereof,Taiwan,2014,127370692,126794040.0,76,Aluminum,Refined/Articles
76 Aluminum And Articles Thereof,Singapore,2024,10993458,11163648.0,76,Aluminum,Refined/Articles
76 Aluminum And Articles Thereof,"Korea, South",2020,302659880,300563743.0,76,Aluminum,Refined/Articles
76 Aluminum And Articles Thereof,"Korea, South",2016,177828716,172356821.0,76,Aluminum,Refined/Articles
76 Aluminum And Articles Thereof,Macau,2006,10498,10498.0,76,Aluminum,Refined/Articles
76 Aluminum And Articles Thereof,Philippines,2016,2700631,2700631.0,76,Aluminum,Refined/Articles
76 Aluminum And Articles Thereof,ASEAN - Association of Southeast Asian Nations,2010,417038160,416311271.0,76,Aluminum,Refined/Articles
76 Aluminum And Articles Thereof,Malaysia,2025,73163153,73116728.0,76,Aluminum,Refined/Articles
76 Aluminum And Articles Thereof,Thailand,2011,193660497,192930333.0,76,Aluminum,Refined/Articles
76 Aluminum And Articles Thereof,Philippines,2024,15147503,15136991.0,76,Aluminum,Refined/Articles
76 Aluminum And Articles Thereof,"Korea, South",2023,622068285,614619226.0,76,Aluminum,Refined/Articles
76 Aluminum And Articles Thereof,"Korea, South",2013,135758536,124714080.0,76,Aluminum,Refined/Articles
76 Aluminum And Articles Thereof,Japan,2013,235305813,196227989.0,76,Aluminum,Refined/Articles
76 Aluminum And Articles Thereof,Macau,2019,70462,70462.0,76,Aluminum,Refined/Articles
76 Aluminum And Articles Thereof,Hong Kong,2007,33051815,33051815.0,76,Aluminum,Refined/Articles
76 Aluminum And Articles Thereof,ASEAN - Association of Southeast Asian Nations,2005,312140902,312100819.0,76,Aluminum,Refined/Articles
76 Aluminum And Articles Thereof,Malaysia,2015,43511578,43511578.0,76,Aluminum,Refined/Articles
76 Aluminum And Articles Thereof,Indonesia,2015,211977464,211938559.0,76,Aluminum,Refined/Articles
76 Aluminum And Articles Thereof,Hong Kong,2018,38490013,37698083.0,76,Aluminum,Refined/Articles
76 Aluminum And Articles Thereof,ASEAN - Association of Southeast Asian Nations,2007,382540115,382437565.0,76,Aluminum,Refined/Articles
76 Aluminum And Articles Thereof,Taiwan,2025,103980135,103073980.0,76,Aluminum,Refined/Articles
76 Aluminum And Articles Thereof,Thailand,2017,253645658,253737631.0,76,Aluminum,Refined/Articles
76 Aluminum And Articles Thereof,ASEAN - Association of Southeast Asian Nations,2012,548783809,547647025.0,76,Aluminum,Refined/Articles
76 Aluminum And Articles Thereof,Cambodia,2024,22819138,22819138.0,76,Aluminum,Refined/Articles
76 Aluminum And Articles Thereof,ASEAN - Association of Southeast Asian Nations,2013,531477667,529581355.0,76,Aluminum,Refined/Articles
76 Aluminum And Articles Thereof,Thailand,2004,122256921,122227257.0,76,Aluminum,Refined/Articles
76 Aluminum And Articles Thereof,Vietnam,2024,483487452,483344414.0,76,Aluminum,Refined/Articles
76 Aluminum And Articles Thereof,Mongolia,2023,30948,30948.0,76,Aluminum,Refined/Articles
76 Aluminum And Articles Thereof,Indonesia,2004,35426206,35411822.0,76,Aluminum,Refined/Articles
76 Aluminum And Articles Thereof,Thailand,2020,337213175,334596609.0,76,Aluminum,Refined/Articles
76 Aluminum And Articles Thereof,Indonesia,2023,144547330,144338381.0,76,Aluminum,Refined/Articles
76 Aluminum And Articles Thereof,ASEAN - Association of Southeast Asian Nations,2025,687881721,696710192.0,76,Aluminum,Refined/Articles
76 Aluminum And Articles Thereof,"Korea, South",2017,182569967,178107745.0,76,Aluminum,Refined/Articles
76 Aluminum And Articles Thereof,Vietnam,2022,550309381,549844048.0,76,Aluminum,Refined/Articles
76 Aluminum And Articles Thereof,ASEAN - Association of Southeast Asian Nations,2017,648416796,648388457.0,76,Aluminum,Refined/Articles
76 Aluminum And Articles Thereof,ASEAN - Association of Southeast Asian Nations,2016,523805584,523877161.0,76,Aluminum,Refined/Articles
76 Aluminum And Articles Thereof,Japan,2024,201534943,177778584.0,76,Aluminum,Refined/Articles
76 Aluminum And Articles Thereof,Taiwan,2020,253019326,251832051.0,76,Aluminum,Refined/Articles
76 Aluminum And Articles Thereof,Singapore,2022,21289845,21268523.0,76,Aluminum,Refined/Articles
76 Aluminum And Articles Thereof,Philippines,2015,3479859,3396239.0,76,Aluminum,Refined/Articles
76 Aluminum And Articles Thereof,Malaysia,2008,24157791,24157791.0,76,Aluminum,Refined/Articles
76 Aluminum And Articles Thereof,Vietnam,2013,28989905,28969940.0,76,Aluminum,Refined/Articles
76 Aluminum And Articles Thereof,Japan,2016,212775341,177844189.0,76,Aluminum,Refined/Articles
76 Aluminum And Articles Thereof,Singapore,2011,21152712,21152712.0,76,Aluminum,Refined/Articles
76 Aluminum And Articles Thereof,APEC - Asia Pacific Economic Co-operation,2017,16020695517,15753111690.0,76,Aluminum,Refined/Articles
76 Aluminum And Articles Thereof,APEC - Asia Pacific Economic Co-operation,2013,11648745756,11999292873.0,76,Aluminum,Refined/Articles
76 Aluminum And Articles Thereof,Macau,2015,25137,25137.0,76,Aluminum,Refined/Articles
76 Aluminum And Articles Thereof,Brunei,2020,453544,453544.0,76,Aluminum,Refined/Articles
76 Aluminum And Articles Thereof,Indonesia,2018,315194535,315327323.0,76,Aluminum,Refined/Articles
76 Aluminum And Articles Thereof,Brunei,2002,305234,305234.0,76,Aluminum,Refined/Articles
76 Aluminum And Articles Thereof,Singapore,2020,16462485,16462485.0,76,Aluminum,Refined/Articles
76 Aluminum And Articles Thereof,Thailand,2024,457366697,451255297.0,76,Aluminum,Refined/Articles
76 Aluminum And Articles Thereof,Thailand,2021,619186643,610846473.0,76,Aluminum,Refined/Articles
76 Aluminum And Articles Thereof,ASEAN - Association of Southeast Asian Nations,2011,540276109,539106497.0,76,Aluminum,Refined/Articles
76 Aluminum And Articles Thereof,Brunei,2015,6600,6600.0,76,Aluminum,Refined/Articles
76 Aluminum And Articles Thereof,Brunei,2025,1094373,1094373.0,76,Aluminum,Refined/Articles
76 Aluminum And Articles Thereof,"Korea, South",2012,146032338,137321853.0,76,Aluminum,Refined/Articles
76 Aluminum And Articles Thereof,"Korea, South",2024,922503833,899834744.0,76,Aluminum,Refined/Articles
76 Aluminum And Articles Thereof,Mongolia,2015,67412,67412.0,76,Aluminum,Refined/Articles
76 Aluminum And Articles Thereof,Singapore,2007,32619914,32626364.0,76,Aluminum,Refined/Articles
76 Aluminum And Articles Thereof,Hong Kong,2019,31841365,31191538.0,76,Aluminum,Refined/Articles
76 Aluminum And Articles Thereof,Burma,2016,2342920,2342920.0,76,Aluminum,Refined/Articles
76 Aluminum And Articles Thereof,ASEAN - Association of Southeast Asian Nations,2020,792983527,790957639.0,76,Aluminum,Refined/Articles
76 Aluminum And Articles Thereof,Malaysia,2022,195926147,196006535.0,76,Aluminum,Refined/Articles
80 Tin And Articles Thereof,Singapore,2008,15751102,15751102.0,80,Tin,Refined/Articles
80 Tin And Articles Thereof,Taiwan,2025,859556,859556.0,80,Tin,Refined/Articles
80 Tin And Articles Thereof,Asia - South,2008,343187,343187.0,80,Tin,Refined/Articles
80 Tin And Articles Thereof,Asia - South,2022,875257,875257.0,80,Tin,Refined/Articles
80 Tin And Articles Thereof,Singapore,2010,15861610,18213478.0,80,Tin,Refined/Articles
80 Tin And Articles Thereof,Philippines,2017,257485,257485.0,80,Tin,Refined/Articles
80 Tin And Articles Thereof,Asia - South,2002,343007,343007.0,80,Tin,Refined/Articles
80 Tin And Articles Thereof,Singapore,2018,997380,997380.0,80,Tin,Refined/Articles
80 Tin And Articles Thereof,Hong Kong,2002,2823588,2823588.0,80,Tin,Refined/Articles
80 Tin And Articles Thereof,Malaysia,2016,129707157,129707157.0,80,Tin,Refined/Articles
80 Tin And Articles Thereof,Philippines,2021,53750,53750.0,80,Tin,Refined/Articles
80 Tin And Articles Thereof,Hong Kong,2018,2412647,2412647.0,80,Tin,Refined/Articles
80 Tin And Articles Thereof,Malaysia,2011,106066499,106066499.0,80,Tin,Refined/Articles
80 Tin And Articles Thereof,Philippines,2019,93482,93482.0,80,Tin,Refined/Articles
80 Tin And Articles Thereof,Vietnam,2009,71358,71358.0,80,Tin,Refined/Articles
80 Tin And Articles Thereof,Japan,2014,7349042,7349042.0,80,Tin,Refined/Articles
80 Tin And Articles Thereof,Asia - South,2001,278379,,80,Tin,Refined/Articles
80 Tin And Articles Thereof,Philippines,2025,11470,11470.0,80,Tin,Refined/Articles
80 Tin And Articles Thereof,Asia - South,2024,1298432,1298432.0,80,Tin,Refined/Articles
80 Tin And Articles Thereof,Japan,2016,4788782,4757980.0,80,Tin,Refined/Articles
80 Tin And Articles Thereof,Japan,2013,6901664,6901664.0,80,Tin,Refined/Articles
80 Tin And Articles Thereof,Asia - South,2010,645837,645837.0,80,Tin,Refined/Articles
80 Tin And Articles Thereof,Mongolia,2001,2164,,80,Tin,Refined/Articles
80 Tin And Articles Thereof,Indonesia,2012,92370470,89785010.0,80,Tin,Refined/Articles
80 Tin And Articles Thereof,Asia - South,2025,432002,432002.0,80,Tin,Refined/Articles
80 Tin And Articles Thereof,Japan,2006,4671952,8476811.0,80,Tin,Refined/Articles
80 Tin And Articles Thereof,Taiwan,2013,901627,901627.0,80,Tin,Refined/Articles
80 Tin And Articles Thereof,Hong Kong,2007,3489100,3276545.0,80,Tin,Refined/Articles
80 Tin And Articles Thereof,Japan,2025,11897502,11962441.0,80,Tin,Refined/Articles
80 Tin And Articles Thereof,Philippines,2007,557976,557976.0,80,Tin,Refined/Articles
80 Tin And Articles Thereof,Thailand,2005,2518227,2518227.0,80,Tin,Refined/Articles
80 Tin And Articles Thereof,Singapore,2001,760189,,80,Tin,Refined/Articles
80 Tin And Articles Thereof,"Korea, South",2020,709167,709167.0,80,Tin,Refined/Articles
80 Tin And Articles Thereof,Asia - South,2004,508109,508109.0,80,Tin,Refined/Articles
80 Tin And Articles Thereof,Asia - South,2006,1063337,1063337.0,80,Tin,Refined/Articles
80 Tin And Articles Thereof,Thailand,2004,7280950,7280950.0,80,Tin,Refined/Articles
80 Tin And Articles Thereof,Japan,2023,24104507,23977023.0,80,Tin,Refined/Articles
80 Tin And Articles Thereof,Asia - South,2016,803932,803932.0,80,Tin,Refined/Articles
80 Tin And Articles Thereof,Malaysia,2002,4674968,1810172.0,80,Tin,Refined/Articles
80 Tin And Articles Thereof,ASEAN - Association of Southeast Asian Nations,2019,243605548,243605548.0,80,Tin,Refined/Articles
80 Tin And Articles Thereof,ASEAN - Association of Southeast Asian Nations,2018,359137624,359311723.0,80,Tin,Refined/Articles
80 Tin And Articles Thereof,ASEAN - Association of Southeast Asian Nations,2013,291099212,282846293.0,80,Tin,Refined/Articles
80 Tin And Articles Thereof,Hong Kong,2004,1518645,1518645.0,80,Tin,Refined/Articles
80 Tin And Articles Thereof,ASEAN - Association of Southeast Asian Nations,2012,236806719,234221259.0,80,Tin,Refined/Articles
80 Tin And Articles Thereof,ASEAN - Association of Southeast Asian Nations,2014,309977179,321390736.0,80,Tin,Refined/Articles
80 Tin And Articles Thereof,Indonesia,2010,37935048,37935048.0,80,Tin,Refined/Articles
80 Tin And Articles Thereof,APEC - Asia Pacific Economic Co-operation,2013,678194063,673461839.0,80,Tin,Refined/Articles
80 Tin And Articles Thereof,APEC - Asia Pacific Economic Co-operation,2015,469043956,471463673.0,80,Tin,Refined/Articles
80 Tin And Articles Thereof,APEC - Asia Pacific Economic Co-operation,2020,445373544,448064615.0,80,Tin,Refined/Articles
80 Tin And Articles Thereof,ASEAN - Association of Southeast Asian Nations,2024,86389369,86389369.0,80,Tin,Refined/Articles
80 Tin And Articles Thereof,ASEAN - Association of Southeast Asian Nations,2021,378443020,368708700.0,80,Tin,Refined/Articles
80 Tin And Articles Thereof,Taiwan,2010,1254031,1254031.0,80,Tin,Refined/Articles
80 Tin And Articles Thereof,APEC - Asia Pacific Economic Co-operation,2011,818352140,824365064.0,80,Tin,Refined/Articles
80 Tin And Articles Thereof,Hong Kong,2010,1098293,1098293.0,80,Tin,Refined/Articles
80 Tin And Articles Thereof,APEC - Asia Pacific Economic Co-operation,2019,527816251,526326695.0,80,Tin,Refined/Articles
80 Tin And Articles Thereof,Singapore,2007,26082892,26082892.0,80,Tin,Refined/Articles
80 Tin And Articles Thereof,APEC - Asia Pacific Economic Co-operation,2017,577549757,576873032.0,80,Tin,Refined/Articles
80 Tin And Articles Thereof,APEC - Asia Pacific Economic Co-operation,2012,678472606,675673675.0,80,Tin,Refined/Articles
80 Tin And Articles Thereof,Hong Kong,2001,3302405,,80,Tin,Refined/Articles
80 Tin And Articles Thereof,APEC - Asia Pacific Economic Co-operation,2018,611565949,611613421.0,80,Tin,Refined/Articles
80 Tin And Articles Thereof,Indonesia,2008,30872360,30872360.0,80,Tin,Refined/Articles
80 Tin And Articles Thereof,Japan,2010,10860326,10860326.0,80,Tin,Refined/Articles
80 Tin And Articles Thereof,ASEAN - Association of Southeast Asian Nations,2017,338482272,337462919.0,80,Tin,Refined/Articles
80 Tin And Articles Thereof,Singapore,2009,5658733,5658733.0,80,Tin,Refined/Articles
80 Tin And Articles Thereof,ASEAN - Association of Southeast Asian Nations,2002,19403963,16539167.0,80,Tin,Refined/Articles
80 Tin And Articles Thereof,ASEAN - Association of Southeast Asian Nations,2003,15327571,16712173.0,80,Tin,Refined/Articles
80 Tin And Articles Thereof,ASEAN - Association of Southeast Asian Nations,2007,49825685,49825685.0,80,Tin,Refined/Articles
80 Tin And Articles Thereof,"Korea, South",2010,822288,822288.0,80,Tin,Refined/Articles
80 Tin And Articles Thereof,ASEAN - Association of Southeast Asian Nations,2001,26096060,,80,Tin,Refined/Articles
80 Tin And Articles Thereof,Taiwan,2001,4876967,,80,Tin,Refined/Articles
80 Tin And Articles Thereof,Thailand,2010,34540096,31778133.0,80,Tin,Refined/Articles
80 Tin And Articles Thereof,Indonesia,2002,11645289,11645289.0,80,Tin,Refined/Articles
80 Tin And Articles Thereof,"Korea, South",2003,142862,142862.0,80,Tin,Refined/Articles
80 Tin And Articles Thereof,Vietnam,2004,79328,79328.0,80,Tin,Refined/Articles
80 Tin And Articles Thereof,Vietnam,2010,4090217,4090217.0,80,Tin,Refined/Articles
80 Tin And Articles Thereof,ASEAN - Association of Southeast Asian Nations,2006,57449935,57449935.0,80,Tin,Refined/Articles
80 Tin And Articles Thereof,ASEAN - Association of Southeast Asian Nations,2011,264135415,270176822.0,80,Tin,Refined/Articles
80 Tin And Articles Thereof,ASEAN - Association of Southeast Asian Nations,2015,245647582,247262196.0,80,Tin,Refined/Articles
80 Tin And Articles Thereof,Malaysia,2006,4095040,4095040.0,80,Tin,Refined/Articles
80 Tin And Articles Thereof,Indonesia,2005,37364156,37364156.0,80,Tin,Refined/Articles
80 Tin And Articles Thereof,Hong Kong,2009,1345835,1335137.0,80,Tin,Refined/Articles
80 Tin And Articles Thereof,ASEAN - Association of Southeast Asian Nations,2016,270807562,269736317.0,80,Tin,Refined/Articles
80 Tin And Articles Thereof,Thailand,2003,937573,937573.0,80,Tin,Refined/Articles
80 Tin And Articles Thereof,ASEAN - Association of Southeast Asian Nations,2008,119510217,119510217.0,80,Tin,Refined/Articles
80 Tin And Articles Thereof,Philippines,2008,268413,268413.0,80,Tin,Refined/Articles
80 Tin And Articles Thereof,Hong Kong,2005,1706053,1654747.0,80,Tin,Refined/Articles
80 Tin And Articles Thereof,ASEAN - Association of Southeast Asian Nations,2020,213570742,216670044.0,80,Tin,Refined/Articles
80 Tin And Articles Thereof,Asia - South,2007,592058,592058.0,80,Tin,Refined/Articles
80 Tin And Articles Thereof,Philippines,2003,1411799,1411799.0,80,Tin,Refined/Articles
80 Tin And Articles Thereof,ASEAN - Association of Southeast Asian Nations,2022,224244441,227208314.0,80,Tin,Refined/Articles
80 Tin And Articles Thereof,Asia - South,2011,493732,493732.0,80,Tin,Refined/Articles
80 Tin And Articles Thereof,Japan,2008,6114764,6039645.0,80,Tin,Refined/Articles
80 Tin And Articles Thereof,APEC - Asia Pacific Economic Co-operation,2024,468915632,468659040.0,80,Tin,Refined/Articles
80 Tin And Articles Thereof,Philippines,2001,2161335,,80,Tin,Refined/Articles
80 Tin And Articles Thereof,Asia - South,2014,384150,384150.0,80,Tin,Refined/Articles
80 Tin And Articles Thereof,Asia - South,2005,851483,851483.0,80,Tin,Refined/Articles
80 Tin And Articles Thereof,"Korea, South",2008,846548,846548.0,80,Tin,Refined/Articles
80 Tin And Articles Thereof,Asia - South,2012,549470,549470.0,80,Tin,Refined/Articles
80 Tin And Articles Thereof,APEC - Asia Pacific Economic Co-operation,2023,529960892,522033675.0,80,Tin,Refined/Articles
80 Tin And Articles Thereof,Asia - South,2018,1766551,1766551.0,80,Tin,Refined/Articles
80 Tin And Articles Thereof,APEC - Asia Pacific Economic Co-operation,2022,661878776,664333497.0,80,Tin,Refined/Articles
80 Tin And Articles Thereof,ASEAN - Association of Southeast Asian Nations,2010,184097725,183687630.0,80,Tin,Refined/Articles
80 Tin And Articles Thereof,APEC - Asia Pacific Economic Co-operation,2025,369284449,369307717.0,80,Tin,Refined/Articles
80 Tin And Articles Thereof,Asia - South,2021,7087584,7087584.0,80,Tin,Refined/Articles
80 Tin And Articles Thereof,Asia - South,2023,1646447,1646447.0,80,Tin,Refined/Articles
80 Tin And Articles Thereof,Macau,2005,23972,23972.0,80,Tin,Refined/Articles
80 Tin And Articles Thereof,Indonesia,2004,39119896,37290825.0,80,Tin,Refined/Articles
80 Tin And Articles Thereof,Asia - South,2019,985842,985842.0,80,Tin,Refined/Articles
80 Tin And Articles Thereof,"Korea, South",2004,370355,370355.0,80,Tin,Refined/Articles
80 Tin And Articles Thereof,Asia - South,2003,544950,544950.0,80,Tin,Refined/Articles
80 Tin And Articles Thereof,Asia - South,2009,1085060,1085060.0,80,Tin,Refined/Articles
80 Tin And Articles Thereof,Asia - South,2015,543712,543712.0,80,Tin,Refined/Articles
80 Tin And Articles Thereof,Thailand,2008,37426324,37426324.0,80,Tin,Refined/Articles
80 Tin And Articles Thereof,APEC - Asia Pacific Economic Co-operation,2021,904697487,894355385.0,80,Tin,Refined/Articles
80 Tin And Articles Thereof,Asia - South,2020,644979,644979.0,80,Tin,Refined/Articles
80 Tin And Articles Thereof,Japan,2002,309450,8142429.0,80,Tin,Refined/Articles
80 Tin And Articles Thereof,Malaysia,2005,16030277,16030277.0,80,Tin,Refined/Articles
80 Tin And Articles Thereof,ASEAN - Association of Southeast Asian Nations,2025,64790915,64790915.0,80,Tin,Refined/Articles
80 Tin And Articles Thereof,Japan,2009,6474261,6474261.0,80,Tin,Refined/Articles
80 Tin And Articles Thereof,Vietnam,2002,26810,26810.0,80,Tin,Refined/Articles
80 Tin And Articles Thereof,ASEAN - Association of Southeast Asian Nations,2023,165767786,158209139.0,80,Tin,Refined/Articles
80 Tin And Articles Thereof,Philippines,2004,1454040,1454040.0,80,Tin,Refined/Articles
80 Tin And Articles Thereof,APEC - Asia Pacific Economic Co-operation,2014,710950523,722002646.0,80,Tin,Refined/Articles
80 Tin And Articles Thereof,Thailand,2009,956038,956038.0,80,Tin,Refined/Articles
80 Tin And Articles Thereof,Malaysia,2010,91380978,91380978.0,80,Tin,Refined/Articles
80 Tin And Articles Thereof,Indonesia,2007,19256727,19256727.0,80,Tin,Refined/Articles
80 Tin And Articles Thereof,Malaysia,2001,4480760,,80,Tin,Refined/Articles
80 Tin And Articles Thereof,Taiwan,2003,5663633,5440030.0,80,Tin,Refined/Articles
80 Tin And Articles Thereof,Taiwan,2006,3868099,3868099.0,80,Tin,Refined/Articles
80 Tin And Articles Thereof,Malaysia,2007,2193411,2193411.0,80,Tin,Refined/Articles
80 Tin And Articles Thereof,Taiwan,2007,2917141,2917141.0,80,Tin,Refined/Articles
80 Tin And Articles Thereof,ASEAN - Association of Southeast Asian Nations,2009,27369678,27369678.0,80,Tin,Refined/Articles
80 Tin And Articles Thereof,Malaysia,2009,2714956,2714956.0,80,Tin,Refined/Articles
80 Tin And Articles Thereof,Asia - South,2017,1201290,1201290.0,80,Tin,Refined/Articles
80 Tin And Articles Thereof,Japan,2004,7886603,13893316.0,80,Tin,Refined/Articles
80 Tin And Articles Thereof,Asia - South,2013,333292,333292.0,80,Tin,Refined/Articles
80 Tin And Articles Thereof,Vietnam,2025,38693,38693.0,80,Tin,Refined/Articles
80 Tin And Articles Thereof,APEC - Asia Pacific Economic Co-operation,2016,457152304,456020681.0,80,Tin,Refined/Articles
80 Tin And Articles Thereof,Thailand,2014,7243951,7243951.0,80,Tin,Refined/Articles
80 Tin And Articles Thereof,Thailand,2015,1116562,1116562.0,80,Tin,Refined/Articles
80 Tin And Articles Thereof,Japan,2012,17687831,17687831.0,80,Tin,Refined/Articles
80 Tin And Articles Thereof,Japan,2020,23716789,23400653.0,80,Tin,Refined/Articles
80 Tin And Articles Thereof,Japan,2011,16698468,16698468.0,80,Tin,Refined/Articles
80 Tin And Articles Thereof,Thailand,2001,1030743,,80,Tin,Refined/Articles
80 Tin And Articles Thereof,Philippines,2015,624108,624108.0,80,Tin,Refined/Articles
80 Tin And Articles Thereof,Thailand,2018,9359550,9359550.0,80,Tin,Refined/Articles
80 Tin And Articles Thereof,"Korea, South",2017,174199,174199.0,80,Tin,Refined/Articles
80 Tin And Articles Thereof,Malaysia,2012,96328694,96328694.0,80,Tin,Refined/Articles
80 Tin And Articles Thereof,Vietnam,2011,101896,101896.0,80,Tin,Refined/Articles
80 Tin And Articles Thereof,Vietnam,2015,195933,195933.0,80,Tin,Refined/Articles
80 Tin And Articles Thereof,Indonesia,2022,173867405,176831278.0,80,Tin,Refined/Articles
80 Tin And Articles Thereof,Singapore,2013,2120354,2120354.0,80,Tin,Refined/Articles
80 Tin And Articles Thereof,Japan,2017,4564105,4559252.0,80,Tin,Refined/Articles
80 Tin And Articles Thereof,Philippines,2023,37146,37146.0,80,Tin,Refined/Articles
80 Tin And Articles Thereof,Hong Kong,2016,321354,306504.0,80,Tin,Refined/Articles
80 Tin And Articles Thereof,"Korea, South",2012,1164793,1164793.0,80,Tin,Refined/Articles
80 Tin And Articles Thereof,"Korea, South",2021,2458492,2458492.0,80,Tin,Refined/Articles
80 Tin And Articles Thereof,Japan,2024,21681809,21425217.0,80,Tin,Refined/Articles
80 Tin And Articles Thereof,"Korea, South",2013,877248,877248.0,80,Tin,Refined/Articles
80 Tin And Articles Thereof,Taiwan,2020,547360,547360.0,80,Tin,Refined/Articles
80 Tin And Articles Thereof,Hong Kong,2025,40572,40572.0,80,Tin,Refined/Articles
80 Tin And Articles Thereof,Singapore,2016,3158725,3158725.0,80,Tin,Refined/Articles
80 Tin And Articles Thereof,Hong Kong,2011,667316,667316.0,80,Tin,Refined/Articles
80 Tin And Articles Thereof,Burma,2018,401629,401629.0,80,Tin,Refined/Articles
80 Tin And Articles Thereof,Thailand,2025,11063676,11063676.0,80,Tin,Refined/Articles
80 Tin And Articles Thereof,Singapore,2017,827280,827280.0,80,Tin,Refined/Articles
80 Tin And Articles Thereof,Hong Kong,2024,68219,68219.0,80,Tin,Refined/Articles
80 Tin And Articles Thereof,Thailand,2019,12804465,12804465.0,80,Tin,Refined/Articles
80 Tin And Articles Thereof,Japan,2015,6008116,6008116.0,80,Tin,Refined/Articles
80 Tin And Articles Thereof,Malaysia,2018,158505981,158505981.0,80,Tin,Refined/Articles
80 Tin And Articles Thereof,Taiwan,2023,768025,768025.0,80,Tin,Refined/Articles
80 Tin And Articles Thereof,Singapore,2004,424904,424904.0,80,Tin,Refined/Articles
80 Tin And Articles Thereof,Vietnam,2006,480292,480292.0,80,Tin,Refined/Articles
80 Tin And Articles Thereof,Malaysia,2025,20180096,20180096.0,80,Tin,Refined/Articles
80 Tin And Articles Thereof,Vietnam,2013,207037,207037.0,80,Tin,Refined/Articles
80 Tin And Articles Thereof,"Korea, South",2005,124706,124706.0,80,Tin,Refined/Articles
80 Tin And Articles Thereof,Vietnam,2017,188634,188634.0,80,Tin,Refined/Articles
80 Tin And Articles Thereof,Singapore,2019,6252,6252.0,80,Tin,Refined/Articles
80 Tin And Articles Thereof,Philippines,2024,2603,2603.0,80,Tin,Refined/Articles
80 Tin And Articles Thereof,Indonesia,2023,89598767,86796459.0,80,Tin,Refined/Articles
80 Tin And Articles Thereof,Japan,2003,2213420,9495482.0,80,Tin,Refined/Articles
80 Tin And Articles Thereof,Singapore,2024,1018253,1018253.0,80,Tin,Refined/Articles
80 Tin And Articles Thereof,Singapore,2014,7845597,7845597.0,80,Tin,Refined/Articles
80 Tin And Articles Thereof,Hong Kong,2014,465155,465155.0,80,Tin,Refined/Articles
80 Tin And Articles Thereof,Indonesia,2001,17642421,,80,Tin,Refined/Articles
80 Tin And Articles Thereof,Vietnam,2001,20612,,80,Tin,Refined/Articles
80 Tin And Articles Thereof,Taiwan,2005,3062394,3062394.0,80,Tin,Refined/Articles
80 Tin And Articles Thereof,Indonesia,2024,54889072,54889072.0,80,Tin,Refined/Articles
80 Tin And Articles Thereof,Philippines,2016,490437,490437.0,80,Tin,Refined/Articles
80 Tin And Articles Thereof,Philippines,2011,288890,288890.0,80,Tin,Refined/Articles
80 Tin And Articles Thereof,Taiwan,2012,1016767,1016767.0,80,Tin,Refined/Articles
80 Tin And Articles Thereof,Indonesia,2016,129288990,128217745.0,80,Tin,Refined/Articles
80 Tin And Articles Thereof,Singapore,2023,9407841,6294002.0,80,Tin,Refined/Articles
80 Tin And Articles Thereof,Japan,2022,25727809,25226261.0,80,Tin,Refined/Articles
80 Tin And Articles Thereof,Vietnam,2018,179362,179362.0,80,Tin,Refined/Articles
80 Tin And Articles Thereof,Philippines,2010,289776,289776.0,80,Tin,Refined/Articles
80 Tin And Articles Thereof,Thailand,2017,9925205,9925205.0,80,Tin,Refined/Articles
80 Tin And Articles Thereof,ASEAN - Association of Southeast Asian Nations,2005,59181642,59181642.0,80,Tin,Refined/Articles
80 Tin And Articles Thereof,Thailand,2012,39309945,39309945.0,80,Tin,Refined/Articles
80 Tin And Articles Thereof,Malaysia,2022,36078607,36078607.0,80,Tin,Refined/Articles
80 Tin And Articles Thereof,Vietnam,2024,317381,317381.0,80,Tin,Refined/Articles
80 Tin And Articles Thereof,Hong Kong,2022,29232,29232.0,80,Tin,Refined/Articles
80 Tin And Articles Thereof,Thailand,2006,3247874,3247874.0,80,Tin,Refined/Articles
80 Tin And Articles Thereof,Vietnam,2023,337368,337368.0,80,Tin,Refined/Articles
80 Tin And Articles Thereof,Vietnam,2014,203526,203526.0,80,Tin,Refined/Articles
80 Tin And Articles Thereof,Vietnam,2021,656909,656909.0,80,Tin,Refined/Articles
80 Tin And Articles Thereof,Taiwan,2019,2368964,2368964.0,80,Tin,Refined/Articles
80 Tin And Articles Thereof,Indonesia,2015,72033419,72033419.0,80,Tin,Refined/Articles
80 Tin And Articles Thereof,Malaysia,2014,135209786,135209786.0,80,Tin,Refined/Articles
80 Tin And Articles Thereof,Thailand,2024,16307891,16307891.0,80,Tin,Refined/Articles
80 Tin And Articles Thereof,Malaysia,2023,54087113,52444613.0,80,Tin,Refined/Articles
80 Tin And Articles Thereof,Taiwan,2016,1782816,1782816.0,80,Tin,Refined/Articles
80 Tin And Articles Thereof,Indonesia,2017,180457066,179437713.0,80,Tin,Refined/Articles
80 Tin And Articles Thereof,Indonesia,2014,158557670,169971227.0,80,Tin,Refined/Articles
80 Tin And Articles Thereof,Philippines,2013,620167,620167.0,80,Tin,Refined/Articles
80 Tin And Articles Thereof,"Korea, South",2015,159036,159036.0,80,Tin,Refined/Articles
80 Tin And Articles Thereof,Indonesia,2011,89641089,89641089.0,80,Tin,Refined/Articles
80 Tin And Articles Thereof,Japan,2021,20386624,19788847.0,80,Tin,Refined/Articles
80 Tin And Articles Thereof,Taiwan,2021,770663,770663.0,80,Tin,Refined/Articles
80 Tin And Articles Thereof,"Korea, South",2025,725428,725428.0,80,Tin,Refined/Articles
80 Tin And Articles Thereof,Hong Kong,2021,287684,287684.0,80,Tin,Refined/Articles
80 Tin And Articles Thereof,Indonesia,2020,145253491,148352793.0,80,Tin,Refined/Articles
80 Tin And Articles Thereof,Philippines,2012,436357,436357.0,80,Tin,Refined/Articles
80 Tin And Articles Thereof,Taiwan,2002,4362418,4362418.0,80,Tin,Refined/Articles
80 Tin And Articles Thereof,Malaysia,2021,115921539,115921539.0,80,Tin,Refined/Articles
80 Tin And Articles Thereof,"Korea, South",2014,576921,576921.0,80,Tin,Refined/Articles
80 Tin And Articles Thereof,Philippines,2020,113672,113672.0,80,Tin,Refined/Articles
80 Tin And Articles Thereof,"Korea, South",2022,936081,936081.0,80,Tin,Refined/Articles
80 Tin And Articles Thereof,"Korea, South",2011,827204,827204.0,80,Tin,Refined/Articles
80 Tin And Articles Thereof,Vietnam,2016,296842,296842.0,80,Tin,Refined/Articles
80 Tin And Articles Thereof,"Korea, South",2007,2584896,2584896.0,80,Tin,Refined/Articles
80 Tin And Articles Thereof,Vietnam,2019,184982,184982.0,80,Tin,Refined/Articles
80 Tin And Articles Thereof,Malaysia,2019,137382890,137382890.0,80,Tin,Refined/Articles
80 Tin And Articles Thereof,Hong Kong,2017,271455,271455.0,80,Tin,Refined/Articles
80 Tin And Articles Thereof,"Korea, South",2023,1136952,1136952.0,80,Tin,Refined/Articles
80 Tin And Articles Thereof,Vietnam,2022,413983,413983.0,80,Tin,Refined/Articles
80 Tin And Articles Thereof,Philippines,2018,164474,164474.0,80,Tin,Refined/Articles
80 Tin And Articles Thereof,Indonesia,2021,250398216,240663896.0,80,Tin,Refined/Articles
80 Tin And Articles Thereof,"Korea, South",2016,208024,208024.0,80,Tin,Refined/Articles
80 Tin And Articles Thereof,Thailand,2022,13766570,13766570.0,80,Tin,Refined/Articles
80 Tin And Articles Thereof,Thailand,2011,50813432,56854839.0,80,Tin,Refined/Articles
80 Tin And Articles Thereof,Singapore,2015,4066625,4066625.0,80,Tin,Refined/Articles
80 Tin And Articles Thereof,Hong Kong,2019,2192139,2192139.0,80,Tin,Refined/Articles
80 Tin And Articles Thereof,Singapore,2012,8233138,8233138.0,80,Tin,Refined/Articles
80 Tin And Articles Thereof,Indonesia,2019,93133477,93133477.0,80,Tin,Refined/Articles
80 Tin And Articles Thereof,Singapore,2003,56688,56688.0,80,Tin,Refined/Articles
80 Tin And Articles Thereof,Japan,2018,8951400,7777420.0,80,Tin,Refined/Articles
80 Tin And Articles Thereof,Singapore,2021,5478,5478.0,80,Tin,Refined/Articles
80 Tin And Articles Thereof,Indonesia,2003,10265573,10265573.0,80,Tin,Refined/Articles
80 Tin And Articles Thereof,Japan,2019,15205640,13800826.0,80,Tin,Refined/Articles
80 Tin And Articles Thereof,Philippines,2022,117876,117876.0,80,Tin,Refined/Articles
80 Tin And Articles Thereof,Hong Kong,2020,91296,91296.0,80,Tin,Refined/Articles
80 Tin And Articles Thereof,Thailand,2021,11407128,11407128.0,80,Tin,Refined/Articles
80 Tin And Articles Thereof,Hong Kong,2006,4113010,3874102.0,80,Tin,Refined/Articles
80 Tin And Articles Thereof,Hong Kong,2008,2063965,2063965.0,80,Tin,Refined/Articles
80 Tin And Articles Thereof,Vietnam,2007,143376,143376.0,80,Tin,Refined/Articles
80 Tin And Articles Thereof,"Korea, South",2006,344461,344461.0,80,Tin,Refined/Articles
80 Tin And Articles Thereof,Japan,2007,4075027,5922139.0,80,Tin,Refined/Articles
80 Tin And Articles Thereof,Vietnam,2012,128115,128115.0,80,Tin,Refined/Articles
80 Tin And Articles Thereof,APEC - Asia Pacific Economic Co-operation,2008,665895031,665712123.0,80,Tin,Refined/Articles
80 Tin And Articles Thereof,Japan,2005,3434204,7568386.0,80,Tin,Refined/Articles
80 Tin And Articles Thereof,Malaysia,2008,35119611,35119611.0,80,Tin,Refined/Articles
80 Tin And Articles Thereof,Burma,2002,5227,5227.0,80,Tin,Refined/Articles
80 Tin And Articles Thereof,Hong Kong,2015,2786907,2756783.0,80,Tin,Refined/Articles
80 Tin And Articles Thereof,Hong Kong,2003,1985662,1985662.0,80,Tin,Refined/Articles
80 Tin And Articles Thereof,Taiwan,2011,2224139,2224139.0,80,Tin,Refined/Articles
80 Tin And Articles Thereof,Malaysia,2015,167610935,169225549.0,80,Tin,Refined/Articles
80 Tin And Articles Thereof,Thailand,2013,55613693,55613693.0,80,Tin,Refined/Articles
80 Tin And Articles Thereof,"Korea, South",2019,253123,253123.0,80,Tin,Refined/Articles
80 Tin And Articles Thereof,Thailand,2002,1078278,1078278.0,80,Tin,Refined/Articles
80 Tin And Articles Thereof,Taiwan,2014,1150232,1150232.0,80,Tin,Refined/Articles
80 Tin And Articles Thereof,Taiwan,2009,1954571,1954571.0,80,Tin,Refined/Articles
80 Tin And Articles Thereof,Malaysia,2017,146826602,146826602.0,80,Tin,Refined/Articles
80 Tin And Articles Thereof,Malaysia,2004,57403104,58906372.0,80,Tin,Refined/Articles
80 Tin And Articles Thereof,Vietnam,2005,178487,178487.0,80,Tin,Refined/Articles
80 Tin And Articles Thereof,Taiwan,2024,1561669,1561669.0,80,Tin,Refined/Articles
80 Tin And Articles Thereof,Vietnam,2003,348234,348234.0,80,Tin,Refined/Articles
80 Tin And Articles Thereof,Taiwan,2017,3570316,3570316.0,80,Tin,Refined/Articles
80 Tin And Articles Thereof,Malaysia,2024,13854169,13854169.0,80,Tin,Refined/Articles
80 Tin And Articles Thereof,Hong Kong,2012,665375,665375.0,80,Tin,Refined/Articles
80 Tin And Articles Thereof,APEC - Asia Pacific Economic Co-operation,2001,200160922,,80,Tin,Refined/Articles
80 Tin And Articles Thereof,APEC - Asia Pacific Economic Co-operation,2005,310447280,314380305.0,80,Tin,Refined/Articles
80 Tin And Articles Thereof,Vietnam,2008,72407,72407.0,80,Tin,Refined/Articles
80 Tin And Articles Thereof,APEC - Asia Pacific Economic Co-operation,2010,663968628,663558533.0,80,Tin,Refined/Articles
80 Tin And Articles Thereof,Macau,2007,11168,11168.0,80,Tin,Refined/Articles
80 Tin And Articles Thereof,Philippines,2005,1537629,1537629.0,80,Tin,Refined/Articles
80 Tin And Articles Thereof,"Korea, South",2018,241537,241537.0,80,Tin,Refined/Articles
80 Tin And Articles Thereof,Taiwan,2008,3145899,3145899.0,80,Tin,Refined/Articles
80 Tin And Articles Thereof,Singapore,2002,195021,195021.0,80,Tin,Refined/Articles
80 Tin And Articles Thereof,Philippines,2006,623634,623634.0,80,Tin,Refined/Articles
80 Tin And Articles Thereof,Malaysia,2020,64454505,64454505.0,80,Tin,Refined/Articles
80 Tin And Articles Thereof,"Korea, South",2002,132115,132115.0,80,Tin,Refined/Articles
80 Tin And Articles Thereof,"Korea, South",2001,383883,,80,Tin,Refined/Articles
80 Tin And Articles Thereof,Hong Kong,2023,67136,67136.0,80,Tin,Refined/Articles
80 Tin And Articles Thereof,Thailand,2020,3509506,3509506.0,80,Tin,Refined/Articles
80 Tin And Articles Thereof,APEC - Asia Pacific Economic Co-operation,2003,187052991,195784609.0,80,Tin,Refined/Articles
80 Tin And Articles Thereof,Taiwan,2004,5056014,5056014.0,80,Tin,Refined/Articles
80 Tin And Articles Thereof,Philippines,2009,135647,135647.0,80,Tin,Refined/Articles
80 Tin And Articles Thereof,APEC - Asia Pacific Economic Co-operation,2007,490192709,491815089.0,80,Tin,Refined/Articles
80 Tin And Articles Thereof,Thailand,2007,1591303,1591303.0,80,Tin,Refined/Articles
80 Tin And Articles Thereof,Singapore,2006,12342289,12342289.0,80,Tin,Refined/Articles
80 Tin And Articles Thereof,APEC - Asia Pacific Economic Co-operation,2002,167429254,186739643.0,80,Tin,Refined/Articles
80 Tin And Articles Thereof,Thailand,2016,7865411,7865411.0,80,Tin,Refined/Articles
80 Tin And Articles Thereof,APEC - Asia Pacific Economic Co-operation,2009,409026031,409018060.0,80,Tin,Refined/Articles
80 Tin And Articles Thereof,Vietnam,2020,239568,239568.0,80,Tin,Refined/Articles
80 Tin And Articles Thereof,Philippines,2014,916649,916649.0,80,Tin,Refined/Articles
80 Tin And Articles Thereof,Malaysia,2013,93523687,93523687.0,80,Tin,Refined/Articles
80 Tin And Articles Thereof,"Korea, South",2009,2635280,2635280.0,80,Tin,Refined/Articles
80 Tin And Articles Thereof,Indonesia,2013,139014274,130761355.0,80,Tin,Refined/Articles
80 Tin And Articles Thereof,Philippines,2002,1778370,1778370.0,80,Tin,Refined/Articles
80 Tin And Articles Thereof,Taiwan,2015,706578,706578.0,80,Tin,Refined/Articles
80 Tin And Articles Thereof,APEC - Asia Pacific Economic Co-operation,2006,380848855,384451874.0,80,Tin,Refined/Articles
80 Tin And Articles Thereof,Indonesia,2018,189529248,189703347.0,80,Tin,Refined/Articles
80 Tin And Articles Thereof,Singapore,2005,1552866,1552866.0,80,Tin,Refined/Articles
80 Tin And Articles Thereof,Singapore,2011,17223609,17223609.0,80,Tin,Refined/Articles
80 Tin And Articles Thereof,Hong Kong,2013,794963,794963.0,80,Tin,Refined/Articles
80 Tin And Articles Thereof,Thailand,2023,12299551,12299551.0,80,Tin,Refined/Articles
80 Tin And Articles Thereof,"Korea, South",2024,1352726,1352726.0,80,Tin,Refined/Articles
80 Tin And Articles Thereof,Indonesia,2006,36660806,36660806.0,80,Tin,Refined/Articles
80 Tin And Articles Thereof,Indonesia,2025,33496980,33496980.0,80,Tin,Refined/Articles
80 Tin And Articles Thereof,Indonesia,2009,17832946,17832946.0,80,Tin,Refined/Articles
80 Tin And Articles Thereof,Japan,2001,334932,,80,Tin,Refined/Articles
80 Tin And Articles Thereof,Taiwan,2022,589779,589779.0,80,Tin,Refined/Articles
80 Tin And Articles Thereof,Taiwan,2018,4275806,4275806.0,80,Tin,Refined/Articles
80 Tin And Articles Thereof,ASEAN - Association of Southeast Asian Nations,2004,105762222,105436419.0,80,Tin,Refined/Articles
80 Tin And Articles Thereof,Malaysia,2003,2307704,3692306.0,80,Tin,Refined/Articles
80 Tin And Articles Thereof,APEC - Asia Pacific Economic Co-operation,2004,402650440,408028369.0,80,Tin,Refined/Articles
