Commodities,Countries,Time,Customs Value (Gen) ($US) (Default Member),Customs Value (Cons) ($US),HS_Code,critical_mineral,CategoryType
2504 Natural Graphite,Japan,2018,1939858,1923938.0,2504,Graphite,Other
2504 Natural Graphite,Indonesia,2025,7225570,7225570.0,2504,Graphite,Other
2504 Natural Graphite,Indonesia,2024,72590,72590.0,2504,Graphite,Other
2504 Natural Graphite,"Korea, South",2024,4443587,4443587.0,2504,Graphite,Other
2504 Natural Graphite,Vietnam,2013,8496,8496.0,2504,Graphite,Other
2504 Natural Graphite,Thailand,2024,10094,10094.0,2504,Graphite,Other
2504 Natural Graphite,Japan,2023,941735,939669.0,2504,Graphite,Other
2504 Natural Graphite,Singapore,2020,20895,20895.0,2504,Graphite,Other
2504 Natural Graphite,Japan,2022,884018,884018.0,2504,Graphite,Other
2504 Natural Graphite,Vietnam,2019,19775,19775.0,2504,Graphite,Other
2504 Natural Graphite,Taiwan,2015,7823,7823.0,2504,Graphite,Other
2504 Natural Graphite,Taiwan,2019,12396,12396.0,2504,Graphite,Other
2504 Natural Graphite,Hong Kong,2020,290400,290400.0,2504,Graphite,Other
2504 Natural Graphite,Hong Kong,2011,45440,45440.0,2504,Graphite,Other
2504 Natural Graphite,Japan,2003,1932884,1932884.0,2504,Graphite,Other
2504 Natural Graphite,Thailand,2007,3822,3822.0,2504,Graphite,Other
2504 Natural Graphite,Japan,2016,3771859,3771859.0,2504,Graphite,Other
2504 Natural Graphite,"Korea, South",2014,19200,19200.0,2504,Graphite,Other
2504 Natural Graphite,Taiwan,2001,184030,,2504,Graphite,Other
2504 Natural Graphite,Taiwan,2020,6948,6948.0,2504,Graphite,Other
2504 Natural Graphite,Taiwan,2010,2400,2400.0,2504,Graphite,Other
2504 Natural Graphite,Japan,2010,2209407,2209407.0,2504,Graphite,Other
2504 Natural Graphite,Japan,2001,3244218,,2504,Graphite,Other
2504 Natural Graphite,"Korea, South",2008,6394,6394.0,2504,Graphite,Other
2504 Natural Graphite,Japan,2020,476197,470246.0,2504,Graphite,Other
2504 Natural Graphite,Japan,2008,1502562,1502562.0,2504,Graphite,Other
2504 Natural Graphite,Taiwan,2023,19575,19575.0,2504,Graphite,Other
2504 Natural Graphite,Singapore,2018,2700,2700.0,2504,Graphite,Other
2504 Natural Graphite,Japan,2021,650238,644369.0,2504,Graphite,Other
2504 Natural Graphite,Hong Kong,2013,628290,628290.0,2504,Graphite,Other
2504 Natural Graphite,Japan,2013,5095325,5095325.0,2504,Graphite,Other
2504 Natural Graphite,Hong Kong,2012,49200,49200.0,2504,Graphite,Other
2504 Natural Graphite,Japan,2014,7284190,7284190.0,2504,Graphite,Other
2504 Natural Graphite,"Korea, South",2021,19300,19300.0,2504,Graphite,Other
2504 Natural Graphite,Japan,2025,134143,129055.0,2504,Graphite,Other
2504 Natural Graphite,Taiwan,2012,12896,12896.0,2504,Graphite,Other
2504 Natural Graphite,Japan,2017,1494088,1494088.0,2504,Graphite,Other
2504 Natural Graphite,Japan,2024,996588,996588.0,2504,Graphite,Other
2504 Natural Graphite,Malaysia,2022,2308,2308.0,2504,Graphite,Other
2504 Natural Graphite,Taiwan,2024,38542,38542.0,2504,Graphite,Other
2504 Natural Graphite,Japan,2011,3763618,3763618.0,2504,Graphite,Other
2504 Natural Graphite,Hong Kong,2021,1759304,1759304.0,2504,Graphite,Other
2504 Natural Graphite,"Korea, South",2025,52820,52820.0,2504,Graphite,Other
2504 Natural Graphite,Taiwan,2022,15654,15654.0,2504,Graphite,Other
2504 Natural Graphite,"Korea, South",2012,8435,8435.0,2504,Graphite,Other
2504 Natural Graphite,Hong Kong,2022,731819,731819.0,2504,Graphite,Other
2504 Natural Graphite,Hong Kong,2024,202350,202350.0,2504,Graphite,Other
2504 Natural Graphite,"Korea, South",2023,1165510,1165510.0,2504,Graphite,Other
2504 Natural Graphite,Mongolia,2014,71820,71820.0,2504,Graphite,Other
2504 Natural Graphite,Taiwan,2025,21926,21926.0,2504,Graphite,Other
2504 Natural Graphite,Hong Kong,2023,215000,215000.0,2504,Graphite,Other
2504 Natural Graphite,"Korea, South",2022,408034,408034.0,2504,Graphite,Other
2504 Natural Graphite,"Korea, South",2010,8969,8969.0,2504,Graphite,Other
2504 Natural Graphite,Hong Kong,2016,168782,168782.0,2504,Graphite,Other
2504 Natural Graphite,"Korea, South",2001,2127,,2504,Graphite,Other
2504 Natural Graphite,Hong Kong,2001,4577,,2504,Graphite,Other
2504 Natural Graphite,Japan,2009,1245820,1245820.0,2504,Graphite,Other
2504 Natural Graphite,Japan,2005,1295543,1295543.0,2504,Graphite,Other
2504 Natural Graphite,"Korea, South",2009,5653,5653.0,2504,Graphite,Other
2504 Natural Graphite,"Korea, South",2007,11540,11540.0,2504,Graphite,Other
2504 Natural Graphite,"Korea, South",2003,4011,4011.0,2504,Graphite,Other
2504 Natural Graphite,Japan,2019,1992601,1980885.0,2504,Graphite,Other
2504 Natural Graphite,Japan,2007,1339599,1339599.0,2504,Graphite,Other
2504 Natural Graphite,Singapore,2009,20650,20650.0,2504,Graphite,Other
2504 Natural Graphite,"Korea, South",2011,12617,12617.0,2504,Graphite,Other
2504 Natural Graphite,Japan,2012,4121163,4121163.0,2504,Graphite,Other
2504 Natural Graphite,Taiwan,2008,2700,2700.0,2504,Graphite,Other
2504 Natural Graphite,Hong Kong,2018,1116000,1116000.0,2504,Graphite,Other
2504 Natural Graphite,Japan,2015,4067722,4067722.0,2504,Graphite,Other
2504 Natural Graphite,Singapore,2017,5593,5593.0,2504,Graphite,Other
2504 Natural Graphite,"Korea, South",2006,5461,5461.0,2504,Graphite,Other
2504 Natural Graphite,Taiwan,2017,28049,28049.0,2504,Graphite,Other
2504 Natural Graphite,Hong Kong,2002,11100,11100.0,2504,Graphite,Other
2504 Natural Graphite,Japan,2002,1581524,1581524.0,2504,Graphite,Other
2504 Natural Graphite,Taiwan,2016,6600,6600.0,2504,Graphite,Other
2504 Natural Graphite,Taiwan,2009,5000,5000.0,2504,Graphite,Other
2504 Natural Graphite,Japan,2004,2600027,2600027.0,2504,Graphite,Other
2504 Natural Graphite,Japan,2006,916690,916690.0,2504,Graphite,Other
2504 Natural Graphite,Taiwan,2002,17218,17218.0,2504,Graphite,Other
2602 Manganese Ores A Concntrts Inc Ferr Mangn Iron Ore,Japan,2012,14800,14800.0,2602,Manganese,Ore/Raw
2602 Manganese Ores A Concntrts Inc Ferr Mangn Iron Ore,"Korea, South",2017,12795,12795.0,2602,Manganese,Ore/Raw
2602 Manganese Ores A Concntrts Inc Ferr Mangn Iron Ore,Japan,2014,6000,6000.0,2602,Manganese,Ore/Raw
2602 Manganese Ores A Concntrts Inc Ferr Mangn Iron Ore,"Korea, South",2013,72800,72800.0,2602,Manganese,Ore/Raw
2603 Copper Ores And Concentrates,"Korea, South",2025,4613,4613.0,2603,Copper,Ore/Raw
2603 Copper Ores And Concentrates,Indonesia,2002,5723332,5723332.0,2603,Copper,Ore/Raw
2603 Copper Ores And Concentrates,Japan,2023,9690,9690.0,2603,Copper,Ore/Raw
2603 Copper Ores And Concentrates,Japan,2022,10170,10170.0,2603,Copper,Ore/Raw
2603 Copper Ores And Concentrates,Taiwan,2023,4724,4724.0,2603,Copper,Ore/Raw
2603 Copper Ores And Concentrates,Indonesia,2001,14201112,,2603,Copper,Ore/Raw
2603 Copper Ores And Concentrates,Indonesia,2016,43973,43973.0,2603,Copper,Ore/Raw
2603 Copper Ores And Concentrates,Taiwan,2025,17013,17013.0,2603,Copper,Ore/Raw
2603 Copper Ores And Concentrates,Japan,2016,4650,4650.0,2603,Copper,Ore/Raw
2603 Copper Ores And Concentrates,Taiwan,2021,49343,49343.0,2603,Copper,Ore/Raw
2603 Copper Ores And Concentrates,Indonesia,2015,174400,174400.0,2603,Copper,Ore/Raw
2603 Copper Ores And Concentrates,Japan,2025,208998,208998.0,2603,Copper,Ore/Raw
2603 Copper Ores And Concentrates,Singapore,2019,2556,2556.0,2603,Copper,Ore/Raw
2603 Copper Ores And Concentrates,Japan,2021,11250,11250.0,2603,Copper,Ore/Raw
2603 Copper Ores And Concentrates,Taiwan,2002,82000,82000.0,2603,Copper,Ore/Raw
2603 Copper Ores And Concentrates,Japan,2024,10080,10080.0,2603,Copper,Ore/Raw
2604 Nickel Ores And Concentrates,Hong Kong,2015,2820,2820.0,2604,Nickel,Ore/Raw
2604 Nickel Ores And Concentrates,Japan,2018,6020,6020.0,2604,Nickel,Ore/Raw
2604 Nickel Ores And Concentrates,Thailand,2016,5615,5615.0,2604,Nickel,Ore/Raw
2604 Nickel Ores And Concentrates,Thailand,2015,14775,14775.0,2604,Nickel,Ore/Raw
2604 Nickel Ores And Concentrates,Japan,2015,42816,42816.0,2604,Nickel,Ore/Raw
2604 Nickel Ores And Concentrates,Hong Kong,2019,5820,5820.0,2604,Nickel,Ore/Raw
2604 Nickel Ores And Concentrates,Indonesia,2002,3200,3200.0,2604,Nickel,Ore/Raw
2604 Nickel Ores And Concentrates,Taiwan,2023,7708,7708.0,2604,Nickel,Ore/Raw
2604 Nickel Ores And Concentrates,Japan,2008,13023,13023.0,2604,Nickel,Ore/Raw
2604 Nickel Ores And Concentrates,Japan,2017,8896,8896.0,2604,Nickel,Ore/Raw
2604 Nickel Ores And Concentrates,Japan,2016,2313,2313.0,2604,Nickel,Ore/Raw
2604 Nickel Ores And Concentrates,Taiwan,2017,6944,6944.0,2604,Nickel,Ore/Raw
2604 Nickel Ores And Concentrates,"Korea, South",2014,13287,13287.0,2604,Nickel,Ore/Raw
2604 Nickel Ores And Concentrates,Singapore,2025,2145,2145.0,2604,Nickel,Ore/Raw
2604 Nickel Ores And Concentrates,Thailand,2013,3245,3245.0,2604,Nickel,Ore/Raw
2605 Cobalt Ores And Concentrates,"Korea, South",2019,89622,89622.0,2605,Cobalt,Ore/Raw
2605 Cobalt Ores And Concentrates,Taiwan,2018,509275,509275.0,2605,Cobalt,Ore/Raw
2605 Cobalt Ores And Concentrates,Japan,2014,247149,247149.0,2605,Cobalt,Ore/Raw
2605 Cobalt Ores And Concentrates,Japan,2017,119440,119440.0,2605,Cobalt,Ore/Raw
2605 Cobalt Ores And Concentrates,Japan,2012,692673,692673.0,2605,Cobalt,Ore/Raw
2605 Cobalt Ores And Concentrates,"Korea, South",2001,195000,,2605,Cobalt,Ore/Raw
2605 Cobalt Ores And Concentrates,Japan,2015,176763,176763.0,2605,Cobalt,Ore/Raw
2605 Cobalt Ores And Concentrates,Taiwan,2007,1092000,1092000.0,2605,Cobalt,Ore/Raw
2605 Cobalt Ores And Concentrates,Japan,2016,401872,401872.0,2605,Cobalt,Ore/Raw
2606 Aluminum Ores And Concentrates,"Korea, South",2020,16800,16800.0,2606,Aluminum,Ore/Raw
2606 Aluminum Ores And Concentrates,Singapore,2020,14613,14613.0,2606,Aluminum,Ore/Raw
2606 Aluminum Ores And Concentrates,Singapore,2012,578699,578699.0,2606,Aluminum,Ore/Raw
2614 Titanium Ores And Concentrates,Japan,2012,6250,6250.0,2614,Titanium,Ore/Raw
2614 Titanium Ores And Concentrates,"Korea, South",2008,97200,97200.0,2614,Titanium,Ore/Raw
2614 Titanium Ores And Concentrates,Taiwan,2016,4198,4198.0,2614,Titanium,Ore/Raw
2614 Titanium Ores And Concentrates,Japan,2004,5034,5034.0,2614,Titanium,Ore/Raw
2614 Titanium Ores And Concentrates,Japan,2003,19217,19217.0,2614,Titanium,Ore/Raw
2614 Titanium Ores And Concentrates,Vietnam,2004,2752100,2752100.0,2614,Titanium,Ore/Raw
2614 Titanium Ores And Concentrates,Malaysia,2009,2920983,2920983.0,2614,Titanium,Ore/Raw
2614 Titanium Ores And Concentrates,Japan,2024,120937,120937.0,2614,Titanium,Ore/Raw
2614 Titanium Ores And Concentrates,Vietnam,2002,1181212,1181212.0,2614,Titanium,Ore/Raw
2614 Titanium Ores And Concentrates,Malaysia,2003,4899519,4899519.0,2614,Titanium,Ore/Raw
2614 Titanium Ores And Concentrates,Malaysia,2016,3738504,3738504.0,2614,Titanium,Ore/Raw
2614 Titanium Ores And Concentrates,Malaysia,2012,1752377,1752377.0,2614,Titanium,Ore/Raw
2614 Titanium Ores And Concentrates,Malaysia,2017,1931497,1931497.0,2614,Titanium,Ore/Raw
2614 Titanium Ores And Concentrates,Malaysia,2015,2815171,2815171.0,2614,Titanium,Ore/Raw
2614 Titanium Ores And Concentrates,Malaysia,2001,6557518,,2614,Titanium,Ore/Raw
2614 Titanium Ores And Concentrates,Japan,2002,5425,5425.0,2614,Titanium,Ore/Raw
2614 Titanium Ores And Concentrates,Malaysia,2011,6831832,6831832.0,2614,Titanium,Ore/Raw
2614 Titanium Ores And Concentrates,Malaysia,2007,2426300,2426300.0,2614,Titanium,Ore/Raw
2614 Titanium Ores And Concentrates,Malaysia,2006,4301600,4301600.0,2614,Titanium,Ore/Raw
2614 Titanium Ores And Concentrates,Malaysia,2004,2394100,2394100.0,2614,Titanium,Ore/Raw
2614 Titanium Ores And Concentrates,Japan,2022,297318,297318.0,2614,Titanium,Ore/Raw
2614 Titanium Ores And Concentrates,"Korea, South",2003,35304,35304.0,2614,Titanium,Ore/Raw
2614 Titanium Ores And Concentrates,Japan,2023,177990,177990.0,2614,Titanium,Ore/Raw
2614 Titanium Ores And Concentrates,Malaysia,2005,6192500,6192500.0,2614,Titanium,Ore/Raw
2614 Titanium Ores And Concentrates,Japan,2008,6178,6178.0,2614,Titanium,Ore/Raw
2614 Titanium Ores And Concentrates,Vietnam,2003,2889488,2889488.0,2614,Titanium,Ore/Raw
2614 Titanium Ores And Concentrates,"Korea, South",2002,17400,17400.0,2614,Titanium,Ore/Raw
2614 Titanium Ores And Concentrates,Malaysia,2014,4025099,4025099.0,2614,Titanium,Ore/Raw
2614 Titanium Ores And Concentrates,Japan,2021,5036,5036.0,2614,Titanium,Ore/Raw
2614 Titanium Ores And Concentrates,Malaysia,2008,2078762,2078762.0,2614,Titanium,Ore/Raw
2614 Titanium Ores And Concentrates,Malaysia,2002,5140299,5140299.0,2614,Titanium,Ore/Raw
2614 Titanium Ores And Concentrates,Malaysia,2010,2617444,2617444.0,2614,Titanium,Ore/Raw
2614 Titanium Ores And Concentrates,"Korea, South",2011,51960,51960.0,2614,Titanium,Ore/Raw
2614 Titanium Ores And Concentrates,"Korea, South",2023,42300,42300.0,2614,Titanium,Ore/Raw
2614 Titanium Ores And Concentrates,"Korea, South",2017,7001,7001.0,2614,Titanium,Ore/Raw
2614 Titanium Ores And Concentrates,Malaysia,2019,82922,82922.0,2614,Titanium,Ore/Raw
2614 Titanium Ores And Concentrates,Japan,2013,9991,9991.0,2614,Titanium,Ore/Raw
2614 Titanium Ores And Concentrates,Malaysia,2013,4199629,4199629.0,2614,Titanium,Ore/Raw
"2801 Fluorine, Chlorine, Bromine & Iodine",Japan,2008,18393054,18393054.0,2801,Fluorine,Other
"2801 Fluorine, Chlorine, Bromine & Iodine","Korea, South",2022,2094768,2094768.0,2801,Fluorine,Other
"2801 Fluorine, Chlorine, Bromine & Iodine",Japan,2016,11643878,11643878.0,2801,Fluorine,Other
"2801 Fluorine, Chlorine, Bromine & Iodine","Korea, South",2023,1524070,1524070.0,2801,Fluorine,Other
"2801 Fluorine, Chlorine, Bromine & Iodine","Korea, South",2018,1506721,1506721.0,2801,Fluorine,Other
"2801 Fluorine, Chlorine, Bromine & Iodine",Taiwan,2017,9000,9000.0,2801,Fluorine,Other
"2801 Fluorine, Chlorine, Bromine & Iodine",Singapore,2021,41032,41032.0,2801,Fluorine,Other
"2801 Fluorine, Chlorine, Bromine & Iodine","Korea, South",2014,729890,729890.0,2801,Fluorine,Other
"2801 Fluorine, Chlorine, Bromine & Iodine",Japan,2025,15629461,15629461.0,2801,Fluorine,Other
"2801 Fluorine, Chlorine, Bromine & Iodine",Japan,2014,21476977,21476977.0,2801,Fluorine,Other
"2801 Fluorine, Chlorine, Bromine & Iodine","Korea, South",2012,760165,760165.0,2801,Fluorine,Other
"2801 Fluorine, Chlorine, Bromine & Iodine",Taiwan,2020,11250,11250.0,2801,Fluorine,Other
"2801 Fluorine, Chlorine, Bromine & Iodine",Japan,2004,20585364,20585364.0,2801,Fluorine,Other
"2801 Fluorine, Chlorine, Bromine & Iodine",Singapore,2008,4000,4000.0,2801,Fluorine,Other
"2801 Fluorine, Chlorine, Bromine & Iodine",Thailand,2001,20100,,2801,Fluorine,Other
"2801 Fluorine, Chlorine, Bromine & Iodine",Japan,2006,21758117,21758117.0,2801,Fluorine,Other
"2801 Fluorine, Chlorine, Bromine & Iodine",Japan,2010,19129428,19129428.0,2801,Fluorine,Other
"2801 Fluorine, Chlorine, Bromine & Iodine",Japan,2019,10629796,10629796.0,2801,Fluorine,Other
"2801 Fluorine, Chlorine, Bromine & Iodine","Korea, South",2024,1229862,1229862.0,2801,Fluorine,Other
"2801 Fluorine, Chlorine, Bromine & Iodine",Japan,2003,21221487,21221487.0,2801,Fluorine,Other
"2801 Fluorine, Chlorine, Bromine & Iodine",Japan,2017,10104480,10104480.0,2801,Fluorine,Other
"2801 Fluorine, Chlorine, Bromine & Iodine",Japan,2018,11875139,11875139.0,2801,Fluorine,Other
"2801 Fluorine, Chlorine, Bromine & Iodine",Japan,2001,25103458,,2801,Fluorine,Other
"2801 Fluorine, Chlorine, Bromine & Iodine",Japan,2013,20880097,20880097.0,2801,Fluorine,Other
"2801 Fluorine, Chlorine, Bromine & Iodine","Korea, South",2013,529593,529593.0,2801,Fluorine,Other
"2801 Fluorine, Chlorine, Bromine & Iodine","Korea, South",2015,487194,482394.0,2801,Fluorine,Other
"2801 Fluorine, Chlorine, Bromine & Iodine","Korea, South",2025,197685,197685.0,2801,Fluorine,Other
"2801 Fluorine, Chlorine, Bromine & Iodine","Korea, South",2011,617017,617017.0,2801,Fluorine,Other
"2801 Fluorine, Chlorine, Bromine & Iodine",Japan,2022,18670729,18670729.0,2801,Fluorine,Other
"2801 Fluorine, Chlorine, Bromine & Iodine",Japan,2021,13164773,13164773.0,2801,Fluorine,Other
"2801 Fluorine, Chlorine, Bromine & Iodine","Korea, South",2021,1188720,1188720.0,2801,Fluorine,Other
"2801 Fluorine, Chlorine, Bromine & Iodine","Korea, South",2017,1299326,1299326.0,2801,Fluorine,Other
"2801 Fluorine, Chlorine, Bromine & Iodine",Taiwan,2008,4492,4492.0,2801,Fluorine,Other
"2801 Fluorine, Chlorine, Bromine & Iodine",Taiwan,2012,46268,46268.0,2801,Fluorine,Other
"2801 Fluorine, Chlorine, Bromine & Iodine","Korea, South",2010,151600,151600.0,2801,Fluorine,Other
"2801 Fluorine, Chlorine, Bromine & Iodine",Japan,2023,13632011,13632011.0,2801,Fluorine,Other
"2801 Fluorine, Chlorine, Bromine & Iodine",Japan,2002,22696161,22696161.0,2801,Fluorine,Other
"2801 Fluorine, Chlorine, Bromine & Iodine",Japan,2015,14943104,14943104.0,2801,Fluorine,Other
"2801 Fluorine, Chlorine, Bromine & Iodine","Korea, South",2001,2772,,2801,Fluorine,Other
"2801 Fluorine, Chlorine, Bromine & Iodine","Korea, South",2016,1031467,1031467.0,2801,Fluorine,Other
"2801 Fluorine, Chlorine, Bromine & Iodine",Japan,2005,20388805,20388805.0,2801,Fluorine,Other
"2801 Fluorine, Chlorine, Bromine & Iodine","Korea, South",2004,3016,3016.0,2801,Fluorine,Other
"2801 Fluorine, Chlorine, Bromine & Iodine",Japan,2009,17121371,17121371.0,2801,Fluorine,Other
"2801 Fluorine, Chlorine, Bromine & Iodine",Japan,2007,19970644,19970644.0,2801,Fluorine,Other
"2801 Fluorine, Chlorine, Bromine & Iodine",Japan,2011,16899242,16899242.0,2801,Fluorine,Other
"2801 Fluorine, Chlorine, Bromine & Iodine",Japan,2020,10734453,10734453.0,2801,Fluorine,Other
"2801 Fluorine, Chlorine, Bromine & Iodine",Singapore,2023,3995,3995.0,2801,Fluorine,Other
"2801 Fluorine, Chlorine, Bromine & Iodine","Korea, South",2019,1475276,1475276.0,2801,Fluorine,Other
"2801 Fluorine, Chlorine, Bromine & Iodine","Korea, South",2020,1175660,1175660.0,2801,Fluorine,Other
"2801 Fluorine, Chlorine, Bromine & Iodine",Taiwan,2010,31640,31640.0,2801,Fluorine,Other
"2801 Fluorine, Chlorine, Bromine & Iodine",Japan,2012,20025993,20025993.0,2801,Fluorine,Other
"2801 Fluorine, Chlorine, Bromine & Iodine",Japan,2024,26431972,26431972.0,2801,Fluorine,Other
"2801 Fluorine, Chlorine, Bromine & Iodine","Korea, South",2006,2550,2550.0,2801,Fluorine,Other
"2801 Fluorine, Chlorine, Bromine & Iodine",Taiwan,2016,2700,2700.0,2801,Fluorine,Other
2820 Manganese Oxides,Singapore,2008,206150,206150.0,2820,Manganese,Compound
2820 Manganese Oxides,Japan,2025,574380,574380.0,2820,Manganese,Compound
2820 Manganese Oxides,Taiwan,2023,134880,134880.0,2820,Manganese,Compound
2820 Manganese Oxides,"Korea, South",2022,2407622,2407622.0,2820,Manganese,Compound
2820 Manganese Oxides,Japan,2007,5078647,5078647.0,2820,Manganese,Compound
2820 Manganese Oxides,Japan,2019,7460248,7460248.0,2820,Manganese,Compound
2820 Manganese Oxides,Japan,2014,13744172,13744172.0,2820,Manganese,Compound
2820 Manganese Oxides,Japan,2023,944744,944744.0,2820,Manganese,Compound
2820 Manganese Oxides,Japan,2022,6140364,6140364.0,2820,Manganese,Compound
2820 Manganese Oxides,Japan,2021,6859578,6859578.0,2820,Manganese,Compound
2820 Manganese Oxides,Indonesia,2023,91380,91380.0,2820,Manganese,Compound
2820 Manganese Oxides,Japan,2018,11191155,11191155.0,2820,Manganese,Compound
2820 Manganese Oxides,"Korea, South",2025,642122,642122.0,2820,Manganese,Compound
2820 Manganese Oxides,Japan,2024,1102006,1102006.0,2820,Manganese,Compound
2820 Manganese Oxides,"Korea, South",2023,1996497,1996497.0,2820,Manganese,Compound
2820 Manganese Oxides,Japan,2002,2840302,2840302.0,2820,Manganese,Compound
2820 Manganese Oxides,Japan,2016,10894431,10894431.0,2820,Manganese,Compound
2820 Manganese Oxides,"Korea, South",2015,3808823,3808823.0,2820,Manganese,Compound
2820 Manganese Oxides,"Korea, South",2014,3452412,3452412.0,2820,Manganese,Compound
2820 Manganese Oxides,Indonesia,2006,74516,74516.0,2820,Manganese,Compound
2820 Manganese Oxides,Japan,2004,4102608,4102608.0,2820,Manganese,Compound
2820 Manganese Oxides,"Korea, South",2009,79297,79297.0,2820,Manganese,Compound
2820 Manganese Oxides,Singapore,2012,251940,251940.0,2820,Manganese,Compound
2820 Manganese Oxides,Taiwan,2022,190499,190499.0,2820,Manganese,Compound
2820 Manganese Oxides,"Korea, South",2007,35700,35700.0,2820,Manganese,Compound
2820 Manganese Oxides,Japan,2005,5827170,5827170.0,2820,Manganese,Compound
2820 Manganese Oxides,"Korea, South",2017,8163915,8163915.0,2820,Manganese,Compound
2820 Manganese Oxides,"Korea, South",2012,25160,25160.0,2820,Manganese,Compound
2820 Manganese Oxides,Hong Kong,2002,129120,129120.0,2820,Manganese,Compound
2820 Manganese Oxides,"Korea, South",2003,32090,32090.0,2820,Manganese,Compound
2820 Manganese Oxides,"Korea, South",2021,1482448,1482448.0,2820,Manganese,Compound
2820 Manganese Oxides,"Korea, South",2019,2463950,2463950.0,2820,Manganese,Compound
2820 Manganese Oxides,"Korea, South",2020,2641319,2641319.0,2820,Manganese,Compound
2820 Manganese Oxides,Japan,2003,3613425,3613425.0,2820,Manganese,Compound
2820 Manganese Oxides,Singapore,2011,310080,310080.0,2820,Manganese,Compound
2820 Manganese Oxides,"Korea, South",2013,697410,697410.0,2820,Manganese,Compound
2820 Manganese Oxides,Singapore,2017,106875,106875.0,2820,Manganese,Compound
2820 Manganese Oxides,Japan,2009,11450349,11450349.0,2820,Manganese,Compound
2820 Manganese Oxides,Indonesia,2024,490000,490000.0,2820,Manganese,Compound
2820 Manganese Oxides,"Korea, South",2024,465994,465994.0,2820,Manganese,Compound
2820 Manganese Oxides,Singapore,2009,194460,194460.0,2820,Manganese,Compound
2820 Manganese Oxides,Taiwan,2014,3870,3870.0,2820,Manganese,Compound
2820 Manganese Oxides,Singapore,2015,352830,352830.0,2820,Manganese,Compound
2820 Manganese Oxides,Japan,2020,9558233,9558233.0,2820,Manganese,Compound
2820 Manganese Oxides,Singapore,2007,142215,142215.0,2820,Manganese,Compound
2820 Manganese Oxides,Japan,2008,8839548,8839548.0,2820,Manganese,Compound
2820 Manganese Oxides,Japan,2017,14804187,14804187.0,2820,Manganese,Compound
2820 Manganese Oxides,"Korea, South",2016,6811382,6811382.0,2820,Manganese,Compound
2820 Manganese Oxides,Singapore,2014,303525,303525.0,2820,Manganese,Compound
2820 Manganese Oxides,Japan,2010,16087746,16087746.0,2820,Manganese,Compound
2820 Manganese Oxides,Japan,2013,14564232,14564232.0,2820,Manganese,Compound
2820 Manganese Oxides,"Korea, South",2011,225600,225600.0,2820,Manganese,Compound
2820 Manganese Oxides,"Korea, South",2018,9493803,9493803.0,2820,Manganese,Compound
2820 Manganese Oxides,Japan,2006,9179122,9179122.0,2820,Manganese,Compound
2820 Manganese Oxides,Singapore,2010,245100,245100.0,2820,Manganese,Compound
2820 Manganese Oxides,Singapore,2013,317693,317693.0,2820,Manganese,Compound
2820 Manganese Oxides,"Korea, South",2008,149698,149698.0,2820,Manganese,Compound
2820 Manganese Oxides,Japan,2011,20148354,20148354.0,2820,Manganese,Compound
2820 Manganese Oxides,"Korea, South",2006,7511,7511.0,2820,Manganese,Compound
2820 Manganese Oxides,"Korea, South",2010,36663,36663.0,2820,Manganese,Compound
2820 Manganese Oxides,Japan,2001,975219,,2820,Manganese,Compound
2820 Manganese Oxides,Japan,2015,13518607,13518607.0,2820,Manganese,Compound
2820 Manganese Oxides,Japan,2012,20707402,20707402.0,2820,Manganese,Compound
2820 Manganese Oxides,Singapore,2016,152760,152760.0,2820,Manganese,Compound
2820 Manganese Oxides,Indonesia,2025,70000,70000.0,2820,Manganese,Compound
2846 Rare-earth Metal Compounds Of Yttrium Or Scandium,Japan,2021,27234139,27234139.0,2846,Rare Earth Elements,Compound
2846 Rare-earth Metal Compounds Of Yttrium Or Scandium,Taiwan,2014,181385,181385.0,2846,Rare Earth Elements,Compound
2846 Rare-earth Metal Compounds Of Yttrium Or Scandium,Malaysia,2008,10944,10944.0,2846,Rare Earth Elements,Compound
2846 Rare-earth Metal Compounds Of Yttrium Or Scandium,"Korea, South",2013,2474047,1364416.0,2846,Rare Earth Elements,Compound
2846 Rare-earth Metal Compounds Of Yttrium Or Scandium,Vietnam,2011,34807500,3270000.0,2846,Rare Earth Elements,Compound
2846 Rare-earth Metal Compounds Of Yttrium Or Scandium,"Korea, South",2020,1392760,1392760.0,2846,Rare Earth Elements,Compound
2846 Rare-earth Metal Compounds Of Yttrium Or Scandium,Singapore,2020,17000,17000.0,2846,Rare Earth Elements,Compound
2846 Rare-earth Metal Compounds Of Yttrium Or Scandium,"Korea, South",2017,9033013,1342195.0,2846,Rare Earth Elements,Compound
2846 Rare-earth Metal Compounds Of Yttrium Or Scandium,Singapore,2024,10512,10512.0,2846,Rare Earth Elements,Compound
2846 Rare-earth Metal Compounds Of Yttrium Or Scandium,Taiwan,2013,187527,187527.0,2846,Rare Earth Elements,Compound
2846 Rare-earth Metal Compounds Of Yttrium Or Scandium,"Korea, South",2012,4219095,2639560.0,2846,Rare Earth Elements,Compound
2846 Rare-earth Metal Compounds Of Yttrium Or Scandium,Japan,2015,33163987,24074723.0,2846,Rare Earth Elements,Compound
2846 Rare-earth Metal Compounds Of Yttrium Or Scandium,"Korea, South",2009,2190887,21000.0,2846,Rare Earth Elements,Compound
2846 Rare-earth Metal Compounds Of Yttrium Or Scandium,Japan,2023,21834342,21834342.0,2846,Rare Earth Elements,Compound
2846 Rare-earth Metal Compounds Of Yttrium Or Scandium,Hong Kong,2017,44590,44590.0,2846,Rare Earth Elements,Compound
2846 Rare-earth Metal Compounds Of Yttrium Or Scandium,Malaysia,2023,5226435,5226435.0,2846,Rare Earth Elements,Compound
2846 Rare-earth Metal Compounds Of Yttrium Or Scandium,Malaysia,2002,3766,3766.0,2846,Rare Earth Elements,Compound
2846 Rare-earth Metal Compounds Of Yttrium Or Scandium,Japan,2022,33372776,31338776.0,2846,Rare Earth Elements,Compound
2846 Rare-earth Metal Compounds Of Yttrium Or Scandium,"Korea, South",2024,1784478,1784478.0,2846,Rare Earth Elements,Compound
2846 Rare-earth Metal Compounds Of Yttrium Or Scandium,Japan,2004,17647363,17647364.0,2846,Rare Earth Elements,Compound
2846 Rare-earth Metal Compounds Of Yttrium Or Scandium,Japan,2010,27570454,22985029.0,2846,Rare Earth Elements,Compound
2846 Rare-earth Metal Compounds Of Yttrium Or Scandium,Hong Kong,2004,382264,382264.0,2846,Rare Earth Elements,Compound
2846 Rare-earth Metal Compounds Of Yttrium Or Scandium,Taiwan,2015,33941,33941.0,2846,Rare Earth Elements,Compound
2846 Rare-earth Metal Compounds Of Yttrium Or Scandium,Malaysia,2015,2841061,2841061.0,2846,Rare Earth Elements,Compound
2846 Rare-earth Metal Compounds Of Yttrium Or Scandium,"Korea, South",2002,46227,46227.0,2846,Rare Earth Elements,Compound
2846 Rare-earth Metal Compounds Of Yttrium Or Scandium,Malaysia,2025,1281021,1281021.0,2846,Rare Earth Elements,Compound
2846 Rare-earth Metal Compounds Of Yttrium Or Scandium,Vietnam,2025,573625,573625.0,2846,Rare Earth Elements,Compound
2846 Rare-earth Metal Compounds Of Yttrium Or Scandium,"Korea, South",2008,1800237,51350.0,2846,Rare Earth Elements,Compound
2846 Rare-earth Metal Compounds Of Yttrium Or Scandium,Japan,2003,13565432,13565432.0,2846,Rare Earth Elements,Compound
2846 Rare-earth Metal Compounds Of Yttrium Or Scandium,"Korea, South",2005,65613,65613.0,2846,Rare Earth Elements,Compound
2846 Rare-earth Metal Compounds Of Yttrium Or Scandium,Hong Kong,2008,2987833,2987833.0,2846,Rare Earth Elements,Compound
2846 Rare-earth Metal Compounds Of Yttrium Or Scandium,Taiwan,2021,85953,85953.0,2846,Rare Earth Elements,Compound
2846 Rare-earth Metal Compounds Of Yttrium Or Scandium,Mongolia,2022,2457,2457.0,2846,Rare Earth Elements,Compound
2846 Rare-earth Metal Compounds Of Yttrium Or Scandium,Singapore,2017,90850,90850.0,2846,Rare Earth Elements,Compound
2846 Rare-earth Metal Compounds Of Yttrium Or Scandium,"Korea, South",2018,8456914,1211638.0,2846,Rare Earth Elements,Compound
2846 Rare-earth Metal Compounds Of Yttrium Or Scandium,Taiwan,2003,7744,7744.0,2846,Rare Earth Elements,Compound
2846 Rare-earth Metal Compounds Of Yttrium Or Scandium,Japan,2008,28926955,19268777.0,2846,Rare Earth Elements,Compound
2846 Rare-earth Metal Compounds Of Yttrium Or Scandium,Hong Kong,2009,5994,5994.0,2846,Rare Earth Elements,Compound
2846 Rare-earth Metal Compounds Of Yttrium Or Scandium,"Korea, South",2010,1949708,330856.0,2846,Rare Earth Elements,Compound
2846 Rare-earth Metal Compounds Of Yttrium Or Scandium,Laos,2012,750250,750250.0,2846,Rare Earth Elements,Compound
2846 Rare-earth Metal Compounds Of Yttrium Or Scandium,Taiwan,2009,63442,63442.0,2846,Rare Earth Elements,Compound
2846 Rare-earth Metal Compounds Of Yttrium Or Scandium,Japan,2012,109291226,92680447.0,2846,Rare Earth Elements,Compound
2846 Rare-earth Metal Compounds Of Yttrium Or Scandium,Taiwan,2016,35600,35600.0,2846,Rare Earth Elements,Compound
2846 Rare-earth Metal Compounds Of Yttrium Or Scandium,Malaysia,2012,906906,906906.0,2846,Rare Earth Elements,Compound
2846 Rare-earth Metal Compounds Of Yttrium Or Scandium,Malaysia,2011,11768,11768.0,2846,Rare Earth Elements,Compound
2846 Rare-earth Metal Compounds Of Yttrium Or Scandium,Laos,2013,107300,107300.0,2846,Rare Earth Elements,Compound
2846 Rare-earth Metal Compounds Of Yttrium Or Scandium,Hong Kong,2012,42250,42250.0,2846,Rare Earth Elements,Compound
2846 Rare-earth Metal Compounds Of Yttrium Or Scandium,Hong Kong,2021,60055,60055.0,2846,Rare Earth Elements,Compound
2846 Rare-earth Metal Compounds Of Yttrium Or Scandium,Hong Kong,2019,111765,111765.0,2846,Rare Earth Elements,Compound
2846 Rare-earth Metal Compounds Of Yttrium Or Scandium,Singapore,2016,79200,79200.0,2846,Rare Earth Elements,Compound
2846 Rare-earth Metal Compounds Of Yttrium Or Scandium,Malaysia,2022,6644885,6644885.0,2846,Rare Earth Elements,Compound
2846 Rare-earth Metal Compounds Of Yttrium Or Scandium,Malaysia,2013,126200,126200.0,2846,Rare Earth Elements,Compound
2846 Rare-earth Metal Compounds Of Yttrium Or Scandium,Hong Kong,2001,49500,,2846,Rare Earth Elements,Compound
2846 Rare-earth Metal Compounds Of Yttrium Or Scandium,Japan,2014,37870311,29316162.0,2846,Rare Earth Elements,Compound
2846 Rare-earth Metal Compounds Of Yttrium Or Scandium,Malaysia,2021,4434833,4434833.0,2846,Rare Earth Elements,Compound
2846 Rare-earth Metal Compounds Of Yttrium Or Scandium,Taiwan,2023,74309,74309.0,2846,Rare Earth Elements,Compound
2846 Rare-earth Metal Compounds Of Yttrium Or Scandium,Malaysia,2020,2199417,2199417.0,2846,Rare Earth Elements,Compound
2846 Rare-earth Metal Compounds Of Yttrium Or Scandium,Hong Kong,2016,51146,51146.0,2846,Rare Earth Elements,Compound
2846 Rare-earth Metal Compounds Of Yttrium Or Scandium,Japan,2013,36533517,24014261.0,2846,Rare Earth Elements,Compound
2846 Rare-earth Metal Compounds Of Yttrium Or Scandium,"Korea, South",2021,2497911,2181851.0,2846,Rare Earth Elements,Compound
2846 Rare-earth Metal Compounds Of Yttrium Or Scandium,"Korea, South",2023,2364083,2364083.0,2846,Rare Earth Elements,Compound
2846 Rare-earth Metal Compounds Of Yttrium Or Scandium,Malaysia,2024,1641511,1641511.0,2846,Rare Earth Elements,Compound
2846 Rare-earth Metal Compounds Of Yttrium Or Scandium,Taiwan,2022,66420,66420.0,2846,Rare Earth Elements,Compound
2846 Rare-earth Metal Compounds Of Yttrium Or Scandium,"Korea, South",2022,2019204,2019204.0,2846,Rare Earth Elements,Compound
2846 Rare-earth Metal Compounds Of Yttrium Or Scandium,Hong Kong,2013,1367000,1367000.0,2846,Rare Earth Elements,Compound
2846 Rare-earth Metal Compounds Of Yttrium Or Scandium,Japan,2002,12687419,12687419.0,2846,Rare Earth Elements,Compound
2846 Rare-earth Metal Compounds Of Yttrium Or Scandium,"Korea, South",2025,3305497,3305497.0,2846,Rare Earth Elements,Compound
2846 Rare-earth Metal Compounds Of Yttrium Or Scandium,Hong Kong,2002,169420,169420.0,2846,Rare Earth Elements,Compound
2846 Rare-earth Metal Compounds Of Yttrium Or Scandium,Hong Kong,2007,769065,769065.0,2846,Rare Earth Elements,Compound
2846 Rare-earth Metal Compounds Of Yttrium Or Scandium,Japan,2001,17224075,,2846,Rare Earth Elements,Compound
2846 Rare-earth Metal Compounds Of Yttrium Or Scandium,Hong Kong,2014,279000,279000.0,2846,Rare Earth Elements,Compound
2846 Rare-earth Metal Compounds Of Yttrium Or Scandium,Taiwan,2025,115143,115143.0,2846,Rare Earth Elements,Compound
2846 Rare-earth Metal Compounds Of Yttrium Or Scandium,Taiwan,2008,186313,186313.0,2846,Rare Earth Elements,Compound
2846 Rare-earth Metal Compounds Of Yttrium Or Scandium,Malaysia,2019,4528969,4528969.0,2846,Rare Earth Elements,Compound
2846 Rare-earth Metal Compounds Of Yttrium Or Scandium,Japan,2025,11030832,12821632.0,2846,Rare Earth Elements,Compound
2846 Rare-earth Metal Compounds Of Yttrium Or Scandium,Japan,2009,14759098,11682697.0,2846,Rare Earth Elements,Compound
2846 Rare-earth Metal Compounds Of Yttrium Or Scandium,"Korea, South",2015,7038697,1128585.0,2846,Rare Earth Elements,Compound
2846 Rare-earth Metal Compounds Of Yttrium Or Scandium,Taiwan,2001,146382,,2846,Rare Earth Elements,Compound
2846 Rare-earth Metal Compounds Of Yttrium Or Scandium,"Korea, South",2019,8076762,1604016.0,2846,Rare Earth Elements,Compound
2846 Rare-earth Metal Compounds Of Yttrium Or Scandium,Japan,2024,20229985,19528185.0,2846,Rare Earth Elements,Compound
2846 Rare-earth Metal Compounds Of Yttrium Or Scandium,Singapore,2011,11400,11400.0,2846,Rare Earth Elements,Compound
2846 Rare-earth Metal Compounds Of Yttrium Or Scandium,"Korea, South",2011,4051756,2483124.0,2846,Rare Earth Elements,Compound
2846 Rare-earth Metal Compounds Of Yttrium Or Scandium,Malaysia,2016,819600,819600.0,2846,Rare Earth Elements,Compound
2846 Rare-earth Metal Compounds Of Yttrium Or Scandium,"Korea, South",2003,287730,287730.0,2846,Rare Earth Elements,Compound
2846 Rare-earth Metal Compounds Of Yttrium Or Scandium,Hong Kong,2005,181480,181480.0,2846,Rare Earth Elements,Compound
2846 Rare-earth Metal Compounds Of Yttrium Or Scandium,Taiwan,2007,178317,178317.0,2846,Rare Earth Elements,Compound
2846 Rare-earth Metal Compounds Of Yttrium Or Scandium,Singapore,2023,28118,28118.0,2846,Rare Earth Elements,Compound
2846 Rare-earth Metal Compounds Of Yttrium Or Scandium,Vietnam,2024,40373,40373.0,2846,Rare Earth Elements,Compound
2846 Rare-earth Metal Compounds Of Yttrium Or Scandium,Taiwan,2002,54934,54934.0,2846,Rare Earth Elements,Compound
2846 Rare-earth Metal Compounds Of Yttrium Or Scandium,Malaysia,2014,2854857,2854857.0,2846,Rare Earth Elements,Compound
2846 Rare-earth Metal Compounds Of Yttrium Or Scandium,Thailand,2011,68000,68000.0,2846,Rare Earth Elements,Compound
2846 Rare-earth Metal Compounds Of Yttrium Or Scandium,Japan,2020,30536429,30536429.0,2846,Rare Earth Elements,Compound
2846 Rare-earth Metal Compounds Of Yttrium Or Scandium,Vietnam,2013,483650,483650.0,2846,Rare Earth Elements,Compound
2846 Rare-earth Metal Compounds Of Yttrium Or Scandium,Malaysia,2018,3547685,3547685.0,2846,Rare Earth Elements,Compound
2846 Rare-earth Metal Compounds Of Yttrium Or Scandium,Hong Kong,2011,135413,135413.0,2846,Rare Earth Elements,Compound
2846 Rare-earth Metal Compounds Of Yttrium Or Scandium,Japan,2006,18871024,16246399.0,2846,Rare Earth Elements,Compound
2846 Rare-earth Metal Compounds Of Yttrium Or Scandium,Hong Kong,2010,465845,465845.0,2846,Rare Earth Elements,Compound
2846 Rare-earth Metal Compounds Of Yttrium Or Scandium,Japan,2016,32502860,17905757.0,2846,Rare Earth Elements,Compound
2846 Rare-earth Metal Compounds Of Yttrium Or Scandium,Japan,2017,22170017,20271233.0,2846,Rare Earth Elements,Compound
2846 Rare-earth Metal Compounds Of Yttrium Or Scandium,Hong Kong,2003,366060,366060.0,2846,Rare Earth Elements,Compound
2846 Rare-earth Metal Compounds Of Yttrium Or Scandium,Taiwan,2019,28188,28188.0,2846,Rare Earth Elements,Compound
2846 Rare-earth Metal Compounds Of Yttrium Or Scandium,Taiwan,2017,18691,18691.0,2846,Rare Earth Elements,Compound
2846 Rare-earth Metal Compounds Of Yttrium Or Scandium,"Korea, South",2006,761327,90139.0,2846,Rare Earth Elements,Compound
2846 Rare-earth Metal Compounds Of Yttrium Or Scandium,Hong Kong,2018,494824,494824.0,2846,Rare Earth Elements,Compound
2846 Rare-earth Metal Compounds Of Yttrium Or Scandium,Hong Kong,2015,286272,286272.0,2846,Rare Earth Elements,Compound
2846 Rare-earth Metal Compounds Of Yttrium Or Scandium,Taiwan,2020,32034,32034.0,2846,Rare Earth Elements,Compound
2846 Rare-earth Metal Compounds Of Yttrium Or Scandium,Malaysia,2007,6457,6457.0,2846,Rare Earth Elements,Compound
2846 Rare-earth Metal Compounds Of Yttrium Or Scandium,Taiwan,2011,62549,62549.0,2846,Rare Earth Elements,Compound
2846 Rare-earth Metal Compounds Of Yttrium Or Scandium,Taiwan,2012,66234,66234.0,2846,Rare Earth Elements,Compound
2846 Rare-earth Metal Compounds Of Yttrium Or Scandium,"Korea, South",2016,10963589,1085375.0,2846,Rare Earth Elements,Compound
2846 Rare-earth Metal Compounds Of Yttrium Or Scandium,"Korea, South",2014,3010006,967238.0,2846,Rare Earth Elements,Compound
2846 Rare-earth Metal Compounds Of Yttrium Or Scandium,Mongolia,2009,1405109,1405109.0,2846,Rare Earth Elements,Compound
2846 Rare-earth Metal Compounds Of Yttrium Or Scandium,Taiwan,2006,4600,4600.0,2846,Rare Earth Elements,Compound
2846 Rare-earth Metal Compounds Of Yttrium Or Scandium,Singapore,2013,15000,15000.0,2846,Rare Earth Elements,Compound
2846 Rare-earth Metal Compounds Of Yttrium Or Scandium,Mongolia,2008,316800,316800.0,2846,Rare Earth Elements,Compound
2846 Rare-earth Metal Compounds Of Yttrium Or Scandium,Japan,2019,30760316,30679846.0,2846,Rare Earth Elements,Compound
2846 Rare-earth Metal Compounds Of Yttrium Or Scandium,"Korea, South",2004,2512561,2512561.0,2846,Rare Earth Elements,Compound
2846 Rare-earth Metal Compounds Of Yttrium Or Scandium,Japan,2018,24055791,23506259.0,2846,Rare Earth Elements,Compound
2846 Rare-earth Metal Compounds Of Yttrium Or Scandium,Malaysia,2017,433888,433888.0,2846,Rare Earth Elements,Compound
2846 Rare-earth Metal Compounds Of Yttrium Or Scandium,Japan,2011,101277629,86827467.0,2846,Rare Earth Elements,Compound
2846 Rare-earth Metal Compounds Of Yttrium Or Scandium,Singapore,2018,60000,60000.0,2846,Rare Earth Elements,Compound
2846 Rare-earth Metal Compounds Of Yttrium Or Scandium,Singapore,2019,86400,86400.0,2846,Rare Earth Elements,Compound
2846 Rare-earth Metal Compounds Of Yttrium Or Scandium,Japan,2007,24271976,15213366.0,2846,Rare Earth Elements,Compound
2846 Rare-earth Metal Compounds Of Yttrium Or Scandium,"Korea, South",2007,1093499,120506.0,2846,Rare Earth Elements,Compound
2846 Rare-earth Metal Compounds Of Yttrium Or Scandium,Hong Kong,2006,518476,518476.0,2846,Rare Earth Elements,Compound
2846 Rare-earth Metal Compounds Of Yttrium Or Scandium,Japan,2005,24998145,24998145.0,2846,Rare Earth Elements,Compound
3801 Artificial Graphite; Collodial Graphite & Prep Etc,Philippines,2022,12282,12282.0,3801,Graphite,Other
3801 Artificial Graphite; Collodial Graphite & Prep Etc,Malaysia,2012,946029,946029.0,3801,Graphite,Other
3801 Artificial Graphite; Collodial Graphite & Prep Etc,"Korea, South",2016,1683277,1683277.0,3801,Graphite,Other
3801 Artificial Graphite; Collodial Graphite & Prep Etc,Japan,2014,24620380,24620380.0,3801,Graphite,Other
3801 Artificial Graphite; Collodial Graphite & Prep Etc,Hong Kong,2010,22500,22500.0,3801,Graphite,Other
3801 Artificial Graphite; Collodial Graphite & Prep Etc,Japan,2020,52682405,52626543.0,3801,Graphite,Other
3801 Artificial Graphite; Collodial Graphite & Prep Etc,Japan,2012,39805200,39805200.0,3801,Graphite,Other
3801 Artificial Graphite; Collodial Graphite & Prep Etc,"Korea, South",2021,5927818,5927818.0,3801,Graphite,Other
3801 Artificial Graphite; Collodial Graphite & Prep Etc,"Korea, South",2008,267338,267338.0,3801,Graphite,Other
3801 Artificial Graphite; Collodial Graphite & Prep Etc,Taiwan,2020,248546,248546.0,3801,Graphite,Other
3801 Artificial Graphite; Collodial Graphite & Prep Etc,"Korea, South",2013,380953,380953.0,3801,Graphite,Other
3801 Artificial Graphite; Collodial Graphite & Prep Etc,Taiwan,2011,48350,48350.0,3801,Graphite,Other
3801 Artificial Graphite; Collodial Graphite & Prep Etc,Thailand,2008,3939,3939.0,3801,Graphite,Other
3801 Artificial Graphite; Collodial Graphite & Prep Etc,Singapore,2021,120479,120479.0,3801,Graphite,Other
3801 Artificial Graphite; Collodial Graphite & Prep Etc,"Korea, South",2009,1614939,1614939.0,3801,Graphite,Other
3801 Artificial Graphite; Collodial Graphite & Prep Etc,"Korea, South",2015,1775322,1775322.0,3801,Graphite,Other
3801 Artificial Graphite; Collodial Graphite & Prep Etc,Indonesia,2025,45871004,45773804.0,3801,Graphite,Other
3801 Artificial Graphite; Collodial Graphite & Prep Etc,Taiwan,2006,853706,853706.0,3801,Graphite,Other
3801 Artificial Graphite; Collodial Graphite & Prep Etc,Hong Kong,2016,300101,300101.0,3801,Graphite,Other
3801 Artificial Graphite; Collodial Graphite & Prep Etc,Singapore,2019,3600,3600.0,3801,Graphite,Other
3801 Artificial Graphite; Collodial Graphite & Prep Etc,Hong Kong,2023,4290,4290.0,3801,Graphite,Other
3801 Artificial Graphite; Collodial Graphite & Prep Etc,Hong Kong,2013,404880,404880.0,3801,Graphite,Other
3801 Artificial Graphite; Collodial Graphite & Prep Etc,Taiwan,2005,378484,378484.0,3801,Graphite,Other
3801 Artificial Graphite; Collodial Graphite & Prep Etc,Taiwan,2023,149648,149648.0,3801,Graphite,Other
3801 Artificial Graphite; Collodial Graphite & Prep Etc,Thailand,2006,13968,13968.0,3801,Graphite,Other
3801 Artificial Graphite; Collodial Graphite & Prep Etc,Vietnam,2025,20864,20864.0,3801,Graphite,Other
3801 Artificial Graphite; Collodial Graphite & Prep Etc,Japan,2004,20386246,20386246.0,3801,Graphite,Other
3801 Artificial Graphite; Collodial Graphite & Prep Etc,Hong Kong,2008,7439,7439.0,3801,Graphite,Other
3801 Artificial Graphite; Collodial Graphite & Prep Etc,Japan,2003,15216075,15216075.0,3801,Graphite,Other
3801 Artificial Graphite; Collodial Graphite & Prep Etc,Malaysia,2023,4838539,4838539.0,3801,Graphite,Other
3801 Artificial Graphite; Collodial Graphite & Prep Etc,Japan,2016,22954978,22954978.0,3801,Graphite,Other
3801 Artificial Graphite; Collodial Graphite & Prep Etc,Singapore,2014,65382,65382.0,3801,Graphite,Other
3801 Artificial Graphite; Collodial Graphite & Prep Etc,"Korea, South",2025,38074125,38074125.0,3801,Graphite,Other
3801 Artificial Graphite; Collodial Graphite & Prep Etc,Indonesia,2007,177992,177992.0,3801,Graphite,Other
3801 Artificial Graphite; Collodial Graphite & Prep Etc,Thailand,2012,18467,18467.0,3801,Graphite,Other
3801 Artificial Graphite; Collodial Graphite & Prep Etc,"Korea, South",2003,77980,77980.0,3801,Graphite,Other
3801 Artificial Graphite; Collodial Graphite & Prep Etc,"Korea, South",2005,400751,400751.0,3801,Graphite,Other
3801 Artificial Graphite; Collodial Graphite & Prep Etc,Taiwan,2014,39585,39585.0,3801,Graphite,Other
3801 Artificial Graphite; Collodial Graphite & Prep Etc,"Korea, South",2018,5435922,5435922.0,3801,Graphite,Other
3801 Artificial Graphite; Collodial Graphite & Prep Etc,Indonesia,2013,150701,150701.0,3801,Graphite,Other
3801 Artificial Graphite; Collodial Graphite & Prep Etc,Malaysia,2024,502915,502915.0,3801,Graphite,Other
3801 Artificial Graphite; Collodial Graphite & Prep Etc,"Korea, South",2007,397757,397757.0,3801,Graphite,Other
3801 Artificial Graphite; Collodial Graphite & Prep Etc,Malaysia,2019,152371,152371.0,3801,Graphite,Other
3801 Artificial Graphite; Collodial Graphite & Prep Etc,Malaysia,2014,2039270,2039270.0,3801,Graphite,Other
3801 Artificial Graphite; Collodial Graphite & Prep Etc,"Korea, South",2010,470984,470984.0,3801,Graphite,Other
3801 Artificial Graphite; Collodial Graphite & Prep Etc,Malaysia,2020,205489,205489.0,3801,Graphite,Other
3801 Artificial Graphite; Collodial Graphite & Prep Etc,Taiwan,2018,266572,266572.0,3801,Graphite,Other
3801 Artificial Graphite; Collodial Graphite & Prep Etc,Taiwan,2019,258556,258556.0,3801,Graphite,Other
3801 Artificial Graphite; Collodial Graphite & Prep Etc,Singapore,2020,4495,4495.0,3801,Graphite,Other
3801 Artificial Graphite; Collodial Graphite & Prep Etc,Malaysia,2017,579985,579985.0,3801,Graphite,Other
3801 Artificial Graphite; Collodial Graphite & Prep Etc,Singapore,2025,27986,27986.0,3801,Graphite,Other
3801 Artificial Graphite; Collodial Graphite & Prep Etc,Taiwan,2012,38384,38384.0,3801,Graphite,Other
3801 Artificial Graphite; Collodial Graphite & Prep Etc,Taiwan,2009,144330,144330.0,3801,Graphite,Other
3801 Artificial Graphite; Collodial Graphite & Prep Etc,Japan,2015,24400006,24400006.0,3801,Graphite,Other
3801 Artificial Graphite; Collodial Graphite & Prep Etc,Indonesia,2018,7377,7377.0,3801,Graphite,Other
3801 Artificial Graphite; Collodial Graphite & Prep Etc,Taiwan,2017,263919,263919.0,3801,Graphite,Other
3801 Artificial Graphite; Collodial Graphite & Prep Etc,"Korea, South",2022,17025539,17025539.0,3801,Graphite,Other
3801 Artificial Graphite; Collodial Graphite & Prep Etc,Japan,2009,16538687,16538687.0,3801,Graphite,Other
3801 Artificial Graphite; Collodial Graphite & Prep Etc,Japan,2017,50581819,50551701.0,3801,Graphite,Other
3801 Artificial Graphite; Collodial Graphite & Prep Etc,Hong Kong,2005,29811,29811.0,3801,Graphite,Other
3801 Artificial Graphite; Collodial Graphite & Prep Etc,"Korea, South",2019,6185202,6185202.0,3801,Graphite,Other
3801 Artificial Graphite; Collodial Graphite & Prep Etc,Hong Kong,2017,706138,706138.0,3801,Graphite,Other
3801 Artificial Graphite; Collodial Graphite & Prep Etc,Thailand,2007,6780,6780.0,3801,Graphite,Other
3801 Artificial Graphite; Collodial Graphite & Prep Etc,Vietnam,2021,4699,4699.0,3801,Graphite,Other
3801 Artificial Graphite; Collodial Graphite & Prep Etc,Singapore,2023,34790,34790.0,3801,Graphite,Other
3801 Artificial Graphite; Collodial Graphite & Prep Etc,"Korea, South",2017,2151049,2151049.0,3801,Graphite,Other
3801 Artificial Graphite; Collodial Graphite & Prep Etc,"Korea, South",2020,6907101,6907101.0,3801,Graphite,Other
3801 Artificial Graphite; Collodial Graphite & Prep Etc,"Korea, South",2011,699986,699986.0,3801,Graphite,Other
3801 Artificial Graphite; Collodial Graphite & Prep Etc,Taiwan,2025,176097,176097.0,3801,Graphite,Other
3801 Artificial Graphite; Collodial Graphite & Prep Etc,Hong Kong,2019,1686720,1686720.0,3801,Graphite,Other
3801 Artificial Graphite; Collodial Graphite & Prep Etc,Taiwan,2021,429933,429933.0,3801,Graphite,Other
3801 Artificial Graphite; Collodial Graphite & Prep Etc,Singapore,2003,2340,2340.0,3801,Graphite,Other
3801 Artificial Graphite; Collodial Graphite & Prep Etc,"Korea, South",2002,87957,87957.0,3801,Graphite,Other
3801 Artificial Graphite; Collodial Graphite & Prep Etc,Taiwan,2002,4890,4890.0,3801,Graphite,Other
3801 Artificial Graphite; Collodial Graphite & Prep Etc,Malaysia,2022,5164927,5164927.0,3801,Graphite,Other
3801 Artificial Graphite; Collodial Graphite & Prep Etc,Hong Kong,2001,14220,,3801,Graphite,Other
3801 Artificial Graphite; Collodial Graphite & Prep Etc,Taiwan,2015,243066,243066.0,3801,Graphite,Other
3801 Artificial Graphite; Collodial Graphite & Prep Etc,"Korea, South",2006,494125,494125.0,3801,Graphite,Other
3801 Artificial Graphite; Collodial Graphite & Prep Etc,Vietnam,2024,30194,30194.0,3801,Graphite,Other
3801 Artificial Graphite; Collodial Graphite & Prep Etc,Indonesia,2004,39914,39914.0,3801,Graphite,Other
3801 Artificial Graphite; Collodial Graphite & Prep Etc,Malaysia,2021,913950,913950.0,3801,Graphite,Other
3801 Artificial Graphite; Collodial Graphite & Prep Etc,Indonesia,2008,37940,37940.0,3801,Graphite,Other
3801 Artificial Graphite; Collodial Graphite & Prep Etc,Taiwan,2001,40360,,3801,Graphite,Other
3801 Artificial Graphite; Collodial Graphite & Prep Etc,Japan,2011,39640864,39640864.0,3801,Graphite,Other
3801 Artificial Graphite; Collodial Graphite & Prep Etc,Japan,2002,15362353,15362353.0,3801,Graphite,Other
3801 Artificial Graphite; Collodial Graphite & Prep Etc,"Korea, South",2012,652759,652759.0,3801,Graphite,Other
3801 Artificial Graphite; Collodial Graphite & Prep Etc,Mongolia,2005,3000,3000.0,3801,Graphite,Other
3801 Artificial Graphite; Collodial Graphite & Prep Etc,Malaysia,2011,1841569,1841569.0,3801,Graphite,Other
3801 Artificial Graphite; Collodial Graphite & Prep Etc,Indonesia,2006,16499,16499.0,3801,Graphite,Other
3801 Artificial Graphite; Collodial Graphite & Prep Etc,Japan,2001,18138098,,3801,Graphite,Other
3801 Artificial Graphite; Collodial Graphite & Prep Etc,Malaysia,2015,1714883,1714883.0,3801,Graphite,Other
3801 Artificial Graphite; Collodial Graphite & Prep Etc,Singapore,2010,57117,57117.0,3801,Graphite,Other
3801 Artificial Graphite; Collodial Graphite & Prep Etc,Malaysia,2016,1461932,1461932.0,3801,Graphite,Other
3801 Artificial Graphite; Collodial Graphite & Prep Etc,"Korea, South",2014,1153524,1153524.0,3801,Graphite,Other
3801 Artificial Graphite; Collodial Graphite & Prep Etc,Malaysia,2010,633183,633183.0,3801,Graphite,Other
3801 Artificial Graphite; Collodial Graphite & Prep Etc,Singapore,2001,2500,,3801,Graphite,Other
3801 Artificial Graphite; Collodial Graphite & Prep Etc,Singapore,2022,1379606,1379606.0,3801,Graphite,Other
3801 Artificial Graphite; Collodial Graphite & Prep Etc,Taiwan,2022,250577,250577.0,3801,Graphite,Other
3801 Artificial Graphite; Collodial Graphite & Prep Etc,Japan,2019,97653117,97602745.0,3801,Graphite,Other
3801 Artificial Graphite; Collodial Graphite & Prep Etc,Japan,2018,88132473,88078596.0,3801,Graphite,Other
3801 Artificial Graphite; Collodial Graphite & Prep Etc,Taiwan,2013,24723,24723.0,3801,Graphite,Other
3801 Artificial Graphite; Collodial Graphite & Prep Etc,Taiwan,2008,89280,89280.0,3801,Graphite,Other
3801 Artificial Graphite; Collodial Graphite & Prep Etc,Malaysia,2013,26401,26401.0,3801,Graphite,Other
3801 Artificial Graphite; Collodial Graphite & Prep Etc,Taiwan,2016,323271,323271.0,3801,Graphite,Other
3801 Artificial Graphite; Collodial Graphite & Prep Etc,Japan,2024,20005540,19969771.0,3801,Graphite,Other
3801 Artificial Graphite; Collodial Graphite & Prep Etc,Japan,2007,31094255,31094255.0,3801,Graphite,Other
3801 Artificial Graphite; Collodial Graphite & Prep Etc,Taiwan,2007,408284,408284.0,3801,Graphite,Other
3801 Artificial Graphite; Collodial Graphite & Prep Etc,"Korea, South",2024,43657255,43657255.0,3801,Graphite,Other
3801 Artificial Graphite; Collodial Graphite & Prep Etc,Taiwan,2010,82092,82092.0,3801,Graphite,Other
3801 Artificial Graphite; Collodial Graphite & Prep Etc,Japan,2006,26308954,26308954.0,3801,Graphite,Other
3801 Artificial Graphite; Collodial Graphite & Prep Etc,Hong Kong,2024,3651,3651.0,3801,Graphite,Other
3801 Artificial Graphite; Collodial Graphite & Prep Etc,Hong Kong,2018,1135260,1135260.0,3801,Graphite,Other
3801 Artificial Graphite; Collodial Graphite & Prep Etc,"Korea, South",2004,343093,343093.0,3801,Graphite,Other
3801 Artificial Graphite; Collodial Graphite & Prep Etc,Indonesia,2024,512759,512759.0,3801,Graphite,Other
3801 Artificial Graphite; Collodial Graphite & Prep Etc,Hong Kong,2014,731280,731280.0,3801,Graphite,Other
3801 Artificial Graphite; Collodial Graphite & Prep Etc,Japan,2023,18708924,18692919.0,3801,Graphite,Other
3801 Artificial Graphite; Collodial Graphite & Prep Etc,Taiwan,2004,56232,56232.0,3801,Graphite,Other
3801 Artificial Graphite; Collodial Graphite & Prep Etc,Taiwan,2024,365237,365237.0,3801,Graphite,Other
3801 Artificial Graphite; Collodial Graphite & Prep Etc,Japan,2021,34847113,34785617.0,3801,Graphite,Other
3801 Artificial Graphite; Collodial Graphite & Prep Etc,Japan,2013,24466247,24466247.0,3801,Graphite,Other
3801 Artificial Graphite; Collodial Graphite & Prep Etc,Hong Kong,2015,724126,724126.0,3801,Graphite,Other
3801 Artificial Graphite; Collodial Graphite & Prep Etc,Malaysia,2005,31389,31389.0,3801,Graphite,Other
3801 Artificial Graphite; Collodial Graphite & Prep Etc,Japan,2010,30159593,30159593.0,3801,Graphite,Other
3801 Artificial Graphite; Collodial Graphite & Prep Etc,Japan,2005,22046546,22046546.0,3801,Graphite,Other
3801 Artificial Graphite; Collodial Graphite & Prep Etc,Japan,2025,6722356,6702738.0,3801,Graphite,Other
3801 Artificial Graphite; Collodial Graphite & Prep Etc,Malaysia,2018,630125,630125.0,3801,Graphite,Other
3801 Artificial Graphite; Collodial Graphite & Prep Etc,Philippines,2019,8033,8033.0,3801,Graphite,Other
3801 Artificial Graphite; Collodial Graphite & Prep Etc,Singapore,2024,30091,30091.0,3801,Graphite,Other
3801 Artificial Graphite; Collodial Graphite & Prep Etc,"Korea, South",2001,194267,,3801,Graphite,Other
3801 Artificial Graphite; Collodial Graphite & Prep Etc,Japan,2008,27876576,27876576.0,3801,Graphite,Other
3801 Artificial Graphite; Collodial Graphite & Prep Etc,"Korea, South",2023,27208166,27208166.0,3801,Graphite,Other
3801 Artificial Graphite; Collodial Graphite & Prep Etc,Japan,2022,27145201,27108567.0,3801,Graphite,Other
3801 Artificial Graphite; Collodial Graphite & Prep Etc,Thailand,2020,155120,155120.0,3801,Graphite,Other
"3910 Silicones, In Primary Forms",Thailand,2004,7495953,7495953.0,3910,Silicon,Other
"3910 Silicones, In Primary Forms",Thailand,2003,1616,1616.0,3910,Silicon,Other
"3910 Silicones, In Primary Forms",Malaysia,2015,26526,26526.0,3910,Silicon,Other
"3910 Silicones, In Primary Forms",Thailand,2014,14157879,23488947.0,3910,Silicon,Other
"3910 Silicones, In Primary Forms","Korea, South",2012,10981950,10704986.0,3910,Silicon,Other
"3910 Silicones, In Primary Forms",Indonesia,2018,967,967.0,3910,Silicon,Other
"3910 Silicones, In Primary Forms",Taiwan,2015,737096,737096.0,3910,Silicon,Other
"3910 Silicones, In Primary Forms",Philippines,2020,3415,3415.0,3910,Silicon,Other
"3910 Silicones, In Primary Forms",Indonesia,2012,2380,2380.0,3910,Silicon,Other
"3910 Silicones, In Primary Forms",Japan,2018,138625551,138321699.0,3910,Silicon,Other
"3910 Silicones, In Primary Forms",Vietnam,2019,533321,533321.0,3910,Silicon,Other
"3910 Silicones, In Primary Forms",Thailand,2015,10442795,14400712.0,3910,Silicon,Other
"3910 Silicones, In Primary Forms",Singapore,2019,68363,68363.0,3910,Silicon,Other
"3910 Silicones, In Primary Forms",Singapore,2008,20834,20834.0,3910,Silicon,Other
"3910 Silicones, In Primary Forms",Hong Kong,2001,181730,,3910,Silicon,Other
"3910 Silicones, In Primary Forms",Taiwan,2018,2535752,2447913.0,3910,Silicon,Other
"3910 Silicones, In Primary Forms",Vietnam,2013,30107,30107.0,3910,Silicon,Other
"3910 Silicones, In Primary Forms",Malaysia,2020,324953,324953.0,3910,Silicon,Other
"3910 Silicones, In Primary Forms",Singapore,2002,98527,98527.0,3910,Silicon,Other
"3910 Silicones, In Primary Forms",Thailand,2018,24412145,26046847.0,3910,Silicon,Other
"3910 Silicones, In Primary Forms",Thailand,2020,22897364,22897364.0,3910,Silicon,Other
"3910 Silicones, In Primary Forms",Hong Kong,2016,3120,3120.0,3910,Silicon,Other
"3910 Silicones, In Primary Forms",Singapore,2017,11331,11331.0,3910,Silicon,Other
"3910 Silicones, In Primary Forms",Philippines,2007,12800,12800.0,3910,Silicon,Other
"3910 Silicones, In Primary Forms",Philippines,2015,591,591.0,3910,Silicon,Other
"3910 Silicones, In Primary Forms",Japan,2012,132171571,130172593.0,3910,Silicon,Other
"3910 Silicones, In Primary Forms",Indonesia,2001,1483,,3910,Silicon,Other
"3910 Silicones, In Primary Forms",Thailand,2013,13730672,13730672.0,3910,Silicon,Other
"3910 Silicones, In Primary Forms",Singapore,2016,672,672.0,3910,Silicon,Other
"3910 Silicones, In Primary Forms",Malaysia,2011,78629,78629.0,3910,Silicon,Other
"3910 Silicones, In Primary Forms",Vietnam,2011,14469,14469.0,3910,Silicon,Other
"3910 Silicones, In Primary Forms",Indonesia,2013,1218,1218.0,3910,Silicon,Other
"3910 Silicones, In Primary Forms","Korea, South",2011,6999481,6870476.0,3910,Silicon,Other
"3910 Silicones, In Primary Forms",Singapore,2012,1004,1004.0,3910,Silicon,Other
"3910 Silicones, In Primary Forms",Vietnam,2017,18270,18270.0,3910,Silicon,Other
"3910 Silicones, In Primary Forms",Hong Kong,2012,4240,4240.0,3910,Silicon,Other
"3910 Silicones, In Primary Forms",Taiwan,2019,2681001,2681001.0,3910,Silicon,Other
"3910 Silicones, In Primary Forms",Indonesia,2017,1172,1172.0,3910,Silicon,Other
"3910 Silicones, In Primary Forms",Singapore,2013,83283,83283.0,3910,Silicon,Other
"3910 Silicones, In Primary Forms",Hong Kong,2017,134168,134168.0,3910,Silicon,Other
"3910 Silicones, In Primary Forms",Japan,2014,113015995,112469609.0,3910,Silicon,Other
"3910 Silicones, In Primary Forms",Malaysia,2014,2989,2989.0,3910,Silicon,Other
"3910 Silicones, In Primary Forms",Philippines,2017,703,703.0,3910,Silicon,Other
"3910 Silicones, In Primary Forms",Philippines,2019,2669,2669.0,3910,Silicon,Other
"3910 Silicones, In Primary Forms",Singapore,2011,29675,29675.0,3910,Silicon,Other
"3910 Silicones, In Primary Forms",Thailand,2016,10979450,10979450.0,3910,Silicon,Other
"3910 Silicones, In Primary Forms",Hong Kong,2020,25145,25145.0,3910,Silicon,Other
"3910 Silicones, In Primary Forms",Malaysia,2012,39773,39773.0,3910,Silicon,Other
"3910 Silicones, In Primary Forms",Hong Kong,2014,89492,89492.0,3910,Silicon,Other
"3910 Silicones, In Primary Forms",Malaysia,2019,774544,774544.0,3910,Silicon,Other
"3910 Silicones, In Primary Forms",Indonesia,2016,18842,18842.0,3910,Silicon,Other
"3910 Silicones, In Primary Forms",Thailand,2012,19575870,19575870.0,3910,Silicon,Other
"3910 Silicones, In Primary Forms",Vietnam,2018,355185,355185.0,3910,Silicon,Other
"3910 Silicones, In Primary Forms","Korea, South",2016,11178946,11681539.0,3910,Silicon,Other
"3910 Silicones, In Primary Forms","Korea, South",2015,9762605,9271154.0,3910,Silicon,Other
"3910 Silicones, In Primary Forms","Korea, South",2014,15585106,15080615.0,3910,Silicon,Other
"3910 Silicones, In Primary Forms",Singapore,2020,29451,29451.0,3910,Silicon,Other
"3910 Silicones, In Primary Forms",Hong Kong,2013,3754,3754.0,3910,Silicon,Other
"3910 Silicones, In Primary Forms",Malaysia,2017,131284,131284.0,3910,Silicon,Other
"3910 Silicones, In Primary Forms",Hong Kong,2011,86546,86546.0,3910,Silicon,Other
"3910 Silicones, In Primary Forms",Philippines,2016,4049,4049.0,3910,Silicon,Other
"3910 Silicones, In Primary Forms",Indonesia,2020,19650,19650.0,3910,Silicon,Other
"3910 Silicones, In Primary Forms",Japan,2017,133824603,131140770.0,3910,Silicon,Other
"3910 Silicones, In Primary Forms",Japan,2016,108057010,105868018.0,3910,Silicon,Other
"3910 Silicones, In Primary Forms","Korea, South",2019,8779422,8767022.0,3910,Silicon,Other
"3910 Silicones, In Primary Forms",Japan,2011,143386001,143323425.0,3910,Silicon,Other
"3910 Silicones, In Primary Forms","Korea, South",2013,16969028,16447070.0,3910,Silicon,Other
"3910 Silicones, In Primary Forms",Taiwan,2017,2682114,2682114.0,3910,Silicon,Other
"3910 Silicones, In Primary Forms","Korea, South",2009,2933597,2933597.0,3910,Silicon,Other
"3910 Silicones, In Primary Forms",Hong Kong,2018,12656,12656.0,3910,Silicon,Other
"3910 Silicones, In Primary Forms",Thailand,2017,18242779,18311504.0,3910,Silicon,Other
"3910 Silicones, In Primary Forms",Thailand,2001,3240,,3910,Silicon,Other
"3910 Silicones, In Primary Forms",Taiwan,2011,1178642,1178642.0,3910,Silicon,Other
"3910 Silicones, In Primary Forms",Thailand,2011,21269583,21709919.0,3910,Silicon,Other
"3910 Silicones, In Primary Forms",Taiwan,2020,3047498,3047498.0,3910,Silicon,Other
"3910 Silicones, In Primary Forms",Singapore,2014,22245,22245.0,3910,Silicon,Other
"3910 Silicones, In Primary Forms",Philippines,2018,3293,3293.0,3910,Silicon,Other
"3910 Silicones, In Primary Forms",Indonesia,2008,639269,639269.0,3910,Silicon,Other
"3910 Silicones, In Primary Forms",Taiwan,2014,1803767,1803767.0,3910,Silicon,Other
"3910 Silicones, In Primary Forms",Indonesia,2011,111600,111600.0,3910,Silicon,Other
"3910 Silicones, In Primary Forms",Taiwan,2016,2175716,2175716.0,3910,Silicon,Other
"3910 Silicones, In Primary Forms",Philippines,2012,609,609.0,3910,Silicon,Other
"3910 Silicones, In Primary Forms",Indonesia,2019,781682,781682.0,3910,Silicon,Other
"3910 Silicones, In Primary Forms",Japan,2015,118348453,113879780.0,3910,Silicon,Other
"3910 Silicones, In Primary Forms",Japan,2008,111199182,109982108.0,3910,Silicon,Other
"3910 Silicones, In Primary Forms",Japan,2020,115595525,114218868.0,3910,Silicon,Other
"3910 Silicones, In Primary Forms",Singapore,2001,104469,,3910,Silicon,Other
"3910 Silicones, In Primary Forms",Vietnam,2020,486380,488300.0,3910,Silicon,Other
"3910 Silicones, In Primary Forms",Taiwan,2006,191880,191880.0,3910,Silicon,Other
"3910 Silicones, In Primary Forms",Mongolia,2018,48941,48941.0,3910,Silicon,Other
"3910 Silicones, In Primary Forms",Hong Kong,2015,11626,11626.0,3910,Silicon,Other
"3910 Silicones, In Primary Forms","Korea, South",2004,631316,631316.0,3910,Silicon,Other
"3910 Silicones, In Primary Forms",Indonesia,2014,583,583.0,3910,Silicon,Other
"3910 Silicones, In Primary Forms",Singapore,2018,3004,3004.0,3910,Silicon,Other
"3910 Silicones, In Primary Forms",Malaysia,2001,20380,,3910,Silicon,Other
"3910 Silicones, In Primary Forms",Malaysia,2013,16576,16576.0,3910,Silicon,Other
"3910 Silicones, In Primary Forms",Singapore,2015,122015,122015.0,3910,Silicon,Other
"3910 Silicones, In Primary Forms",Thailand,2019,29571850,29571850.0,3910,Silicon,Other
"3910 Silicones, In Primary Forms",Indonesia,2010,1310,1310.0,3910,Silicon,Other
"3910 Silicones, In Primary Forms",Malaysia,2002,30257,30257.0,3910,Silicon,Other
"3910 Silicones, In Primary Forms","Korea, South",2017,14056014,14069545.0,3910,Silicon,Other
"3910 Silicones, In Primary Forms","Korea, South",2018,15396747,15568805.0,3910,Silicon,Other
"3910 Silicones, In Primary Forms",Indonesia,2015,3000,3000.0,3910,Silicon,Other
"3910 Silicones, In Primary Forms",Taiwan,2013,1613744,1613744.0,3910,Silicon,Other
"3910 Silicones, In Primary Forms",Japan,2002,58478673,57482902.0,3910,Silicon,Other
"3910 Silicones, In Primary Forms",Singapore,2023,62938,62938.0,3910,Silicon,Other
"3910 Silicones, In Primary Forms","Korea, South",2001,1287410,,3910,Silicon,Other
"3910 Silicones, In Primary Forms",Hong Kong,2023,196134,196134.0,3910,Silicon,Other
"3910 Silicones, In Primary Forms",Philippines,2003,28072,28072.0,3910,Silicon,Other
"3910 Silicones, In Primary Forms","Korea, South",2010,5109134,5109134.0,3910,Silicon,Other
"3910 Silicones, In Primary Forms",Japan,2005,74440429,73740054.0,3910,Silicon,Other
"3910 Silicones, In Primary Forms",Taiwan,2012,1315700,1315700.0,3910,Silicon,Other
"3910 Silicones, In Primary Forms",Hong Kong,2003,524,524.0,3910,Silicon,Other
"3910 Silicones, In Primary Forms",Japan,2004,73710266,72687080.0,3910,Silicon,Other
"3910 Silicones, In Primary Forms",Japan,2003,64207197,63862567.0,3910,Silicon,Other
"3910 Silicones, In Primary Forms",Singapore,2010,27918,25643.0,3910,Silicon,Other
"3910 Silicones, In Primary Forms",Singapore,2009,269537,269537.0,3910,Silicon,Other
"3910 Silicones, In Primary Forms",Malaysia,2004,575,575.0,3910,Silicon,Other
"3910 Silicones, In Primary Forms",Hong Kong,2010,103040,103040.0,3910,Silicon,Other
"3910 Silicones, In Primary Forms",Malaysia,2008,280585,280585.0,3910,Silicon,Other
"3910 Silicones, In Primary Forms",Indonesia,2004,4874,4874.0,3910,Silicon,Other
"3910 Silicones, In Primary Forms","Korea, South",2002,635419,635419.0,3910,Silicon,Other
"3910 Silicones, In Primary Forms",Malaysia,2021,516183,516183.0,3910,Silicon,Other
"3910 Silicones, In Primary Forms",Philippines,2021,2517,2517.0,3910,Silicon,Other
"3910 Silicones, In Primary Forms",Indonesia,2022,7197915,7197915.0,3910,Silicon,Other
"3910 Silicones, In Primary Forms","Korea, South",2020,8256237,8270967.0,3910,Silicon,Other
"3910 Silicones, In Primary Forms",Japan,2007,96223159,95454753.0,3910,Silicon,Other
"3910 Silicones, In Primary Forms",Japan,2022,201650415,198871727.0,3910,Silicon,Other
"3910 Silicones, In Primary Forms",Philippines,2024,3586,3586.0,3910,Silicon,Other
"3910 Silicones, In Primary Forms",Malaysia,2003,4200,4200.0,3910,Silicon,Other
"3910 Silicones, In Primary Forms",Philippines,2023,5385,5385.0,3910,Silicon,Other
"3910 Silicones, In Primary Forms",Indonesia,2024,1980575,1980575.0,3910,Silicon,Other
"3910 Silicones, In Primary Forms",Singapore,2022,14092,14092.0,3910,Silicon,Other
"3910 Silicones, In Primary Forms",Japan,2006,72580176,71777893.0,3910,Silicon,Other
"3910 Silicones, In Primary Forms",Indonesia,2023,260287,260287.0,3910,Silicon,Other
"3910 Silicones, In Primary Forms",Hong Kong,2002,22772,22772.0,3910,Silicon,Other
"3910 Silicones, In Primary Forms","Korea, South",2007,3296812,3296812.0,3910,Silicon,Other
"3910 Silicones, In Primary Forms",Indonesia,2025,937714,937714.0,3910,Silicon,Other
"3910 Silicones, In Primary Forms","Korea, South",2023,22883051,22850411.0,3910,Silicon,Other
"3910 Silicones, In Primary Forms",Singapore,2003,6110,6110.0,3910,Silicon,Other
"3910 Silicones, In Primary Forms",Vietnam,2010,16385,16385.0,3910,Silicon,Other
"3910 Silicones, In Primary Forms",Singapore,2005,23956,23956.0,3910,Silicon,Other
"3910 Silicones, In Primary Forms",Philippines,2006,47377,47377.0,3910,Silicon,Other
"3910 Silicones, In Primary Forms",Hong Kong,2007,165880,165880.0,3910,Silicon,Other
"3910 Silicones, In Primary Forms",Malaysia,2009,50030,50030.0,3910,Silicon,Other
"3910 Silicones, In Primary Forms",Taiwan,2010,664932,664932.0,3910,Silicon,Other
"3910 Silicones, In Primary Forms",Taiwan,2009,287460,287460.0,3910,Silicon,Other
"3910 Silicones, In Primary Forms",Indonesia,2005,660,660.0,3910,Silicon,Other
"3910 Silicones, In Primary Forms",Cambodia,2024,838,838.0,3910,Silicon,Other
"3910 Silicones, In Primary Forms",Taiwan,2007,232172,232172.0,3910,Silicon,Other
"3910 Silicones, In Primary Forms",Singapore,2007,9195,9195.0,3910,Silicon,Other
"3910 Silicones, In Primary Forms",Taiwan,2002,172605,172605.0,3910,Silicon,Other
"3910 Silicones, In Primary Forms",Vietnam,2025,6100254,6100254.0,3910,Silicon,Other
"3910 Silicones, In Primary Forms",Taiwan,2004,128327,128327.0,3910,Silicon,Other
"3910 Silicones, In Primary Forms",Philippines,2010,171976,171976.0,3910,Silicon,Other
"3910 Silicones, In Primary Forms","Korea, South",2008,2686538,2686538.0,3910,Silicon,Other
"3910 Silicones, In Primary Forms",Hong Kong,2006,275388,275388.0,3910,Silicon,Other
"3910 Silicones, In Primary Forms",Vietnam,2008,4322,4322.0,3910,Silicon,Other
"3910 Silicones, In Primary Forms",Philippines,2009,2340,2340.0,3910,Silicon,Other
"3910 Silicones, In Primary Forms","Korea, South",2003,224580,224580.0,3910,Silicon,Other
"3910 Silicones, In Primary Forms",Japan,2023,154630124,152468163.0,3910,Silicon,Other
"3910 Silicones, In Primary Forms",Singapore,2025,7999,7999.0,3910,Silicon,Other
"3910 Silicones, In Primary Forms",Thailand,2010,27474943,26660260.0,3910,Silicon,Other
"3910 Silicones, In Primary Forms",Malaysia,2010,9348,9348.0,3910,Silicon,Other
"3910 Silicones, In Primary Forms",Thailand,2008,30558230,30558230.0,3910,Silicon,Other
"3910 Silicones, In Primary Forms",Taiwan,2001,101753,,3910,Silicon,Other
"3910 Silicones, In Primary Forms",Malaysia,2023,318539,318539.0,3910,Silicon,Other
"3910 Silicones, In Primary Forms",Singapore,2004,18331,18331.0,3910,Silicon,Other
"3910 Silicones, In Primary Forms",Philippines,2025,6459,6459.0,3910,Silicon,Other
"3910 Silicones, In Primary Forms",Singapore,2024,63637,63637.0,3910,Silicon,Other
"3910 Silicones, In Primary Forms",Hong Kong,2008,663589,663589.0,3910,Silicon,Other
"3910 Silicones, In Primary Forms",Thailand,2022,68531708,68531708.0,3910,Silicon,Other
"3910 Silicones, In Primary Forms","Korea, South",2006,1577094,1577094.0,3910,Silicon,Other
"3910 Silicones, In Primary Forms",Macau,2008,1784,1784.0,3910,Silicon,Other
"3910 Silicones, In Primary Forms",Malaysia,2006,4913,4913.0,3910,Silicon,Other
"3910 Silicones, In Primary Forms",Thailand,2007,27205058,27205058.0,3910,Silicon,Other
"3910 Silicones, In Primary Forms",Philippines,2001,3141,,3910,Silicon,Other
"3910 Silicones, In Primary Forms",Thailand,2009,21284523,21050706.0,3910,Silicon,Other
"3910 Silicones, In Primary Forms",Philippines,2008,252,252.0,3910,Silicon,Other
"3910 Silicones, In Primary Forms",Japan,2024,155653123,152394601.0,3910,Silicon,Other
"3910 Silicones, In Primary Forms",Taiwan,2021,1101708,1102143.0,3910,Silicon,Other
"3910 Silicones, In Primary Forms",Taiwan,2025,1473838,1473838.0,3910,Silicon,Other
"3910 Silicones, In Primary Forms",Taiwan,2024,2390571,2392224.0,3910,Silicon,Other
"3910 Silicones, In Primary Forms",Philippines,2002,368,368.0,3910,Silicon,Other
"3910 Silicones, In Primary Forms",Hong Kong,2025,654,654.0,3910,Silicon,Other
"3910 Silicones, In Primary Forms",Malaysia,2005,29848,29848.0,3910,Silicon,Other
"3910 Silicones, In Primary Forms",Japan,2025,83853602,82252487.0,3910,Silicon,Other
"3910 Silicones, In Primary Forms",Vietnam,2006,11616,11616.0,3910,Silicon,Other
"3910 Silicones, In Primary Forms",Japan,2019,138396191,135141842.0,3910,Silicon,Other
"3910 Silicones, In Primary Forms",Hong Kong,2022,121456,121456.0,3910,Silicon,Other
"3910 Silicones, In Primary Forms",Malaysia,2016,7209,7209.0,3910,Silicon,Other
"3910 Silicones, In Primary Forms",Malaysia,2025,343670,343670.0,3910,Silicon,Other
"3910 Silicones, In Primary Forms",Taiwan,2023,1595973,1597072.0,3910,Silicon,Other
"3910 Silicones, In Primary Forms",Hong Kong,2004,133855,133855.0,3910,Silicon,Other
"3910 Silicones, In Primary Forms","Korea, South",2022,44606986,44606986.0,3910,Silicon,Other
"3910 Silicones, In Primary Forms",Japan,2010,151003657,148612060.0,3910,Silicon,Other
"3910 Silicones, In Primary Forms",Philippines,2022,2358,2358.0,3910,Silicon,Other
"3910 Silicones, In Primary Forms",Thailand,2005,21989060,21989060.0,3910,Silicon,Other
"3910 Silicones, In Primary Forms",Vietnam,2015,486,486.0,3910,Silicon,Other
"3910 Silicones, In Primary Forms",Malaysia,2018,2337543,2337543.0,3910,Silicon,Other
"3910 Silicones, In Primary Forms",Thailand,2006,35856903,35856903.0,3910,Silicon,Other
"3910 Silicones, In Primary Forms",Vietnam,2022,19123559,19123559.0,3910,Silicon,Other
"3910 Silicones, In Primary Forms",Vietnam,2024,5725122,5725122.0,3910,Silicon,Other
"3910 Silicones, In Primary Forms",Thailand,2025,10879858,11045150.0,3910,Silicon,Other
"3910 Silicones, In Primary Forms",Mongolia,2023,42400,42400.0,3910,Silicon,Other
"3910 Silicones, In Primary Forms",Philippines,2011,5507,5507.0,3910,Silicon,Other
"3910 Silicones, In Primary Forms",Indonesia,2021,1731703,1731703.0,3910,Silicon,Other
"3910 Silicones, In Primary Forms",Hong Kong,2024,101316,101316.0,3910,Silicon,Other
"3910 Silicones, In Primary Forms",Japan,2021,142758652,140877521.0,3910,Silicon,Other
"3910 Silicones, In Primary Forms",Indonesia,2009,763464,763464.0,3910,Silicon,Other
"3910 Silicones, In Primary Forms",Taiwan,2022,2080522,2079357.0,3910,Silicon,Other
"3910 Silicones, In Primary Forms",Singapore,2021,10988,10988.0,3910,Silicon,Other
"3910 Silicones, In Primary Forms",Hong Kong,2021,94085,94085.0,3910,Silicon,Other
"3910 Silicones, In Primary Forms",Vietnam,2023,3826129,3826129.0,3910,Silicon,Other
"3910 Silicones, In Primary Forms",Japan,2013,119257636,118330948.0,3910,Silicon,Other
"3910 Silicones, In Primary Forms","Korea, South",2005,2017774,2017774.0,3910,Silicon,Other
"3910 Silicones, In Primary Forms",Singapore,2006,22381,22381.0,3910,Silicon,Other
"3910 Silicones, In Primary Forms",Japan,2001,55294878,,3910,Silicon,Other
"3910 Silicones, In Primary Forms",Hong Kong,2009,745188,745188.0,3910,Silicon,Other
"3910 Silicones, In Primary Forms",Taiwan,2008,424639,424639.0,3910,Silicon,Other
"3910 Silicones, In Primary Forms","Korea, South",2024,24723047,24534439.0,3910,Silicon,Other
"3910 Silicones, In Primary Forms",Vietnam,2021,2572397,2572397.0,3910,Silicon,Other
"3910 Silicones, In Primary Forms",Taiwan,2005,46303,46303.0,3910,Silicon,Other
"3910 Silicones, In Primary Forms","Korea, South",2021,13334170,13378033.0,3910,Silicon,Other
"3910 Silicones, In Primary Forms",Thailand,2023,23157519,23171148.0,3910,Silicon,Other
"3910 Silicones, In Primary Forms","Korea, South",2025,14572832,14576103.0,3910,Silicon,Other
"3910 Silicones, In Primary Forms",Taiwan,2003,564217,564217.0,3910,Silicon,Other
"3910 Silicones, In Primary Forms",Malaysia,2022,1519669,1502319.0,3910,Silicon,Other
"3910 Silicones, In Primary Forms",Malaysia,2024,790056,790056.0,3910,Silicon,Other
"3910 Silicones, In Primary Forms",Japan,2009,106437230,99757478.0,3910,Silicon,Other
"3910 Silicones, In Primary Forms",Hong Kong,2005,108256,108256.0,3910,Silicon,Other
"3910 Silicones, In Primary Forms",Thailand,2024,30555192,31184149.0,3910,Silicon,Other
"3910 Silicones, In Primary Forms",Thailand,2021,30453659,31104869.0,3910,Silicon,Other
"7110 Platinum, Unwrought, Semimfr Forms Or In Powder Fm",Singapore,2025,22349125,22349125.0,7110,Platinum Group Metals,Other
"7110 Platinum, Unwrought, Semimfr Forms Or In Powder Fm","Korea, South",2001,2070742,,7110,Platinum Group Metals,Other
"7110 Platinum, Unwrought, Semimfr Forms Or In Powder Fm",Hong Kong,2016,50882,50882.0,7110,Platinum Group Metals,Other
"7110 Platinum, Unwrought, Semimfr Forms Or In Powder Fm",Laos,2017,23704,23704.0,7110,Platinum Group Metals,Other
"7110 Platinum, Unwrought, Semimfr Forms Or In Powder Fm",Singapore,2016,13489151,13489151.0,7110,Platinum Group Metals,Other
"7110 Platinum, Unwrought, Semimfr Forms Or In Powder Fm","Korea, South",2013,91454708,91454708.0,7110,Platinum Group Metals,Other
"7110 Platinum, Unwrought, Semimfr Forms Or In Powder Fm",Hong Kong,2013,9819,9819.0,7110,Platinum Group Metals,Other
"7110 Platinum, Unwrought, Semimfr Forms Or In Powder Fm",Philippines,2013,19684,19684.0,7110,Platinum Group Metals,Other
"7110 Platinum, Unwrought, Semimfr Forms Or In Powder Fm",Taiwan,2025,487400,487400.0,7110,Platinum Group Metals,Other
"7110 Platinum, Unwrought, Semimfr Forms Or In Powder Fm",Singapore,2003,49212,49212.0,7110,Platinum Group Metals,Other
"7110 Platinum, Unwrought, Semimfr Forms Or In Powder Fm",Thailand,2012,15818,15818.0,7110,Platinum Group Metals,Other
"7110 Platinum, Unwrought, Semimfr Forms Or In Powder Fm",Singapore,2021,71372119,71372119.0,7110,Platinum Group Metals,Other
"7110 Platinum, Unwrought, Semimfr Forms Or In Powder Fm",Japan,2023,157368108,157368108.0,7110,Platinum Group Metals,Other
"7110 Platinum, Unwrought, Semimfr Forms Or In Powder Fm",Thailand,2018,6530,6530.0,7110,Platinum Group Metals,Other
"7110 Platinum, Unwrought, Semimfr Forms Or In Powder Fm",Philippines,2011,8023,8023.0,7110,Platinum Group Metals,Other
"7110 Platinum, Unwrought, Semimfr Forms Or In Powder Fm",Hong Kong,2021,3133249,3133249.0,7110,Platinum Group Metals,Other
"7110 Platinum, Unwrought, Semimfr Forms Or In Powder Fm",Thailand,2024,19097,19097.0,7110,Platinum Group Metals,Other
"7110 Platinum, Unwrought, Semimfr Forms Or In Powder Fm",Singapore,2018,30968252,30968252.0,7110,Platinum Group Metals,Other
"7110 Platinum, Unwrought, Semimfr Forms Or In Powder Fm",Taiwan,2010,5944620,5944620.0,7110,Platinum Group Metals,Other
"7110 Platinum, Unwrought, Semimfr Forms Or In Powder Fm",Taiwan,2024,890098,890098.0,7110,Platinum Group Metals,Other
"7110 Platinum, Unwrought, Semimfr Forms Or In Powder Fm",Singapore,2017,5178086,5178086.0,7110,Platinum Group Metals,Other
"7110 Platinum, Unwrought, Semimfr Forms Or In Powder Fm",Singapore,2022,45825368,45825368.0,7110,Platinum Group Metals,Other
"7110 Platinum, Unwrought, Semimfr Forms Or In Powder Fm","Korea, South",2003,10233093,10233093.0,7110,Platinum Group Metals,Other
"7110 Platinum, Unwrought, Semimfr Forms Or In Powder Fm",Singapore,2015,35851572,35851572.0,7110,Platinum Group Metals,Other
"7110 Platinum, Unwrought, Semimfr Forms Or In Powder Fm",Taiwan,2018,4764535,4764535.0,7110,Platinum Group Metals,Other
"7110 Platinum, Unwrought, Semimfr Forms Or In Powder Fm",Japan,2021,105640196,105640196.0,7110,Platinum Group Metals,Other
"7110 Platinum, Unwrought, Semimfr Forms Or In Powder Fm",Hong Kong,2003,4988,4988.0,7110,Platinum Group Metals,Other
"7110 Platinum, Unwrought, Semimfr Forms Or In Powder Fm",Hong Kong,2002,25032,25032.0,7110,Platinum Group Metals,Other
"7110 Platinum, Unwrought, Semimfr Forms Or In Powder Fm",Thailand,2023,9238,9238.0,7110,Platinum Group Metals,Other
"7110 Platinum, Unwrought, Semimfr Forms Or In Powder Fm",Hong Kong,2010,5670,5670.0,7110,Platinum Group Metals,Other
"7110 Platinum, Unwrought, Semimfr Forms Or In Powder Fm",Philippines,2024,18139,18139.0,7110,Platinum Group Metals,Other
"7110 Platinum, Unwrought, Semimfr Forms Or In Powder Fm",Hong Kong,2020,13888,13888.0,7110,Platinum Group Metals,Other
"7110 Platinum, Unwrought, Semimfr Forms Or In Powder Fm",Laos,2016,56443,56443.0,7110,Platinum Group Metals,Other
"7110 Platinum, Unwrought, Semimfr Forms Or In Powder Fm",Japan,2014,35620759,35620759.0,7110,Platinum Group Metals,Other
"7110 Platinum, Unwrought, Semimfr Forms Or In Powder Fm",Thailand,2008,441051,441051.0,7110,Platinum Group Metals,Other
"7110 Platinum, Unwrought, Semimfr Forms Or In Powder Fm",Indonesia,2015,10200,10200.0,7110,Platinum Group Metals,Other
"7110 Platinum, Unwrought, Semimfr Forms Or In Powder Fm","Korea, South",2007,32376657,32376657.0,7110,Platinum Group Metals,Other
"7110 Platinum, Unwrought, Semimfr Forms Or In Powder Fm","Korea, South",2005,4096646,4096646.0,7110,Platinum Group Metals,Other
"7110 Platinum, Unwrought, Semimfr Forms Or In Powder Fm","Korea, South",2016,57431934,57431934.0,7110,Platinum Group Metals,Other
"7110 Platinum, Unwrought, Semimfr Forms Or In Powder Fm",Taiwan,2004,131606,131606.0,7110,Platinum Group Metals,Other
"7110 Platinum, Unwrought, Semimfr Forms Or In Powder Fm",Singapore,2013,37375836,37375836.0,7110,Platinum Group Metals,Other
"7110 Platinum, Unwrought, Semimfr Forms Or In Powder Fm",Hong Kong,2014,1200059,1200059.0,7110,Platinum Group Metals,Other
"7110 Platinum, Unwrought, Semimfr Forms Or In Powder Fm","Korea, South",2018,21324914,21324914.0,7110,Platinum Group Metals,Other
"7110 Platinum, Unwrought, Semimfr Forms Or In Powder Fm","Korea, South",2012,64007499,64007499.0,7110,Platinum Group Metals,Other
"7110 Platinum, Unwrought, Semimfr Forms Or In Powder Fm",Hong Kong,2006,171323,171323.0,7110,Platinum Group Metals,Other
"7110 Platinum, Unwrought, Semimfr Forms Or In Powder Fm","Korea, South",2019,26392725,26392725.0,7110,Platinum Group Metals,Other
"7110 Platinum, Unwrought, Semimfr Forms Or In Powder Fm","Korea, South",2002,8960360,8960360.0,7110,Platinum Group Metals,Other
"7110 Platinum, Unwrought, Semimfr Forms Or In Powder Fm",Thailand,2010,21832,21832.0,7110,Platinum Group Metals,Other
"7110 Platinum, Unwrought, Semimfr Forms Or In Powder Fm",Japan,2019,84170895,84170895.0,7110,Platinum Group Metals,Other
"7110 Platinum, Unwrought, Semimfr Forms Or In Powder Fm",Taiwan,2016,4448949,4448949.0,7110,Platinum Group Metals,Other
"7110 Platinum, Unwrought, Semimfr Forms Or In Powder Fm",Singapore,2008,361200,361200.0,7110,Platinum Group Metals,Other
"7110 Platinum, Unwrought, Semimfr Forms Or In Powder Fm",Thailand,2025,3317,3317.0,7110,Platinum Group Metals,Other
"7110 Platinum, Unwrought, Semimfr Forms Or In Powder Fm",Thailand,2011,22719,22719.0,7110,Platinum Group Metals,Other
"7110 Platinum, Unwrought, Semimfr Forms Or In Powder Fm",Japan,2011,90478759,90543918.0,7110,Platinum Group Metals,Other
"7110 Platinum, Unwrought, Semimfr Forms Or In Powder Fm",Taiwan,2011,1733862,1733862.0,7110,Platinum Group Metals,Other
"7110 Platinum, Unwrought, Semimfr Forms Or In Powder Fm",Laos,2014,19912,19912.0,7110,Platinum Group Metals,Other
"7110 Platinum, Unwrought, Semimfr Forms Or In Powder Fm",Japan,2007,56957347,56957347.0,7110,Platinum Group Metals,Other
"7110 Platinum, Unwrought, Semimfr Forms Or In Powder Fm",Japan,2015,19059775,19059775.0,7110,Platinum Group Metals,Other
"7110 Platinum, Unwrought, Semimfr Forms Or In Powder Fm",Singapore,2024,55612744,55612744.0,7110,Platinum Group Metals,Other
"7110 Platinum, Unwrought, Semimfr Forms Or In Powder Fm",Thailand,2022,9747,9747.0,7110,Platinum Group Metals,Other
"7110 Platinum, Unwrought, Semimfr Forms Or In Powder Fm",Singapore,2006,1726555,1726555.0,7110,Platinum Group Metals,Other
"7110 Platinum, Unwrought, Semimfr Forms Or In Powder Fm",Japan,2018,39498474,39498474.0,7110,Platinum Group Metals,Other
"7110 Platinum, Unwrought, Semimfr Forms Or In Powder Fm",Japan,2012,52000932,52000932.0,7110,Platinum Group Metals,Other
"7110 Platinum, Unwrought, Semimfr Forms Or In Powder Fm","Korea, South",2021,582887234,582887234.0,7110,Platinum Group Metals,Other
"7110 Platinum, Unwrought, Semimfr Forms Or In Powder Fm",Japan,2020,98437397,98437397.0,7110,Platinum Group Metals,Other
"7110 Platinum, Unwrought, Semimfr Forms Or In Powder Fm",Singapore,2011,40101654,40101654.0,7110,Platinum Group Metals,Other
"7110 Platinum, Unwrought, Semimfr Forms Or In Powder Fm","Korea, South",2014,190446107,190446107.0,7110,Platinum Group Metals,Other
"7110 Platinum, Unwrought, Semimfr Forms Or In Powder Fm",Japan,2009,17085560,17085560.0,7110,Platinum Group Metals,Other
"7110 Platinum, Unwrought, Semimfr Forms Or In Powder Fm",Thailand,2006,149333,149333.0,7110,Platinum Group Metals,Other
"7110 Platinum, Unwrought, Semimfr Forms Or In Powder Fm",Japan,2002,37723082,37723082.0,7110,Platinum Group Metals,Other
"7110 Platinum, Unwrought, Semimfr Forms Or In Powder Fm",Hong Kong,2007,1815495,1815495.0,7110,Platinum Group Metals,Other
"7110 Platinum, Unwrought, Semimfr Forms Or In Powder Fm",Taiwan,2017,7342178,7342178.0,7110,Platinum Group Metals,Other
"7110 Platinum, Unwrought, Semimfr Forms Or In Powder Fm",Taiwan,2014,844167,844167.0,7110,Platinum Group Metals,Other
"7110 Platinum, Unwrought, Semimfr Forms Or In Powder Fm","Korea, South",2025,104342370,104342370.0,7110,Platinum Group Metals,Other
"7110 Platinum, Unwrought, Semimfr Forms Or In Powder Fm",Taiwan,2020,23524350,23524350.0,7110,Platinum Group Metals,Other
"7110 Platinum, Unwrought, Semimfr Forms Or In Powder Fm",Singapore,2023,5167903,5167903.0,7110,Platinum Group Metals,Other
"7110 Platinum, Unwrought, Semimfr Forms Or In Powder Fm",Thailand,2009,9554,9554.0,7110,Platinum Group Metals,Other
"7110 Platinum, Unwrought, Semimfr Forms Or In Powder Fm",Cambodia,2023,2500,2500.0,7110,Platinum Group Metals,Other
"7110 Platinum, Unwrought, Semimfr Forms Or In Powder Fm","Korea, South",2024,228499677,228499677.0,7110,Platinum Group Metals,Other
"7110 Platinum, Unwrought, Semimfr Forms Or In Powder Fm",Thailand,2013,117204,117204.0,7110,Platinum Group Metals,Other
"7110 Platinum, Unwrought, Semimfr Forms Or In Powder Fm",Japan,2022,306462618,306462618.0,7110,Platinum Group Metals,Other
"7110 Platinum, Unwrought, Semimfr Forms Or In Powder Fm","Korea, South",2017,7340364,7340364.0,7110,Platinum Group Metals,Other
"7110 Platinum, Unwrought, Semimfr Forms Or In Powder Fm","Korea, South",2004,5576403,5576403.0,7110,Platinum Group Metals,Other
"7110 Platinum, Unwrought, Semimfr Forms Or In Powder Fm",Thailand,2019,2934,2934.0,7110,Platinum Group Metals,Other
"7110 Platinum, Unwrought, Semimfr Forms Or In Powder Fm",Taiwan,2006,14810,14810.0,7110,Platinum Group Metals,Other
"7110 Platinum, Unwrought, Semimfr Forms Or In Powder Fm",Japan,2005,30298722,30298722.0,7110,Platinum Group Metals,Other
"7110 Platinum, Unwrought, Semimfr Forms Or In Powder Fm",Philippines,2019,8930,8930.0,7110,Platinum Group Metals,Other
"7110 Platinum, Unwrought, Semimfr Forms Or In Powder Fm",Indonesia,2011,19000,19000.0,7110,Platinum Group Metals,Other
"7110 Platinum, Unwrought, Semimfr Forms Or In Powder Fm",Taiwan,2015,532371,532371.0,7110,Platinum Group Metals,Other
"7110 Platinum, Unwrought, Semimfr Forms Or In Powder Fm","Korea, South",2023,321153696,321153696.0,7110,Platinum Group Metals,Other
"7110 Platinum, Unwrought, Semimfr Forms Or In Powder Fm",Philippines,2002,10748,10748.0,7110,Platinum Group Metals,Other
"7110 Platinum, Unwrought, Semimfr Forms Or In Powder Fm",Hong Kong,2018,366626,366626.0,7110,Platinum Group Metals,Other
"7110 Platinum, Unwrought, Semimfr Forms Or In Powder Fm",Philippines,2012,61525,61525.0,7110,Platinum Group Metals,Other
"7110 Platinum, Unwrought, Semimfr Forms Or In Powder Fm",Vietnam,2017,3330,3330.0,7110,Platinum Group Metals,Other
"7110 Platinum, Unwrought, Semimfr Forms Or In Powder Fm",Thailand,2021,21343,21343.0,7110,Platinum Group Metals,Other
"7110 Platinum, Unwrought, Semimfr Forms Or In Powder Fm",Japan,2004,38268806,38268806.0,7110,Platinum Group Metals,Other
"7110 Platinum, Unwrought, Semimfr Forms Or In Powder Fm",Hong Kong,2017,2700,2700.0,7110,Platinum Group Metals,Other
"7110 Platinum, Unwrought, Semimfr Forms Or In Powder Fm",Singapore,2012,22777182,22777182.0,7110,Platinum Group Metals,Other
"7110 Platinum, Unwrought, Semimfr Forms Or In Powder Fm","Korea, South",2015,240252950,240252950.0,7110,Platinum Group Metals,Other
"7110 Platinum, Unwrought, Semimfr Forms Or In Powder Fm",Taiwan,2022,6166144,6166144.0,7110,Platinum Group Metals,Other
"7110 Platinum, Unwrought, Semimfr Forms Or In Powder Fm",Vietnam,2013,74312,74312.0,7110,Platinum Group Metals,Other
"7110 Platinum, Unwrought, Semimfr Forms Or In Powder Fm",Singapore,2001,459392,,7110,Platinum Group Metals,Other
"7110 Platinum, Unwrought, Semimfr Forms Or In Powder Fm",Taiwan,2019,14996062,14996062.0,7110,Platinum Group Metals,Other
"7110 Platinum, Unwrought, Semimfr Forms Or In Powder Fm","Korea, South",2011,13817767,13817767.0,7110,Platinum Group Metals,Other
"7110 Platinum, Unwrought, Semimfr Forms Or In Powder Fm",Taiwan,2023,1439343,1439343.0,7110,Platinum Group Metals,Other
"7110 Platinum, Unwrought, Semimfr Forms Or In Powder Fm",Philippines,2001,4510491,,7110,Platinum Group Metals,Other
"7110 Platinum, Unwrought, Semimfr Forms Or In Powder Fm",Thailand,2017,96598,96598.0,7110,Platinum Group Metals,Other
"7110 Platinum, Unwrought, Semimfr Forms Or In Powder Fm",Malaysia,2013,50000,50000.0,7110,Platinum Group Metals,Other
"7110 Platinum, Unwrought, Semimfr Forms Or In Powder Fm","Korea, South",2009,603125,603125.0,7110,Platinum Group Metals,Other
"7110 Platinum, Unwrought, Semimfr Forms Or In Powder Fm",Singapore,2010,3119775,3119775.0,7110,Platinum Group Metals,Other
"7110 Platinum, Unwrought, Semimfr Forms Or In Powder Fm",Japan,2001,135477601,,7110,Platinum Group Metals,Other
"7110 Platinum, Unwrought, Semimfr Forms Or In Powder Fm",Thailand,2020,85675,85675.0,7110,Platinum Group Metals,Other
"7110 Platinum, Unwrought, Semimfr Forms Or In Powder Fm",Philippines,2003,327254,327254.0,7110,Platinum Group Metals,Other
"7110 Platinum, Unwrought, Semimfr Forms Or In Powder Fm","Korea, South",2020,90811221,90811221.0,7110,Platinum Group Metals,Other
"7110 Platinum, Unwrought, Semimfr Forms Or In Powder Fm",Philippines,2010,3576,3576.0,7110,Platinum Group Metals,Other
"7110 Platinum, Unwrought, Semimfr Forms Or In Powder Fm",Hong Kong,2011,534307,534307.0,7110,Platinum Group Metals,Other
"7110 Platinum, Unwrought, Semimfr Forms Or In Powder Fm",Taiwan,2001,360757,,7110,Platinum Group Metals,Other
"7110 Platinum, Unwrought, Semimfr Forms Or In Powder Fm",Hong Kong,2008,428157,428157.0,7110,Platinum Group Metals,Other
"7110 Platinum, Unwrought, Semimfr Forms Or In Powder Fm",Malaysia,2020,5174,5174.0,7110,Platinum Group Metals,Other
"7110 Platinum, Unwrought, Semimfr Forms Or In Powder Fm",Singapore,2005,5124190,5124190.0,7110,Platinum Group Metals,Other
"7110 Platinum, Unwrought, Semimfr Forms Or In Powder Fm","Korea, South",2006,406211,406211.0,7110,Platinum Group Metals,Other
"7110 Platinum, Unwrought, Semimfr Forms Or In Powder Fm",Hong Kong,2022,18500900,18500900.0,7110,Platinum Group Metals,Other
"7110 Platinum, Unwrought, Semimfr Forms Or In Powder Fm","Korea, South",2022,308822017,308822017.0,7110,Platinum Group Metals,Other
"7110 Platinum, Unwrought, Semimfr Forms Or In Powder Fm",Japan,2017,40995680,40995680.0,7110,Platinum Group Metals,Other
"7110 Platinum, Unwrought, Semimfr Forms Or In Powder Fm",Hong Kong,2019,494894,494894.0,7110,Platinum Group Metals,Other
"7110 Platinum, Unwrought, Semimfr Forms Or In Powder Fm",Indonesia,2006,64400,64400.0,7110,Platinum Group Metals,Other
"7110 Platinum, Unwrought, Semimfr Forms Or In Powder Fm",Japan,2010,43524697,43524697.0,7110,Platinum Group Metals,Other
"7110 Platinum, Unwrought, Semimfr Forms Or In Powder Fm",Japan,2016,22948716,22948716.0,7110,Platinum Group Metals,Other
"7110 Platinum, Unwrought, Semimfr Forms Or In Powder Fm",Taiwan,2021,31368505,31368505.0,7110,Platinum Group Metals,Other
"7110 Platinum, Unwrought, Semimfr Forms Or In Powder Fm",Singapore,2020,135903416,135903416.0,7110,Platinum Group Metals,Other
"7110 Platinum, Unwrought, Semimfr Forms Or In Powder Fm",Taiwan,2002,20575,20575.0,7110,Platinum Group Metals,Other
"7110 Platinum, Unwrought, Semimfr Forms Or In Powder Fm",Japan,2013,90544419,90544419.0,7110,Platinum Group Metals,Other
"7110 Platinum, Unwrought, Semimfr Forms Or In Powder Fm",Taiwan,2005,4742,4742.0,7110,Platinum Group Metals,Other
"7110 Platinum, Unwrought, Semimfr Forms Or In Powder Fm",Hong Kong,2024,350000,350000.0,7110,Platinum Group Metals,Other
"7110 Platinum, Unwrought, Semimfr Forms Or In Powder Fm",Japan,2003,33765475,33765475.0,7110,Platinum Group Metals,Other
"7110 Platinum, Unwrought, Semimfr Forms Or In Powder Fm","Korea, South",2010,15323501,15323501.0,7110,Platinum Group Metals,Other
"7110 Platinum, Unwrought, Semimfr Forms Or In Powder Fm",Japan,2024,57344686,57344686.0,7110,Platinum Group Metals,Other
"7110 Platinum, Unwrought, Semimfr Forms Or In Powder Fm",Taiwan,2007,5639844,5639844.0,7110,Platinum Group Metals,Other
"7110 Platinum, Unwrought, Semimfr Forms Or In Powder Fm",Taiwan,2013,524692,524692.0,7110,Platinum Group Metals,Other
"7110 Platinum, Unwrought, Semimfr Forms Or In Powder Fm",Japan,2025,75930875,75930875.0,7110,Platinum Group Metals,Other
"7110 Platinum, Unwrought, Semimfr Forms Or In Powder Fm",Taiwan,2008,736044,736044.0,7110,Platinum Group Metals,Other
"7110 Platinum, Unwrought, Semimfr Forms Or In Powder Fm",Hong Kong,2001,13722910,,7110,Platinum Group Metals,Other
"7110 Platinum, Unwrought, Semimfr Forms Or In Powder Fm",Singapore,2014,93070395,93070395.0,7110,Platinum Group Metals,Other
"7110 Platinum, Unwrought, Semimfr Forms Or In Powder Fm",Hong Kong,2023,204150,204150.0,7110,Platinum Group Metals,Other
"7110 Platinum, Unwrought, Semimfr Forms Or In Powder Fm",Japan,2008,37187801,37187801.0,7110,Platinum Group Metals,Other
"7110 Platinum, Unwrought, Semimfr Forms Or In Powder Fm",Taiwan,2009,3867410,3867410.0,7110,Platinum Group Metals,Other
"7110 Platinum, Unwrought, Semimfr Forms Or In Powder Fm",Malaysia,2010,2471,2471.0,7110,Platinum Group Metals,Other
"7110 Platinum, Unwrought, Semimfr Forms Or In Powder Fm",Singapore,2019,113533743,113533743.0,7110,Platinum Group Metals,Other
"7110 Platinum, Unwrought, Semimfr Forms Or In Powder Fm",Thailand,2005,25314,25314.0,7110,Platinum Group Metals,Other
"7110 Platinum, Unwrought, Semimfr Forms Or In Powder Fm",Philippines,2005,10000,10000.0,7110,Platinum Group Metals,Other
"7110 Platinum, Unwrought, Semimfr Forms Or In Powder Fm",Philippines,2004,130000,130000.0,7110,Platinum Group Metals,Other
"7110 Platinum, Unwrought, Semimfr Forms Or In Powder Fm",Thailand,2007,19501,19501.0,7110,Platinum Group Metals,Other
"7110 Platinum, Unwrought, Semimfr Forms Or In Powder Fm","Korea, South",2008,376789,376789.0,7110,Platinum Group Metals,Other
"7110 Platinum, Unwrought, Semimfr Forms Or In Powder Fm",Singapore,2002,52316,52316.0,7110,Platinum Group Metals,Other
"7110 Platinum, Unwrought, Semimfr Forms Or In Powder Fm",Japan,2006,56587116,56587116.0,7110,Platinum Group Metals,Other
"7110 Platinum, Unwrought, Semimfr Forms Or In Powder Fm",Philippines,2009,6638,6638.0,7110,Platinum Group Metals,Other
"7110 Platinum, Unwrought, Semimfr Forms Or In Powder Fm",Taiwan,2012,4316,4316.0,7110,Platinum Group Metals,Other
"7110 Platinum, Unwrought, Semimfr Forms Or In Powder Fm",Singapore,2007,12347364,12347364.0,7110,Platinum Group Metals,Other
"7110 Platinum, Unwrought, Semimfr Forms Or In Powder Fm",Hong Kong,2004,299002,299002.0,7110,Platinum Group Metals,Other
"7110 Platinum, Unwrought, Semimfr Forms Or In Powder Fm",Vietnam,2016,41371,41371.0,7110,Platinum Group Metals,Other
7225 Fl-rl Alloy Steel Nesoi Nun 600mm Wide,"Korea, South",2005,19637824,19637824.0,7225,Alloy Steel,Other
7225 Fl-rl Alloy Steel Nesoi Nun 600mm Wide,"Korea, South",2023,164506456,159121783.0,7225,Alloy Steel,Other
7225 Fl-rl Alloy Steel Nesoi Nun 600mm Wide,Malaysia,2015,373670,373670.0,7225,Alloy Steel,Other
7225 Fl-rl Alloy Steel Nesoi Nun 600mm Wide,Japan,2008,203228802,203228802.0,7225,Alloy Steel,Other
7225 Fl-rl Alloy Steel Nesoi Nun 600mm Wide,"Korea, South",2010,45802007,45802007.0,7225,Alloy Steel,Other
7225 Fl-rl Alloy Steel Nesoi Nun 600mm Wide,Singapore,2018,6000,6000.0,7225,Alloy Steel,Other
7225 Fl-rl Alloy Steel Nesoi Nun 600mm Wide,Japan,2011,265637284,261078509.0,7225,Alloy Steel,Other
7225 Fl-rl Alloy Steel Nesoi Nun 600mm Wide,Thailand,2020,302980,302980.0,7225,Alloy Steel,Other
7225 Fl-rl Alloy Steel Nesoi Nun 600mm Wide,Taiwan,2020,264767,264767.0,7225,Alloy Steel,Other
7225 Fl-rl Alloy Steel Nesoi Nun 600mm Wide,Japan,2010,244502542,244502542.0,7225,Alloy Steel,Other
7225 Fl-rl Alloy Steel Nesoi Nun 600mm Wide,Japan,2022,53507215,44982328.0,7225,Alloy Steel,Other
7225 Fl-rl Alloy Steel Nesoi Nun 600mm Wide,"Korea, South",2012,65544495,63180487.0,7225,Alloy Steel,Other
7225 Fl-rl Alloy Steel Nesoi Nun 600mm Wide,Taiwan,2003,921253,921253.0,7225,Alloy Steel,Other
7225 Fl-rl Alloy Steel Nesoi Nun 600mm Wide,"Korea, South",2008,34776528,34776528.0,7225,Alloy Steel,Other
7225 Fl-rl Alloy Steel Nesoi Nun 600mm Wide,Japan,2007,172809665,172809665.0,7225,Alloy Steel,Other
7225 Fl-rl Alloy Steel Nesoi Nun 600mm Wide,Japan,2001,106783996,,7225,Alloy Steel,Other
7225 Fl-rl Alloy Steel Nesoi Nun 600mm Wide,"Korea, South",2021,117937707,114253979.0,7225,Alloy Steel,Other
7225 Fl-rl Alloy Steel Nesoi Nun 600mm Wide,Thailand,2004,7539,7539.0,7225,Alloy Steel,Other
7225 Fl-rl Alloy Steel Nesoi Nun 600mm Wide,Taiwan,2021,314816,314816.0,7225,Alloy Steel,Other
7225 Fl-rl Alloy Steel Nesoi Nun 600mm Wide,Japan,2005,142061787,139602689.0,7225,Alloy Steel,Other
7225 Fl-rl Alloy Steel Nesoi Nun 600mm Wide,Taiwan,2017,1844797,1844797.0,7225,Alloy Steel,Other
7225 Fl-rl Alloy Steel Nesoi Nun 600mm Wide,Japan,2006,192773762,192773762.0,7225,Alloy Steel,Other
7225 Fl-rl Alloy Steel Nesoi Nun 600mm Wide,Taiwan,2007,424690,424690.0,7225,Alloy Steel,Other
7225 Fl-rl Alloy Steel Nesoi Nun 600mm Wide,Taiwan,2013,33365402,33365402.0,7225,Alloy Steel,Other
7225 Fl-rl Alloy Steel Nesoi Nun 600mm Wide,Taiwan,2025,2746,2746.0,7225,Alloy Steel,Other
7225 Fl-rl Alloy Steel Nesoi Nun 600mm Wide,Taiwan,2018,472547,472547.0,7225,Alloy Steel,Other
7225 Fl-rl Alloy Steel Nesoi Nun 600mm Wide,Taiwan,2016,17604087,17604087.0,7225,Alloy Steel,Other
7225 Fl-rl Alloy Steel Nesoi Nun 600mm Wide,Indonesia,2005,51121,51121.0,7225,Alloy Steel,Other
7225 Fl-rl Alloy Steel Nesoi Nun 600mm Wide,Thailand,2003,3379700,3379700.0,7225,Alloy Steel,Other
7225 Fl-rl Alloy Steel Nesoi Nun 600mm Wide,Vietnam,2022,46752,46752.0,7225,Alloy Steel,Other
7225 Fl-rl Alloy Steel Nesoi Nun 600mm Wide,Japan,2017,113351266,112832549.0,7225,Alloy Steel,Other
7225 Fl-rl Alloy Steel Nesoi Nun 600mm Wide,Taiwan,2005,238868,238868.0,7225,Alloy Steel,Other
7225 Fl-rl Alloy Steel Nesoi Nun 600mm Wide,Hong Kong,2013,60191,60191.0,7225,Alloy Steel,Other
7225 Fl-rl Alloy Steel Nesoi Nun 600mm Wide,Japan,2002,57261752,51877088.0,7225,Alloy Steel,Other
7225 Fl-rl Alloy Steel Nesoi Nun 600mm Wide,Taiwan,2009,3094395,3094395.0,7225,Alloy Steel,Other
7225 Fl-rl Alloy Steel Nesoi Nun 600mm Wide,Taiwan,2001,2152036,,7225,Alloy Steel,Other
7225 Fl-rl Alloy Steel Nesoi Nun 600mm Wide,Japan,2014,232625454,235597798.0,7225,Alloy Steel,Other
7225 Fl-rl Alloy Steel Nesoi Nun 600mm Wide,Malaysia,2006,14912,14912.0,7225,Alloy Steel,Other
7225 Fl-rl Alloy Steel Nesoi Nun 600mm Wide,"Korea, South",2002,10494600,10494600.0,7225,Alloy Steel,Other
7225 Fl-rl Alloy Steel Nesoi Nun 600mm Wide,Vietnam,2024,1337588,1337588.0,7225,Alloy Steel,Other
7225 Fl-rl Alloy Steel Nesoi Nun 600mm Wide,Japan,2012,263594388,263594388.0,7225,Alloy Steel,Other
7225 Fl-rl Alloy Steel Nesoi Nun 600mm Wide,"Korea, South",2003,4242418,4242418.0,7225,Alloy Steel,Other
7225 Fl-rl Alloy Steel Nesoi Nun 600mm Wide,"Korea, South",2019,111397458,109115762.0,7225,Alloy Steel,Other
7225 Fl-rl Alloy Steel Nesoi Nun 600mm Wide,Japan,2020,40092974,36726728.0,7225,Alloy Steel,Other
7225 Fl-rl Alloy Steel Nesoi Nun 600mm Wide,Japan,2018,103163569,103163569.0,7225,Alloy Steel,Other
7225 Fl-rl Alloy Steel Nesoi Nun 600mm Wide,Malaysia,2005,28595,28595.0,7225,Alloy Steel,Other
7225 Fl-rl Alloy Steel Nesoi Nun 600mm Wide,Japan,2023,37149602,37149602.0,7225,Alloy Steel,Other
7225 Fl-rl Alloy Steel Nesoi Nun 600mm Wide,Vietnam,2017,1021774,457518.0,7225,Alloy Steel,Other
7225 Fl-rl Alloy Steel Nesoi Nun 600mm Wide,"Korea, South",2016,110074935,110694685.0,7225,Alloy Steel,Other
7225 Fl-rl Alloy Steel Nesoi Nun 600mm Wide,Taiwan,2010,3074808,3074808.0,7225,Alloy Steel,Other
7225 Fl-rl Alloy Steel Nesoi Nun 600mm Wide,Malaysia,2018,999376,999376.0,7225,Alloy Steel,Other
7225 Fl-rl Alloy Steel Nesoi Nun 600mm Wide,"Korea, South",2018,127893697,127841212.0,7225,Alloy Steel,Other
7225 Fl-rl Alloy Steel Nesoi Nun 600mm Wide,Taiwan,2011,10359965,10359965.0,7225,Alloy Steel,Other
7225 Fl-rl Alloy Steel Nesoi Nun 600mm Wide,Taiwan,2012,48103618,48103618.0,7225,Alloy Steel,Other
7225 Fl-rl Alloy Steel Nesoi Nun 600mm Wide,Japan,2019,67452355,66859573.0,7225,Alloy Steel,Other
7225 Fl-rl Alloy Steel Nesoi Nun 600mm Wide,Malaysia,2002,8500,8500.0,7225,Alloy Steel,Other
7225 Fl-rl Alloy Steel Nesoi Nun 600mm Wide,Hong Kong,2015,20344,20344.0,7225,Alloy Steel,Other
7225 Fl-rl Alloy Steel Nesoi Nun 600mm Wide,Malaysia,2007,137526,137526.0,7225,Alloy Steel,Other
7225 Fl-rl Alloy Steel Nesoi Nun 600mm Wide,"Korea, South",2013,96370663,95134051.0,7225,Alloy Steel,Other
7225 Fl-rl Alloy Steel Nesoi Nun 600mm Wide,"Korea, South",2022,132013078,125288613.0,7225,Alloy Steel,Other
7225 Fl-rl Alloy Steel Nesoi Nun 600mm Wide,"Korea, South",2014,119124569,119112999.0,7225,Alloy Steel,Other
7225 Fl-rl Alloy Steel Nesoi Nun 600mm Wide,Thailand,2005,860355,860355.0,7225,Alloy Steel,Other
7225 Fl-rl Alloy Steel Nesoi Nun 600mm Wide,Hong Kong,2008,17035,17035.0,7225,Alloy Steel,Other
7225 Fl-rl Alloy Steel Nesoi Nun 600mm Wide,"Korea, South",2006,43798823,43798823.0,7225,Alloy Steel,Other
7225 Fl-rl Alloy Steel Nesoi Nun 600mm Wide,Indonesia,2003,1017099,1017099.0,7225,Alloy Steel,Other
7225 Fl-rl Alloy Steel Nesoi Nun 600mm Wide,Taiwan,2024,179062,179062.0,7225,Alloy Steel,Other
7225 Fl-rl Alloy Steel Nesoi Nun 600mm Wide,Hong Kong,2016,9973,9973.0,7225,Alloy Steel,Other
7225 Fl-rl Alloy Steel Nesoi Nun 600mm Wide,Malaysia,2016,460252,460252.0,7225,Alloy Steel,Other
7225 Fl-rl Alloy Steel Nesoi Nun 600mm Wide,Japan,2021,38859996,37646366.0,7225,Alloy Steel,Other
7225 Fl-rl Alloy Steel Nesoi Nun 600mm Wide,Hong Kong,2001,3197,,7225,Alloy Steel,Other
7225 Fl-rl Alloy Steel Nesoi Nun 600mm Wide,Malaysia,2021,10218,10218.0,7225,Alloy Steel,Other
7225 Fl-rl Alloy Steel Nesoi Nun 600mm Wide,Taiwan,2002,1919831,1919831.0,7225,Alloy Steel,Other
7225 Fl-rl Alloy Steel Nesoi Nun 600mm Wide,Vietnam,2014,8987,8987.0,7225,Alloy Steel,Other
7225 Fl-rl Alloy Steel Nesoi Nun 600mm Wide,"Korea, South",2009,22829942,22829942.0,7225,Alloy Steel,Other
7225 Fl-rl Alloy Steel Nesoi Nun 600mm Wide,Thailand,2025,114401,114401.0,7225,Alloy Steel,Other
7225 Fl-rl Alloy Steel Nesoi Nun 600mm Wide,Japan,2015,236894427,236891073.0,7225,Alloy Steel,Other
7225 Fl-rl Alloy Steel Nesoi Nun 600mm Wide,Thailand,2017,11879412,11879412.0,7225,Alloy Steel,Other
7225 Fl-rl Alloy Steel Nesoi Nun 600mm Wide,"Korea, South",2025,76353333,73072212.0,7225,Alloy Steel,Other
7225 Fl-rl Alloy Steel Nesoi Nun 600mm Wide,Malaysia,2017,590678,590678.0,7225,Alloy Steel,Other
7225 Fl-rl Alloy Steel Nesoi Nun 600mm Wide,"Korea, South",2017,119189167,119189167.0,7225,Alloy Steel,Other
7225 Fl-rl Alloy Steel Nesoi Nun 600mm Wide,Thailand,2018,6050512,6050512.0,7225,Alloy Steel,Other
7225 Fl-rl Alloy Steel Nesoi Nun 600mm Wide,Indonesia,2001,22775,,7225,Alloy Steel,Other
7225 Fl-rl Alloy Steel Nesoi Nun 600mm Wide,Thailand,2019,2483507,2483507.0,7225,Alloy Steel,Other
7225 Fl-rl Alloy Steel Nesoi Nun 600mm Wide,Japan,2003,66080605,60755155.0,7225,Alloy Steel,Other
7225 Fl-rl Alloy Steel Nesoi Nun 600mm Wide,"Korea, South",2020,81051736,83353400.0,7225,Alloy Steel,Other
7225 Fl-rl Alloy Steel Nesoi Nun 600mm Wide,Taiwan,2019,905988,905988.0,7225,Alloy Steel,Other
7225 Fl-rl Alloy Steel Nesoi Nun 600mm Wide,Taiwan,2014,35757693,35757693.0,7225,Alloy Steel,Other
7225 Fl-rl Alloy Steel Nesoi Nun 600mm Wide,Taiwan,2022,28718,28718.0,7225,Alloy Steel,Other
7225 Fl-rl Alloy Steel Nesoi Nun 600mm Wide,Malaysia,2014,610891,610891.0,7225,Alloy Steel,Other
7225 Fl-rl Alloy Steel Nesoi Nun 600mm Wide,Thailand,2001,429796,,7225,Alloy Steel,Other
7225 Fl-rl Alloy Steel Nesoi Nun 600mm Wide,"Korea, South",2011,64370133,64370133.0,7225,Alloy Steel,Other
7225 Fl-rl Alloy Steel Nesoi Nun 600mm Wide,"Korea, South",2015,135014835,135108745.0,7225,Alloy Steel,Other
7225 Fl-rl Alloy Steel Nesoi Nun 600mm Wide,"Korea, South",2004,6400097,6400097.0,7225,Alloy Steel,Other
7225 Fl-rl Alloy Steel Nesoi Nun 600mm Wide,Japan,2024,59646848,57640967.0,7225,Alloy Steel,Other
7225 Fl-rl Alloy Steel Nesoi Nun 600mm Wide,"Korea, South",2024,189727008,188968430.0,7225,Alloy Steel,Other
7225 Fl-rl Alloy Steel Nesoi Nun 600mm Wide,Thailand,2007,6108826,6108826.0,7225,Alloy Steel,Other
7225 Fl-rl Alloy Steel Nesoi Nun 600mm Wide,Indonesia,2004,14616,14616.0,7225,Alloy Steel,Other
7225 Fl-rl Alloy Steel Nesoi Nun 600mm Wide,"Korea, South",2007,33648779,33648779.0,7225,Alloy Steel,Other
7225 Fl-rl Alloy Steel Nesoi Nun 600mm Wide,Malaysia,2004,7546,7546.0,7225,Alloy Steel,Other
7225 Fl-rl Alloy Steel Nesoi Nun 600mm Wide,Taiwan,2008,4313956,4313956.0,7225,Alloy Steel,Other
7225 Fl-rl Alloy Steel Nesoi Nun 600mm Wide,Taiwan,2015,50756663,50756663.0,7225,Alloy Steel,Other
7225 Fl-rl Alloy Steel Nesoi Nun 600mm Wide,Indonesia,2016,99267,99267.0,7225,Alloy Steel,Other
7225 Fl-rl Alloy Steel Nesoi Nun 600mm Wide,"Korea, South",2001,18984447,,7225,Alloy Steel,Other
7225 Fl-rl Alloy Steel Nesoi Nun 600mm Wide,Taiwan,2004,1418796,1418796.0,7225,Alloy Steel,Other
7225 Fl-rl Alloy Steel Nesoi Nun 600mm Wide,Japan,2025,29177656,23392413.0,7225,Alloy Steel,Other
7225 Fl-rl Alloy Steel Nesoi Nun 600mm Wide,Japan,2004,113938099,110307498.0,7225,Alloy Steel,Other
7225 Fl-rl Alloy Steel Nesoi Nun 600mm Wide,Vietnam,2016,2122302,2122302.0,7225,Alloy Steel,Other
7225 Fl-rl Alloy Steel Nesoi Nun 600mm Wide,Japan,2013,241737640,241737640.0,7225,Alloy Steel,Other
7225 Fl-rl Alloy Steel Nesoi Nun 600mm Wide,Taiwan,2006,379757,379757.0,7225,Alloy Steel,Other
7225 Fl-rl Alloy Steel Nesoi Nun 600mm Wide,Japan,2009,165625859,165625859.0,7225,Alloy Steel,Other
7225 Fl-rl Alloy Steel Nesoi Nun 600mm Wide,Vietnam,2015,27541,27541.0,7225,Alloy Steel,Other
7225 Fl-rl Alloy Steel Nesoi Nun 600mm Wide,Japan,2016,139525230,139524732.0,7225,Alloy Steel,Other
7225 Fl-rl Alloy Steel Nesoi Nun 600mm Wide,Indonesia,2002,515078,515078.0,7225,Alloy Steel,Other
7226 Fl-rl Alloy Steel Nesoi Un 600mm Wide,Japan,2016,29999515,29968173.0,7226,Alloy Steel,Other
7226 Fl-rl Alloy Steel Nesoi Un 600mm Wide,Singapore,2021,5180,5180.0,7226,Alloy Steel,Other
7226 Fl-rl Alloy Steel Nesoi Un 600mm Wide,Malaysia,2020,36790,36790.0,7226,Alloy Steel,Other
7226 Fl-rl Alloy Steel Nesoi Un 600mm Wide,Japan,2025,14392624,14392624.0,7226,Alloy Steel,Other
7226 Fl-rl Alloy Steel Nesoi Un 600mm Wide,Japan,2020,30789925,30789925.0,7226,Alloy Steel,Other
7226 Fl-rl Alloy Steel Nesoi Un 600mm Wide,"Korea, South",2023,2821828,2821828.0,7226,Alloy Steel,Other
7226 Fl-rl Alloy Steel Nesoi Un 600mm Wide,Thailand,2023,234984,234984.0,7226,Alloy Steel,Other
7226 Fl-rl Alloy Steel Nesoi Un 600mm Wide,Thailand,2025,155660,155660.0,7226,Alloy Steel,Other
7226 Fl-rl Alloy Steel Nesoi Un 600mm Wide,Taiwan,2016,140169,140169.0,7226,Alloy Steel,Other
7226 Fl-rl Alloy Steel Nesoi Un 600mm Wide,Japan,2019,27684335,27684335.0,7226,Alloy Steel,Other
7226 Fl-rl Alloy Steel Nesoi Un 600mm Wide,Vietnam,2022,611057,0.0,7226,Alloy Steel,Other
7226 Fl-rl Alloy Steel Nesoi Un 600mm Wide,Japan,2024,49738086,49738086.0,7226,Alloy Steel,Other
7226 Fl-rl Alloy Steel Nesoi Un 600mm Wide,Taiwan,2023,21747,21747.0,7226,Alloy Steel,Other
7226 Fl-rl Alloy Steel Nesoi Un 600mm Wide,Thailand,2014,117397,117397.0,7226,Alloy Steel,Other
7226 Fl-rl Alloy Steel Nesoi Un 600mm Wide,"Korea, South",2024,3166863,3243446.0,7226,Alloy Steel,Other
7226 Fl-rl Alloy Steel Nesoi Un 600mm Wide,Taiwan,2011,1627978,1627978.0,7226,Alloy Steel,Other
7226 Fl-rl Alloy Steel Nesoi Un 600mm Wide,Japan,2013,51875526,51862509.0,7226,Alloy Steel,Other
7226 Fl-rl Alloy Steel Nesoi Un 600mm Wide,Hong Kong,2013,3875,3875.0,7226,Alloy Steel,Other
7226 Fl-rl Alloy Steel Nesoi Un 600mm Wide,Vietnam,2016,6822,6822.0,7226,Alloy Steel,Other
7226 Fl-rl Alloy Steel Nesoi Un 600mm Wide,Taiwan,2021,557221,557221.0,7226,Alloy Steel,Other
7226 Fl-rl Alloy Steel Nesoi Un 600mm Wide,"Korea, South",2021,698006,698006.0,7226,Alloy Steel,Other
7226 Fl-rl Alloy Steel Nesoi Un 600mm Wide,Taiwan,2020,8303,8303.0,7226,Alloy Steel,Other
7226 Fl-rl Alloy Steel Nesoi Un 600mm Wide,"Korea, South",2014,442255,442255.0,7226,Alloy Steel,Other
7226 Fl-rl Alloy Steel Nesoi Un 600mm Wide,Taiwan,2004,10311,10311.0,7226,Alloy Steel,Other
7226 Fl-rl Alloy Steel Nesoi Un 600mm Wide,Taiwan,2003,149925,149925.0,7226,Alloy Steel,Other
7226 Fl-rl Alloy Steel Nesoi Un 600mm Wide,"Korea, South",2009,2115127,2115127.0,7226,Alloy Steel,Other
7226 Fl-rl Alloy Steel Nesoi Un 600mm Wide,Taiwan,2009,976695,976695.0,7226,Alloy Steel,Other
7226 Fl-rl Alloy Steel Nesoi Un 600mm Wide,"Korea, South",2002,320373,320373.0,7226,Alloy Steel,Other
7226 Fl-rl Alloy Steel Nesoi Un 600mm Wide,Japan,2005,9842541,9842541.0,7226,Alloy Steel,Other
7226 Fl-rl Alloy Steel Nesoi Un 600mm Wide,Japan,2002,7113010,7115965.0,7226,Alloy Steel,Other
7226 Fl-rl Alloy Steel Nesoi Un 600mm Wide,Taiwan,2001,61588,,7226,Alloy Steel,Other
7226 Fl-rl Alloy Steel Nesoi Un 600mm Wide,"Korea, South",2007,1509691,1509691.0,7226,Alloy Steel,Other
7226 Fl-rl Alloy Steel Nesoi Un 600mm Wide,Japan,2001,11891937,,7226,Alloy Steel,Other
7226 Fl-rl Alloy Steel Nesoi Un 600mm Wide,"Korea, South",2010,2468725,2468725.0,7226,Alloy Steel,Other
7226 Fl-rl Alloy Steel Nesoi Un 600mm Wide,"Korea, South",2011,1380878,1380878.0,7226,Alloy Steel,Other
7226 Fl-rl Alloy Steel Nesoi Un 600mm Wide,Thailand,2013,1754337,1754337.0,7226,Alloy Steel,Other
7226 Fl-rl Alloy Steel Nesoi Un 600mm Wide,"Korea, South",2019,843772,857438.0,7226,Alloy Steel,Other
7226 Fl-rl Alloy Steel Nesoi Un 600mm Wide,"Korea, South",2020,666145,666145.0,7226,Alloy Steel,Other
7226 Fl-rl Alloy Steel Nesoi Un 600mm Wide,Taiwan,2018,31841,31841.0,7226,Alloy Steel,Other
7226 Fl-rl Alloy Steel Nesoi Un 600mm Wide,"Korea, South",2001,258802,,7226,Alloy Steel,Other
7226 Fl-rl Alloy Steel Nesoi Un 600mm Wide,Taiwan,2015,17028,17028.0,7226,Alloy Steel,Other
7226 Fl-rl Alloy Steel Nesoi Un 600mm Wide,"Korea, South",2005,289315,289315.0,7226,Alloy Steel,Other
7226 Fl-rl Alloy Steel Nesoi Un 600mm Wide,Japan,2007,14603326,14603326.0,7226,Alloy Steel,Other
7226 Fl-rl Alloy Steel Nesoi Un 600mm Wide,Japan,2006,11882781,11882781.0,7226,Alloy Steel,Other
7226 Fl-rl Alloy Steel Nesoi Un 600mm Wide,Singapore,2006,6000,6000.0,7226,Alloy Steel,Other
7226 Fl-rl Alloy Steel Nesoi Un 600mm Wide,"Korea, South",2008,1689179,1689179.0,7226,Alloy Steel,Other
7226 Fl-rl Alloy Steel Nesoi Un 600mm Wide,Japan,2003,9666633,8124948.0,7226,Alloy Steel,Other
7226 Fl-rl Alloy Steel Nesoi Un 600mm Wide,"Korea, South",2004,995136,995136.0,7226,Alloy Steel,Other
7226 Fl-rl Alloy Steel Nesoi Un 600mm Wide,Japan,2017,74813953,73820450.0,7226,Alloy Steel,Other
7226 Fl-rl Alloy Steel Nesoi Un 600mm Wide,Taiwan,2014,695216,695216.0,7226,Alloy Steel,Other
7226 Fl-rl Alloy Steel Nesoi Un 600mm Wide,Japan,2010,57988745,57988745.0,7226,Alloy Steel,Other
7226 Fl-rl Alloy Steel Nesoi Un 600mm Wide,Thailand,2011,1006707,1006707.0,7226,Alloy Steel,Other
7226 Fl-rl Alloy Steel Nesoi Un 600mm Wide,Taiwan,2012,2557709,2557709.0,7226,Alloy Steel,Other
7226 Fl-rl Alloy Steel Nesoi Un 600mm Wide,Taiwan,2008,1858801,1858801.0,7226,Alloy Steel,Other
7226 Fl-rl Alloy Steel Nesoi Un 600mm Wide,Japan,2009,23353417,23353417.0,7226,Alloy Steel,Other
7226 Fl-rl Alloy Steel Nesoi Un 600mm Wide,Japan,2015,30110253,29129343.0,7226,Alloy Steel,Other
7226 Fl-rl Alloy Steel Nesoi Un 600mm Wide,"Korea, South",2013,357529,357529.0,7226,Alloy Steel,Other
7226 Fl-rl Alloy Steel Nesoi Un 600mm Wide,Taiwan,2005,19136,19136.0,7226,Alloy Steel,Other
7226 Fl-rl Alloy Steel Nesoi Un 600mm Wide,Japan,2004,10673031,10113686.0,7226,Alloy Steel,Other
7226 Fl-rl Alloy Steel Nesoi Un 600mm Wide,"Korea, South",2003,306999,306999.0,7226,Alloy Steel,Other
7226 Fl-rl Alloy Steel Nesoi Un 600mm Wide,Japan,2012,46780289,46780289.0,7226,Alloy Steel,Other
7226 Fl-rl Alloy Steel Nesoi Un 600mm Wide,Japan,2018,40031651,40031651.0,7226,Alloy Steel,Other
7226 Fl-rl Alloy Steel Nesoi Un 600mm Wide,Taiwan,2007,221092,221092.0,7226,Alloy Steel,Other
7226 Fl-rl Alloy Steel Nesoi Un 600mm Wide,Taiwan,2002,968907,968907.0,7226,Alloy Steel,Other
7226 Fl-rl Alloy Steel Nesoi Un 600mm Wide,Taiwan,2010,4742175,4742175.0,7226,Alloy Steel,Other
7226 Fl-rl Alloy Steel Nesoi Un 600mm Wide,Singapore,2001,3800,,7226,Alloy Steel,Other
7226 Fl-rl Alloy Steel Nesoi Un 600mm Wide,Japan,2008,18658080,18658080.0,7226,Alloy Steel,Other
7226 Fl-rl Alloy Steel Nesoi Un 600mm Wide,"Korea, South",2006,1100545,1100545.0,7226,Alloy Steel,Other
7226 Fl-rl Alloy Steel Nesoi Un 600mm Wide,Japan,2014,26137608,26137126.0,7226,Alloy Steel,Other
7226 Fl-rl Alloy Steel Nesoi Un 600mm Wide,Taiwan,2019,31167,31167.0,7226,Alloy Steel,Other
7226 Fl-rl Alloy Steel Nesoi Un 600mm Wide,Hong Kong,2004,59333,59333.0,7226,Alloy Steel,Other
7226 Fl-rl Alloy Steel Nesoi Un 600mm Wide,Japan,2011,53158853,53158853.0,7226,Alloy Steel,Other
7226 Fl-rl Alloy Steel Nesoi Un 600mm Wide,"Korea, South",2018,587236,573570.0,7226,Alloy Steel,Other
7226 Fl-rl Alloy Steel Nesoi Un 600mm Wide,Taiwan,2017,39113,39113.0,7226,Alloy Steel,Other
7226 Fl-rl Alloy Steel Nesoi Un 600mm Wide,"Korea, South",2017,703212,703212.0,7226,Alloy Steel,Other
7226 Fl-rl Alloy Steel Nesoi Un 600mm Wide,Singapore,2022,11866,11866.0,7226,Alloy Steel,Other
7226 Fl-rl Alloy Steel Nesoi Un 600mm Wide,Hong Kong,2014,26006,26006.0,7226,Alloy Steel,Other
7226 Fl-rl Alloy Steel Nesoi Un 600mm Wide,Taiwan,2024,28987,28987.0,7226,Alloy Steel,Other
7226 Fl-rl Alloy Steel Nesoi Un 600mm Wide,Taiwan,2022,67814,67814.0,7226,Alloy Steel,Other
7226 Fl-rl Alloy Steel Nesoi Un 600mm Wide,"Korea, South",2012,180896,180896.0,7226,Alloy Steel,Other
7226 Fl-rl Alloy Steel Nesoi Un 600mm Wide,"Korea, South",2025,1999604,1999604.0,7226,Alloy Steel,Other
7226 Fl-rl Alloy Steel Nesoi Un 600mm Wide,Thailand,2021,5810,5810.0,7226,Alloy Steel,Other
7226 Fl-rl Alloy Steel Nesoi Un 600mm Wide,Japan,2022,57996601,58203034.0,7226,Alloy Steel,Other
7226 Fl-rl Alloy Steel Nesoi Un 600mm Wide,Japan,2023,60391074,60391074.0,7226,Alloy Steel,Other
7226 Fl-rl Alloy Steel Nesoi Un 600mm Wide,"Korea, South",2016,719804,719804.0,7226,Alloy Steel,Other
7226 Fl-rl Alloy Steel Nesoi Un 600mm Wide,Vietnam,2023,1579057,135870.0,7226,Alloy Steel,Other
7226 Fl-rl Alloy Steel Nesoi Un 600mm Wide,Malaysia,2022,44129,44129.0,7226,Alloy Steel,Other
7226 Fl-rl Alloy Steel Nesoi Un 600mm Wide,Malaysia,2024,3825,3825.0,7226,Alloy Steel,Other
7226 Fl-rl Alloy Steel Nesoi Un 600mm Wide,"Korea, South",2015,201867,201867.0,7226,Alloy Steel,Other
7226 Fl-rl Alloy Steel Nesoi Un 600mm Wide,"Korea, South",2022,714249,659114.0,7226,Alloy Steel,Other
7226 Fl-rl Alloy Steel Nesoi Un 600mm Wide,Japan,2021,69559587,69559587.0,7226,Alloy Steel,Other
7226 Fl-rl Alloy Steel Nesoi Un 600mm Wide,Taiwan,2013,2375751,2375751.0,7226,Alloy Steel,Other
7226 Fl-rl Alloy Steel Nesoi Un 600mm Wide,Thailand,2018,9214,9214.0,7226,Alloy Steel,Other
"8105 Cobalt Mattes Etc, Cobalt & Art, Inc Waste & Scrap",Singapore,2005,92112,92112.0,8105,Cobalt,Other
"8105 Cobalt Mattes Etc, Cobalt & Art, Inc Waste & Scrap",Taiwan,2023,2244801,2240707.0,8105,Cobalt,Other
"8105 Cobalt Mattes Etc, Cobalt & Art, Inc Waste & Scrap",Taiwan,2015,757975,657146.0,8105,Cobalt,Other
"8105 Cobalt Mattes Etc, Cobalt & Art, Inc Waste & Scrap",Philippines,2008,4843,4843.0,8105,Cobalt,Other
"8105 Cobalt Mattes Etc, Cobalt & Art, Inc Waste & Scrap",Japan,2008,16276072,16274644.0,8105,Cobalt,Other
"8105 Cobalt Mattes Etc, Cobalt & Art, Inc Waste & Scrap",Malaysia,2011,9364,9364.0,8105,Cobalt,Other
"8105 Cobalt Mattes Etc, Cobalt & Art, Inc Waste & Scrap",Malaysia,2002,14473,14473.0,8105,Cobalt,Other
"8105 Cobalt Mattes Etc, Cobalt & Art, Inc Waste & Scrap",Malaysia,2012,68542,68542.0,8105,Cobalt,Other
"8105 Cobalt Mattes Etc, Cobalt & Art, Inc Waste & Scrap",Singapore,2017,383132,383132.0,8105,Cobalt,Other
"8105 Cobalt Mattes Etc, Cobalt & Art, Inc Waste & Scrap",Japan,2012,22631766,22631766.0,8105,Cobalt,Other
"8105 Cobalt Mattes Etc, Cobalt & Art, Inc Waste & Scrap",Philippines,2021,11090,11090.0,8105,Cobalt,Other
"8105 Cobalt Mattes Etc, Cobalt & Art, Inc Waste & Scrap",Taiwan,2005,87398,87398.0,8105,Cobalt,Other
"8105 Cobalt Mattes Etc, Cobalt & Art, Inc Waste & Scrap",Thailand,2003,2269,2269.0,8105,Cobalt,Other
"8105 Cobalt Mattes Etc, Cobalt & Art, Inc Waste & Scrap","Korea, South",2017,300109,300109.0,8105,Cobalt,Other
"8105 Cobalt Mattes Etc, Cobalt & Art, Inc Waste & Scrap",Singapore,2023,631517,631517.0,8105,Cobalt,Other
"8105 Cobalt Mattes Etc, Cobalt & Art, Inc Waste & Scrap",Japan,2007,15364290,14106150.0,8105,Cobalt,Other
"8105 Cobalt Mattes Etc, Cobalt & Art, Inc Waste & Scrap",Vietnam,2017,46724,46724.0,8105,Cobalt,Other
"8105 Cobalt Mattes Etc, Cobalt & Art, Inc Waste & Scrap",Vietnam,2019,13560,13560.0,8105,Cobalt,Other
"8105 Cobalt Mattes Etc, Cobalt & Art, Inc Waste & Scrap",Cambodia,2017,5684,5684.0,8105,Cobalt,Other
"8105 Cobalt Mattes Etc, Cobalt & Art, Inc Waste & Scrap",Hong Kong,2004,115900,115900.0,8105,Cobalt,Other
"8105 Cobalt Mattes Etc, Cobalt & Art, Inc Waste & Scrap","Korea, South",2019,121545,121545.0,8105,Cobalt,Other
"8105 Cobalt Mattes Etc, Cobalt & Art, Inc Waste & Scrap",Hong Kong,2023,3981,3981.0,8105,Cobalt,Other
"8105 Cobalt Mattes Etc, Cobalt & Art, Inc Waste & Scrap",Japan,2021,45468928,45427754.0,8105,Cobalt,Other
"8105 Cobalt Mattes Etc, Cobalt & Art, Inc Waste & Scrap",Taiwan,2007,268846,268846.0,8105,Cobalt,Other
"8105 Cobalt Mattes Etc, Cobalt & Art, Inc Waste & Scrap",Hong Kong,2018,3779218,3779218.0,8105,Cobalt,Other
"8105 Cobalt Mattes Etc, Cobalt & Art, Inc Waste & Scrap","Korea, South",2020,66012,66012.0,8105,Cobalt,Other
"8105 Cobalt Mattes Etc, Cobalt & Art, Inc Waste & Scrap",Taiwan,2010,297268,297268.0,8105,Cobalt,Other
"8105 Cobalt Mattes Etc, Cobalt & Art, Inc Waste & Scrap",Vietnam,2023,64757,64757.0,8105,Cobalt,Other
"8105 Cobalt Mattes Etc, Cobalt & Art, Inc Waste & Scrap","Korea, South",2013,1019013,1019013.0,8105,Cobalt,Other
"8105 Cobalt Mattes Etc, Cobalt & Art, Inc Waste & Scrap",Vietnam,2020,22702,22702.0,8105,Cobalt,Other
"8105 Cobalt Mattes Etc, Cobalt & Art, Inc Waste & Scrap",Japan,2002,3486145,3486145.0,8105,Cobalt,Other
"8105 Cobalt Mattes Etc, Cobalt & Art, Inc Waste & Scrap",Japan,2001,7756472,,8105,Cobalt,Other
"8105 Cobalt Mattes Etc, Cobalt & Art, Inc Waste & Scrap",Hong Kong,2021,2472,2472.0,8105,Cobalt,Other
"8105 Cobalt Mattes Etc, Cobalt & Art, Inc Waste & Scrap",Singapore,2003,24154,24154.0,8105,Cobalt,Other
"8105 Cobalt Mattes Etc, Cobalt & Art, Inc Waste & Scrap",Japan,2024,52062783,50961558.0,8105,Cobalt,Other
"8105 Cobalt Mattes Etc, Cobalt & Art, Inc Waste & Scrap",Japan,2022,82653178,82675879.0,8105,Cobalt,Other
"8105 Cobalt Mattes Etc, Cobalt & Art, Inc Waste & Scrap",Malaysia,2022,46736,46736.0,8105,Cobalt,Other
"8105 Cobalt Mattes Etc, Cobalt & Art, Inc Waste & Scrap",Singapore,2012,188785,188785.0,8105,Cobalt,Other
"8105 Cobalt Mattes Etc, Cobalt & Art, Inc Waste & Scrap",Indonesia,2023,5011,5011.0,8105,Cobalt,Other
"8105 Cobalt Mattes Etc, Cobalt & Art, Inc Waste & Scrap",Macau,2016,941842,941842.0,8105,Cobalt,Other
"8105 Cobalt Mattes Etc, Cobalt & Art, Inc Waste & Scrap",Malaysia,2023,13194,13194.0,8105,Cobalt,Other
"8105 Cobalt Mattes Etc, Cobalt & Art, Inc Waste & Scrap",Singapore,2020,1510456,1510456.0,8105,Cobalt,Other
"8105 Cobalt Mattes Etc, Cobalt & Art, Inc Waste & Scrap","Korea, South",2014,506395,506395.0,8105,Cobalt,Other
"8105 Cobalt Mattes Etc, Cobalt & Art, Inc Waste & Scrap",Taiwan,2020,1309157,1248391.0,8105,Cobalt,Other
"8105 Cobalt Mattes Etc, Cobalt & Art, Inc Waste & Scrap",Taiwan,2025,1694568,1725894.0,8105,Cobalt,Other
"8105 Cobalt Mattes Etc, Cobalt & Art, Inc Waste & Scrap",Hong Kong,2007,1105628,3318.0,8105,Cobalt,Other
"8105 Cobalt Mattes Etc, Cobalt & Art, Inc Waste & Scrap",Taiwan,2016,840693,731950.0,8105,Cobalt,Other
"8105 Cobalt Mattes Etc, Cobalt & Art, Inc Waste & Scrap","Korea, South",2005,412638,412638.0,8105,Cobalt,Other
"8105 Cobalt Mattes Etc, Cobalt & Art, Inc Waste & Scrap","Korea, South",2007,953196,953196.0,8105,Cobalt,Other
"8105 Cobalt Mattes Etc, Cobalt & Art, Inc Waste & Scrap",Japan,2019,54621770,54677826.0,8105,Cobalt,Other
"8105 Cobalt Mattes Etc, Cobalt & Art, Inc Waste & Scrap",Taiwan,2017,729372,616284.0,8105,Cobalt,Other
"8105 Cobalt Mattes Etc, Cobalt & Art, Inc Waste & Scrap",Malaysia,2017,19125,19125.0,8105,Cobalt,Other
"8105 Cobalt Mattes Etc, Cobalt & Art, Inc Waste & Scrap",Singapore,2021,514482,514482.0,8105,Cobalt,Other
"8105 Cobalt Mattes Etc, Cobalt & Art, Inc Waste & Scrap",Indonesia,2025,27600621,27600621.0,8105,Cobalt,Other
"8105 Cobalt Mattes Etc, Cobalt & Art, Inc Waste & Scrap",Taiwan,2021,1626908,1604892.0,8105,Cobalt,Other
"8105 Cobalt Mattes Etc, Cobalt & Art, Inc Waste & Scrap",Thailand,2009,27660,27660.0,8105,Cobalt,Other
"8105 Cobalt Mattes Etc, Cobalt & Art, Inc Waste & Scrap",Singapore,2022,252093,252093.0,8105,Cobalt,Other
"8105 Cobalt Mattes Etc, Cobalt & Art, Inc Waste & Scrap",Japan,2023,61573836,61602186.0,8105,Cobalt,Other
"8105 Cobalt Mattes Etc, Cobalt & Art, Inc Waste & Scrap",Hong Kong,2020,32193,32193.0,8105,Cobalt,Other
"8105 Cobalt Mattes Etc, Cobalt & Art, Inc Waste & Scrap",Taiwan,2013,245191,245191.0,8105,Cobalt,Other
"8105 Cobalt Mattes Etc, Cobalt & Art, Inc Waste & Scrap","Korea, South",2024,183119,183119.0,8105,Cobalt,Other
"8105 Cobalt Mattes Etc, Cobalt & Art, Inc Waste & Scrap",Japan,2009,12215295,12226355.0,8105,Cobalt,Other
"8105 Cobalt Mattes Etc, Cobalt & Art, Inc Waste & Scrap",Malaysia,2005,3875,3875.0,8105,Cobalt,Other
"8105 Cobalt Mattes Etc, Cobalt & Art, Inc Waste & Scrap",Singapore,2016,786893,786893.0,8105,Cobalt,Other
"8105 Cobalt Mattes Etc, Cobalt & Art, Inc Waste & Scrap",Japan,2003,4316520,4316520.0,8105,Cobalt,Other
"8105 Cobalt Mattes Etc, Cobalt & Art, Inc Waste & Scrap",Singapore,2006,42701,42701.0,8105,Cobalt,Other
"8105 Cobalt Mattes Etc, Cobalt & Art, Inc Waste & Scrap",Singapore,2004,3758,3758.0,8105,Cobalt,Other
"8105 Cobalt Mattes Etc, Cobalt & Art, Inc Waste & Scrap",Singapore,2013,104843,104843.0,8105,Cobalt,Other
"8105 Cobalt Mattes Etc, Cobalt & Art, Inc Waste & Scrap","Korea, South",2004,1622596,1622596.0,8105,Cobalt,Other
"8105 Cobalt Mattes Etc, Cobalt & Art, Inc Waste & Scrap",Malaysia,2007,124100,124100.0,8105,Cobalt,Other
"8105 Cobalt Mattes Etc, Cobalt & Art, Inc Waste & Scrap",Taiwan,2022,1692567,1595577.0,8105,Cobalt,Other
"8105 Cobalt Mattes Etc, Cobalt & Art, Inc Waste & Scrap",Malaysia,2013,4800,4800.0,8105,Cobalt,Other
"8105 Cobalt Mattes Etc, Cobalt & Art, Inc Waste & Scrap",Taiwan,2024,1634068,1593302.0,8105,Cobalt,Other
"8105 Cobalt Mattes Etc, Cobalt & Art, Inc Waste & Scrap","Korea, South",2010,246064,246064.0,8105,Cobalt,Other
"8105 Cobalt Mattes Etc, Cobalt & Art, Inc Waste & Scrap",Vietnam,2022,239992,239992.0,8105,Cobalt,Other
"8105 Cobalt Mattes Etc, Cobalt & Art, Inc Waste & Scrap",Hong Kong,2014,4529,4529.0,8105,Cobalt,Other
"8105 Cobalt Mattes Etc, Cobalt & Art, Inc Waste & Scrap",Japan,2014,33460837,33456917.0,8105,Cobalt,Other
"8105 Cobalt Mattes Etc, Cobalt & Art, Inc Waste & Scrap",Vietnam,2018,49070,49070.0,8105,Cobalt,Other
"8105 Cobalt Mattes Etc, Cobalt & Art, Inc Waste & Scrap",Japan,2015,34975095,34961563.0,8105,Cobalt,Other
"8105 Cobalt Mattes Etc, Cobalt & Art, Inc Waste & Scrap",Hong Kong,2013,31400,31400.0,8105,Cobalt,Other
"8105 Cobalt Mattes Etc, Cobalt & Art, Inc Waste & Scrap",Taiwan,2012,710010,710010.0,8105,Cobalt,Other
"8105 Cobalt Mattes Etc, Cobalt & Art, Inc Waste & Scrap",Singapore,2018,546545,546545.0,8105,Cobalt,Other
"8105 Cobalt Mattes Etc, Cobalt & Art, Inc Waste & Scrap",Singapore,2025,742277,742277.0,8105,Cobalt,Other
"8105 Cobalt Mattes Etc, Cobalt & Art, Inc Waste & Scrap","Korea, South",2011,189790,189790.0,8105,Cobalt,Other
"8105 Cobalt Mattes Etc, Cobalt & Art, Inc Waste & Scrap","Korea, South",2018,408065,408065.0,8105,Cobalt,Other
"8105 Cobalt Mattes Etc, Cobalt & Art, Inc Waste & Scrap",Malaysia,2008,41314,41314.0,8105,Cobalt,Other
"8105 Cobalt Mattes Etc, Cobalt & Art, Inc Waste & Scrap","Korea, South",2001,54606,,8105,Cobalt,Other
"8105 Cobalt Mattes Etc, Cobalt & Art, Inc Waste & Scrap","Korea, South",2025,122888,122888.0,8105,Cobalt,Other
"8105 Cobalt Mattes Etc, Cobalt & Art, Inc Waste & Scrap",Thailand,2011,341387,341387.0,8105,Cobalt,Other
"8105 Cobalt Mattes Etc, Cobalt & Art, Inc Waste & Scrap",Malaysia,2014,5938,5938.0,8105,Cobalt,Other
"8105 Cobalt Mattes Etc, Cobalt & Art, Inc Waste & Scrap",Thailand,2012,227565,227565.0,8105,Cobalt,Other
"8105 Cobalt Mattes Etc, Cobalt & Art, Inc Waste & Scrap",Taiwan,2011,123588,123588.0,8105,Cobalt,Other
"8105 Cobalt Mattes Etc, Cobalt & Art, Inc Waste & Scrap",Taiwan,2019,1315749,1298843.0,8105,Cobalt,Other
"8105 Cobalt Mattes Etc, Cobalt & Art, Inc Waste & Scrap",Thailand,2020,6931,6931.0,8105,Cobalt,Other
"8105 Cobalt Mattes Etc, Cobalt & Art, Inc Waste & Scrap",Japan,2020,48352818,48451750.0,8105,Cobalt,Other
"8105 Cobalt Mattes Etc, Cobalt & Art, Inc Waste & Scrap",Japan,2025,32185246,30958560.0,8105,Cobalt,Other
"8105 Cobalt Mattes Etc, Cobalt & Art, Inc Waste & Scrap",Taiwan,2014,484920,484920.0,8105,Cobalt,Other
"8105 Cobalt Mattes Etc, Cobalt & Art, Inc Waste & Scrap",Japan,2004,11565057,11565057.0,8105,Cobalt,Other
"8105 Cobalt Mattes Etc, Cobalt & Art, Inc Waste & Scrap",Indonesia,2012,62380,62380.0,8105,Cobalt,Other
"8105 Cobalt Mattes Etc, Cobalt & Art, Inc Waste & Scrap",Indonesia,2008,52272,52272.0,8105,Cobalt,Other
"8105 Cobalt Mattes Etc, Cobalt & Art, Inc Waste & Scrap",Taiwan,2009,124465,124465.0,8105,Cobalt,Other
"8105 Cobalt Mattes Etc, Cobalt & Art, Inc Waste & Scrap",Thailand,2010,145236,145236.0,8105,Cobalt,Other
"8105 Cobalt Mattes Etc, Cobalt & Art, Inc Waste & Scrap",Taiwan,2006,137358,137358.0,8105,Cobalt,Other
"8105 Cobalt Mattes Etc, Cobalt & Art, Inc Waste & Scrap","Korea, South",2022,306787,306787.0,8105,Cobalt,Other
"8105 Cobalt Mattes Etc, Cobalt & Art, Inc Waste & Scrap",Singapore,2014,623412,623412.0,8105,Cobalt,Other
"8105 Cobalt Mattes Etc, Cobalt & Art, Inc Waste & Scrap",Thailand,2008,135002,135002.0,8105,Cobalt,Other
"8105 Cobalt Mattes Etc, Cobalt & Art, Inc Waste & Scrap","Korea, South",2023,455865,455865.0,8105,Cobalt,Other
"8105 Cobalt Mattes Etc, Cobalt & Art, Inc Waste & Scrap",Thailand,2006,57669,57669.0,8105,Cobalt,Other
"8105 Cobalt Mattes Etc, Cobalt & Art, Inc Waste & Scrap",Vietnam,2024,135637,135637.0,8105,Cobalt,Other
"8105 Cobalt Mattes Etc, Cobalt & Art, Inc Waste & Scrap",Malaysia,2020,5955,5955.0,8105,Cobalt,Other
"8105 Cobalt Mattes Etc, Cobalt & Art, Inc Waste & Scrap",Hong Kong,2011,4201,4201.0,8105,Cobalt,Other
"8105 Cobalt Mattes Etc, Cobalt & Art, Inc Waste & Scrap",Indonesia,2016,48863,48863.0,8105,Cobalt,Other
"8105 Cobalt Mattes Etc, Cobalt & Art, Inc Waste & Scrap",Malaysia,2015,2529,2529.0,8105,Cobalt,Other
"8105 Cobalt Mattes Etc, Cobalt & Art, Inc Waste & Scrap","Korea, South",2006,264938,264938.0,8105,Cobalt,Other
"8105 Cobalt Mattes Etc, Cobalt & Art, Inc Waste & Scrap",Singapore,2019,982423,982423.0,8105,Cobalt,Other
"8105 Cobalt Mattes Etc, Cobalt & Art, Inc Waste & Scrap",Japan,2016,42109620,42079373.0,8105,Cobalt,Other
"8105 Cobalt Mattes Etc, Cobalt & Art, Inc Waste & Scrap",Taiwan,2004,265362,265362.0,8105,Cobalt,Other
"8105 Cobalt Mattes Etc, Cobalt & Art, Inc Waste & Scrap",Japan,2017,75834147,75816992.0,8105,Cobalt,Other
"8105 Cobalt Mattes Etc, Cobalt & Art, Inc Waste & Scrap",Taiwan,2018,1276851,1225464.0,8105,Cobalt,Other
"8105 Cobalt Mattes Etc, Cobalt & Art, Inc Waste & Scrap",Singapore,2010,117949,117949.0,8105,Cobalt,Other
"8105 Cobalt Mattes Etc, Cobalt & Art, Inc Waste & Scrap",Singapore,2015,302513,302513.0,8105,Cobalt,Other
"8105 Cobalt Mattes Etc, Cobalt & Art, Inc Waste & Scrap","Korea, South",2002,49829,49829.0,8105,Cobalt,Other
"8105 Cobalt Mattes Etc, Cobalt & Art, Inc Waste & Scrap",Taiwan,2001,6150,,8105,Cobalt,Other
"8105 Cobalt Mattes Etc, Cobalt & Art, Inc Waste & Scrap",Japan,2006,7910890,7899067.0,8105,Cobalt,Other
"8105 Cobalt Mattes Etc, Cobalt & Art, Inc Waste & Scrap",Indonesia,2013,76222,76222.0,8105,Cobalt,Other
"8105 Cobalt Mattes Etc, Cobalt & Art, Inc Waste & Scrap",Singapore,2024,1043837,1043837.0,8105,Cobalt,Other
"8105 Cobalt Mattes Etc, Cobalt & Art, Inc Waste & Scrap",Japan,2011,11715195,11719095.0,8105,Cobalt,Other
"8105 Cobalt Mattes Etc, Cobalt & Art, Inc Waste & Scrap","Korea, South",2016,185948,185948.0,8105,Cobalt,Other
"8105 Cobalt Mattes Etc, Cobalt & Art, Inc Waste & Scrap",Taiwan,2008,274962,274962.0,8105,Cobalt,Other
"8105 Cobalt Mattes Etc, Cobalt & Art, Inc Waste & Scrap",Singapore,2008,101847,101847.0,8105,Cobalt,Other
"8105 Cobalt Mattes Etc, Cobalt & Art, Inc Waste & Scrap",Japan,2018,128432186,128479194.0,8105,Cobalt,Other
"8105 Cobalt Mattes Etc, Cobalt & Art, Inc Waste & Scrap",Singapore,2009,11009,11009.0,8105,Cobalt,Other
"8105 Cobalt Mattes Etc, Cobalt & Art, Inc Waste & Scrap",Japan,2013,22284774,22284774.0,8105,Cobalt,Other
"8105 Cobalt Mattes Etc, Cobalt & Art, Inc Waste & Scrap","Korea, South",2012,1744106,1744106.0,8105,Cobalt,Other
"8105 Cobalt Mattes Etc, Cobalt & Art, Inc Waste & Scrap",Indonesia,2006,4386,4386.0,8105,Cobalt,Other
"8105 Cobalt Mattes Etc, Cobalt & Art, Inc Waste & Scrap",Hong Kong,2017,4139108,4139108.0,8105,Cobalt,Other
"8105 Cobalt Mattes Etc, Cobalt & Art, Inc Waste & Scrap",Indonesia,2024,3593558,3593558.0,8105,Cobalt,Other
"8105 Cobalt Mattes Etc, Cobalt & Art, Inc Waste & Scrap",Indonesia,2014,158749,158749.0,8105,Cobalt,Other
"8105 Cobalt Mattes Etc, Cobalt & Art, Inc Waste & Scrap",Thailand,2007,278051,278051.0,8105,Cobalt,Other
"8105 Cobalt Mattes Etc, Cobalt & Art, Inc Waste & Scrap",Japan,2005,11913991,11913991.0,8105,Cobalt,Other
"8105 Cobalt Mattes Etc, Cobalt & Art, Inc Waste & Scrap",Malaysia,2018,8920,8920.0,8105,Cobalt,Other
"8105 Cobalt Mattes Etc, Cobalt & Art, Inc Waste & Scrap","Korea, South",2021,137523,137523.0,8105,Cobalt,Other
"8105 Cobalt Mattes Etc, Cobalt & Art, Inc Waste & Scrap","Korea, South",2015,238690,238690.0,8105,Cobalt,Other
"8105 Cobalt Mattes Etc, Cobalt & Art, Inc Waste & Scrap",Taiwan,2002,4200,4200.0,8105,Cobalt,Other
"8105 Cobalt Mattes Etc, Cobalt & Art, Inc Waste & Scrap",Thailand,2023,88508,88508.0,8105,Cobalt,Other
"8105 Cobalt Mattes Etc, Cobalt & Art, Inc Waste & Scrap","Korea, South",2003,348625,348625.0,8105,Cobalt,Other
"8105 Cobalt Mattes Etc, Cobalt & Art, Inc Waste & Scrap",Japan,2010,16452383,15616394.0,8105,Cobalt,Other
"8105 Cobalt Mattes Etc, Cobalt & Art, Inc Waste & Scrap",Taiwan,2003,108063,108063.0,8105,Cobalt,Other
"8105 Cobalt Mattes Etc, Cobalt & Art, Inc Waste & Scrap",Singapore,2011,15743,15743.0,8105,Cobalt,Other
"8105 Cobalt Mattes Etc, Cobalt & Art, Inc Waste & Scrap",Malaysia,2010,134434,134434.0,8105,Cobalt,Other
"8105 Cobalt Mattes Etc, Cobalt & Art, Inc Waste & Scrap","Korea, South",2008,495476,495476.0,8105,Cobalt,Other
"8105 Cobalt Mattes Etc, Cobalt & Art, Inc Waste & Scrap",Singapore,2007,188927,188927.0,8105,Cobalt,Other
"8108 Titanium & Articles Thereof, Includ Waste & Scrap",Japan,2022,269629361,269629361.0,8108,Titanium,Refined/Articles
"8108 Titanium & Articles Thereof, Includ Waste & Scrap",Vietnam,2014,84897,84897.0,8108,Titanium,Refined/Articles
"8108 Titanium & Articles Thereof, Includ Waste & Scrap","Korea, South",2021,10822520,10822520.0,8108,Titanium,Refined/Articles
"8108 Titanium & Articles Thereof, Includ Waste & Scrap",Singapore,2018,6276590,6276590.0,8108,Titanium,Refined/Articles
"8108 Titanium & Articles Thereof, Includ Waste & Scrap",Japan,2020,178228973,178300401.0,8108,Titanium,Refined/Articles
"8108 Titanium & Articles Thereof, Includ Waste & Scrap",Vietnam,2017,49633,49633.0,8108,Titanium,Refined/Articles
"8108 Titanium & Articles Thereof, Includ Waste & Scrap","Korea, South",2019,14762482,14762482.0,8108,Titanium,Refined/Articles
"8108 Titanium & Articles Thereof, Includ Waste & Scrap",Thailand,2025,48279,30926.0,8108,Titanium,Refined/Articles
"8108 Titanium & Articles Thereof, Includ Waste & Scrap",Taiwan,2020,4314134,4912683.0,8108,Titanium,Refined/Articles
"8108 Titanium & Articles Thereof, Includ Waste & Scrap",Vietnam,2023,17884,17884.0,8108,Titanium,Refined/Articles
"8108 Titanium & Articles Thereof, Includ Waste & Scrap",Taiwan,2024,6976636,7302416.0,8108,Titanium,Refined/Articles
"8108 Titanium & Articles Thereof, Includ Waste & Scrap",Hong Kong,2018,74209,74209.0,8108,Titanium,Refined/Articles
"8108 Titanium & Articles Thereof, Includ Waste & Scrap",Malaysia,2023,703171,703171.0,8108,Titanium,Refined/Articles
"8108 Titanium & Articles Thereof, Includ Waste & Scrap",Singapore,2023,11276505,11276505.0,8108,Titanium,Refined/Articles
"8108 Titanium & Articles Thereof, Includ Waste & Scrap",Thailand,2012,190431,190431.0,8108,Titanium,Refined/Articles
"8108 Titanium & Articles Thereof, Includ Waste & Scrap",Thailand,2024,48811,39375.0,8108,Titanium,Refined/Articles
"8108 Titanium & Articles Thereof, Includ Waste & Scrap",Malaysia,2008,12939,12939.0,8108,Titanium,Refined/Articles
"8108 Titanium & Articles Thereof, Includ Waste & Scrap",Taiwan,2018,3207608,3775876.0,8108,Titanium,Refined/Articles
"8108 Titanium & Articles Thereof, Includ Waste & Scrap",Hong Kong,2014,54245,54245.0,8108,Titanium,Refined/Articles
"8108 Titanium & Articles Thereof, Includ Waste & Scrap",Hong Kong,2024,632923,632923.0,8108,Titanium,Refined/Articles
"8108 Titanium & Articles Thereof, Includ Waste & Scrap",Singapore,2013,3863213,3863213.0,8108,Titanium,Refined/Articles
"8108 Titanium & Articles Thereof, Includ Waste & Scrap",Thailand,2018,307256,307256.0,8108,Titanium,Refined/Articles
"8108 Titanium & Articles Thereof, Includ Waste & Scrap",Malaysia,2011,173010,173010.0,8108,Titanium,Refined/Articles
"8108 Titanium & Articles Thereof, Includ Waste & Scrap",Vietnam,2025,108203,108203.0,8108,Titanium,Refined/Articles
"8108 Titanium & Articles Thereof, Includ Waste & Scrap",Thailand,2016,272824,272824.0,8108,Titanium,Refined/Articles
"8108 Titanium & Articles Thereof, Includ Waste & Scrap",Indonesia,2019,35131,35131.0,8108,Titanium,Refined/Articles
"8108 Titanium & Articles Thereof, Includ Waste & Scrap",Japan,2002,57460232,57460232.0,8108,Titanium,Refined/Articles
"8108 Titanium & Articles Thereof, Includ Waste & Scrap","Korea, South",2016,12997675,12997675.0,8108,Titanium,Refined/Articles
"8108 Titanium & Articles Thereof, Includ Waste & Scrap",Philippines,2008,5345,5345.0,8108,Titanium,Refined/Articles
"8108 Titanium & Articles Thereof, Includ Waste & Scrap",Indonesia,2012,321240,321240.0,8108,Titanium,Refined/Articles
"8108 Titanium & Articles Thereof, Includ Waste & Scrap",Japan,2023,376547439,376547439.0,8108,Titanium,Refined/Articles
"8108 Titanium & Articles Thereof, Includ Waste & Scrap",Singapore,2021,3361050,3361050.0,8108,Titanium,Refined/Articles
"8108 Titanium & Articles Thereof, Includ Waste & Scrap","Korea, South",2020,13696852,13696852.0,8108,Titanium,Refined/Articles
"8108 Titanium & Articles Thereof, Includ Waste & Scrap",Singapore,2011,2314173,2314173.0,8108,Titanium,Refined/Articles
"8108 Titanium & Articles Thereof, Includ Waste & Scrap",Singapore,2020,6380563,6380563.0,8108,Titanium,Refined/Articles
"8108 Titanium & Articles Thereof, Includ Waste & Scrap",Hong Kong,2016,72707,72707.0,8108,Titanium,Refined/Articles
"8108 Titanium & Articles Thereof, Includ Waste & Scrap",Japan,2006,156719059,156645022.0,8108,Titanium,Refined/Articles
"8108 Titanium & Articles Thereof, Includ Waste & Scrap",Malaysia,2018,145019,145019.0,8108,Titanium,Refined/Articles
"8108 Titanium & Articles Thereof, Includ Waste & Scrap",Japan,2014,188840033,188840033.0,8108,Titanium,Refined/Articles
"8108 Titanium & Articles Thereof, Includ Waste & Scrap",Japan,2025,188757537,188757537.0,8108,Titanium,Refined/Articles
"8108 Titanium & Articles Thereof, Includ Waste & Scrap",Hong Kong,2021,195578,195578.0,8108,Titanium,Refined/Articles
"8108 Titanium & Articles Thereof, Includ Waste & Scrap",Taiwan,2022,5502517,5792683.0,8108,Titanium,Refined/Articles
"8108 Titanium & Articles Thereof, Includ Waste & Scrap",Hong Kong,2015,218874,218874.0,8108,Titanium,Refined/Articles
"8108 Titanium & Articles Thereof, Includ Waste & Scrap",Malaysia,2013,244718,244718.0,8108,Titanium,Refined/Articles
"8108 Titanium & Articles Thereof, Includ Waste & Scrap",Thailand,2014,178338,178338.0,8108,Titanium,Refined/Articles
"8108 Titanium & Articles Thereof, Includ Waste & Scrap",Hong Kong,2020,179753,179753.0,8108,Titanium,Refined/Articles
"8108 Titanium & Articles Thereof, Includ Waste & Scrap",Thailand,2019,272943,272943.0,8108,Titanium,Refined/Articles
"8108 Titanium & Articles Thereof, Includ Waste & Scrap",Taiwan,2017,4586069,4760953.0,8108,Titanium,Refined/Articles
"8108 Titanium & Articles Thereof, Includ Waste & Scrap",Thailand,2015,237714,237714.0,8108,Titanium,Refined/Articles
"8108 Titanium & Articles Thereof, Includ Waste & Scrap","Korea, South",2024,43434357,43434357.0,8108,Titanium,Refined/Articles
"8108 Titanium & Articles Thereof, Includ Waste & Scrap",Japan,2017,214191684,214191684.0,8108,Titanium,Refined/Articles
"8108 Titanium & Articles Thereof, Includ Waste & Scrap",Indonesia,2016,47420,47420.0,8108,Titanium,Refined/Articles
"8108 Titanium & Articles Thereof, Includ Waste & Scrap",Malaysia,2015,239038,239038.0,8108,Titanium,Refined/Articles
"8108 Titanium & Articles Thereof, Includ Waste & Scrap",Japan,2016,177647145,177647145.0,8108,Titanium,Refined/Articles
"8108 Titanium & Articles Thereof, Includ Waste & Scrap",Hong Kong,2013,141372,141372.0,8108,Titanium,Refined/Articles
"8108 Titanium & Articles Thereof, Includ Waste & Scrap",Indonesia,2022,8693,8693.0,8108,Titanium,Refined/Articles
"8108 Titanium & Articles Thereof, Includ Waste & Scrap",Malaysia,2012,247836,247836.0,8108,Titanium,Refined/Articles
"8108 Titanium & Articles Thereof, Includ Waste & Scrap",Malaysia,2022,231267,231267.0,8108,Titanium,Refined/Articles
"8108 Titanium & Articles Thereof, Includ Waste & Scrap",Hong Kong,2023,846442,846442.0,8108,Titanium,Refined/Articles
"8108 Titanium & Articles Thereof, Includ Waste & Scrap","Korea, South",2011,9750809,9750809.0,8108,Titanium,Refined/Articles
"8108 Titanium & Articles Thereof, Includ Waste & Scrap",Singapore,2024,11342289,11342289.0,8108,Titanium,Refined/Articles
"8108 Titanium & Articles Thereof, Includ Waste & Scrap",Taiwan,2015,7553091,7308068.0,8108,Titanium,Refined/Articles
"8108 Titanium & Articles Thereof, Includ Waste & Scrap",Malaysia,2020,109362,109362.0,8108,Titanium,Refined/Articles
"8108 Titanium & Articles Thereof, Includ Waste & Scrap",Malaysia,2021,83736,83736.0,8108,Titanium,Refined/Articles
"8108 Titanium & Articles Thereof, Includ Waste & Scrap",Japan,2013,194002817,194002817.0,8108,Titanium,Refined/Articles
"8108 Titanium & Articles Thereof, Includ Waste & Scrap",Singapore,2014,8702406,8702406.0,8108,Titanium,Refined/Articles
"8108 Titanium & Articles Thereof, Includ Waste & Scrap",Thailand,2020,302482,302482.0,8108,Titanium,Refined/Articles
"8108 Titanium & Articles Thereof, Includ Waste & Scrap",Vietnam,2024,64533,64533.0,8108,Titanium,Refined/Articles
"8108 Titanium & Articles Thereof, Includ Waste & Scrap",Hong Kong,2012,9491,9491.0,8108,Titanium,Refined/Articles
"8108 Titanium & Articles Thereof, Includ Waste & Scrap",Hong Kong,2019,157361,157361.0,8108,Titanium,Refined/Articles
"8108 Titanium & Articles Thereof, Includ Waste & Scrap",Japan,2015,203175929,203155043.0,8108,Titanium,Refined/Articles
"8108 Titanium & Articles Thereof, Includ Waste & Scrap",Philippines,2024,53980,53980.0,8108,Titanium,Refined/Articles
"8108 Titanium & Articles Thereof, Includ Waste & Scrap",Philippines,2021,17856,17856.0,8108,Titanium,Refined/Articles
"8108 Titanium & Articles Thereof, Includ Waste & Scrap",Taiwan,2012,8621721,8625163.0,8108,Titanium,Refined/Articles
"8108 Titanium & Articles Thereof, Includ Waste & Scrap",Thailand,2017,336441,336441.0,8108,Titanium,Refined/Articles
"8108 Titanium & Articles Thereof, Includ Waste & Scrap",Hong Kong,2011,44295,44295.0,8108,Titanium,Refined/Articles
"8108 Titanium & Articles Thereof, Includ Waste & Scrap",Japan,2021,148571413,148571413.0,8108,Titanium,Refined/Articles
"8108 Titanium & Articles Thereof, Includ Waste & Scrap",Indonesia,2011,411227,411227.0,8108,Titanium,Refined/Articles
"8108 Titanium & Articles Thereof, Includ Waste & Scrap",Singapore,2017,7327440,7327440.0,8108,Titanium,Refined/Articles
"8108 Titanium & Articles Thereof, Includ Waste & Scrap",Taiwan,2021,3831592,4227165.0,8108,Titanium,Refined/Articles
"8108 Titanium & Articles Thereof, Includ Waste & Scrap",Taiwan,2023,12042209,12141796.0,8108,Titanium,Refined/Articles
"8108 Titanium & Articles Thereof, Includ Waste & Scrap",Malaysia,2017,60976,60976.0,8108,Titanium,Refined/Articles
"8108 Titanium & Articles Thereof, Includ Waste & Scrap",Japan,2024,369983837,369983837.0,8108,Titanium,Refined/Articles
"8108 Titanium & Articles Thereof, Includ Waste & Scrap",Vietnam,2011,7257,7257.0,8108,Titanium,Refined/Articles
"8108 Titanium & Articles Thereof, Includ Waste & Scrap",Vietnam,2016,3058,3058.0,8108,Titanium,Refined/Articles
"8108 Titanium & Articles Thereof, Includ Waste & Scrap",Singapore,2022,5853952,5853952.0,8108,Titanium,Refined/Articles
"8108 Titanium & Articles Thereof, Includ Waste & Scrap",Taiwan,2014,6362028,6367510.0,8108,Titanium,Refined/Articles
"8108 Titanium & Articles Thereof, Includ Waste & Scrap",Malaysia,2016,54801,54801.0,8108,Titanium,Refined/Articles
"8108 Titanium & Articles Thereof, Includ Waste & Scrap",Singapore,2015,9242589,9242589.0,8108,Titanium,Refined/Articles
"8108 Titanium & Articles Thereof, Includ Waste & Scrap",Philippines,2017,63934,63934.0,8108,Titanium,Refined/Articles
"8108 Titanium & Articles Thereof, Includ Waste & Scrap",Japan,2011,221694341,221542237.0,8108,Titanium,Refined/Articles
"8108 Titanium & Articles Thereof, Includ Waste & Scrap",Singapore,2025,13735220,13735220.0,8108,Titanium,Refined/Articles
"8108 Titanium & Articles Thereof, Includ Waste & Scrap","Korea, South",2014,11343950,11343950.0,8108,Titanium,Refined/Articles
"8108 Titanium & Articles Thereof, Includ Waste & Scrap",Philippines,2016,69268,69268.0,8108,Titanium,Refined/Articles
"8108 Titanium & Articles Thereof, Includ Waste & Scrap",Thailand,2022,420847,420847.0,8108,Titanium,Refined/Articles
"8108 Titanium & Articles Thereof, Includ Waste & Scrap",Hong Kong,2007,64387,64387.0,8108,Titanium,Refined/Articles
"8108 Titanium & Articles Thereof, Includ Waste & Scrap",Malaysia,2009,3087,3087.0,8108,Titanium,Refined/Articles
"8108 Titanium & Articles Thereof, Includ Waste & Scrap",Thailand,2004,168493,168493.0,8108,Titanium,Refined/Articles
"8108 Titanium & Articles Thereof, Includ Waste & Scrap",Japan,2019,279098052,277283077.0,8108,Titanium,Refined/Articles
"8108 Titanium & Articles Thereof, Includ Waste & Scrap",Taiwan,2011,14869115,14849669.0,8108,Titanium,Refined/Articles
"8108 Titanium & Articles Thereof, Includ Waste & Scrap",Thailand,2009,527447,527447.0,8108,Titanium,Refined/Articles
"8108 Titanium & Articles Thereof, Includ Waste & Scrap",Singapore,2012,4582650,4582650.0,8108,Titanium,Refined/Articles
"8108 Titanium & Articles Thereof, Includ Waste & Scrap","Korea, South",2017,10145953,10145953.0,8108,Titanium,Refined/Articles
"8108 Titanium & Articles Thereof, Includ Waste & Scrap",Hong Kong,2006,313503,313503.0,8108,Titanium,Refined/Articles
"8108 Titanium & Articles Thereof, Includ Waste & Scrap","Korea, South",2015,16907759,16907759.0,8108,Titanium,Refined/Articles
"8108 Titanium & Articles Thereof, Includ Waste & Scrap",Singapore,2009,391748,391748.0,8108,Titanium,Refined/Articles
"8108 Titanium & Articles Thereof, Includ Waste & Scrap",Indonesia,2008,46152,46152.0,8108,Titanium,Refined/Articles
"8108 Titanium & Articles Thereof, Includ Waste & Scrap",Taiwan,2004,5053946,5053946.0,8108,Titanium,Refined/Articles
"8108 Titanium & Articles Thereof, Includ Waste & Scrap","Korea, South",2013,4261986,4261986.0,8108,Titanium,Refined/Articles
"8108 Titanium & Articles Thereof, Includ Waste & Scrap",Philippines,2014,37376,37376.0,8108,Titanium,Refined/Articles
"8108 Titanium & Articles Thereof, Includ Waste & Scrap",Hong Kong,2009,81663,81663.0,8108,Titanium,Refined/Articles
"8108 Titanium & Articles Thereof, Includ Waste & Scrap",Philippines,2019,89125,89125.0,8108,Titanium,Refined/Articles
"8108 Titanium & Articles Thereof, Includ Waste & Scrap",Vietnam,2021,11120,11120.0,8108,Titanium,Refined/Articles
"8108 Titanium & Articles Thereof, Includ Waste & Scrap",Malaysia,2025,430531,430531.0,8108,Titanium,Refined/Articles
"8108 Titanium & Articles Thereof, Includ Waste & Scrap",Japan,2005,117627026,117610589.0,8108,Titanium,Refined/Articles
"8108 Titanium & Articles Thereof, Includ Waste & Scrap",Singapore,2010,1093167,1093167.0,8108,Titanium,Refined/Articles
"8108 Titanium & Articles Thereof, Includ Waste & Scrap",Vietnam,2015,2133,2133.0,8108,Titanium,Refined/Articles
"8108 Titanium & Articles Thereof, Includ Waste & Scrap",Japan,2003,49190924,49190924.0,8108,Titanium,Refined/Articles
"8108 Titanium & Articles Thereof, Includ Waste & Scrap",Japan,2018,241810300,241810300.0,8108,Titanium,Refined/Articles
"8108 Titanium & Articles Thereof, Includ Waste & Scrap",Cambodia,2016,4130,4130.0,8108,Titanium,Refined/Articles
"8108 Titanium & Articles Thereof, Includ Waste & Scrap",Thailand,2007,219651,219651.0,8108,Titanium,Refined/Articles
"8108 Titanium & Articles Thereof, Includ Waste & Scrap",Taiwan,2008,11225686,11225686.0,8108,Titanium,Refined/Articles
"8108 Titanium & Articles Thereof, Includ Waste & Scrap","Korea, South",2022,20321576,20321576.0,8108,Titanium,Refined/Articles
"8108 Titanium & Articles Thereof, Includ Waste & Scrap",Hong Kong,2002,17640,17640.0,8108,Titanium,Refined/Articles
"8108 Titanium & Articles Thereof, Includ Waste & Scrap",Taiwan,2010,8725079,8725079.0,8108,Titanium,Refined/Articles
"8108 Titanium & Articles Thereof, Includ Waste & Scrap",Hong Kong,2008,120985,120985.0,8108,Titanium,Refined/Articles
"8108 Titanium & Articles Thereof, Includ Waste & Scrap",Indonesia,2004,91348,91348.0,8108,Titanium,Refined/Articles
"8108 Titanium & Articles Thereof, Includ Waste & Scrap","Korea, South",2004,459723,459723.0,8108,Titanium,Refined/Articles
"8108 Titanium & Articles Thereof, Includ Waste & Scrap",Philippines,2015,66397,66397.0,8108,Titanium,Refined/Articles
"8108 Titanium & Articles Thereof, Includ Waste & Scrap",Japan,2010,135211209,134867403.0,8108,Titanium,Refined/Articles
"8108 Titanium & Articles Thereof, Includ Waste & Scrap",Philippines,2018,77030,77030.0,8108,Titanium,Refined/Articles
"8108 Titanium & Articles Thereof, Includ Waste & Scrap",Indonesia,2006,576368,576368.0,8108,Titanium,Refined/Articles
"8108 Titanium & Articles Thereof, Includ Waste & Scrap",Taiwan,2001,1265932,,8108,Titanium,Refined/Articles
"8108 Titanium & Articles Thereof, Includ Waste & Scrap",Hong Kong,2010,7307,7307.0,8108,Titanium,Refined/Articles
"8108 Titanium & Articles Thereof, Includ Waste & Scrap",Malaysia,2010,20076,20076.0,8108,Titanium,Refined/Articles
"8108 Titanium & Articles Thereof, Includ Waste & Scrap",Japan,2001,68254608,,8108,Titanium,Refined/Articles
"8108 Titanium & Articles Thereof, Includ Waste & Scrap",Indonesia,2010,186785,186785.0,8108,Titanium,Refined/Articles
"8108 Titanium & Articles Thereof, Includ Waste & Scrap",Thailand,2002,41055,41055.0,8108,Titanium,Refined/Articles
"8108 Titanium & Articles Thereof, Includ Waste & Scrap",Taiwan,2007,20869286,20869286.0,8108,Titanium,Refined/Articles
"8108 Titanium & Articles Thereof, Includ Waste & Scrap",Malaysia,2007,68075,68075.0,8108,Titanium,Refined/Articles
"8108 Titanium & Articles Thereof, Includ Waste & Scrap",Indonesia,2024,1136686,1136686.0,8108,Titanium,Refined/Articles
"8108 Titanium & Articles Thereof, Includ Waste & Scrap",Hong Kong,2003,279872,279872.0,8108,Titanium,Refined/Articles
"8108 Titanium & Articles Thereof, Includ Waste & Scrap",Singapore,2005,1119318,1119318.0,8108,Titanium,Refined/Articles
"8108 Titanium & Articles Thereof, Includ Waste & Scrap",Thailand,2010,107017,107017.0,8108,Titanium,Refined/Articles
"8108 Titanium & Articles Thereof, Includ Waste & Scrap",Singapore,2007,3556303,3556303.0,8108,Titanium,Refined/Articles
"8108 Titanium & Articles Thereof, Includ Waste & Scrap","Korea, South",2007,2539448,2539448.0,8108,Titanium,Refined/Articles
"8108 Titanium & Articles Thereof, Includ Waste & Scrap",Thailand,2005,265177,265177.0,8108,Titanium,Refined/Articles
"8108 Titanium & Articles Thereof, Includ Waste & Scrap",Philippines,2004,31833,31833.0,8108,Titanium,Refined/Articles
"8108 Titanium & Articles Thereof, Includ Waste & Scrap","Korea, South",2002,325236,325236.0,8108,Titanium,Refined/Articles
"8108 Titanium & Articles Thereof, Includ Waste & Scrap",Thailand,2008,204091,204091.0,8108,Titanium,Refined/Articles
"8108 Titanium & Articles Thereof, Includ Waste & Scrap",Taiwan,2003,1260574,1260574.0,8108,Titanium,Refined/Articles
"8108 Titanium & Articles Thereof, Includ Waste & Scrap",Japan,2009,100894159,100898740.0,8108,Titanium,Refined/Articles
"8108 Titanium & Articles Thereof, Includ Waste & Scrap",Singapore,2001,33710,,8108,Titanium,Refined/Articles
"8108 Titanium & Articles Thereof, Includ Waste & Scrap",Philippines,2013,66260,66260.0,8108,Titanium,Refined/Articles
"8108 Titanium & Articles Thereof, Includ Waste & Scrap",Japan,2012,275832135,275895903.0,8108,Titanium,Refined/Articles
"8108 Titanium & Articles Thereof, Includ Waste & Scrap",Singapore,2003,19302,19302.0,8108,Titanium,Refined/Articles
"8108 Titanium & Articles Thereof, Includ Waste & Scrap",Thailand,2011,220573,220573.0,8108,Titanium,Refined/Articles
"8108 Titanium & Articles Thereof, Includ Waste & Scrap","Korea, South",2009,737171,737171.0,8108,Titanium,Refined/Articles
"8108 Titanium & Articles Thereof, Includ Waste & Scrap",Hong Kong,2004,1449235,1449235.0,8108,Titanium,Refined/Articles
"8108 Titanium & Articles Thereof, Includ Waste & Scrap",Malaysia,2014,218220,218220.0,8108,Titanium,Refined/Articles
"8108 Titanium & Articles Thereof, Includ Waste & Scrap",Hong Kong,2022,619270,619270.0,8108,Titanium,Refined/Articles
"8108 Titanium & Articles Thereof, Includ Waste & Scrap",Thailand,2006,238660,238660.0,8108,Titanium,Refined/Articles
"8108 Titanium & Articles Thereof, Includ Waste & Scrap",Malaysia,2019,263986,263986.0,8108,Titanium,Refined/Articles
"8108 Titanium & Articles Thereof, Includ Waste & Scrap",Indonesia,2005,570834,570834.0,8108,Titanium,Refined/Articles
"8108 Titanium & Articles Thereof, Includ Waste & Scrap",Indonesia,2018,18902,18902.0,8108,Titanium,Refined/Articles
"8108 Titanium & Articles Thereof, Includ Waste & Scrap",Taiwan,2005,13828897,13828897.0,8108,Titanium,Refined/Articles
"8108 Titanium & Articles Thereof, Includ Waste & Scrap",Taiwan,2002,855722,855722.0,8108,Titanium,Refined/Articles
"8108 Titanium & Articles Thereof, Includ Waste & Scrap","Korea, South",2005,3525165,3525165.0,8108,Titanium,Refined/Articles
"8108 Titanium & Articles Thereof, Includ Waste & Scrap",Taiwan,2006,21305718,21305718.0,8108,Titanium,Refined/Articles
"8108 Titanium & Articles Thereof, Includ Waste & Scrap",Singapore,2019,6946301,6946301.0,8108,Titanium,Refined/Articles
"8108 Titanium & Articles Thereof, Includ Waste & Scrap",Taiwan,2016,4066094,3705948.0,8108,Titanium,Refined/Articles
"8108 Titanium & Articles Thereof, Includ Waste & Scrap","Korea, South",2006,4787252,4787252.0,8108,Titanium,Refined/Articles
"8108 Titanium & Articles Thereof, Includ Waste & Scrap",Singapore,2008,914773,914773.0,8108,Titanium,Refined/Articles
"8108 Titanium & Articles Thereof, Includ Waste & Scrap",Japan,2007,161313566,161350585.0,8108,Titanium,Refined/Articles
"8108 Titanium & Articles Thereof, Includ Waste & Scrap",Singapore,2004,43841,43841.0,8108,Titanium,Refined/Articles
"8108 Titanium & Articles Thereof, Includ Waste & Scrap","Korea, South",2008,2337946,2337946.0,8108,Titanium,Refined/Articles
"8108 Titanium & Articles Thereof, Includ Waste & Scrap",Taiwan,2009,5805007,5805007.0,8108,Titanium,Refined/Articles
"8108 Titanium & Articles Thereof, Includ Waste & Scrap","Korea, South",2025,19356919,19356919.0,8108,Titanium,Refined/Articles
"8108 Titanium & Articles Thereof, Includ Waste & Scrap",Thailand,2001,23408,,8108,Titanium,Refined/Articles
"8108 Titanium & Articles Thereof, Includ Waste & Scrap",Philippines,2020,40602,40602.0,8108,Titanium,Refined/Articles
"8108 Titanium & Articles Thereof, Includ Waste & Scrap","Korea, South",2018,12622091,12622091.0,8108,Titanium,Refined/Articles
"8108 Titanium & Articles Thereof, Includ Waste & Scrap","Korea, South",2023,23778793,23778793.0,8108,Titanium,Refined/Articles
"8108 Titanium & Articles Thereof, Includ Waste & Scrap","Korea, South",2010,2926003,2926003.0,8108,Titanium,Refined/Articles
"8108 Titanium & Articles Thereof, Includ Waste & Scrap",Thailand,2023,139639,139639.0,8108,Titanium,Refined/Articles
"8108 Titanium & Articles Thereof, Includ Waste & Scrap",Vietnam,2019,43696,43696.0,8108,Titanium,Refined/Articles
"8108 Titanium & Articles Thereof, Includ Waste & Scrap",Philippines,2009,8500,8500.0,8108,Titanium,Refined/Articles
"8108 Titanium & Articles Thereof, Includ Waste & Scrap",Singapore,2002,113741,113741.0,8108,Titanium,Refined/Articles
"8108 Titanium & Articles Thereof, Includ Waste & Scrap",Singapore,2016,6807722,6807722.0,8108,Titanium,Refined/Articles
"8108 Titanium & Articles Thereof, Includ Waste & Scrap",Japan,2008,156849678,156849678.0,8108,Titanium,Refined/Articles
"8108 Titanium & Articles Thereof, Includ Waste & Scrap",Malaysia,2024,946816,946816.0,8108,Titanium,Refined/Articles
"8108 Titanium & Articles Thereof, Includ Waste & Scrap","Korea, South",2001,533292,,8108,Titanium,Refined/Articles
"8108 Titanium & Articles Thereof, Includ Waste & Scrap",Taiwan,2025,3094247,3224461.0,8108,Titanium,Refined/Articles
"8108 Titanium & Articles Thereof, Includ Waste & Scrap",Singapore,2006,3247772,3247772.0,8108,Titanium,Refined/Articles
"8108 Titanium & Articles Thereof, Includ Waste & Scrap",Hong Kong,2017,14916,14916.0,8108,Titanium,Refined/Articles
"8108 Titanium & Articles Thereof, Includ Waste & Scrap",Japan,2004,62949471,62949471.0,8108,Titanium,Refined/Articles
"8108 Titanium & Articles Thereof, Includ Waste & Scrap",Taiwan,2013,7930823,7913649.0,8108,Titanium,Refined/Articles
"8108 Titanium & Articles Thereof, Includ Waste & Scrap","Korea, South",2012,8293309,8293309.0,8108,Titanium,Refined/Articles
"8108 Titanium & Articles Thereof, Includ Waste & Scrap",Hong Kong,2005,3654,3654.0,8108,Titanium,Refined/Articles
"8108 Titanium & Articles Thereof, Includ Waste & Scrap",Thailand,2003,221066,221066.0,8108,Titanium,Refined/Articles
"8108 Titanium & Articles Thereof, Includ Waste & Scrap",Taiwan,2019,4634778,5097061.0,8108,Titanium,Refined/Articles
"8108 Titanium & Articles Thereof, Includ Waste & Scrap","Korea, South",2003,111560,111560.0,8108,Titanium,Refined/Articles
"8108 Titanium & Articles Thereof, Includ Waste & Scrap",Philippines,2006,10979,10979.0,8108,Titanium,Refined/Articles
"8108 Titanium & Articles Thereof, Includ Waste & Scrap",Thailand,2013,147317,147317.0,8108,Titanium,Refined/Articles
"8108 Titanium & Articles Thereof, Includ Waste & Scrap",Thailand,2021,400473,400473.0,8108,Titanium,Refined/Articles
"8108 Titanium & Articles Thereof, Includ Waste & Scrap",Philippines,2011,132126,132126.0,8108,Titanium,Refined/Articles
"8108 Titanium & Articles Thereof, Includ Waste & Scrap",Hong Kong,2025,202494,202494.0,8108,Titanium,Refined/Articles
8110 Antimony And Artcls Throf Incl Waste And Scrap,Vietnam,2018,5306194,5306194.0,8110,Antimony,Other
8110 Antimony And Artcls Throf Incl Waste And Scrap,Japan,2018,1899838,1899838.0,8110,Antimony,Other
8110 Antimony And Artcls Throf Incl Waste And Scrap,Thailand,2019,1970934,1970934.0,8110,Antimony,Other
8110 Antimony And Artcls Throf Incl Waste And Scrap,Japan,2013,338971,338971.0,8110,Antimony,Other
8110 Antimony And Artcls Throf Incl Waste And Scrap,Vietnam,2023,9468406,9468406.0,8110,Antimony,Other
8110 Antimony And Artcls Throf Incl Waste And Scrap,Japan,2002,138667,138667.0,8110,Antimony,Other
8110 Antimony And Artcls Throf Incl Waste And Scrap,Japan,2024,879051,879051.0,8110,Antimony,Other
8110 Antimony And Artcls Throf Incl Waste And Scrap,Taiwan,2005,72950,72950.0,8110,Antimony,Other
8110 Antimony And Artcls Throf Incl Waste And Scrap,Japan,2009,153074,153074.0,8110,Antimony,Other
8110 Antimony And Artcls Throf Incl Waste And Scrap,"Korea, South",2017,1840706,1840706.0,8110,Antimony,Other
8110 Antimony And Artcls Throf Incl Waste And Scrap,Japan,2019,1344618,1344618.0,8110,Antimony,Other
8110 Antimony And Artcls Throf Incl Waste And Scrap,Thailand,2023,14333548,14333548.0,8110,Antimony,Other
8110 Antimony And Artcls Throf Incl Waste And Scrap,Vietnam,2010,632961,632961.0,8110,Antimony,Other
8110 Antimony And Artcls Throf Incl Waste And Scrap,Singapore,2018,203590,203590.0,8110,Antimony,Other
8110 Antimony And Artcls Throf Incl Waste And Scrap,Thailand,2015,623613,623613.0,8110,Antimony,Other
8110 Antimony And Artcls Throf Incl Waste And Scrap,Thailand,2018,3171774,3171774.0,8110,Antimony,Other
8110 Antimony And Artcls Throf Incl Waste And Scrap,Vietnam,2017,4630076,4630076.0,8110,Antimony,Other
8110 Antimony And Artcls Throf Incl Waste And Scrap,Singapore,2019,190247,190247.0,8110,Antimony,Other
8110 Antimony And Artcls Throf Incl Waste And Scrap,Philippines,2025,1534597,1534597.0,8110,Antimony,Other
8110 Antimony And Artcls Throf Incl Waste And Scrap,Thailand,2024,29835106,29835106.0,8110,Antimony,Other
8110 Antimony And Artcls Throf Incl Waste And Scrap,Burma,2020,9565020,9299049.0,8110,Antimony,Other
8110 Antimony And Artcls Throf Incl Waste And Scrap,Japan,2007,36033,36033.0,8110,Antimony,Other
8110 Antimony And Artcls Throf Incl Waste And Scrap,Vietnam,2005,569000,569000.0,8110,Antimony,Other
8110 Antimony And Artcls Throf Incl Waste And Scrap,Japan,2020,1277447,1277447.0,8110,Antimony,Other
8110 Antimony And Artcls Throf Incl Waste And Scrap,Thailand,2003,29393,29393.0,8110,Antimony,Other
8110 Antimony And Artcls Throf Incl Waste And Scrap,Taiwan,2002,47600,47600.0,8110,Antimony,Other
8110 Antimony And Artcls Throf Incl Waste And Scrap,"Korea, South",2014,312001,312001.0,8110,Antimony,Other
8110 Antimony And Artcls Throf Incl Waste And Scrap,Hong Kong,2016,96087,96087.0,8110,Antimony,Other
8110 Antimony And Artcls Throf Incl Waste And Scrap,Vietnam,2016,3246581,3246581.0,8110,Antimony,Other
8110 Antimony And Artcls Throf Incl Waste And Scrap,Vietnam,2014,1371531,1371531.0,8110,Antimony,Other
8110 Antimony And Artcls Throf Incl Waste And Scrap,Japan,2004,60166,60166.0,8110,Antimony,Other
8110 Antimony And Artcls Throf Incl Waste And Scrap,Burma,2021,2826505,3092476.0,8110,Antimony,Other
8110 Antimony And Artcls Throf Incl Waste And Scrap,Japan,2003,91902,91902.0,8110,Antimony,Other
8110 Antimony And Artcls Throf Incl Waste And Scrap,Japan,2012,317533,317533.0,8110,Antimony,Other
8110 Antimony And Artcls Throf Incl Waste And Scrap,Hong Kong,2007,1077671,1190271.0,8110,Antimony,Other
8110 Antimony And Artcls Throf Incl Waste And Scrap,"Korea, South",2022,16551,16551.0,8110,Antimony,Other
8110 Antimony And Artcls Throf Incl Waste And Scrap,Japan,2006,54127,54127.0,8110,Antimony,Other
8110 Antimony And Artcls Throf Incl Waste And Scrap,Hong Kong,2003,49800,49800.0,8110,Antimony,Other
8110 Antimony And Artcls Throf Incl Waste And Scrap,Hong Kong,2002,164200,164200.0,8110,Antimony,Other
8110 Antimony And Artcls Throf Incl Waste And Scrap,Burma,2024,2188116,2188116.0,8110,Antimony,Other
8110 Antimony And Artcls Throf Incl Waste And Scrap,Hong Kong,2006,77900,77900.0,8110,Antimony,Other
8110 Antimony And Artcls Throf Incl Waste And Scrap,Japan,2005,98669,98669.0,8110,Antimony,Other
8110 Antimony And Artcls Throf Incl Waste And Scrap,Vietnam,2002,46225,46225.0,8110,Antimony,Other
8110 Antimony And Artcls Throf Incl Waste And Scrap,Vietnam,2015,1582754,1582754.0,8110,Antimony,Other
8110 Antimony And Artcls Throf Incl Waste And Scrap,"Korea, South",2024,480329,480329.0,8110,Antimony,Other
8110 Antimony And Artcls Throf Incl Waste And Scrap,Hong Kong,2014,589014,589014.0,8110,Antimony,Other
8110 Antimony And Artcls Throf Incl Waste And Scrap,Vietnam,2025,9318779,9318779.0,8110,Antimony,Other
8110 Antimony And Artcls Throf Incl Waste And Scrap,"Korea, South",2020,14688,14688.0,8110,Antimony,Other
8110 Antimony And Artcls Throf Incl Waste And Scrap,Burma,2023,4220972,4220972.0,8110,Antimony,Other
8110 Antimony And Artcls Throf Incl Waste And Scrap,Japan,2001,486228,,8110,Antimony,Other
8110 Antimony And Artcls Throf Incl Waste And Scrap,Hong Kong,2020,537153,675297.0,8110,Antimony,Other
8110 Antimony And Artcls Throf Incl Waste And Scrap,Vietnam,2022,9685574,9685574.0,8110,Antimony,Other
8110 Antimony And Artcls Throf Incl Waste And Scrap,Thailand,2022,10097663,10097663.0,8110,Antimony,Other
8110 Antimony And Artcls Throf Incl Waste And Scrap,Hong Kong,2001,2385968,,8110,Antimony,Other
8110 Antimony And Artcls Throf Incl Waste And Scrap,Japan,2023,438836,438836.0,8110,Antimony,Other
8110 Antimony And Artcls Throf Incl Waste And Scrap,Vietnam,2019,8144951,8144951.0,8110,Antimony,Other
8110 Antimony And Artcls Throf Incl Waste And Scrap,Japan,2017,1523395,1523395.0,8110,Antimony,Other
8110 Antimony And Artcls Throf Incl Waste And Scrap,"Korea, South",2016,876016,876016.0,8110,Antimony,Other
8110 Antimony And Artcls Throf Incl Waste And Scrap,"Korea, South",2019,14535,14535.0,8110,Antimony,Other
8110 Antimony And Artcls Throf Incl Waste And Scrap,Indonesia,2021,233856,233856.0,8110,Antimony,Other
8110 Antimony And Artcls Throf Incl Waste And Scrap,Taiwan,2024,2111,2111.0,8110,Antimony,Other
8110 Antimony And Artcls Throf Incl Waste And Scrap,Burma,2018,1046022,1046022.0,8110,Antimony,Other
8110 Antimony And Artcls Throf Incl Waste And Scrap,Japan,2016,1565921,1565921.0,8110,Antimony,Other
8110 Antimony And Artcls Throf Incl Waste And Scrap,Japan,2015,584236,584236.0,8110,Antimony,Other
8110 Antimony And Artcls Throf Incl Waste And Scrap,Indonesia,2024,777077,777077.0,8110,Antimony,Other
8110 Antimony And Artcls Throf Incl Waste And Scrap,Hong Kong,2013,4436513,4436513.0,8110,Antimony,Other
8110 Antimony And Artcls Throf Incl Waste And Scrap,Vietnam,2012,595762,595762.0,8110,Antimony,Other
8110 Antimony And Artcls Throf Incl Waste And Scrap,Hong Kong,2017,976665,307575.0,8110,Antimony,Other
8110 Antimony And Artcls Throf Incl Waste And Scrap,Vietnam,2008,126500,126500.0,8110,Antimony,Other
8110 Antimony And Artcls Throf Incl Waste And Scrap,Hong Kong,2008,2227168,2227168.0,8110,Antimony,Other
8110 Antimony And Artcls Throf Incl Waste And Scrap,Japan,2014,510313,510313.0,8110,Antimony,Other
8110 Antimony And Artcls Throf Incl Waste And Scrap,Japan,2025,286665,286665.0,8110,Antimony,Other
8110 Antimony And Artcls Throf Incl Waste And Scrap,Thailand,2020,222282,222282.0,8110,Antimony,Other
8110 Antimony And Artcls Throf Incl Waste And Scrap,Thailand,2021,9760666,9760666.0,8110,Antimony,Other
8110 Antimony And Artcls Throf Incl Waste And Scrap,Thailand,2017,502379,502379.0,8110,Antimony,Other
8110 Antimony And Artcls Throf Incl Waste And Scrap,Vietnam,2004,53000,53000.0,8110,Antimony,Other
8110 Antimony And Artcls Throf Incl Waste And Scrap,Vietnam,2021,8671246,8671246.0,8110,Antimony,Other
8110 Antimony And Artcls Throf Incl Waste And Scrap,Taiwan,2004,55844,55844.0,8110,Antimony,Other
8110 Antimony And Artcls Throf Incl Waste And Scrap,Burma,2022,1092331,1092331.0,8110,Antimony,Other
8110 Antimony And Artcls Throf Incl Waste And Scrap,"Korea, South",2013,668833,668833.0,8110,Antimony,Other
8110 Antimony And Artcls Throf Incl Waste And Scrap,Philippines,2023,435077,435077.0,8110,Antimony,Other
8110 Antimony And Artcls Throf Incl Waste And Scrap,Vietnam,2007,842369,842369.0,8110,Antimony,Other
8110 Antimony And Artcls Throf Incl Waste And Scrap,Philippines,2024,1950503,1950503.0,8110,Antimony,Other
8110 Antimony And Artcls Throf Incl Waste And Scrap,Vietnam,2020,2239375,2239375.0,8110,Antimony,Other
8110 Antimony And Artcls Throf Incl Waste And Scrap,Japan,2021,1450440,1450440.0,8110,Antimony,Other
8110 Antimony And Artcls Throf Incl Waste And Scrap,Hong Kong,2012,2292746,1680266.0,8110,Antimony,Other
8110 Antimony And Artcls Throf Incl Waste And Scrap,"Korea, South",2025,58361,58361.0,8110,Antimony,Other
8110 Antimony And Artcls Throf Incl Waste And Scrap,Vietnam,2006,287130,287130.0,8110,Antimony,Other
8110 Antimony And Artcls Throf Incl Waste And Scrap,Thailand,2016,274000,274000.0,8110,Antimony,Other
8110 Antimony And Artcls Throf Incl Waste And Scrap,Hong Kong,2005,445877,445877.0,8110,Antimony,Other
8110 Antimony And Artcls Throf Incl Waste And Scrap,Japan,2022,829207,829207.0,8110,Antimony,Other
8110 Antimony And Artcls Throf Incl Waste And Scrap,Vietnam,2024,14485867,14485867.0,8110,Antimony,Other
8110 Antimony And Artcls Throf Incl Waste And Scrap,Vietnam,2013,189138,189138.0,8110,Antimony,Other
8110 Antimony And Artcls Throf Incl Waste And Scrap,Hong Kong,2010,201688,201688.0,8110,Antimony,Other
8110 Antimony And Artcls Throf Incl Waste And Scrap,Hong Kong,2019,527243,527243.0,8110,Antimony,Other
8110 Antimony And Artcls Throf Incl Waste And Scrap,"Korea, South",2010,6190,6190.0,8110,Antimony,Other
8110 Antimony And Artcls Throf Incl Waste And Scrap,Thailand,2013,181488,181488.0,8110,Antimony,Other
8110 Antimony And Artcls Throf Incl Waste And Scrap,Hong Kong,2011,810594,810594.0,8110,Antimony,Other
8110 Antimony And Artcls Throf Incl Waste And Scrap,Hong Kong,2015,334327,334327.0,8110,Antimony,Other
8110 Antimony And Artcls Throf Incl Waste And Scrap,Vietnam,2003,88257,88257.0,8110,Antimony,Other
8110 Antimony And Artcls Throf Incl Waste And Scrap,Vietnam,2001,26128,,8110,Antimony,Other
8110 Antimony And Artcls Throf Incl Waste And Scrap,Japan,2010,163416,163416.0,8110,Antimony,Other
8110 Antimony And Artcls Throf Incl Waste And Scrap,Thailand,2025,37841109,37841109.0,8110,Antimony,Other
8110 Antimony And Artcls Throf Incl Waste And Scrap,Vietnam,2009,590300,590300.0,8110,Antimony,Other
8110 Antimony And Artcls Throf Incl Waste And Scrap,Hong Kong,2018,314596,314596.0,8110,Antimony,Other
8110 Antimony And Artcls Throf Incl Waste And Scrap,Malaysia,2025,1387293,1387293.0,8110,Antimony,Other
8110 Antimony And Artcls Throf Incl Waste And Scrap,Japan,2008,77674,77674.0,8110,Antimony,Other
8110 Antimony And Artcls Throf Incl Waste And Scrap,Japan,2011,341140,341140.0,8110,Antimony,Other
8110 Antimony And Artcls Throf Incl Waste And Scrap,"Korea, South",2018,147694,147694.0,8110,Antimony,Other
8110 Antimony And Artcls Throf Incl Waste And Scrap,Burma,2019,3379661,3379661.0,8110,Antimony,Other
"8111 Manganese And Artcles Thereof, Inc Waste And Scrap",Hong Kong,2011,318906,318906.0,8111,Manganese,Other
"8111 Manganese And Artcles Thereof, Inc Waste And Scrap",Hong Kong,2018,172260,262980.0,8111,Manganese,Other
"8111 Manganese And Artcles Thereof, Inc Waste And Scrap",Hong Kong,2007,820830,820830.0,8111,Manganese,Other
"8111 Manganese And Artcles Thereof, Inc Waste And Scrap",Vietnam,2009,190208,190208.0,8111,Manganese,Other
"8111 Manganese And Artcles Thereof, Inc Waste And Scrap",Malaysia,2017,3646,3646.0,8111,Manganese,Other
"8111 Manganese And Artcles Thereof, Inc Waste And Scrap",Japan,2012,157671,157671.0,8111,Manganese,Other
"8111 Manganese And Artcles Thereof, Inc Waste And Scrap",Japan,2002,52132,52132.0,8111,Manganese,Other
"8111 Manganese And Artcles Thereof, Inc Waste And Scrap",Japan,2024,6058437,6058437.0,8111,Manganese,Other
"8111 Manganese And Artcles Thereof, Inc Waste And Scrap",Hong Kong,2014,130050,130050.0,8111,Manganese,Other
"8111 Manganese And Artcles Thereof, Inc Waste And Scrap",Japan,2016,1558604,1558604.0,8111,Manganese,Other
"8111 Manganese And Artcles Thereof, Inc Waste And Scrap",Japan,2019,2378033,2378033.0,8111,Manganese,Other
"8111 Manganese And Artcles Thereof, Inc Waste And Scrap",Vietnam,2010,3011455,3011455.0,8111,Manganese,Other
"8111 Manganese And Artcles Thereof, Inc Waste And Scrap",Taiwan,2007,14310,14310.0,8111,Manganese,Other
"8111 Manganese And Artcles Thereof, Inc Waste And Scrap",Japan,2010,38700,38700.0,8111,Manganese,Other
"8111 Manganese And Artcles Thereof, Inc Waste And Scrap","Korea, South",2008,143421,143421.0,8111,Manganese,Other
"8111 Manganese And Artcles Thereof, Inc Waste And Scrap",Taiwan,2014,3620,3620.0,8111,Manganese,Other
"8111 Manganese And Artcles Thereof, Inc Waste And Scrap",Hong Kong,2016,372710,372710.0,8111,Manganese,Other
"8111 Manganese And Artcles Thereof, Inc Waste And Scrap",Hong Kong,2006,23750,23750.0,8111,Manganese,Other
"8111 Manganese And Artcles Thereof, Inc Waste And Scrap",Japan,2020,2182413,2182413.0,8111,Manganese,Other
"8111 Manganese And Artcles Thereof, Inc Waste And Scrap",Vietnam,2011,2556358,2556358.0,8111,Manganese,Other
"8111 Manganese And Artcles Thereof, Inc Waste And Scrap",Japan,2017,2547460,2547460.0,8111,Manganese,Other
"8111 Manganese And Artcles Thereof, Inc Waste And Scrap",Malaysia,2001,11112,,8111,Manganese,Other
"8111 Manganese And Artcles Thereof, Inc Waste And Scrap",Vietnam,2012,1052860,1199348.0,8111,Manganese,Other
"8111 Manganese And Artcles Thereof, Inc Waste And Scrap",Japan,2013,856050,856050.0,8111,Manganese,Other
"8111 Manganese And Artcles Thereof, Inc Waste And Scrap",Japan,2015,1505120,1505120.0,8111,Manganese,Other
"8111 Manganese And Artcles Thereof, Inc Waste And Scrap",Japan,2007,2098,2098.0,8111,Manganese,Other
"8111 Manganese And Artcles Thereof, Inc Waste And Scrap",Taiwan,2003,11025,11025.0,8111,Manganese,Other
"8111 Manganese And Artcles Thereof, Inc Waste And Scrap",Japan,2025,3114165,3114165.0,8111,Manganese,Other
"8111 Manganese And Artcles Thereof, Inc Waste And Scrap",Japan,2011,22776,22776.0,8111,Manganese,Other
"8111 Manganese And Artcles Thereof, Inc Waste And Scrap",Vietnam,2008,46350,46350.0,8111,Manganese,Other
"8111 Manganese And Artcles Thereof, Inc Waste And Scrap",Japan,2018,3124898,3124898.0,8111,Manganese,Other
"8111 Manganese And Artcles Thereof, Inc Waste And Scrap","Korea, South",2003,77974,77974.0,8111,Manganese,Other
"8111 Manganese And Artcles Thereof, Inc Waste And Scrap",Indonesia,2023,3936631,3936631.0,8111,Manganese,Other
"8111 Manganese And Artcles Thereof, Inc Waste And Scrap","Korea, South",2025,4132,4132.0,8111,Manganese,Other
"8111 Manganese And Artcles Thereof, Inc Waste And Scrap",Indonesia,2022,1133369,1133369.0,8111,Manganese,Other
"8111 Manganese And Artcles Thereof, Inc Waste And Scrap",Taiwan,2012,159870,159870.0,8111,Manganese,Other
"8111 Manganese And Artcles Thereof, Inc Waste And Scrap",Hong Kong,2009,440053,440053.0,8111,Manganese,Other
"8111 Manganese And Artcles Thereof, Inc Waste And Scrap",Hong Kong,2025,6720,6720.0,8111,Manganese,Other
"8111 Manganese And Artcles Thereof, Inc Waste And Scrap",Japan,2014,1788805,1788805.0,8111,Manganese,Other
"8111 Manganese And Artcles Thereof, Inc Waste And Scrap",Japan,2009,128060,128060.0,8111,Manganese,Other
"8111 Manganese And Artcles Thereof, Inc Waste And Scrap",Malaysia,2018,3038,3038.0,8111,Manganese,Other
"8111 Manganese And Artcles Thereof, Inc Waste And Scrap",Singapore,2008,2100,2100.0,8111,Manganese,Other
"8111 Manganese And Artcles Thereof, Inc Waste And Scrap",Hong Kong,2005,30037,30037.0,8111,Manganese,Other
"8111 Manganese And Artcles Thereof, Inc Waste And Scrap","Korea, South",2014,4962444,4962444.0,8111,Manganese,Other
"8111 Manganese And Artcles Thereof, Inc Waste And Scrap",Singapore,2020,73225,73225.0,8111,Manganese,Other
"8111 Manganese And Artcles Thereof, Inc Waste And Scrap",Japan,2008,5158,5158.0,8111,Manganese,Other
"8111 Manganese And Artcles Thereof, Inc Waste And Scrap",Hong Kong,2017,96250,96250.0,8111,Manganese,Other
"8111 Manganese And Artcles Thereof, Inc Waste And Scrap",Hong Kong,2010,2505608,2505608.0,8111,Manganese,Other
"8111 Manganese And Artcles Thereof, Inc Waste And Scrap",Japan,2001,45098,,8111,Manganese,Other
"8111 Manganese And Artcles Thereof, Inc Waste And Scrap",Hong Kong,2022,340408,0.0,8111,Manganese,Other
"8111 Manganese And Artcles Thereof, Inc Waste And Scrap",Indonesia,2025,1850041,1850041.0,8111,Manganese,Other
"8111 Manganese And Artcles Thereof, Inc Waste And Scrap","Korea, South",2019,51000,51000.0,8111,Manganese,Other
"8111 Manganese And Artcles Thereof, Inc Waste And Scrap",Malaysia,2009,111233,111233.0,8111,Manganese,Other
"8111 Manganese And Artcles Thereof, Inc Waste And Scrap",Hong Kong,2012,159870,159870.0,8111,Manganese,Other
"8111 Manganese And Artcles Thereof, Inc Waste And Scrap",Japan,2003,75978,75978.0,8111,Manganese,Other
"8111 Manganese And Artcles Thereof, Inc Waste And Scrap",Taiwan,2016,16800,16800.0,8111,Manganese,Other
"8111 Manganese And Artcles Thereof, Inc Waste And Scrap","Korea, South",2013,142025,142025.0,8111,Manganese,Other
"8111 Manganese And Artcles Thereof, Inc Waste And Scrap",Japan,2023,5102171,5102171.0,8111,Manganese,Other
"8111 Manganese And Artcles Thereof, Inc Waste And Scrap",Japan,2021,3617372,3617372.0,8111,Manganese,Other
"8111 Manganese And Artcles Thereof, Inc Waste And Scrap",Indonesia,2024,2476836,2308187.0,8111,Manganese,Other
"8111 Manganese And Artcles Thereof, Inc Waste And Scrap",Japan,2022,6917969,6917969.0,8111,Manganese,Other
"8111 Manganese And Artcles Thereof, Inc Waste And Scrap",Malaysia,2014,12412,12412.0,8111,Manganese,Other
"8111 Manganese And Artcles Thereof, Inc Waste And Scrap","Korea, South",2015,1923754,1923754.0,8111,Manganese,Other
"8111 Manganese And Artcles Thereof, Inc Waste And Scrap",Hong Kong,2019,452015,452015.0,8111,Manganese,Other
"8111 Manganese And Artcles Thereof, Inc Waste And Scrap","Korea, South",2011,8219,8219.0,8111,Manganese,Other
"8111 Manganese And Artcles Thereof, Inc Waste And Scrap",Japan,2004,14419,14419.0,8111,Manganese,Other
"8111 Manganese And Artcles Thereof, Inc Waste And Scrap",Hong Kong,2013,520522,520522.0,8111,Manganese,Other
"8112 Beryllium,chromium,hafnium,rhenium Etc & Articles",Thailand,2025,1175497,1175497.0,8112,Beryllium/Chromium/Hafnium/Rhenium,Refined/Articles
"8112 Beryllium,chromium,hafnium,rhenium Etc & Articles",Singapore,2023,494807,494807.0,8112,Beryllium/Chromium/Hafnium/Rhenium,Refined/Articles
"8112 Beryllium,chromium,hafnium,rhenium Etc & Articles",Malaysia,2021,170973,170973.0,8112,Beryllium/Chromium/Hafnium/Rhenium,Refined/Articles
"8112 Beryllium,chromium,hafnium,rhenium Etc & Articles",Singapore,2025,482859,482859.0,8112,Beryllium/Chromium/Hafnium/Rhenium,Refined/Articles
"8112 Beryllium,chromium,hafnium,rhenium Etc & Articles",Japan,2022,11234222,11234222.0,8112,Beryllium/Chromium/Hafnium/Rhenium,Refined/Articles
"8112 Beryllium,chromium,hafnium,rhenium Etc & Articles",Hong Kong,2022,8080,8080.0,8112,Beryllium/Chromium/Hafnium/Rhenium,Refined/Articles
"8112 Beryllium,chromium,hafnium,rhenium Etc & Articles",Taiwan,2025,12608931,12608931.0,8112,Beryllium/Chromium/Hafnium/Rhenium,Refined/Articles
"8112 Beryllium,chromium,hafnium,rhenium Etc & Articles",Hong Kong,2021,107981,107981.0,8112,Beryllium/Chromium/Hafnium/Rhenium,Refined/Articles
"8112 Beryllium,chromium,hafnium,rhenium Etc & Articles",Taiwan,2024,11520778,11520778.0,8112,Beryllium/Chromium/Hafnium/Rhenium,Refined/Articles
"8112 Beryllium,chromium,hafnium,rhenium Etc & Articles",Singapore,2021,1170206,1170206.0,8112,Beryllium/Chromium/Hafnium/Rhenium,Refined/Articles
"8112 Beryllium,chromium,hafnium,rhenium Etc & Articles",Taiwan,2023,4060423,3662891.0,8112,Beryllium/Chromium/Hafnium/Rhenium,Refined/Articles
"8112 Beryllium,chromium,hafnium,rhenium Etc & Articles",Japan,2021,2663317,3858777.0,8112,Beryllium/Chromium/Hafnium/Rhenium,Refined/Articles
"8112 Beryllium,chromium,hafnium,rhenium Etc & Articles",Singapore,2024,295336,295336.0,8112,Beryllium/Chromium/Hafnium/Rhenium,Refined/Articles
"8112 Beryllium,chromium,hafnium,rhenium Etc & Articles",Thailand,2023,236726,236726.0,8112,Beryllium/Chromium/Hafnium/Rhenium,Refined/Articles
"8112 Beryllium,chromium,hafnium,rhenium Etc & Articles",Hong Kong,2024,1037500,1037500.0,8112,Beryllium/Chromium/Hafnium/Rhenium,Refined/Articles
"8112 Beryllium,chromium,hafnium,rhenium Etc & Articles",Japan,2025,7537505,7541255.0,8112,Beryllium/Chromium/Hafnium/Rhenium,Refined/Articles
"8112 Beryllium,chromium,hafnium,rhenium Etc & Articles",Malaysia,2022,181509,181509.0,8112,Beryllium/Chromium/Hafnium/Rhenium,Refined/Articles
"8112 Beryllium,chromium,hafnium,rhenium Etc & Articles","Korea, South",2025,7731787,7731787.0,8112,Beryllium/Chromium/Hafnium/Rhenium,Refined/Articles
"8112 Beryllium,chromium,hafnium,rhenium Etc & Articles","Korea, South",2023,10496396,10496396.0,8112,Beryllium/Chromium/Hafnium/Rhenium,Refined/Articles
"8112 Beryllium,chromium,hafnium,rhenium Etc & Articles",Vietnam,2021,35000,35000.0,8112,Beryllium/Chromium/Hafnium/Rhenium,Refined/Articles
"8112 Beryllium,chromium,hafnium,rhenium Etc & Articles",Thailand,2021,5979,5979.0,8112,Beryllium/Chromium/Hafnium/Rhenium,Refined/Articles
"8112 Beryllium,chromium,hafnium,rhenium Etc & Articles","Korea, South",2021,14726927,14726927.0,8112,Beryllium/Chromium/Hafnium/Rhenium,Refined/Articles
"8112 Beryllium,chromium,hafnium,rhenium Etc & Articles",Malaysia,2024,278587,278587.0,8112,Beryllium/Chromium/Hafnium/Rhenium,Refined/Articles
"8112 Beryllium,chromium,hafnium,rhenium Etc & Articles",Philippines,2021,3500,3500.0,8112,Beryllium/Chromium/Hafnium/Rhenium,Refined/Articles
"8112 Beryllium,chromium,hafnium,rhenium Etc & Articles",Taiwan,2021,1264889,1264889.0,8112,Beryllium/Chromium/Hafnium/Rhenium,Refined/Articles
"8112 Beryllium,chromium,hafnium,rhenium Etc & Articles",Japan,2023,16587892,16587892.0,8112,Beryllium/Chromium/Hafnium/Rhenium,Refined/Articles
"8112 Beryllium,chromium,hafnium,rhenium Etc & Articles","Korea, South",2022,9551533,9551533.0,8112,Beryllium/Chromium/Hafnium/Rhenium,Refined/Articles
"8112 Beryllium,chromium,hafnium,rhenium Etc & Articles",Taiwan,2022,1004150,1004150.0,8112,Beryllium/Chromium/Hafnium/Rhenium,Refined/Articles
"8112 Beryllium,chromium,hafnium,rhenium Etc & Articles",Japan,2024,18961329,18964709.0,8112,Beryllium/Chromium/Hafnium/Rhenium,Refined/Articles
"8112 Beryllium,chromium,hafnium,rhenium Etc & Articles",Malaysia,2025,2025196,2025196.0,8112,Beryllium/Chromium/Hafnium/Rhenium,Refined/Articles
"8112 Beryllium,chromium,hafnium,rhenium Etc & Articles",Singapore,2022,124723,124723.0,8112,Beryllium/Chromium/Hafnium/Rhenium,Refined/Articles
"8112 Beryllium,chromium,hafnium,rhenium Etc & Articles",Thailand,2024,122350,122350.0,8112,Beryllium/Chromium/Hafnium/Rhenium,Refined/Articles
"8112 Beryllium,chromium,hafnium,rhenium Etc & Articles",Malaysia,2023,380728,380728.0,8112,Beryllium/Chromium/Hafnium/Rhenium,Refined/Articles
"8112 Beryllium,chromium,hafnium,rhenium Etc & Articles",Vietnam,2022,3680,3680.0,8112,Beryllium/Chromium/Hafnium/Rhenium,Refined/Articles
"8112 Beryllium,chromium,hafnium,rhenium Etc & Articles",Thailand,2022,39643,39643.0,8112,Beryllium/Chromium/Hafnium/Rhenium,Refined/Articles
"8112 Beryllium,chromium,hafnium,rhenium Etc & Articles","Korea, South",2024,13498189,13498189.0,8112,Beryllium/Chromium/Hafnium/Rhenium,Refined/Articles
"8112 Beryllium,chromium,hafnium,rhenium Etc & Articles",Hong Kong,2023,6195,6195.0,8112,Beryllium/Chromium/Hafnium/Rhenium,Refined/Articles
"8112 Beryllium,chromium,hafnium,rhenium Etc & Articles","Korea, South",2009,1195463,1195463.0,8112,Beryllium/Chromium/Hafnium/Rhenium,Refined/Articles
"8112 Beryllium,chromium,hafnium,rhenium Etc & Articles",Taiwan,2001,249457,,8112,Beryllium/Chromium/Hafnium/Rhenium,Refined/Articles
"8112 Beryllium,chromium,hafnium,rhenium Etc & Articles","Korea, South",2010,298531,298531.0,8112,Beryllium/Chromium/Hafnium/Rhenium,Refined/Articles
"8112 Beryllium,chromium,hafnium,rhenium Etc & Articles",Malaysia,2015,113120,113120.0,8112,Beryllium/Chromium/Hafnium/Rhenium,Refined/Articles
"8112 Beryllium,chromium,hafnium,rhenium Etc & Articles","Korea, South",2005,9867884,9867884.0,8112,Beryllium/Chromium/Hafnium/Rhenium,Refined/Articles
"8112 Beryllium,chromium,hafnium,rhenium Etc & Articles",Taiwan,2003,82703,82703.0,8112,Beryllium/Chromium/Hafnium/Rhenium,Refined/Articles
"8112 Beryllium,chromium,hafnium,rhenium Etc & Articles","Korea, South",2001,339414,,8112,Beryllium/Chromium/Hafnium/Rhenium,Refined/Articles
"8112 Beryllium,chromium,hafnium,rhenium Etc & Articles",Japan,2001,4915542,,8112,Beryllium/Chromium/Hafnium/Rhenium,Refined/Articles
"8112 Beryllium,chromium,hafnium,rhenium Etc & Articles",Taiwan,2002,78665,78665.0,8112,Beryllium/Chromium/Hafnium/Rhenium,Refined/Articles
"8112 Beryllium,chromium,hafnium,rhenium Etc & Articles",Hong Kong,2010,3408520,3408520.0,8112,Beryllium/Chromium/Hafnium/Rhenium,Refined/Articles
"8112 Beryllium,chromium,hafnium,rhenium Etc & Articles","Korea, South",2011,5765444,5765444.0,8112,Beryllium/Chromium/Hafnium/Rhenium,Refined/Articles
"8112 Beryllium,chromium,hafnium,rhenium Etc & Articles",Philippines,2007,10385,10385.0,8112,Beryllium/Chromium/Hafnium/Rhenium,Refined/Articles
"8112 Beryllium,chromium,hafnium,rhenium Etc & Articles",Malaysia,2002,12776,12776.0,8112,Beryllium/Chromium/Hafnium/Rhenium,Refined/Articles
"8112 Beryllium,chromium,hafnium,rhenium Etc & Articles",Japan,2016,6021555,6021555.0,8112,Beryllium/Chromium/Hafnium/Rhenium,Refined/Articles
"8112 Beryllium,chromium,hafnium,rhenium Etc & Articles",Malaysia,2005,5835,5835.0,8112,Beryllium/Chromium/Hafnium/Rhenium,Refined/Articles
"8112 Beryllium,chromium,hafnium,rhenium Etc & Articles",Singapore,2015,107638,107638.0,8112,Beryllium/Chromium/Hafnium/Rhenium,Refined/Articles
"8112 Beryllium,chromium,hafnium,rhenium Etc & Articles",Singapore,2002,30079,30079.0,8112,Beryllium/Chromium/Hafnium/Rhenium,Refined/Articles
"8112 Beryllium,chromium,hafnium,rhenium Etc & Articles",Japan,2007,15702984,15702984.0,8112,Beryllium/Chromium/Hafnium/Rhenium,Refined/Articles
"8112 Beryllium,chromium,hafnium,rhenium Etc & Articles",Japan,2015,3199180,3199180.0,8112,Beryllium/Chromium/Hafnium/Rhenium,Refined/Articles
"8112 Beryllium,chromium,hafnium,rhenium Etc & Articles","Korea, South",2014,10400853,10400853.0,8112,Beryllium/Chromium/Hafnium/Rhenium,Refined/Articles
"8112 Beryllium,chromium,hafnium,rhenium Etc & Articles",Indonesia,2007,6350,6350.0,8112,Beryllium/Chromium/Hafnium/Rhenium,Refined/Articles
"8112 Beryllium,chromium,hafnium,rhenium Etc & Articles",Japan,2003,5468143,5468143.0,8112,Beryllium/Chromium/Hafnium/Rhenium,Refined/Articles
"8112 Beryllium,chromium,hafnium,rhenium Etc & Articles",Taiwan,2006,279504,279504.0,8112,Beryllium/Chromium/Hafnium/Rhenium,Refined/Articles
"8112 Beryllium,chromium,hafnium,rhenium Etc & Articles",Laos,2012,72953,72953.0,8112,Beryllium/Chromium/Hafnium/Rhenium,Refined/Articles
"8112 Beryllium,chromium,hafnium,rhenium Etc & Articles",Singapore,2009,392604,392604.0,8112,Beryllium/Chromium/Hafnium/Rhenium,Refined/Articles
"8112 Beryllium,chromium,hafnium,rhenium Etc & Articles",Japan,2009,5363758,5363758.0,8112,Beryllium/Chromium/Hafnium/Rhenium,Refined/Articles
"8112 Beryllium,chromium,hafnium,rhenium Etc & Articles","Korea, South",2019,4856605,4856605.0,8112,Beryllium/Chromium/Hafnium/Rhenium,Refined/Articles
"8112 Beryllium,chromium,hafnium,rhenium Etc & Articles",Hong Kong,2015,499787,499787.0,8112,Beryllium/Chromium/Hafnium/Rhenium,Refined/Articles
"8112 Beryllium,chromium,hafnium,rhenium Etc & Articles",Malaysia,2019,158720,158720.0,8112,Beryllium/Chromium/Hafnium/Rhenium,Refined/Articles
"8112 Beryllium,chromium,hafnium,rhenium Etc & Articles",Hong Kong,2011,3331908,3331908.0,8112,Beryllium/Chromium/Hafnium/Rhenium,Refined/Articles
"8112 Beryllium,chromium,hafnium,rhenium Etc & Articles",Malaysia,2008,213285,213285.0,8112,Beryllium/Chromium/Hafnium/Rhenium,Refined/Articles
"8112 Beryllium,chromium,hafnium,rhenium Etc & Articles",Taiwan,2009,683147,683147.0,8112,Beryllium/Chromium/Hafnium/Rhenium,Refined/Articles
"8112 Beryllium,chromium,hafnium,rhenium Etc & Articles",Taiwan,2017,1515092,1515092.0,8112,Beryllium/Chromium/Hafnium/Rhenium,Refined/Articles
"8112 Beryllium,chromium,hafnium,rhenium Etc & Articles",Philippines,2001,114653,,8112,Beryllium/Chromium/Hafnium/Rhenium,Refined/Articles
"8112 Beryllium,chromium,hafnium,rhenium Etc & Articles",Hong Kong,2016,567818,567818.0,8112,Beryllium/Chromium/Hafnium/Rhenium,Refined/Articles
"8112 Beryllium,chromium,hafnium,rhenium Etc & Articles",Taiwan,2004,235190,235190.0,8112,Beryllium/Chromium/Hafnium/Rhenium,Refined/Articles
"8112 Beryllium,chromium,hafnium,rhenium Etc & Articles",Philippines,2006,399600,399600.0,8112,Beryllium/Chromium/Hafnium/Rhenium,Refined/Articles
"8112 Beryllium,chromium,hafnium,rhenium Etc & Articles",Hong Kong,2006,2661683,2661683.0,8112,Beryllium/Chromium/Hafnium/Rhenium,Refined/Articles
"8112 Beryllium,chromium,hafnium,rhenium Etc & Articles",Hong Kong,2019,140217,140217.0,8112,Beryllium/Chromium/Hafnium/Rhenium,Refined/Articles
"8112 Beryllium,chromium,hafnium,rhenium Etc & Articles",Laos,2015,263750,263750.0,8112,Beryllium/Chromium/Hafnium/Rhenium,Refined/Articles
"8112 Beryllium,chromium,hafnium,rhenium Etc & Articles",Philippines,2008,11092,11092.0,8112,Beryllium/Chromium/Hafnium/Rhenium,Refined/Articles
"8112 Beryllium,chromium,hafnium,rhenium Etc & Articles",Indonesia,2011,13765,13765.0,8112,Beryllium/Chromium/Hafnium/Rhenium,Refined/Articles
"8112 Beryllium,chromium,hafnium,rhenium Etc & Articles","Korea, South",2002,36548,36548.0,8112,Beryllium/Chromium/Hafnium/Rhenium,Refined/Articles
"8112 Beryllium,chromium,hafnium,rhenium Etc & Articles",Singapore,2001,92850,,8112,Beryllium/Chromium/Hafnium/Rhenium,Refined/Articles
"8112 Beryllium,chromium,hafnium,rhenium Etc & Articles",Japan,2006,20053109,20053109.0,8112,Beryllium/Chromium/Hafnium/Rhenium,Refined/Articles
"8112 Beryllium,chromium,hafnium,rhenium Etc & Articles",Hong Kong,2008,2566657,2566657.0,8112,Beryllium/Chromium/Hafnium/Rhenium,Refined/Articles
"8112 Beryllium,chromium,hafnium,rhenium Etc & Articles",Japan,2019,3179861,3179861.0,8112,Beryllium/Chromium/Hafnium/Rhenium,Refined/Articles
"8112 Beryllium,chromium,hafnium,rhenium Etc & Articles","Korea, South",2008,1868479,1868479.0,8112,Beryllium/Chromium/Hafnium/Rhenium,Refined/Articles
"8112 Beryllium,chromium,hafnium,rhenium Etc & Articles",Japan,2005,38435333,38435333.0,8112,Beryllium/Chromium/Hafnium/Rhenium,Refined/Articles
"8112 Beryllium,chromium,hafnium,rhenium Etc & Articles",Singapore,2007,261112,261112.0,8112,Beryllium/Chromium/Hafnium/Rhenium,Refined/Articles
"8112 Beryllium,chromium,hafnium,rhenium Etc & Articles",Laos,2010,46014,46014.0,8112,Beryllium/Chromium/Hafnium/Rhenium,Refined/Articles
"8112 Beryllium,chromium,hafnium,rhenium Etc & Articles",Macau,2004,83799,83799.0,8112,Beryllium/Chromium/Hafnium/Rhenium,Refined/Articles
"8112 Beryllium,chromium,hafnium,rhenium Etc & Articles",Thailand,2010,203902,203902.0,8112,Beryllium/Chromium/Hafnium/Rhenium,Refined/Articles
"8112 Beryllium,chromium,hafnium,rhenium Etc & Articles",Singapore,2004,144786,144786.0,8112,Beryllium/Chromium/Hafnium/Rhenium,Refined/Articles
"8112 Beryllium,chromium,hafnium,rhenium Etc & Articles",Taiwan,2007,336300,336300.0,8112,Beryllium/Chromium/Hafnium/Rhenium,Refined/Articles
"8112 Beryllium,chromium,hafnium,rhenium Etc & Articles",Singapore,2008,665849,665849.0,8112,Beryllium/Chromium/Hafnium/Rhenium,Refined/Articles
"8112 Beryllium,chromium,hafnium,rhenium Etc & Articles",Hong Kong,2005,1681540,1681540.0,8112,Beryllium/Chromium/Hafnium/Rhenium,Refined/Articles
"8112 Beryllium,chromium,hafnium,rhenium Etc & Articles",Malaysia,2009,72687,72687.0,8112,Beryllium/Chromium/Hafnium/Rhenium,Refined/Articles
"8112 Beryllium,chromium,hafnium,rhenium Etc & Articles",Singapore,2010,524567,524567.0,8112,Beryllium/Chromium/Hafnium/Rhenium,Refined/Articles
"8112 Beryllium,chromium,hafnium,rhenium Etc & Articles",Thailand,2009,81057,81057.0,8112,Beryllium/Chromium/Hafnium/Rhenium,Refined/Articles
"8112 Beryllium,chromium,hafnium,rhenium Etc & Articles",Taiwan,2010,3629842,3629842.0,8112,Beryllium/Chromium/Hafnium/Rhenium,Refined/Articles
"8112 Beryllium,chromium,hafnium,rhenium Etc & Articles",Singapore,2005,1721963,1721963.0,8112,Beryllium/Chromium/Hafnium/Rhenium,Refined/Articles
"8112 Beryllium,chromium,hafnium,rhenium Etc & Articles",Japan,2010,13873959,13873959.0,8112,Beryllium/Chromium/Hafnium/Rhenium,Refined/Articles
"8112 Beryllium,chromium,hafnium,rhenium Etc & Articles",Japan,2014,10604636,9352025.0,8112,Beryllium/Chromium/Hafnium/Rhenium,Refined/Articles
"8112 Beryllium,chromium,hafnium,rhenium Etc & Articles",Vietnam,2007,3357,3357.0,8112,Beryllium/Chromium/Hafnium/Rhenium,Refined/Articles
"8112 Beryllium,chromium,hafnium,rhenium Etc & Articles",Indonesia,2009,24203,24203.0,8112,Beryllium/Chromium/Hafnium/Rhenium,Refined/Articles
"8112 Beryllium,chromium,hafnium,rhenium Etc & Articles","Korea, South",2007,950283,950283.0,8112,Beryllium/Chromium/Hafnium/Rhenium,Refined/Articles
"8112 Beryllium,chromium,hafnium,rhenium Etc & Articles",Hong Kong,2003,461440,461440.0,8112,Beryllium/Chromium/Hafnium/Rhenium,Refined/Articles
"8112 Beryllium,chromium,hafnium,rhenium Etc & Articles",Malaysia,2006,6900,6900.0,8112,Beryllium/Chromium/Hafnium/Rhenium,Refined/Articles
"8112 Beryllium,chromium,hafnium,rhenium Etc & Articles",Indonesia,2006,2568,2568.0,8112,Beryllium/Chromium/Hafnium/Rhenium,Refined/Articles
"8112 Beryllium,chromium,hafnium,rhenium Etc & Articles","Korea, South",2003,131045,131045.0,8112,Beryllium/Chromium/Hafnium/Rhenium,Refined/Articles
"8112 Beryllium,chromium,hafnium,rhenium Etc & Articles",Malaysia,2007,87560,87560.0,8112,Beryllium/Chromium/Hafnium/Rhenium,Refined/Articles
"8112 Beryllium,chromium,hafnium,rhenium Etc & Articles",Malaysia,2010,333600,333600.0,8112,Beryllium/Chromium/Hafnium/Rhenium,Refined/Articles
"8112 Beryllium,chromium,hafnium,rhenium Etc & Articles",Thailand,2004,7971,7971.0,8112,Beryllium/Chromium/Hafnium/Rhenium,Refined/Articles
"8112 Beryllium,chromium,hafnium,rhenium Etc & Articles",Thailand,2002,13177,13177.0,8112,Beryllium/Chromium/Hafnium/Rhenium,Refined/Articles
"8112 Beryllium,chromium,hafnium,rhenium Etc & Articles",Hong Kong,2009,2490075,2490075.0,8112,Beryllium/Chromium/Hafnium/Rhenium,Refined/Articles
"8112 Beryllium,chromium,hafnium,rhenium Etc & Articles",Malaysia,2001,19134,,8112,Beryllium/Chromium/Hafnium/Rhenium,Refined/Articles
"8112 Beryllium,chromium,hafnium,rhenium Etc & Articles",Hong Kong,2007,2513004,2513004.0,8112,Beryllium/Chromium/Hafnium/Rhenium,Refined/Articles
"8112 Beryllium,chromium,hafnium,rhenium Etc & Articles",Malaysia,2003,6846,6846.0,8112,Beryllium/Chromium/Hafnium/Rhenium,Refined/Articles
"8112 Beryllium,chromium,hafnium,rhenium Etc & Articles",Singapore,2003,161288,161288.0,8112,Beryllium/Chromium/Hafnium/Rhenium,Refined/Articles
"8112 Beryllium,chromium,hafnium,rhenium Etc & Articles",Malaysia,2004,211889,211889.0,8112,Beryllium/Chromium/Hafnium/Rhenium,Refined/Articles
"8112 Beryllium,chromium,hafnium,rhenium Etc & Articles",Japan,2012,10759674,10759674.0,8112,Beryllium/Chromium/Hafnium/Rhenium,Refined/Articles
"8112 Beryllium,chromium,hafnium,rhenium Etc & Articles",Japan,2002,3416992,3416992.0,8112,Beryllium/Chromium/Hafnium/Rhenium,Refined/Articles
"8112 Beryllium,chromium,hafnium,rhenium Etc & Articles",Hong Kong,2004,1972232,1856204.0,8112,Beryllium/Chromium/Hafnium/Rhenium,Refined/Articles
"8112 Beryllium,chromium,hafnium,rhenium Etc & Articles",Japan,2008,15450036,15450036.0,8112,Beryllium/Chromium/Hafnium/Rhenium,Refined/Articles
"8112 Beryllium,chromium,hafnium,rhenium Etc & Articles",Hong Kong,2002,8722,8722.0,8112,Beryllium/Chromium/Hafnium/Rhenium,Refined/Articles
"8112 Beryllium,chromium,hafnium,rhenium Etc & Articles","Korea, South",2004,41576,41576.0,8112,Beryllium/Chromium/Hafnium/Rhenium,Refined/Articles
"8112 Beryllium,chromium,hafnium,rhenium Etc & Articles",Hong Kong,2001,18770,,8112,Beryllium/Chromium/Hafnium/Rhenium,Refined/Articles
"8112 Beryllium,chromium,hafnium,rhenium Etc & Articles",Singapore,2006,1247919,1247919.0,8112,Beryllium/Chromium/Hafnium/Rhenium,Refined/Articles
"8112 Beryllium,chromium,hafnium,rhenium Etc & Articles","Korea, South",2006,1483927,1483927.0,8112,Beryllium/Chromium/Hafnium/Rhenium,Refined/Articles
"8112 Beryllium,chromium,hafnium,rhenium Etc & Articles",Taiwan,2005,167074,167074.0,8112,Beryllium/Chromium/Hafnium/Rhenium,Refined/Articles
"8112 Beryllium,chromium,hafnium,rhenium Etc & Articles",Japan,2004,18201313,18201313.0,8112,Beryllium/Chromium/Hafnium/Rhenium,Refined/Articles
"8112 Beryllium,chromium,hafnium,rhenium Etc & Articles",Taiwan,2008,272789,272789.0,8112,Beryllium/Chromium/Hafnium/Rhenium,Refined/Articles
"8112 Beryllium,chromium,hafnium,rhenium Etc & Articles",Indonesia,2014,9723,9723.0,8112,Beryllium/Chromium/Hafnium/Rhenium,Refined/Articles
"8112 Beryllium,chromium,hafnium,rhenium Etc & Articles",Taiwan,2015,4994466,4994466.0,8112,Beryllium/Chromium/Hafnium/Rhenium,Refined/Articles
"8112 Beryllium,chromium,hafnium,rhenium Etc & Articles","Korea, South",2012,10308503,10308503.0,8112,Beryllium/Chromium/Hafnium/Rhenium,Refined/Articles
"8112 Beryllium,chromium,hafnium,rhenium Etc & Articles",Malaysia,2016,20455,20455.0,8112,Beryllium/Chromium/Hafnium/Rhenium,Refined/Articles
"8112 Beryllium,chromium,hafnium,rhenium Etc & Articles",Japan,2018,6965895,7058395.0,8112,Beryllium/Chromium/Hafnium/Rhenium,Refined/Articles
"8112 Beryllium,chromium,hafnium,rhenium Etc & Articles",Laos,2013,369601,369601.0,8112,Beryllium/Chromium/Hafnium/Rhenium,Refined/Articles
"8112 Beryllium,chromium,hafnium,rhenium Etc & Articles",Malaysia,2017,51672,51672.0,8112,Beryllium/Chromium/Hafnium/Rhenium,Refined/Articles
"8112 Beryllium,chromium,hafnium,rhenium Etc & Articles",Malaysia,2013,22606,22606.0,8112,Beryllium/Chromium/Hafnium/Rhenium,Refined/Articles
"8112 Beryllium,chromium,hafnium,rhenium Etc & Articles",Hong Kong,2014,1140653,1140653.0,8112,Beryllium/Chromium/Hafnium/Rhenium,Refined/Articles
"8112 Beryllium,chromium,hafnium,rhenium Etc & Articles",Philippines,2018,16848,16848.0,8112,Beryllium/Chromium/Hafnium/Rhenium,Refined/Articles
"8112 Beryllium,chromium,hafnium,rhenium Etc & Articles",Taiwan,2014,15204838,15185486.0,8112,Beryllium/Chromium/Hafnium/Rhenium,Refined/Articles
"8112 Beryllium,chromium,hafnium,rhenium Etc & Articles",Japan,2020,3617303,3617303.0,8112,Beryllium/Chromium/Hafnium/Rhenium,Refined/Articles
"8112 Beryllium,chromium,hafnium,rhenium Etc & Articles","Korea, South",2016,5038779,5038779.0,8112,Beryllium/Chromium/Hafnium/Rhenium,Refined/Articles
"8112 Beryllium,chromium,hafnium,rhenium Etc & Articles",Taiwan,2011,7456998,7456998.0,8112,Beryllium/Chromium/Hafnium/Rhenium,Refined/Articles
"8112 Beryllium,chromium,hafnium,rhenium Etc & Articles","Korea, South",2018,3957304,3957304.0,8112,Beryllium/Chromium/Hafnium/Rhenium,Refined/Articles
"8112 Beryllium,chromium,hafnium,rhenium Etc & Articles","Korea, South",2015,4817551,4817551.0,8112,Beryllium/Chromium/Hafnium/Rhenium,Refined/Articles
"8112 Beryllium,chromium,hafnium,rhenium Etc & Articles",Thailand,2013,447374,447374.0,8112,Beryllium/Chromium/Hafnium/Rhenium,Refined/Articles
"8112 Beryllium,chromium,hafnium,rhenium Etc & Articles",Japan,2017,6047916,6047916.0,8112,Beryllium/Chromium/Hafnium/Rhenium,Refined/Articles
"8112 Beryllium,chromium,hafnium,rhenium Etc & Articles",Thailand,2012,200190,200190.0,8112,Beryllium/Chromium/Hafnium/Rhenium,Refined/Articles
"8112 Beryllium,chromium,hafnium,rhenium Etc & Articles",Malaysia,2011,181641,181641.0,8112,Beryllium/Chromium/Hafnium/Rhenium,Refined/Articles
"8112 Beryllium,chromium,hafnium,rhenium Etc & Articles",Japan,2013,6790145,6790145.0,8112,Beryllium/Chromium/Hafnium/Rhenium,Refined/Articles
"8112 Beryllium,chromium,hafnium,rhenium Etc & Articles",Thailand,2015,5580,5580.0,8112,Beryllium/Chromium/Hafnium/Rhenium,Refined/Articles
"8112 Beryllium,chromium,hafnium,rhenium Etc & Articles",Laos,2014,38432,38432.0,8112,Beryllium/Chromium/Hafnium/Rhenium,Refined/Articles
"8112 Beryllium,chromium,hafnium,rhenium Etc & Articles",Singapore,2013,95864,95864.0,8112,Beryllium/Chromium/Hafnium/Rhenium,Refined/Articles
"8112 Beryllium,chromium,hafnium,rhenium Etc & Articles",Taiwan,2013,2950388,2950388.0,8112,Beryllium/Chromium/Hafnium/Rhenium,Refined/Articles
"8112 Beryllium,chromium,hafnium,rhenium Etc & Articles",Malaysia,2014,31760,31760.0,8112,Beryllium/Chromium/Hafnium/Rhenium,Refined/Articles
"8112 Beryllium,chromium,hafnium,rhenium Etc & Articles",Singapore,2016,34475,34475.0,8112,Beryllium/Chromium/Hafnium/Rhenium,Refined/Articles
"8112 Beryllium,chromium,hafnium,rhenium Etc & Articles","Korea, South",2013,5607768,5607768.0,8112,Beryllium/Chromium/Hafnium/Rhenium,Refined/Articles
"8112 Beryllium,chromium,hafnium,rhenium Etc & Articles",Singapore,2017,467786,467786.0,8112,Beryllium/Chromium/Hafnium/Rhenium,Refined/Articles
"8112 Beryllium,chromium,hafnium,rhenium Etc & Articles",Hong Kong,2013,717004,717004.0,8112,Beryllium/Chromium/Hafnium/Rhenium,Refined/Articles
"8112 Beryllium,chromium,hafnium,rhenium Etc & Articles",Indonesia,2012,3086,3086.0,8112,Beryllium/Chromium/Hafnium/Rhenium,Refined/Articles
"8112 Beryllium,chromium,hafnium,rhenium Etc & Articles",Taiwan,2019,937655,937655.0,8112,Beryllium/Chromium/Hafnium/Rhenium,Refined/Articles
"8112 Beryllium,chromium,hafnium,rhenium Etc & Articles",Japan,2011,9860661,9860661.0,8112,Beryllium/Chromium/Hafnium/Rhenium,Refined/Articles
"8112 Beryllium,chromium,hafnium,rhenium Etc & Articles",Singapore,2019,42966,42966.0,8112,Beryllium/Chromium/Hafnium/Rhenium,Refined/Articles
"8112 Beryllium,chromium,hafnium,rhenium Etc & Articles","Korea, South",2020,5866934,5866934.0,8112,Beryllium/Chromium/Hafnium/Rhenium,Refined/Articles
"8112 Beryllium,chromium,hafnium,rhenium Etc & Articles",Taiwan,2020,582264,582264.0,8112,Beryllium/Chromium/Hafnium/Rhenium,Refined/Articles
"8112 Beryllium,chromium,hafnium,rhenium Etc & Articles",Thailand,2011,354417,354417.0,8112,Beryllium/Chromium/Hafnium/Rhenium,Refined/Articles
"8112 Beryllium,chromium,hafnium,rhenium Etc & Articles",Cambodia,2012,2305,2305.0,8112,Beryllium/Chromium/Hafnium/Rhenium,Refined/Articles
"8112 Beryllium,chromium,hafnium,rhenium Etc & Articles",Singapore,2018,60737,60737.0,8112,Beryllium/Chromium/Hafnium/Rhenium,Refined/Articles
"8112 Beryllium,chromium,hafnium,rhenium Etc & Articles",Thailand,2014,13805,13805.0,8112,Beryllium/Chromium/Hafnium/Rhenium,Refined/Articles
"8112 Beryllium,chromium,hafnium,rhenium Etc & Articles",Hong Kong,2012,2251680,2251680.0,8112,Beryllium/Chromium/Hafnium/Rhenium,Refined/Articles
"8112 Beryllium,chromium,hafnium,rhenium Etc & Articles",Singapore,2012,593833,593833.0,8112,Beryllium/Chromium/Hafnium/Rhenium,Refined/Articles
"8112 Beryllium,chromium,hafnium,rhenium Etc & Articles",Singapore,2014,162122,162122.0,8112,Beryllium/Chromium/Hafnium/Rhenium,Refined/Articles
"8112 Beryllium,chromium,hafnium,rhenium Etc & Articles",Singapore,2020,567140,567140.0,8112,Beryllium/Chromium/Hafnium/Rhenium,Refined/Articles
"8112 Beryllium,chromium,hafnium,rhenium Etc & Articles",Taiwan,2016,3779735,3779735.0,8112,Beryllium/Chromium/Hafnium/Rhenium,Refined/Articles
"8112 Beryllium,chromium,hafnium,rhenium Etc & Articles",Taiwan,2012,1915876,1915876.0,8112,Beryllium/Chromium/Hafnium/Rhenium,Refined/Articles
"8112 Beryllium,chromium,hafnium,rhenium Etc & Articles","Korea, South",2017,3308027,3308027.0,8112,Beryllium/Chromium/Hafnium/Rhenium,Refined/Articles
"8112 Beryllium,chromium,hafnium,rhenium Etc & Articles",Malaysia,2020,32110,32110.0,8112,Beryllium/Chromium/Hafnium/Rhenium,Refined/Articles
"8112 Beryllium,chromium,hafnium,rhenium Etc & Articles",Hong Kong,2020,62375,62375.0,8112,Beryllium/Chromium/Hafnium/Rhenium,Refined/Articles
"8112 Beryllium,chromium,hafnium,rhenium Etc & Articles",Malaysia,2018,56927,56927.0,8112,Beryllium/Chromium/Hafnium/Rhenium,Refined/Articles
"8112 Beryllium,chromium,hafnium,rhenium Etc & Articles",Hong Kong,2017,3724929,3724929.0,8112,Beryllium/Chromium/Hafnium/Rhenium,Refined/Articles
"8112 Beryllium,chromium,hafnium,rhenium Etc & Articles",Hong Kong,2018,2182416,2182416.0,8112,Beryllium/Chromium/Hafnium/Rhenium,Refined/Articles
"8112 Beryllium,chromium,hafnium,rhenium Etc & Articles",Singapore,2011,3068804,3068804.0,8112,Beryllium/Chromium/Hafnium/Rhenium,Refined/Articles
"8112 Beryllium,chromium,hafnium,rhenium Etc & Articles",Taiwan,2018,964831,964831.0,8112,Beryllium/Chromium/Hafnium/Rhenium,Refined/Articles
