Commodities,Countries,Time,Customs Value (Gen) ($US) (Default Member),Customs Value (Cons) ($US)
74 Copper And Articles Thereof,Taiwan,2005,159906947,159797450.0
76 Aluminum And Articles Thereof,Singapore,2004,8362804,8362804.0
74 Copper And Articles Thereof,"Korea, South",2002,37746931,37761027.0
75 Nickel And Articles Thereof,Indonesia,2005,87769,87769.0
80 Tin And Articles Thereof,Vietnam,2004,79328,79328.0
76 Aluminum And Articles Thereof,Indonesia,2008,100887748,100887748.0
76 Aluminum And Articles Thereof,Taiwan,2003,74067595,73516122.0
80 Tin And Articles Thereof,Philippines,2008,268413,268413.0
76 Aluminum And Articles Thereof,Brunei,2002,305234,305234.0
76 Aluminum And Articles Thereof,Indonesia,2004,35426206,35411822.0
75 Nickel And Articles Thereof,"Korea, South",2004,961282,961282.0
74 Copper And Articles Thereof,Malaysia,2004,38674157,38674157.0
74 Copper And Articles Thereof,Brunei,2004,35149,35149.0
76 Aluminum And Articles Thereof,Philippines,2009,1840574,1414353.0
80 Tin And Articles Thereof,Taiwan,2007,2917141,2917141.0
74 Copper And Articles Thereof,Hong Kong,2005,5289155,5289155.0
74 Copper And Articles Thereof,Vietnam,2003,117824,117824.0
76 Aluminum And Articles Thereof,Thailand,2006,170842404,170780234.0
76 Aluminum And Articles Thereof,Japan,2002,189032195,163192368.0
75 Nickel And Articles Thereof,Taiwan,2003,2536811,2536811.0
76 Aluminum And Articles Thereof,Japan,2007,249588606,209669541.0
75 Nickel And Articles Thereof,Taiwan,2009,9666861,9666861.0
74 Copper And Articles Thereof,Macau,2008,9726,9726.0
76 Aluminum And Articles Thereof,Vietnam,2008,2161902,2161902.0
80 Tin And Articles Thereof,Thailand,2005,2518227,2518227.0
74 Copper And Articles Thereof,Malaysia,2002,18893299,17493027.0
76 Aluminum And Articles Thereof,Singapore,2007,32619914,32626364.0
74 Copper And Articles Thereof,Philippines,2010,2314108,2314108.0
74 Copper And Articles Thereof,Singapore,2002,1971544,1899888.0
75 Nickel And Articles Thereof,Thailand,2002,75386,75386.0
80 Tin And Articles Thereof,Taiwan,2008,3145899,3145899.0
74 Copper And Articles Thereof,"Korea, South",2010,190522534,190437482.0
75 Nickel And Articles Thereof,Japan,2010,66153975,65840055.0
75 Nickel And Articles Thereof,Indonesia,2001,94375,
74 Copper And Articles Thereof,Japan,2001,194627412,
76 Aluminum And Articles Thereof,Malaysia,2008,24157791,24157791.0
75 Nickel And Articles Thereof,Indonesia,2003,338863,338863.0
80 Tin And Articles Thereof,"Korea, South",2006,344461,344461.0
76 Aluminum And Articles Thereof,Hong Kong,2008,33427740,33360842.0
75 Nickel And Articles Thereof,Hong Kong,2009,94094,94094.0
80 Tin And Articles Thereof,Thailand,2002,1078278,1078278.0
75 Nickel And Articles Thereof,Taiwan,2001,3090309,
80 Tin And Articles Thereof,Malaysia,2004,57403104,58906372.0
74 Copper And Articles Thereof,"Korea, South",2004,74200816,74200816.0
76 Aluminum And Articles Thereof,"Korea, South",2008,93771691,93451667.0
74 Copper And Articles Thereof,Thailand,2009,34454212,34454212.0
80 Tin And Articles Thereof,Thailand,2007,1591303,1591303.0
74 Copper And Articles Thereof,"Korea, South",2005,83435299,83235876.0
75 Nickel And Articles Thereof,Malaysia,2006,403102,403102.0
80 Tin And Articles Thereof,Philippines,2002,1778370,1778370.0
74 Copper And Articles Thereof,Cambodia,2009,10620,10620.0
80 Tin And Articles Thereof,Hong Kong,2006,4113010,3874102.0
75 Nickel And Articles Thereof,Thailand,2007,72461,72461.0
75 Nickel And Articles Thereof,Thailand,2005,64066,64066.0
75 Nickel And Articles Thereof,Indonesia,2009,209067,209067.0
75 Nickel And Articles Thereof,"Korea, South",2002,427638,427638.0
74 Copper And Articles Thereof,Vietnam,2009,1942412,1942412.0
75 Nickel And Articles Thereof,"Korea, South",2010,28699055,28699055.0
76 Aluminum And Articles Thereof,Japan,2009,119104514,93774216.0
76 Aluminum And Articles Thereof,Thailand,2004,122256921,122227257.0
80 Tin And Articles Thereof,"Korea, South",2007,2584896,2584896.0
75 Nickel And Articles Thereof,Hong Kong,2003,196013,196013.0
80 Tin And Articles Thereof,Taiwan,2002,4362418,4362418.0
76 Aluminum And Articles Thereof,Indonesia,2006,116421043,116421043.0
76 Aluminum And Articles Thereof,Hong Kong,2007,33051815,33051815.0
76 Aluminum And Articles Thereof,Macau,2006,10498,10498.0
74 Copper And Articles Thereof,Japan,2009,96518358,96268259.0
75 Nickel And Articles Thereof,Singapore,2006,2310932,2310932.0
74 Copper And Articles Thereof,Singapore,2008,5793141,5793141.0
74 Copper And Articles Thereof,Japan,2008,210791703,209698020.0
76 Aluminum And Articles Thereof,Singapore,2010,5885168,5885168.0
74 Copper And Articles Thereof,Vietnam,2005,357628,357628.0
76 Aluminum And Articles Thereof,Taiwan,2006,95836930,95245804.0
76 Aluminum And Articles Thereof,"Korea, South",2006,105715605,105360408.0
76 Aluminum And Articles Thereof,Japan,2006,243241787,209089136.0
75 Nickel And Articles Thereof,Malaysia,2003,124885,124885.0
80 Tin And Articles Thereof,Indonesia,2003,10265573,10265573.0
80 Tin And Articles Thereof,Singapore,2003,56688,56688.0
74 Copper And Articles Thereof,Singapore,2009,3469222,3469222.0
80 Tin And Articles Thereof,Philippines,2010,289776,289776.0
76 Aluminum And Articles Thereof,Japan,2008,232305293,180301962.0
74 Copper And Articles Thereof,Mongolia,2007,29216,29216.0
80 Tin And Articles Thereof,Thailand,2001,1030743,
75 Nickel And Articles Thereof,Malaysia,2004,77981,77981.0
74 Copper And Articles Thereof,Hong Kong,2006,5390530,5390530.0
76 Aluminum And Articles Thereof,Japan,2003,216336396,182072019.0
80 Tin And Articles Thereof,Taiwan,2005,3062394,3062394.0
74 Copper And Articles Thereof,Indonesia,2001,5288065,
80 Tin And Articles Thereof,Vietnam,2001,20612,
80 Tin And Articles Thereof,Indonesia,2001,17642421,
75 Nickel And Articles Thereof,Hong Kong,2004,161177,161177.0
75 Nickel And Articles Thereof,Hong Kong,2006,287658,287658.0
80 Tin And Articles Thereof,Hong Kong,2008,2063965,2063965.0
80 Tin And Articles Thereof,Japan,2003,2213420,9495482.0
76 Aluminum And Articles Thereof,Philippines,2005,3226865,3226865.0
76 Aluminum And Articles Thereof,"Korea, South",2003,76796687,76199214.0
75 Nickel And Articles Thereof,Singapore,2001,4392032,
75 Nickel And Articles Thereof,Singapore,2002,354915,354915.0
75 Nickel And Articles Thereof,Taiwan,2002,2886423,1069271.0
74 Copper And Articles Thereof,Hong Kong,2002,4149764,4191762.0
80 Tin And Articles Thereof,"Korea, South",2005,124706,124706.0
74 Copper And Articles Thereof,Indonesia,2003,4468782,4468782.0
76 Aluminum And Articles Thereof,Vietnam,2003,1404678,1404678.0
76 Aluminum And Articles Thereof,Philippines,2002,2970809,2970809.0
76 Aluminum And Articles Thereof,Thailand,2009,141818140,141818140.0
75 Nickel And Articles Thereof,Indonesia,2006,1051672,1051672.0
74 Copper And Articles Thereof,Vietnam,2004,238563,238563.0
74 Copper And Articles Thereof,Thailand,2002,36603315,36442090.0
75 Nickel And Articles Thereof,Hong Kong,2002,112136,112136.0
75 Nickel And Articles Thereof,Hong Kong,2010,136239,116325.0
74 Copper And Articles Thereof,Hong Kong,2010,4660825,4660825.0
75 Nickel And Articles Thereof,Indonesia,2004,345419,345419.0
76 Aluminum And Articles Thereof,Philippines,2003,2155312,2155312.0
75 Nickel And Articles Thereof,Japan,2004,21798120,21841078.0
75 Nickel And Articles Thereof,Taiwan,2008,10880296,10868673.0
80 Tin And Articles Thereof,Vietnam,2006,480292,480292.0
75 Nickel And Articles Thereof,Thailand,2006,38179,38179.0
74 Copper And Articles Thereof,Taiwan,2006,178443475,178389189.0
74 Copper And Articles Thereof,Burma,2001,4115,
80 Tin And Articles Thereof,Singapore,2004,424904,424904.0
75 Nickel And Articles Thereof,Malaysia,2009,252898,252898.0
76 Aluminum And Articles Thereof,Malaysia,2001,34233188,
74 Copper And Articles Thereof,Cambodia,2001,9600,
74 Copper And Articles Thereof,Singapore,2001,3014317,
74 Copper And Articles Thereof,Taiwan,2008,149102498,149069711.0
76 Aluminum And Articles Thereof,Macau,2008,74873,74873.0
74 Copper And Articles Thereof,Japan,2003,128482323,127826990.0
76 Aluminum And Articles Thereof,Vietnam,2002,524041,524041.0
80 Tin And Articles Thereof,Vietnam,2007,143376,143376.0
80 Tin And Articles Thereof,Japan,2001,334932,
80 Tin And Articles Thereof,Indonesia,2009,17832946,17832946.0
76 Aluminum And Articles Thereof,Malaysia,2010,18138857,18133574.0
74 Copper And Articles Thereof,Thailand,2010,56194275,56194275.0
76 Aluminum And Articles Thereof,Philippines,2010,2545941,2051929.0
74 Copper And Articles Thereof,Hong Kong,2007,6831745,6831745.0
80 Tin And Articles Thereof,Indonesia,2006,36660806,36660806.0
74 Copper And Articles Thereof,Singapore,2007,4649175,4649175.0
74 Copper And Articles Thereof,Taiwan,2009,92457052,92397608.0
75 Nickel And Articles Thereof,Taiwan,2010,13435345,13435345.0
76 Aluminum And Articles Thereof,Singapore,2003,4443478,4443478.0
75 Nickel And Articles Thereof,Thailand,2003,43432,43432.0
80 Tin And Articles Thereof,Singapore,2005,1552866,1552866.0
74 Copper And Articles Thereof,Thailand,2005,43235408,43165865.0
75 Nickel And Articles Thereof,Singapore,2007,2496551,2496551.0
74 Copper And Articles Thereof,Japan,2004,158363458,157312178.0
74 Copper And Articles Thereof,Philippines,2003,859560,859560.0
74 Copper And Articles Thereof,Malaysia,2006,108785788,99238342.0
75 Nickel And Articles Thereof,Malaysia,2002,56234,56234.0
80 Tin And Articles Thereof,"Korea, South",2009,2635280,2635280.0
76 Aluminum And Articles Thereof,Taiwan,2009,71173062,71030257.0
76 Aluminum And Articles Thereof,Taiwan,2004,90716696,90513728.0
74 Copper And Articles Thereof,Hong Kong,2009,3780945,3780945.0
76 Aluminum And Articles Thereof,Indonesia,2005,79121868,79121868.0
76 Aluminum And Articles Thereof,Japan,2001,176500200,
75 Nickel And Articles Thereof,Singapore,2008,5061935,5055458.0
75 Nickel And Articles Thereof,Thailand,2010,73117,73117.0
80 Tin And Articles Thereof,Malaysia,2003,2307704,3692306.0
74 Copper And Articles Thereof,Indonesia,2008,12421083,12421083.0
76 Aluminum And Articles Thereof,"Korea, South",2010,83456018,82947814.0
80 Tin And Articles Thereof,Vietnam,2003,348234,348234.0
76 Aluminum And Articles Thereof,Macau,2007,248143,248143.0
80 Tin And Articles Thereof,Vietnam,2005,178487,178487.0
76 Aluminum And Articles Thereof,Vietnam,2007,6052777,6052777.0
74 Copper And Articles Thereof,Thailand,2004,43754380,43743515.0
75 Nickel And Articles Thereof,Singapore,2005,1657764,1657764.0
80 Tin And Articles Thereof,Taiwan,2009,1954571,1954571.0
76 Aluminum And Articles Thereof,Macau,2005,52916,52916.0
75 Nickel And Articles Thereof,Philippines,2006,4921,4921.0
76 Aluminum And Articles Thereof,Singapore,2006,15947634,15939035.0
75 Nickel And Articles Thereof,Thailand,2008,129131,129131.0
74 Copper And Articles Thereof,Philippines,2008,4761069,4761069.0
76 Aluminum And Articles Thereof,"Korea, South",2007,109897931,109408021.0
76 Aluminum And Articles Thereof,Hong Kong,2003,32362427,32056835.0
75 Nickel And Articles Thereof,Japan,2006,44334570,44557831.0
80 Tin And Articles Thereof,Hong Kong,2003,1985662,1985662.0
80 Tin And Articles Thereof,Burma,2002,5227,5227.0
80 Tin And Articles Thereof,Malaysia,2008,35119611,35119611.0
80 Tin And Articles Thereof,Japan,2005,3434204,7568386.0
76 Aluminum And Articles Thereof,Philippines,2008,2492549,2492549.0
76 Aluminum And Articles Thereof,Japan,2010,159080258,120342712.0
80 Tin And Articles Thereof,Japan,2007,4075027,5922139.0
76 Aluminum And Articles Thereof,Thailand,2005,167697081,167656998.0
76 Aluminum And Articles Thereof,Taiwan,2001,69969203,
76 Aluminum And Articles Thereof,Philippines,2006,2351330,2351330.0
74 Copper And Articles Thereof,Hong Kong,2003,3054224,3230526.0
76 Aluminum And Articles Thereof,Taiwan,2008,116234083,115712699.0
74 Copper And Articles Thereof,Thailand,2007,63481921,63476762.0
74 Copper And Articles Thereof,"Korea, South",2006,126211433,126061694.0
80 Tin And Articles Thereof,Philippines,2009,135647,135647.0
80 Tin And Articles Thereof,Taiwan,2004,5056014,5056014.0
74 Copper And Articles Thereof,Malaysia,2003,19815427,19815427.0
76 Aluminum And Articles Thereof,Thailand,2002,113915666,113900545.0
74 Copper And Articles Thereof,Indonesia,2007,10982897,10982897.0
74 Copper And Articles Thereof,Cambodia,2007,2750,2750.0
74 Copper And Articles Thereof,Japan,2002,135139047,134595116.0
74 Copper And Articles Thereof,Taiwan,2002,152788649,152649373.0
76 Aluminum And Articles Thereof,Macau,2009,106746,106746.0
80 Tin And Articles Thereof,"Korea, South",2001,383883,
80 Tin And Articles Thereof,"Korea, South",2002,132115,132115.0
74 Copper And Articles Thereof,Singapore,2003,2326457,2181892.0
74 Copper And Articles Thereof,Taiwan,2010,131808904,131810157.0
80 Tin And Articles Thereof,Philippines,2006,623634,623634.0
80 Tin And Articles Thereof,Singapore,2002,195021,195021.0
75 Nickel And Articles Thereof,Philippines,2008,3806,3806.0
74 Copper And Articles Thereof,Thailand,2003,34226971,34226971.0
80 Tin And Articles Thereof,Philippines,2005,1537629,1537629.0
80 Tin And Articles Thereof,Macau,2007,11168,11168.0
74 Copper And Articles Thereof,Taiwan,2003,152960877,153261331.0
76 Aluminum And Articles Thereof,Indonesia,2007,139230819,139230819.0
76 Aluminum And Articles Thereof,Singapore,2005,8518037,8518037.0
74 Copper And Articles Thereof,Malaysia,2008,89894441,89901660.0
74 Copper And Articles Thereof,Hong Kong,2001,5752998,
80 Tin And Articles Thereof,Vietnam,2008,72407,72407.0
76 Aluminum And Articles Thereof,Indonesia,2002,29031393,28959261.0
74 Copper And Articles Thereof,Laos,2008,15170,15170.0
75 Nickel And Articles Thereof,Taiwan,2006,4973167,4973167.0
75 Nickel And Articles Thereof,Hong Kong,2008,61510,61510.0
76 Aluminum And Articles Thereof,Malaysia,2003,29444616,29416244.0
74 Copper And Articles Thereof,Cambodia,2005,3880,3880.0
80 Tin And Articles Thereof,Hong Kong,2002,2823588,2823588.0
75 Nickel And Articles Thereof,Hong Kong,2007,349041,349041.0
76 Aluminum And Articles Thereof,Hong Kong,2006,45783734,45768254.0
76 Aluminum And Articles Thereof,Indonesia,2009,46127531,46127531.0
75 Nickel And Articles Thereof,Singapore,2003,13089099,13089099.0
74 Copper And Articles Thereof,Hong Kong,2008,7271500,7271500.0
76 Aluminum And Articles Thereof,Taiwan,2010,98940902,98758583.0
80 Tin And Articles Thereof,Vietnam,2009,71358,71358.0
75 Nickel And Articles Thereof,Japan,2007,54312422,54662884.0
75 Nickel And Articles Thereof,"Korea, South",2009,15613058,15613058.0
80 Tin And Articles Thereof,Thailand,2004,7280950,7280950.0
74 Copper And Articles Thereof,Singapore,2006,5915363,5915363.0
76 Aluminum And Articles Thereof,Vietnam,2001,20318,
76 Aluminum And Articles Thereof,Vietnam,2005,2316693,2316693.0
76 Aluminum And Articles Thereof,Philippines,2007,1548933,1548933.0
74 Copper And Articles Thereof,Philippines,2005,5244737,5244737.0
75 Nickel And Articles Thereof,Japan,2008,39239390,39221294.0
80 Tin And Articles Thereof,Singapore,2001,760189,
76 Aluminum And Articles Thereof,"Korea, South",2002,81915003,81442648.0
80 Tin And Articles Thereof,Hong Kong,2007,3489100,3276545.0
76 Aluminum And Articles Thereof,Malaysia,2005,51260358,51260358.0
75 Nickel And Articles Thereof,Indonesia,2002,301387,301387.0
74 Copper And Articles Thereof,Hong Kong,2004,6503683,6503683.0
76 Aluminum And Articles Thereof,Macau,2010,93425,93425.0
74 Copper And Articles Thereof,"Korea, South",2008,147245544,147134407.0
74 Copper And Articles Thereof,"Korea, South",2007,136437570,136250369.0
76 Aluminum And Articles Thereof,"Korea, South",2009,59531490,58918401.0
80 Tin And Articles Thereof,Mongolia,2001,2164,
76 Aluminum And Articles Thereof,Taiwan,2005,91221310,90959452.0
80 Tin And Articles Thereof,Japan,2006,4671952,8476811.0
80 Tin And Articles Thereof,Philippines,2007,557976,557976.0
75 Nickel And Articles Thereof,Taiwan,2004,4092814,4092814.0
75 Nickel And Articles Thereof,"Korea, South",2007,541248,541248.0
75 Nickel And Articles Thereof,Indonesia,2010,40290,40290.0
80 Tin And Articles Thereof,Singapore,2008,15751102,15751102.0
74 Copper And Articles Thereof,Philippines,2002,1663579,1663579.0
74 Copper And Articles Thereof,Taiwan,2007,174784160,174804872.0
80 Tin And Articles Thereof,Singapore,2010,15861610,18213478.0
80 Tin And Articles Thereof,Malaysia,2002,4674968,1810172.0
74 Copper And Articles Thereof,Vietnam,2006,245507,245507.0
80 Tin And Articles Thereof,"Korea, South",2004,370355,370355.0
80 Tin And Articles Thereof,Indonesia,2004,39119896,37290825.0
80 Tin And Articles Thereof,Macau,2005,23972,23972.0
76 Aluminum And Articles Thereof,Malaysia,2004,52845466,52855897.0
74 Copper And Articles Thereof,"Korea, South",2003,43187855,43187855.0
74 Copper And Articles Thereof,Vietnam,2010,28491852,28491852.0
76 Aluminum And Articles Thereof,Hong Kong,2010,25154898,25131998.0
74 Copper And Articles Thereof,Cambodia,2003,4202,4202.0
76 Aluminum And Articles Thereof,Hong Kong,2002,30614412,30616129.0
76 Aluminum And Articles Thereof,Thailand,2003,116547555,116514702.0
74 Copper And Articles Thereof,Japan,2007,234394844,233002735.0
74 Copper And Articles Thereof,Indonesia,2010,12856684,12856684.0
76 Aluminum And Articles Thereof,Philippines,2001,2709006,
80 Tin And Articles Thereof,"Korea, South",2008,846548,846548.0
74 Copper And Articles Thereof,Philippines,2007,2668374,2668374.0
74 Copper And Articles Thereof,Vietnam,2008,1165406,1165406.0
80 Tin And Articles Thereof,Philippines,2001,2161335,
80 Tin And Articles Thereof,Japan,2008,6114764,6039645.0
75 Nickel And Articles Thereof,"Korea, South",2001,201154,
75 Nickel And Articles Thereof,Japan,2003,26104808,26236460.0
80 Tin And Articles Thereof,Thailand,2008,37426324,37426324.0
76 Aluminum And Articles Thereof,"Korea, South",2005,110161129,109890245.0
74 Copper And Articles Thereof,Thailand,2001,38163629,
75 Nickel And Articles Thereof,Taiwan,2005,3849154,3849154.0
80 Tin And Articles Thereof,Japan,2004,7886603,13893316.0
74 Copper And Articles Thereof,Thailand,2008,65837224,65810973.0
76 Aluminum And Articles Thereof,Vietnam,2004,2224382,2224382.0
80 Tin And Articles Thereof,Malaysia,2009,2714956,2714956.0
75 Nickel And Articles Thereof,Malaysia,2008,514191,514191.0
74 Copper And Articles Thereof,Philippines,2006,7206939,7206939.0
80 Tin And Articles Thereof,Taiwan,2003,5663633,5440030.0
76 Aluminum And Articles Thereof,Singapore,2008,24277860,24277860.0
80 Tin And Articles Thereof,Thailand,2009,956038,956038.0
80 Tin And Articles Thereof,Philippines,2004,1454040,1454040.0
75 Nickel And Articles Thereof,Hong Kong,2001,331892,
74 Copper And Articles Thereof,Philippines,2001,14507529,
80 Tin And Articles Thereof,Hong Kong,2001,3302405,
76 Aluminum And Articles Thereof,Thailand,2008,191943870,191943870.0
74 Copper And Articles Thereof,Vietnam,2007,166393,166393.0
76 Aluminum And Articles Thereof,Vietnam,2006,5614471,5614471.0
76 Aluminum And Articles Thereof,Malaysia,2009,18014589,18007059.0
76 Aluminum And Articles Thereof,Vietnam,2009,2244335,2244335.0
74 Copper And Articles Thereof,Singapore,2005,2444110,2444110.0
80 Tin And Articles Thereof,Indonesia,2008,30872360,30872360.0
76 Aluminum And Articles Thereof,Malaysia,2002,16590161,16508873.0
74 Copper And Articles Thereof,Laos,2001,20671,
74 Copper And Articles Thereof,Philippines,2004,1499055,1499055.0
75 Nickel And Articles Thereof,Japan,2005,33826800,33284499.0
74 Copper And Articles Thereof,Taiwan,2004,169463842,169646529.0
80 Tin And Articles Thereof,"Korea, South",2010,822288,822288.0
80 Tin And Articles Thereof,Singapore,2006,12342289,12342289.0
80 Tin And Articles Thereof,Thailand,2006,3247874,3247874.0
76 Aluminum And Articles Thereof,Thailand,2001,114463943,
74 Copper And Articles Thereof,Malaysia,2001,19395332,
76 Aluminum And Articles Thereof,Hong Kong,2009,18805072,18731235.0
75 Nickel And Articles Thereof,"Korea, South",2003,245362,245362.0
76 Aluminum And Articles Thereof,Macau,2003,101567,101567.0
76 Aluminum And Articles Thereof,Philippines,2004,3368107,3368107.0
80 Tin And Articles Thereof,Taiwan,2001,4876967,
80 Tin And Articles Thereof,Thailand,2010,34540096,31778133.0
80 Tin And Articles Thereof,Indonesia,2002,11645289,11645289.0
80 Tin And Articles Thereof,"Korea, South",2003,142862,142862.0
74 Copper And Articles Thereof,Indonesia,2006,11621339,11621339.0
74 Copper And Articles Thereof,Cambodia,2006,11000,11000.0
74 Copper And Articles Thereof,Indonesia,2002,4694735,4694735.0
74 Copper And Articles Thereof,Japan,2005,159708612,158033213.0
75 Nickel And Articles Thereof,Thailand,2009,442661,442661.0
76 Aluminum And Articles Thereof,Hong Kong,2001,46306445,
76 Aluminum And Articles Thereof,"Korea, South",2001,77144557,
74 Copper And Articles Thereof,Vietnam,2002,67518,67518.0
76 Aluminum And Articles Thereof,Indonesia,2001,42792916,
74 Copper And Articles Thereof,Indonesia,2009,11420995,11420995.0
80 Tin And Articles Thereof,Malaysia,2006,4095040,4095040.0
75 Nickel And Articles Thereof,Japan,2001,36019634,
80 Tin And Articles Thereof,Indonesia,2005,37364156,37364156.0
76 Aluminum And Articles Thereof,Hong Kong,2005,39236298,39263504.0
74 Copper And Articles Thereof,"Korea, South",2001,45622615,
76 Aluminum And Articles Thereof,Japan,2004,250147671,211216310.0
76 Aluminum And Articles Thereof,Japan,2005,257016912,223140288.0
75 Nickel And Articles Thereof,Malaysia,2005,3132,3132.0
80 Tin And Articles Thereof,Hong Kong,2009,1345835,1335137.0
75 Nickel And Articles Thereof,Singapore,2004,1130065,1130065.0
80 Tin And Articles Thereof,Thailand,2003,937573,937573.0
74 Copper And Articles Thereof,Malaysia,2010,97763043,97763043.0
74 Copper And Articles Thereof,Laos,2006,2800,2800.0
74 Copper And Articles Thereof,"Korea, South",2009,78287800,78175790.0
74 Copper And Articles Thereof,Japan,2010,152934243,151642954.0
75 Nickel And Articles Thereof,Taiwan,2007,9517713,9517713.0
80 Tin And Articles Thereof,Hong Kong,2005,1706053,1654747.0
80 Tin And Articles Thereof,Singapore,2009,5658733,5658733.0
76 Aluminum And Articles Thereof,Macau,2002,44640,44640.0
76 Aluminum And Articles Thereof,Vietnam,2010,10359914,10359914.0
74 Copper And Articles Thereof,Malaysia,2007,123052282,113421675.0
80 Tin And Articles Thereof,Japan,2010,10860326,10860326.0
74 Copper And Articles Thereof,Malaysia,2005,55517851,53446653.0
76 Aluminum And Articles Thereof,Taiwan,2007,97585140,96427120.0
75 Nickel And Articles Thereof,Singapore,2010,36680768,36680768.0
76 Aluminum And Articles Thereof,Singapore,2009,10890765,10890765.0
75 Nickel And Articles Thereof,Thailand,2001,85898,
76 Aluminum And Articles Thereof,Hong Kong,2004,29270419,29170445.0
75 Nickel And Articles Thereof,"Korea, South",2008,3216691,3216691.0
76 Aluminum And Articles Thereof,Indonesia,2010,184901104,184901104.0
74 Copper And Articles Thereof,Laos,2010,3995,3995.0
76 Aluminum And Articles Thereof,Indonesia,2003,32912698,32851778.0
80 Tin And Articles Thereof,Hong Kong,2004,1518645,1518645.0
75 Nickel And Articles Thereof,Indonesia,2008,382210,382210.0
75 Nickel And Articles Thereof,Japan,2002,33754878,33754878.0
74 Copper And Articles Thereof,Taiwan,2001,161707093,
75 Nickel And Articles Thereof,Japan,2009,43544666,43503727.0
80 Tin And Articles Thereof,Indonesia,2010,37935048,37935048.0
74 Copper And Articles Thereof,Japan,2006,230148699,229046332.0
76 Aluminum And Articles Thereof,Malaysia,2006,35126504,35126504.0
75 Nickel And Articles Thereof,Malaysia,2001,145191,
76 Aluminum And Articles Thereof,Taiwan,2002,66985366,66528378.0
74 Copper And Articles Thereof,Singapore,2004,2970590,2165593.0
75 Nickel And Articles Thereof,Hong Kong,2005,214930,214930.0
80 Tin And Articles Thereof,Taiwan,2010,1254031,1254031.0
76 Aluminum And Articles Thereof,Singapore,2001,3328233,
75 Nickel And Articles Thereof,Indonesia,2007,1605002,1605002.0
80 Tin And Articles Thereof,Hong Kong,2010,1098293,1098293.0
74 Copper And Articles Thereof,Cambodia,2008,7416,7416.0
76 Aluminum And Articles Thereof,Singapore,2002,2755196,2746209.0
75 Nickel And Articles Thereof,Malaysia,2010,2468496,2468496.0
80 Tin And Articles Thereof,Singapore,2007,26082892,26082892.0
76 Aluminum And Articles Thereof,"Korea, South",2004,80796525,80453959.0
75 Nickel And Articles Thereof,"Korea, South",2006,460937,460937.0
74 Copper And Articles Thereof,Macau,2004,2194,2194.0
74 Copper And Articles Thereof,Macau,2007,3440,3440.0
80 Tin And Articles Thereof,Vietnam,2010,4090217,4090217.0
80 Tin And Articles Thereof,Philippines,2003,1411799,1411799.0
74 Copper And Articles Thereof,Philippines,2009,1439437,1439437.0
80 Tin And Articles Thereof,Indonesia,2007,19256727,19256727.0
74 Copper And Articles Thereof,Thailand,2006,64003201,64003201.0
80 Tin And Articles Thereof,Japan,2002,309450,8142429.0
80 Tin And Articles Thereof,Malaysia,2005,16030277,16030277.0
74 Copper And Articles Thereof,Indonesia,2005,7023517,7023517.0
74 Copper And Articles Thereof,Macau,2003,9727,9727.0
80 Tin And Articles Thereof,Japan,2009,6474261,6474261.0
75 Nickel And Articles Thereof,"Korea, South",2005,1217443,1217443.0
80 Tin And Articles Thereof,Vietnam,2002,26810,26810.0
76 Aluminum And Articles Thereof,Cambodia,2007,168811,168811.0
76 Aluminum And Articles Thereof,Thailand,2007,169335413,169226413.0
80 Tin And Articles Thereof,Malaysia,2010,91380978,91380978.0
80 Tin And Articles Thereof,Malaysia,2001,4480760,
74 Copper And Articles Thereof,Malaysia,2009,41063942,41063942.0
74 Copper And Articles Thereof,Singapore,2010,8432609,8432609.0
76 Aluminum And Articles Thereof,Thailand,2010,195207176,194979582.0
74 Copper And Articles Thereof,Indonesia,2004,7362824,7362824.0
80 Tin And Articles Thereof,Taiwan,2006,3868099,3868099.0
80 Tin And Articles Thereof,Malaysia,2007,2193411,2193411.0
75 Nickel And Articles Thereof,Thailand,2004,21728,21728.0
75 Nickel And Articles Thereof,Malaysia,2007,679314,679314.0
76 Aluminum And Articles Thereof,Malaysia,2007,33583448,33583448.0
75 Nickel And Articles Thereof,Singapore,2009,3922697,3922697.0
"8108 Titanium & Articles Thereof, Includ Waste & Scrap",Hong Kong,2002,17640,17640.0
7226 Fl-rl Alloy Steel Nesoi Un 600mm Wide,Japan,2007,14603326,14603326.0
"8112 Beryllium,chromium,hafnium,rhenium Etc & Articles",Malaysia,2010,333600,333600.0
"3910 Silicones, In Primary Forms",Japan,2005,74440429,73740054.0
"8108 Titanium & Articles Thereof, Includ Waste & Scrap",Japan,2009,100894159,100898740.0
3801 Artificial Graphite; Collodial Graphite & Prep Etc,Japan,2006,26308954,26308954.0
7226 Fl-rl Alloy Steel Nesoi Un 600mm Wide,"Korea, South",2005,289315,289315.0
2504 Natural Graphite,Japan,2003,1932884,1932884.0
"3910 Silicones, In Primary Forms",Vietnam,2010,16385,16385.0
2504 Natural Graphite,Thailand,2007,3822,3822.0
"8111 Manganese And Artcles Thereof, Inc Waste And Scrap",Japan,2003,75978,75978.0
7225 Fl-rl Alloy Steel Nesoi Nun 600mm Wide,Thailand,2001,429796,
7225 Fl-rl Alloy Steel Nesoi Nun 600mm Wide,Japan,2003,66080605,60755155.0
2846 Rare-earth Metal Compounds Of Yttrium Or Scandium,Japan,2007,24271976,15213366.0
"7110 Platinum, Unwrought, Semimfr Forms Or In Powder Fm","Korea, South",2001,2070742,
3801 Artificial Graphite; Collodial Graphite & Prep Etc,Taiwan,2005,378484,378484.0
"3910 Silicones, In Primary Forms",Singapore,2003,6110,6110.0
8110 Antimony And Artcls Throf Incl Waste And Scrap,Hong Kong,2008,2227168,2227168.0
"8108 Titanium & Articles Thereof, Includ Waste & Scrap","Korea, South",2007,2539448,2539448.0
"3910 Silicones, In Primary Forms",Hong Kong,2004,133855,133855.0
"8105 Cobalt Mattes Etc, Cobalt & Art, Inc Waste & Scrap","Korea, South",2010,246064,246064.0
"8108 Titanium & Articles Thereof, Includ Waste & Scrap",Thailand,2010,107017,107017.0
"8112 Beryllium,chromium,hafnium,rhenium Etc & Articles",Thailand,2004,7971,7971.0
7225 Fl-rl Alloy Steel Nesoi Nun 600mm Wide,"Korea, South",2009,22829942,22829942.0
"8112 Beryllium,chromium,hafnium,rhenium Etc & Articles",Thailand,2002,13177,13177.0
7225 Fl-rl Alloy Steel Nesoi Nun 600mm Wide,Taiwan,2002,1919831,1919831.0
3801 Artificial Graphite; Collodial Graphite & Prep Etc,"Korea, South",2005,400751,400751.0
"8105 Cobalt Mattes Etc, Cobalt & Art, Inc Waste & Scrap",Malaysia,2007,124100,124100.0
"8112 Beryllium,chromium,hafnium,rhenium Etc & Articles",Hong Kong,2009,2490075,2490075.0
3801 Artificial Graphite; Collodial Graphite & Prep Etc,"Korea, South",2003,77980,77980.0
7225 Fl-rl Alloy Steel Nesoi Nun 600mm Wide,Hong Kong,2001,3197,
7226 Fl-rl Alloy Steel Nesoi Un 600mm Wide,"Korea, South",2001,258802,
"3910 Silicones, In Primary Forms",Indonesia,2009,763464,763464.0
"8105 Cobalt Mattes Etc, Cobalt & Art, Inc Waste & Scrap","Korea, South",2004,1622596,1622596.0
"8112 Beryllium,chromium,hafnium,rhenium Etc & Articles",Malaysia,2001,19134,
"3910 Silicones, In Primary Forms",Philippines,2002,368,368.0
"7110 Platinum, Unwrought, Semimfr Forms Or In Powder Fm","Korea, South",2003,10233093,10233093.0
"8112 Beryllium,chromium,hafnium,rhenium Etc & Articles",Hong Kong,2007,2513004,2513004.0
"8105 Cobalt Mattes Etc, Cobalt & Art, Inc Waste & Scrap",Malaysia,2008,41314,41314.0
7225 Fl-rl Alloy Steel Nesoi Nun 600mm Wide,Indonesia,2003,1017099,1017099.0
"3910 Silicones, In Primary Forms",Malaysia,2005,29848,29848.0
7225 Fl-rl Alloy Steel Nesoi Nun 600mm Wide,"Korea, South",2006,43798823,43798823.0
"8111 Manganese And Artcles Thereof, Inc Waste And Scrap",Japan,2001,45098,
"8108 Titanium & Articles Thereof, Includ Waste & Scrap",Malaysia,2007,68075,68075.0
"8105 Cobalt Mattes Etc, Cobalt & Art, Inc Waste & Scrap",Singapore,2004,3758,3758.0
"7110 Platinum, Unwrought, Semimfr Forms Or In Powder Fm",Taiwan,2004,131606,131606.0
"3910 Silicones, In Primary Forms",Singapore,2006,22381,22381.0
2504 Natural Graphite,Taiwan,2001,184030,
"8105 Cobalt Mattes Etc, Cobalt & Art, Inc Waste & Scrap",Singapore,2006,42701,42701.0
"8108 Titanium & Articles Thereof, Includ Waste & Scrap",Thailand,2002,41055,41055.0
"8108 Titanium & Articles Thereof, Includ Waste & Scrap",Indonesia,2010,186785,186785.0
"8105 Cobalt Mattes Etc, Cobalt & Art, Inc Waste & Scrap",Japan,2003,4316520,4316520.0
"8108 Titanium & Articles Thereof, Includ Waste & Scrap",Japan,2001,68254608,
"3910 Silicones, In Primary Forms",Hong Kong,2005,108256,108256.0
8110 Antimony And Artcls Throf Incl Waste And Scrap,Vietnam,2008,126500,126500.0
"2801 Fluorine, Chlorine, Bromine & Iodine","Korea, South",2004,3016,3016.0
"7110 Platinum, Unwrought, Semimfr Forms Or In Powder Fm",Hong Kong,2002,25032,25032.0
"8112 Beryllium,chromium,hafnium,rhenium Etc & Articles",Malaysia,2003,6846,6846.0
"8105 Cobalt Mattes Etc, Cobalt & Art, Inc Waste & Scrap",Malaysia,2005,3875,3875.0
7226 Fl-rl Alloy Steel Nesoi Un 600mm Wide,Hong Kong,2004,59333,59333.0
3801 Artificial Graphite; Collodial Graphite & Prep Etc,Thailand,2008,3939,3939.0
"7110 Platinum, Unwrought, Semimfr Forms Or In Powder Fm",Japan,2007,56957347,56957347.0
3801 Artificial Graphite; Collodial Graphite & Prep Etc,Japan,2004,20386246,20386246.0
"8108 Titanium & Articles Thereof, Includ Waste & Scrap",Indonesia,2006,576368,576368.0
"8112 Beryllium,chromium,hafnium,rhenium Etc & Articles",Singapore,2003,161288,161288.0
2614 Titanium Ores And Concentrates,Malaysia,2002,5140299,5140299.0
"8108 Titanium & Articles Thereof, Includ Waste & Scrap",Japan,2010,135211209,134867403.0
7225 Fl-rl Alloy Steel Nesoi Nun 600mm Wide,Hong Kong,2008,17035,17035.0
"8112 Beryllium,chromium,hafnium,rhenium Etc & Articles",Malaysia,2004,211889,211889.0
7225 Fl-rl Alloy Steel Nesoi Nun 600mm Wide,Thailand,2005,860355,860355.0
"7110 Platinum, Unwrought, Semimfr Forms Or In Powder Fm","Korea, South",2005,4096646,4096646.0
2846 Rare-earth Metal Compounds Of Yttrium Or Scandium,Hong Kong,2010,465845,465845.0
"7110 Platinum, Unwrought, Semimfr Forms Or In Powder Fm","Korea, South",2007,32376657,32376657.0
7226 Fl-rl Alloy Steel Nesoi Un 600mm Wide,Japan,2006,11882781,11882781.0
"8112 Beryllium,chromium,hafnium,rhenium Etc & Articles",Japan,2002,3416992,3416992.0
"7110 Platinum, Unwrought, Semimfr Forms Or In Powder Fm",Thailand,2008,441051,441051.0
"3910 Silicones, In Primary Forms",Japan,2004,73710266,72687080.0
"8112 Beryllium,chromium,hafnium,rhenium Etc & Articles",Taiwan,2008,272789,272789.0
7226 Fl-rl Alloy Steel Nesoi Un 600mm Wide,"Korea, South",2010,2468725,2468725.0
"7110 Platinum, Unwrought, Semimfr Forms Or In Powder Fm",Hong Kong,2010,5670,5670.0
2820 Manganese Oxides,Japan,2010,16087746,16087746.0
2504 Natural Graphite,Taiwan,2010,2400,2400.0
7225 Fl-rl Alloy Steel Nesoi Nun 600mm Wide,Japan,2009,165625859,165625859.0
"7110 Platinum, Unwrought, Semimfr Forms Or In Powder Fm",Hong Kong,2003,4988,4988.0
"8112 Beryllium,chromium,hafnium,rhenium Etc & Articles",Hong Kong,2004,1972232,1856204.0
2614 Titanium Ores And Concentrates,"Korea, South",2003,35304,35304.0
"8112 Beryllium,chromium,hafnium,rhenium Etc & Articles",Japan,2008,15450036,15450036.0
2846 Rare-earth Metal Compounds Of Yttrium Or Scandium,Taiwan,2006,4600,4600.0
"3910 Silicones, In Primary Forms",Hong Kong,2010,103040,103040.0
"8112 Beryllium,chromium,hafnium,rhenium Etc & Articles",Hong Kong,2002,8722,8722.0
8110 Antimony And Artcls Throf Incl Waste And Scrap,Hong Kong,2005,445877,445877.0
7225 Fl-rl Alloy Steel Nesoi Nun 600mm Wide,Taiwan,2006,379757,379757.0
2846 Rare-earth Metal Compounds Of Yttrium Or Scandium,Mongolia,2009,1405109,1405109.0
"8112 Beryllium,chromium,hafnium,rhenium Etc & Articles","Korea, South",2004,41576,41576.0
"8112 Beryllium,chromium,hafnium,rhenium Etc & Articles",Hong Kong,2001,18770,
"3910 Silicones, In Primary Forms",Philippines,2006,47377,47377.0
"8105 Cobalt Mattes Etc, Cobalt & Art, Inc Waste & Scrap",Malaysia,2002,14473,14473.0
"3910 Silicones, In Primary Forms",Hong Kong,2007,165880,165880.0
2504 Natural Graphite,Japan,2010,2209407,2209407.0
"8105 Cobalt Mattes Etc, Cobalt & Art, Inc Waste & Scrap",Japan,2008,16276072,16274644.0
3801 Artificial Graphite; Collodial Graphite & Prep Etc,Taiwan,2007,408284,408284.0
3801 Artificial Graphite; Collodial Graphite & Prep Etc,"Korea, South",2001,194267,
2614 Titanium Ores And Concentrates,Vietnam,2003,2889488,2889488.0
3801 Artificial Graphite; Collodial Graphite & Prep Etc,Taiwan,2010,82092,82092.0
2820 Manganese Oxides,Singapore,2010,245100,245100.0
2614 Titanium Ores And Concentrates,Malaysia,2008,2078762,2078762.0
"8111 Manganese And Artcles Thereof, Inc Waste And Scrap",Malaysia,2009,111233,111233.0
2846 Rare-earth Metal Compounds Of Yttrium Or Scandium,Malaysia,2007,6457,6457.0
2504 Natural Graphite,Japan,2001,3244218,
"8112 Beryllium,chromium,hafnium,rhenium Etc & Articles",Singapore,2006,1247919,1247919.0
"8108 Titanium & Articles Thereof, Includ Waste & Scrap",Hong Kong,2010,7307,7307.0
2820 Manganese Oxides,"Korea, South",2006,7511,7511.0
7226 Fl-rl Alloy Steel Nesoi Un 600mm Wide,"Korea, South",2007,1509691,1509691.0
2820 Manganese Oxides,"Korea, South",2010,36663,36663.0
"8112 Beryllium,chromium,hafnium,rhenium Etc & Articles","Korea, South",2006,1483927,1483927.0
"7110 Platinum, Unwrought, Semimfr Forms Or In Powder Fm",Singapore,2008,361200,361200.0
"8108 Titanium & Articles Thereof, Includ Waste & Scrap",Singapore,2005,1119318,1119318.0
2820 Manganese Oxides,Japan,2001,975219,
"2801 Fluorine, Chlorine, Bromine & Iodine",Japan,2002,22696161,22696161.0
2846 Rare-earth Metal Compounds Of Yttrium Or Scandium,Mongolia,2008,316800,316800.0
7225 Fl-rl Alloy Steel Nesoi Nun 600mm Wide,Indonesia,2002,515078,515078.0
2846 Rare-earth Metal Compounds Of Yttrium Or Scandium,"Korea, South",2006,761327,90139.0
"8108 Titanium & Articles Thereof, Includ Waste & Scrap",Thailand,2008,204091,204091.0
"8105 Cobalt Mattes Etc, Cobalt & Art, Inc Waste & Scrap",Taiwan,2010,297268,297268.0
"8108 Titanium & Articles Thereof, Includ Waste & Scrap",Hong Kong,2006,313503,313503.0
"8112 Beryllium,chromium,hafnium,rhenium Etc & Articles",Taiwan,2005,167074,167074.0
"7110 Platinum, Unwrought, Semimfr Forms Or In Powder Fm",Thailand,2010,21832,21832.0
3801 Artificial Graphite; Collodial Graphite & Prep Etc,Japan,2008,27876576,27876576.0
"7110 Platinum, Unwrought, Semimfr Forms Or In Powder Fm","Korea, South",2002,8960360,8960360.0
8110 Antimony And Artcls Throf Incl Waste And Scrap,Japan,2010,163416,163416.0
2820 Manganese Oxides,"Korea, South",2009,79297,79297.0
"8105 Cobalt Mattes Etc, Cobalt & Art, Inc Waste & Scrap",Taiwan,2007,268846,268846.0
"8112 Beryllium,chromium,hafnium,rhenium Etc & Articles",Japan,2004,18201313,18201313.0
7225 Fl-rl Alloy Steel Nesoi Nun 600mm Wide,Japan,2004,113938099,110307498.0
"7110 Platinum, Unwrought, Semimfr Forms Or In Powder Fm",Hong Kong,2006,171323,171323.0
2504 Natural Graphite,"Korea, South",2008,6394,6394.0
7225 Fl-rl Alloy Steel Nesoi Nun 600mm Wide,Taiwan,2004,1418796,1418796.0
7225 Fl-rl Alloy Steel Nesoi Nun 600mm Wide,"Korea, South",2001,18984447,
7225 Fl-rl Alloy Steel Nesoi Nun 600mm Wide,"Korea, South",2004,6400097,6400097.0
3801 Artificial Graphite; Collodial Graphite & Prep Etc,Indonesia,2008,37940,37940.0
2846 Rare-earth Metal Compounds Of Yttrium Or Scandium,"Korea, South",2004,2512561,2512561.0
7226 Fl-rl Alloy Steel Nesoi Un 600mm Wide,Taiwan,2001,61588,
"3910 Silicones, In Primary Forms","Korea, South",2006,1577094,1577094.0
7225 Fl-rl Alloy Steel Nesoi Nun 600mm Wide,Taiwan,2008,4313956,4313956.0
2846 Rare-earth Metal Compounds Of Yttrium Or Scandium,Japan,2006,18871024,16246399.0
"3910 Silicones, In Primary Forms",Malaysia,2006,4913,4913.0
"8108 Titanium & Articles Thereof, Includ Waste & Scrap",Singapore,2010,1093167,1093167.0
3801 Artificial Graphite; Collodial Graphite & Prep Etc,Indonesia,2004,39914,39914.0
"8111 Manganese And Artcles Thereof, Inc Waste And Scrap",Hong Kong,2005,30037,30037.0
"8108 Titanium & Articles Thereof, Includ Waste & Scrap",Singapore,2006,3247772,3247772.0
2504 Natural Graphite,Japan,2008,1502562,1502562.0
"3910 Silicones, In Primary Forms",Thailand,2007,27205058,27205058.0
"8112 Beryllium,chromium,hafnium,rhenium Etc & Articles",Malaysia,2007,87560,87560.0
"7110 Platinum, Unwrought, Semimfr Forms Or In Powder Fm",Singapore,2003,49212,49212.0
2820 Manganese Oxides,Singapore,2008,206150,206150.0
"8112 Beryllium,chromium,hafnium,rhenium Etc & Articles","Korea, South",2009,1195463,1195463.0
7225 Fl-rl Alloy Steel Nesoi Nun 600mm Wide,Malaysia,2004,7546,7546.0
8110 Antimony And Artcls Throf Incl Waste And Scrap,Vietnam,2001,26128,
"8108 Titanium & Articles Thereof, Includ Waste & Scrap",Philippines,2006,10979,10979.0
"3910 Silicones, In Primary Forms",Taiwan,2009,287460,287460.0
"8112 Beryllium,chromium,hafnium,rhenium Etc & Articles","Korea, South",2003,131045,131045.0
3801 Artificial Graphite; Collodial Graphite & Prep Etc,Taiwan,2002,4890,4890.0
"7110 Platinum, Unwrought, Semimfr Forms Or In Powder Fm",Taiwan,2010,5944620,5944620.0
2604 Nickel Ores And Concentrates,Indonesia,2002,3200,3200.0
8110 Antimony And Artcls Throf Incl Waste And Scrap,Hong Kong,2010,201688,201688.0
"8112 Beryllium,chromium,hafnium,rhenium Etc & Articles",Indonesia,2006,2568,2568.0
"2801 Fluorine, Chlorine, Bromine & Iodine",Japan,2008,18393054,18393054.0
2504 Natural Graphite,"Korea, South",2010,8969,8969.0
"3910 Silicones, In Primary Forms",Taiwan,2007,232172,232172.0
3801 Artificial Graphite; Collodial Graphite & Prep Etc,Taiwan,2001,40360,
"8105 Cobalt Mattes Etc, Cobalt & Art, Inc Waste & Scrap",Japan,2007,15364290,14106150.0
7225 Fl-rl Alloy Steel Nesoi Nun 600mm Wide,"Korea, South",2007,33648779,33648779.0
"3910 Silicones, In Primary Forms",Taiwan,2004,128327,128327.0
3801 Artificial Graphite; Collodial Graphite & Prep Etc,Taiwan,2008,89280,89280.0
"8108 Titanium & Articles Thereof, Includ Waste & Scrap",Taiwan,2002,855722,855722.0
2614 Titanium Ores And Concentrates,Malaysia,2006,4301600,4301600.0
"3910 Silicones, In Primary Forms",Hong Kong,2006,275388,275388.0
"3910 Silicones, In Primary Forms",Philippines,2009,2340,2340.0
"8112 Beryllium,chromium,hafnium,rhenium Etc & Articles",Malaysia,2006,6900,6900.0
"8105 Cobalt Mattes Etc, Cobalt & Art, Inc Waste & Scrap",Japan,2002,3486145,3486145.0
"3910 Silicones, In Primary Forms",Hong Kong,2009,745188,745188.0
2504 Natural Graphite,"Korea, South",2001,2127,
"8112 Beryllium,chromium,hafnium,rhenium Etc & Articles",Singapore,2007,261112,261112.0
7226 Fl-rl Alloy Steel Nesoi Un 600mm Wide,Japan,2002,7113010,7115965.0
7225 Fl-rl Alloy Steel Nesoi Nun 600mm Wide,Indonesia,2004,14616,14616.0
"8105 Cobalt Mattes Etc, Cobalt & Art, Inc Waste & Scrap",Taiwan,2005,87398,87398.0
"8111 Manganese And Artcles Thereof, Inc Waste And Scrap",Taiwan,2003,11025,11025.0
"8108 Titanium & Articles Thereof, Includ Waste & Scrap","Korea, South",2006,4787252,4787252.0
"7110 Platinum, Unwrought, Semimfr Forms Or In Powder Fm",Singapore,2006,1726555,1726555.0
2614 Titanium Ores And Concentrates,Japan,2004,5034,5034.0
2846 Rare-earth Metal Compounds Of Yttrium Or Scandium,"Korea, South",2007,1093499,120506.0
"3910 Silicones, In Primary Forms",Vietnam,2008,4322,4322.0
2614 Titanium Ores And Concentrates,Malaysia,2009,2920983,2920983.0
8110 Antimony And Artcls Throf Incl Waste And Scrap,"Korea, South",2010,6190,6190.0
"8105 Cobalt Mattes Etc, Cobalt & Art, Inc Waste & Scrap",Thailand,2003,2269,2269.0
7225 Fl-rl Alloy Steel Nesoi Nun 600mm Wide,Thailand,2007,6108826,6108826.0
"3910 Silicones, In Primary Forms","Korea, South",2008,2686538,2686538.0
"8108 Titanium & Articles Thereof, Includ Waste & Scrap",Japan,2007,161313566,161350585.0
"3910 Silicones, In Primary Forms",Philippines,2010,171976,171976.0
2504 Natural Graphite,Japan,2006,916690,916690.0
8110 Antimony And Artcls Throf Incl Waste And Scrap,Vietnam,2003,88257,88257.0
"8108 Titanium & Articles Thereof, Includ Waste & Scrap",Taiwan,2009,5805007,5805007.0
8110 Antimony And Artcls Throf Incl Waste And Scrap,Japan,2008,77674,77674.0
"8112 Beryllium,chromium,hafnium,rhenium Etc & Articles",Laos,2010,46014,46014.0
2820 Manganese Oxides,Japan,2004,4102608,4102608.0
"2801 Fluorine, Chlorine, Bromine & Iodine",Japan,2010,19129428,19129428.0
2846 Rare-earth Metal Compounds Of Yttrium Or Scandium,Hong Kong,2006,518476,518476.0
"7110 Platinum, Unwrought, Semimfr Forms Or In Powder Fm",Japan,2008,37187801,37187801.0
3801 Artificial Graphite; Collodial Graphite & Prep Etc,Singapore,2001,2500,
"8112 Beryllium,chromium,hafnium,rhenium Etc & Articles",Macau,2004,83799,83799.0
"7110 Platinum, Unwrought, Semimfr Forms Or In Powder Fm",Thailand,2007,19501,19501.0
8110 Antimony And Artcls Throf Incl Waste And Scrap,Hong Kong,2001,2385968,
"3910 Silicones, In Primary Forms",Taiwan,2002,172605,172605.0
2820 Manganese Oxides,Japan,2007,5078647,5078647.0
2820 Manganese Oxides,Indonesia,2006,74516,74516.0
"8105 Cobalt Mattes Etc, Cobalt & Art, Inc Waste & Scrap",Hong Kong,2004,115900,115900.0
"8111 Manganese And Artcles Thereof, Inc Waste And Scrap",Japan,2004,14419,14419.0
"8105 Cobalt Mattes Etc, Cobalt & Art, Inc Waste & Scrap",Singapore,2005,92112,92112.0
"8112 Beryllium,chromium,hafnium,rhenium Etc & Articles",Thailand,2010,203902,203902.0
8110 Antimony And Artcls Throf Incl Waste And Scrap,Hong Kong,2006,77900,77900.0
"8108 Titanium & Articles Thereof, Includ Waste & Scrap",Thailand,2001,23408,
"3910 Silicones, In Primary Forms",Singapore,2007,9195,9195.0
"7110 Platinum, Unwrought, Semimfr Forms Or In Powder Fm",Singapore,2005,5124190,5124190.0
7225 Fl-rl Alloy Steel Nesoi Nun 600mm Wide,Malaysia,2007,137526,137526.0
"2801 Fluorine, Chlorine, Bromine & Iodine",Singapore,2008,4000,4000.0
"8112 Beryllium,chromium,hafnium,rhenium Etc & Articles",Singapore,2004,144786,144786.0
"3910 Silicones, In Primary Forms",Indonesia,2005,660,660.0
7226 Fl-rl Alloy Steel Nesoi Un 600mm Wide,Japan,2005,9842541,9842541.0
"8105 Cobalt Mattes Etc, Cobalt & Art, Inc Waste & Scrap","Korea, South",2001,54606,
"8112 Beryllium,chromium,hafnium,rhenium Etc & Articles",Taiwan,2007,336300,336300.0
2614 Titanium Ores And Concentrates,Vietnam,2002,1181212,1181212.0
"8105 Cobalt Mattes Etc, Cobalt & Art, Inc Waste & Scrap",Philippines,2008,4843,4843.0
2846 Rare-earth Metal Compounds Of Yttrium Or Scandium,Japan,2005,24998145,24998145.0
2603 Copper Ores And Concentrates,Indonesia,2002,5723332,5723332.0
7226 Fl-rl Alloy Steel Nesoi Un 600mm Wide,"Korea, South",2002,320373,320373.0
"8108 Titanium & Articles Thereof, Includ Waste & Scrap","Korea, South",2008,2337946,2337946.0
3801 Artificial Graphite; Collodial Graphite & Prep Etc,Japan,2001,18138098,
"8108 Titanium & Articles Thereof, Includ Waste & Scrap",Hong Kong,2007,64387,64387.0
"3910 Silicones, In Primary Forms",Taiwan,2010,664932,664932.0
3801 Artificial Graphite; Collodial Graphite & Prep Etc,Indonesia,2006,16499,16499.0
"8111 Manganese And Artcles Thereof, Inc Waste And Scrap",Japan,2007,2098,2098.0
"8108 Titanium & Articles Thereof, Includ Waste & Scrap",Singapore,2008,914773,914773.0
"8108 Titanium & Articles Thereof, Includ Waste & Scrap","Korea, South",2005,3525165,3525165.0
"3910 Silicones, In Primary Forms",Malaysia,2009,50030,50030.0
8110 Antimony And Artcls Throf Incl Waste And Scrap,Taiwan,2005,72950,72950.0
"8111 Manganese And Artcles Thereof, Inc Waste And Scrap",Japan,2010,38700,38700.0
"3910 Silicones, In Primary Forms","Korea, South",2003,224580,224580.0
"8111 Manganese And Artcles Thereof, Inc Waste And Scrap",Hong Kong,2007,820830,820830.0
"8105 Cobalt Mattes Etc, Cobalt & Art, Inc Waste & Scrap",Japan,2010,16452383,15616394.0
2846 Rare-earth Metal Compounds Of Yttrium Or Scandium,Hong Kong,2003,366060,366060.0
2504 Natural Graphite,Taiwan,2002,17218,17218.0
"8112 Beryllium,chromium,hafnium,rhenium Etc & Articles",Singapore,2008,665849,665849.0
7225 Fl-rl Alloy Steel Nesoi Nun 600mm Wide,Indonesia,2001,22775,
3801 Artificial Graphite; Collodial Graphite & Prep Etc,Mongolia,2005,3000,3000.0
"3910 Silicones, In Primary Forms",Philippines,2008,252,252.0
"3910 Silicones, In Primary Forms",Thailand,2010,27474943,26660260.0
"8105 Cobalt Mattes Etc, Cobalt & Art, Inc Waste & Scrap",Thailand,2007,278051,278051.0
"3910 Silicones, In Primary Forms",Thailand,2009,21284523,21050706.0
2846 Rare-earth Metal Compounds Of Yttrium Or Scandium,Taiwan,2002,54934,54934.0
"7110 Platinum, Unwrought, Semimfr Forms Or In Powder Fm",Taiwan,2002,20575,20575.0
2846 Rare-earth Metal Compounds Of Yttrium Or Scandium,Malaysia,2008,10944,10944.0
7225 Fl-rl Alloy Steel Nesoi Nun 600mm Wide,Malaysia,2002,8500,8500.0
3801 Artificial Graphite; Collodial Graphite & Prep Etc,Malaysia,2010,633183,633183.0
"8112 Beryllium,chromium,hafnium,rhenium Etc & Articles",Hong Kong,2005,1681540,1681540.0
"8111 Manganese And Artcles Thereof, Inc Waste And Scrap",Japan,2009,128060,128060.0
2504 Natural Graphite,Japan,2004,2600027,2600027.0
"8112 Beryllium,chromium,hafnium,rhenium Etc & Articles",Malaysia,2009,72687,72687.0
"8112 Beryllium,chromium,hafnium,rhenium Etc & Articles",Singapore,2010,524567,524567.0
"8108 Titanium & Articles Thereof, Includ Waste & Scrap",Singapore,2002,113741,113741.0
"8105 Cobalt Mattes Etc, Cobalt & Art, Inc Waste & Scrap","Korea, South",2003,348625,348625.0
"3910 Silicones, In Primary Forms",Philippines,2001,3141,
"7110 Platinum, Unwrought, Semimfr Forms Or In Powder Fm","Korea, South",2010,15323501,15323501.0
"8108 Titanium & Articles Thereof, Includ Waste & Scrap",Taiwan,2008,11225686,11225686.0
"8108 Titanium & Articles Thereof, Includ Waste & Scrap",Thailand,2007,219651,219651.0
7226 Fl-rl Alloy Steel Nesoi Un 600mm Wide,Taiwan,2009,976695,976695.0
7226 Fl-rl Alloy Steel Nesoi Un 600mm Wide,"Korea, South",2009,2115127,2115127.0
3801 Artificial Graphite; Collodial Graphite & Prep Etc,Japan,2002,15362353,15362353.0
"3910 Silicones, In Primary Forms",Macau,2008,1784,1784.0
"7110 Platinum, Unwrought, Semimfr Forms Or In Powder Fm",Taiwan,2005,4742,4742.0
2603 Copper Ores And Concentrates,Taiwan,2002,82000,82000.0
2846 Rare-earth Metal Compounds Of Yttrium Or Scandium,Hong Kong,2002,169420,169420.0
"8112 Beryllium,chromium,hafnium,rhenium Etc & Articles",Thailand,2009,81057,81057.0
"8105 Cobalt Mattes Etc, Cobalt & Art, Inc Waste & Scrap",Japan,2005,11913991,11913991.0
7226 Fl-rl Alloy Steel Nesoi Un 600mm Wide,Taiwan,2003,149925,149925.0
7226 Fl-rl Alloy Steel Nesoi Un 600mm Wide,Taiwan,2004,10311,10311.0
8110 Antimony And Artcls Throf Incl Waste And Scrap,Japan,2002,138667,138667.0
8110 Antimony And Artcls Throf Incl Waste And Scrap,Japan,2009,153074,153074.0
3801 Artificial Graphite; Collodial Graphite & Prep Etc,Singapore,2003,2340,2340.0
3801 Artificial Graphite; Collodial Graphite & Prep Etc,"Korea, South",2002,87957,87957.0
2846 Rare-earth Metal Compounds Of Yttrium Or Scandium,Japan,2002,12687419,12687419.0
"2801 Fluorine, Chlorine, Bromine & Iodine",Taiwan,2008,4492,4492.0
"8108 Titanium & Articles Thereof, Includ Waste & Scrap",Singapore,2009,391748,391748.0
"3910 Silicones, In Primary Forms",Hong Kong,2008,663589,663589.0
"8108 Titanium & Articles Thereof, Includ Waste & Scrap",Thailand,2009,527447,527447.0
3801 Artificial Graphite; Collodial Graphite & Prep Etc,"Korea, South",2006,494125,494125.0
7225 Fl-rl Alloy Steel Nesoi Nun 600mm Wide,Japan,2006,192773762,192773762.0
"8105 Cobalt Mattes Etc, Cobalt & Art, Inc Waste & Scrap",Taiwan,2002,4200,4200.0
7225 Fl-rl Alloy Steel Nesoi Nun 600mm Wide,Japan,2005,142061787,139602689.0
2504 Natural Graphite,Taiwan,2009,5000,5000.0
7225 Fl-rl Alloy Steel Nesoi Nun 600mm Wide,Thailand,2004,7539,7539.0
7225 Fl-rl Alloy Steel Nesoi Nun 600mm Wide,Japan,2001,106783996,
"8108 Titanium & Articles Thereof, Includ Waste & Scrap",Thailand,2005,265177,265177.0
"3910 Silicones, In Primary Forms",Singapore,2004,18331,18331.0
"8112 Beryllium,chromium,hafnium,rhenium Etc & Articles",Taiwan,2010,3629842,3629842.0
"7110 Platinum, Unwrought, Semimfr Forms Or In Powder Fm",Japan,2010,43524697,43524697.0
"7110 Platinum, Unwrought, Semimfr Forms Or In Powder Fm",Indonesia,2006,64400,64400.0
"8105 Cobalt Mattes Etc, Cobalt & Art, Inc Waste & Scrap","Korea, South",2008,495476,495476.0
2504 Natural Graphite,Japan,2002,1581524,1581524.0
"7110 Platinum, Unwrought, Semimfr Forms Or In Powder Fm",Japan,2003,33765475,33765475.0
7225 Fl-rl Alloy Steel Nesoi Nun 600mm Wide,Japan,2007,172809665,172809665.0
"8111 Manganese And Artcles Thereof, Inc Waste And Scrap",Taiwan,2007,14310,14310.0
7225 Fl-rl Alloy Steel Nesoi Nun 600mm Wide,"Korea, South",2008,34776528,34776528.0
"8112 Beryllium,chromium,hafnium,rhenium Etc & Articles",Singapore,2005,1721963,1721963.0
2504 Natural Graphite,Hong Kong,2002,11100,11100.0
"7110 Platinum, Unwrought, Semimfr Forms Or In Powder Fm","Korea, South",2006,406211,406211.0
"3910 Silicones, In Primary Forms",Taiwan,2001,101753,
"3910 Silicones, In Primary Forms",Thailand,2008,30558230,30558230.0
2504 Natural Graphite,Hong Kong,2001,4577,
"2801 Fluorine, Chlorine, Bromine & Iodine",Japan,2004,20585364,20585364.0
2820 Manganese Oxides,Japan,2002,2840302,2840302.0
"3910 Silicones, In Primary Forms",Malaysia,2010,9348,9348.0
3801 Artificial Graphite; Collodial Graphite & Prep Etc,Malaysia,2005,31389,31389.0
8110 Antimony And Artcls Throf Incl Waste And Scrap,Vietnam,2010,632961,632961.0
"8105 Cobalt Mattes Etc, Cobalt & Art, Inc Waste & Scrap",Singapore,2007,188927,188927.0
3801 Artificial Graphite; Collodial Graphite & Prep Etc,Taiwan,2004,56232,56232.0
7226 Fl-rl Alloy Steel Nesoi Un 600mm Wide,Japan,2001,11891937,
"8112 Beryllium,chromium,hafnium,rhenium Etc & Articles",Japan,2010,13873959,13873959.0
7226 Fl-rl Alloy Steel Nesoi Un 600mm Wide,Singapore,2006,6000,6000.0
2614 Titanium Ores And Concentrates,Malaysia,2001,6557518,
2614 Titanium Ores And Concentrates,Japan,2002,5425,5425.0
7225 Fl-rl Alloy Steel Nesoi Nun 600mm Wide,Taiwan,2003,921253,921253.0
2504 Natural Graphite,Japan,2009,1245820,1245820.0
"7110 Platinum, Unwrought, Semimfr Forms Or In Powder Fm",Taiwan,2001,360757,
8110 Antimony And Artcls Throf Incl Waste And Scrap,Hong Kong,2007,1077671,1190271.0
7225 Fl-rl Alloy Steel Nesoi Nun 600mm Wide,Japan,2010,244502542,244502542.0
2846 Rare-earth Metal Compounds Of Yttrium Or Scandium,Hong Kong,2001,49500,
"8108 Titanium & Articles Thereof, Includ Waste & Scrap",Malaysia,2010,20076,20076.0
"8108 Titanium & Articles Thereof, Includ Waste & Scrap",Singapore,2001,33710,
"2801 Fluorine, Chlorine, Bromine & Iodine",Japan,2006,21758117,21758117.0
"2801 Fluorine, Chlorine, Bromine & Iodine",Thailand,2001,20100,
"8111 Manganese And Artcles Thereof, Inc Waste And Scrap",Hong Kong,2010,2505608,2505608.0
"3910 Silicones, In Primary Forms",Indonesia,2004,4874,4874.0
2504 Natural Graphite,Japan,2005,1295543,1295543.0
"8112 Beryllium,chromium,hafnium,rhenium Etc & Articles",Taiwan,2001,249457,
"2801 Fluorine, Chlorine, Bromine & Iodine",Taiwan,2010,31640,31640.0
7226 Fl-rl Alloy Steel Nesoi Un 600mm Wide,"Korea, South",2008,1689179,1689179.0
8110 Antimony And Artcls Throf Incl Waste And Scrap,Japan,2006,54127,54127.0
2846 Rare-earth Metal Compounds Of Yttrium Or Scandium,Hong Kong,2007,769065,769065.0
"8108 Titanium & Articles Thereof, Includ Waste & Scrap",Singapore,2007,3556303,3556303.0
"8112 Beryllium,chromium,hafnium,rhenium Etc & Articles",Vietnam,2007,3357,3357.0
"3910 Silicones, In Primary Forms",Malaysia,2008,280585,280585.0
3801 Artificial Graphite; Collodial Graphite & Prep Etc,Japan,2007,31094255,31094255.0
2846 Rare-earth Metal Compounds Of Yttrium Or Scandium,Japan,2001,17224075,
2846 Rare-earth Metal Compounds Of Yttrium Or Scandium,Taiwan,2007,178317,178317.0
"8108 Titanium & Articles Thereof, Includ Waste & Scrap",Philippines,2004,31833,31833.0
"2801 Fluorine, Chlorine, Bromine & Iodine","Korea, South",2001,2772,
2846 Rare-earth Metal Compounds Of Yttrium Or Scandium,Hong Kong,2005,181480,181480.0
"8105 Cobalt Mattes Etc, Cobalt & Art, Inc Waste & Scrap",Malaysia,2010,134434,134434.0
"8111 Manganese And Artcles Thereof, Inc Waste And Scrap",Japan,2008,5158,5158.0
2846 Rare-earth Metal Compounds Of Yttrium Or Scandium,"Korea, South",2003,287730,287730.0
"8105 Cobalt Mattes Etc, Cobalt & Art, Inc Waste & Scrap",Taiwan,2003,108063,108063.0
"8108 Titanium & Articles Thereof, Includ Waste & Scrap","Korea, South",2002,325236,325236.0
"7110 Platinum, Unwrought, Semimfr Forms Or In Powder Fm",Philippines,2010,3576,3576.0
8110 Antimony And Artcls Throf Incl Waste And Scrap,Hong Kong,2002,164200,164200.0
2605 Cobalt Ores And Concentrates,"Korea, South",2001,195000,
2820 Manganese Oxides,Japan,2006,9179122,9179122.0
"3910 Silicones, In Primary Forms",Malaysia,2004,575,575.0
"3910 Silicones, In Primary Forms",Singapore,2009,269537,269537.0
7226 Fl-rl Alloy Steel Nesoi Un 600mm Wide,Japan,2003,9666633,8124948.0
"3910 Silicones, In Primary Forms",Singapore,2010,27918,25643.0
"8108 Titanium & Articles Thereof, Includ Waste & Scrap",Taiwan,2003,1260574,1260574.0
7225 Fl-rl Alloy Steel Nesoi Nun 600mm Wide,Taiwan,2007,424690,424690.0
"8108 Titanium & Articles Thereof, Includ Waste & Scrap",Hong Kong,2008,120985,120985.0
"8112 Beryllium,chromium,hafnium,rhenium Etc & Articles",Indonesia,2009,24203,24203.0
"8108 Titanium & Articles Thereof, Includ Waste & Scrap",Taiwan,2010,8725079,8725079.0
"8105 Cobalt Mattes Etc, Cobalt & Art, Inc Waste & Scrap",Thailand,2006,57669,57669.0
"8112 Beryllium,chromium,hafnium,rhenium Etc & Articles","Korea, South",2007,950283,950283.0
"8105 Cobalt Mattes Etc, Cobalt & Art, Inc Waste & Scrap",Thailand,2008,135002,135002.0
2504 Natural Graphite,"Korea, South",2007,11540,11540.0
2846 Rare-earth Metal Compounds Of Yttrium Or Scandium,Japan,2009,14759098,11682697.0
"8108 Titanium & Articles Thereof, Includ Waste & Scrap",Thailand,2004,168493,168493.0
"7110 Platinum, Unwrought, Semimfr Forms Or In Powder Fm",Taiwan,2007,5639844,5639844.0
"3910 Silicones, In Primary Forms",Japan,2003,64207197,63862567.0
"8112 Beryllium,chromium,hafnium,rhenium Etc & Articles",Hong Kong,2003,461440,461440.0
"7110 Platinum, Unwrought, Semimfr Forms Or In Powder Fm",Singapore,2007,12347364,12347364.0
"8111 Manganese And Artcles Thereof, Inc Waste And Scrap",Hong Kong,2009,440053,440053.0
"3910 Silicones, In Primary Forms",Hong Kong,2003,524,524.0
"7110 Platinum, Unwrought, Semimfr Forms Or In Powder Fm",Philippines,2009,6638,6638.0
"7110 Platinum, Unwrought, Semimfr Forms Or In Powder Fm",Singapore,2002,52316,52316.0
2504 Natural Graphite,"Korea, South",2003,4011,4011.0
"2801 Fluorine, Chlorine, Bromine & Iodine",Japan,2003,21221487,21221487.0
"8108 Titanium & Articles Thereof, Includ Waste & Scrap",Malaysia,2009,3087,3087.0
8110 Antimony And Artcls Throf Incl Waste And Scrap,Japan,2005,98669,98669.0
8110 Antimony And Artcls Throf Incl Waste And Scrap,Vietnam,2002,46225,46225.0
"3910 Silicones, In Primary Forms","Korea, South",2010,5109134,5109134.0
"3910 Silicones, In Primary Forms",Philippines,2003,28072,28072.0
"3910 Silicones, In Primary Forms","Korea, South",2001,1287410,
"3910 Silicones, In Primary Forms","Korea, South",2002,635419,635419.0
"8108 Titanium & Articles Thereof, Includ Waste & Scrap",Indonesia,2008,46152,46152.0
"7110 Platinum, Unwrought, Semimfr Forms Or In Powder Fm",Thailand,2005,25314,25314.0
"8105 Cobalt Mattes Etc, Cobalt & Art, Inc Waste & Scrap",Taiwan,2006,137358,137358.0
7225 Fl-rl Alloy Steel Nesoi Nun 600mm Wide,"Korea, South",2005,19637824,19637824.0
"8112 Beryllium,chromium,hafnium,rhenium Etc & Articles",Japan,2009,5363758,5363758.0
"8108 Titanium & Articles Thereof, Includ Waste & Scrap",Taiwan,2004,5053946,5053946.0
"8105 Cobalt Mattes Etc, Cobalt & Art, Inc Waste & Scrap",Thailand,2010,145236,145236.0
"7110 Platinum, Unwrought, Semimfr Forms Or In Powder Fm",Malaysia,2010,2471,2471.0
"7110 Platinum, Unwrought, Semimfr Forms Or In Powder Fm",Taiwan,2009,3867410,3867410.0
"3910 Silicones, In Primary Forms",Japan,2002,58478673,57482902.0
2614 Titanium Ores And Concentrates,Malaysia,2007,2426300,2426300.0
3801 Artificial Graphite; Collodial Graphite & Prep Etc,"Korea, South",2007,397757,397757.0
"7110 Platinum, Unwrought, Semimfr Forms Or In Powder Fm",Taiwan,2008,736044,736044.0
"7110 Platinum, Unwrought, Semimfr Forms Or In Powder Fm",Hong Kong,2008,428157,428157.0
7226 Fl-rl Alloy Steel Nesoi Un 600mm Wide,Taiwan,2010,4742175,4742175.0
"7110 Platinum, Unwrought, Semimfr Forms Or In Powder Fm",Japan,2001,135477601,
2820 Manganese Oxides,Japan,2003,3613425,3613425.0
"8105 Cobalt Mattes Etc, Cobalt & Art, Inc Waste & Scrap",Taiwan,2009,124465,124465.0
"8105 Cobalt Mattes Etc, Cobalt & Art, Inc Waste & Scrap",Indonesia,2008,52272,52272.0
"3910 Silicones, In Primary Forms","Korea, South",2007,3296812,3296812.0
"3910 Silicones, In Primary Forms",Hong Kong,2002,22772,22772.0
"7110 Platinum, Unwrought, Semimfr Forms Or In Powder Fm",Philippines,2003,327254,327254.0
"3910 Silicones, In Primary Forms",Japan,2006,72580176,71777893.0
3801 Artificial Graphite; Collodial Graphite & Prep Etc,Indonesia,2007,177992,177992.0
7226 Fl-rl Alloy Steel Nesoi Un 600mm Wide,Taiwan,2002,968907,968907.0
"8112 Beryllium,chromium,hafnium,rhenium Etc & Articles",Japan,2005,38435333,38435333.0
"8112 Beryllium,chromium,hafnium,rhenium Etc & Articles","Korea, South",2008,1868479,1868479.0
"8112 Beryllium,chromium,hafnium,rhenium Etc & Articles",Indonesia,2007,6350,6350.0
"8108 Titanium & Articles Thereof, Includ Waste & Scrap",Japan,2003,49190924,49190924.0
"8111 Manganese And Artcles Thereof, Inc Waste And Scrap",Vietnam,2009,190208,190208.0
2846 Rare-earth Metal Compounds Of Yttrium Or Scandium,Hong Kong,2004,382264,382264.0
2846 Rare-earth Metal Compounds Of Yttrium Or Scandium,Japan,2010,27570454,22985029.0
8110 Antimony And Artcls Throf Incl Waste And Scrap,Japan,2001,486228,
"8108 Titanium & Articles Thereof, Includ Waste & Scrap",Japan,2008,156849678,156849678.0
3801 Artificial Graphite; Collodial Graphite & Prep Etc,Hong Kong,2005,29811,29811.0
"3910 Silicones, In Primary Forms",Malaysia,2003,4200,4200.0
"3910 Silicones, In Primary Forms",Japan,2007,96223159,95454753.0
"8112 Beryllium,chromium,hafnium,rhenium Etc & Articles",Japan,2007,15702984,15702984.0
"3910 Silicones, In Primary Forms",Singapore,2005,23956,23956.0
3801 Artificial Graphite; Collodial Graphite & Prep Etc,"Korea, South",2008,267338,267338.0
"7110 Platinum, Unwrought, Semimfr Forms Or In Powder Fm",Thailand,2009,9554,9554.0
"3910 Silicones, In Primary Forms",Japan,2009,106437230,99757478.0
7225 Fl-rl Alloy Steel Nesoi Nun 600mm Wide,Taiwan,2010,3074808,3074808.0
"8112 Beryllium,chromium,hafnium,rhenium Etc & Articles",Singapore,2002,30079,30079.0
2846 Rare-earth Metal Compounds Of Yttrium Or Scandium,Malaysia,2002,3766,3766.0
8110 Antimony And Artcls Throf Incl Waste And Scrap,Japan,2003,91902,91902.0
7226 Fl-rl Alloy Steel Nesoi Un 600mm Wide,Japan,2004,10673031,10113686.0
"8111 Manganese And Artcles Thereof, Inc Waste And Scrap",Vietnam,2010,3011455,3011455.0
"8105 Cobalt Mattes Etc, Cobalt & Art, Inc Waste & Scrap",Japan,2004,11565057,11565057.0
7226 Fl-rl Alloy Steel Nesoi Un 600mm Wide,Taiwan,2005,19136,19136.0
"8105 Cobalt Mattes Etc, Cobalt & Art, Inc Waste & Scrap","Korea, South",2002,49829,49829.0
3801 Artificial Graphite; Collodial Graphite & Prep Etc,Taiwan,2006,853706,853706.0
"3910 Silicones, In Primary Forms",Taiwan,2003,564217,564217.0
2614 Titanium Ores And Concentrates,Malaysia,2003,4899519,4899519.0
"8108 Titanium & Articles Thereof, Includ Waste & Scrap","Korea, South",2003,111560,111560.0
7225 Fl-rl Alloy Steel Nesoi Nun 600mm Wide,Taiwan,2001,2152036,
"7110 Platinum, Unwrought, Semimfr Forms Or In Powder Fm",Hong Kong,2007,1815495,1815495.0
7225 Fl-rl Alloy Steel Nesoi Nun 600mm Wide,Taiwan,2009,3094395,3094395.0
"7110 Platinum, Unwrought, Semimfr Forms Or In Powder Fm",Thailand,2006,149333,149333.0
"7110 Platinum, Unwrought, Semimfr Forms Or In Powder Fm",Japan,2009,17085560,17085560.0
"3910 Silicones, In Primary Forms",Taiwan,2008,424639,424639.0
"8111 Manganese And Artcles Thereof, Inc Waste And Scrap",Malaysia,2001,11112,
3801 Artificial Graphite; Collodial Graphite & Prep Etc,Thailand,2007,6780,6780.0
"8112 Beryllium,chromium,hafnium,rhenium Etc & Articles",Malaysia,2005,5835,5835.0
"3910 Silicones, In Primary Forms",Taiwan,2005,46303,46303.0
"8108 Titanium & Articles Thereof, Includ Waste & Scrap",Philippines,2009,8500,8500.0
"8111 Manganese And Artcles Thereof, Inc Waste And Scrap",Vietnam,2008,46350,46350.0
"8112 Beryllium,chromium,hafnium,rhenium Etc & Articles",Malaysia,2002,12776,12776.0
"8105 Cobalt Mattes Etc, Cobalt & Art, Inc Waste & Scrap",Singapore,2009,11009,11009.0
"7110 Platinum, Unwrought, Semimfr Forms Or In Powder Fm",Taiwan,2006,14810,14810.0
3801 Artificial Graphite; Collodial Graphite & Prep Etc,"Korea, South",2010,470984,470984.0
2846 Rare-earth Metal Compounds Of Yttrium Or Scandium,Japan,2003,13565432,13565432.0
2603 Copper Ores And Concentrates,Indonesia,2001,14201112,
2614 Titanium Ores And Concentrates,Malaysia,2004,2394100,2394100.0
"7110 Platinum, Unwrought, Semimfr Forms Or In Powder Fm",Japan,2005,30298722,30298722.0
2846 Rare-earth Metal Compounds Of Yttrium Or Scandium,"Korea, South",2005,65613,65613.0
"8112 Beryllium,chromium,hafnium,rhenium Etc & Articles",Philippines,2007,10385,10385.0
"3910 Silicones, In Primary Forms","Korea, South",2005,2017774,2017774.0
"8105 Cobalt Mattes Etc, Cobalt & Art, Inc Waste & Scrap",Singapore,2008,101847,101847.0
"3910 Silicones, In Primary Forms",Japan,2010,151003657,148612060.0
"8108 Titanium & Articles Thereof, Includ Waste & Scrap",Hong Kong,2004,1449235,1449235.0
"3910 Silicones, In Primary Forms",Japan,2001,55294878,
"8105 Cobalt Mattes Etc, Cobalt & Art, Inc Waste & Scrap",Taiwan,2008,274962,274962.0
3801 Artificial Graphite; Collodial Graphite & Prep Etc,Hong Kong,2010,22500,22500.0
"3910 Silicones, In Primary Forms",Vietnam,2006,11616,11616.0
7226 Fl-rl Alloy Steel Nesoi Un 600mm Wide,Japan,2009,23353417,23353417.0
"8112 Beryllium,chromium,hafnium,rhenium Etc & Articles",Hong Kong,2010,3408520,3408520.0
3801 Artificial Graphite; Collodial Graphite & Prep Etc,Japan,2003,15216075,15216075.0
"8108 Titanium & Articles Thereof, Includ Waste & Scrap",Indonesia,2005,570834,570834.0
"8108 Titanium & Articles Thereof, Includ Waste & Scrap",Taiwan,2005,13828897,13828897.0
"7110 Platinum, Unwrought, Semimfr Forms Or In Powder Fm",Singapore,2001,459392,
"8112 Beryllium,chromium,hafnium,rhenium Etc & Articles",Taiwan,2002,78665,78665.0
"3910 Silicones, In Primary Forms",Thailand,2005,21989060,21989060.0
8110 Antimony And Artcls Throf Incl Waste And Scrap,Vietnam,2005,569000,569000.0
"8105 Cobalt Mattes Etc, Cobalt & Art, Inc Waste & Scrap",Japan,2006,7910890,7899067.0
"8112 Beryllium,chromium,hafnium,rhenium Etc & Articles",Japan,2001,4915542,
"8105 Cobalt Mattes Etc, Cobalt & Art, Inc Waste & Scrap",Taiwan,2001,6150,
"8112 Beryllium,chromium,hafnium,rhenium Etc & Articles","Korea, South",2001,339414,
"8108 Titanium & Articles Thereof, Includ Waste & Scrap","Korea, South",2010,2926003,2926003.0
"8105 Cobalt Mattes Etc, Cobalt & Art, Inc Waste & Scrap",Singapore,2010,117949,117949.0
2504 Natural Graphite,"Korea, South",2006,5461,5461.0
7226 Fl-rl Alloy Steel Nesoi Un 600mm Wide,Japan,2010,57988745,57988745.0
2846 Rare-earth Metal Compounds Of Yttrium Or Scandium,Taiwan,2009,63442,63442.0
"2801 Fluorine, Chlorine, Bromine & Iodine","Korea, South",2010,151600,151600.0
3801 Artificial Graphite; Collodial Graphite & Prep Etc,"Korea, South",2004,343093,343093.0
7225 Fl-rl Alloy Steel Nesoi Nun 600mm Wide,"Korea, South",2003,4242418,4242418.0
"8112 Beryllium,chromium,hafnium,rhenium Etc & Articles",Taiwan,2003,82703,82703.0
8110 Antimony And Artcls Throf Incl Waste And Scrap,Thailand,2003,29393,29393.0
"8105 Cobalt Mattes Etc, Cobalt & Art, Inc Waste & Scrap",Taiwan,2004,265362,265362.0
3801 Artificial Graphite; Collodial Graphite & Prep Etc,Japan,2010,30159593,30159593.0
8110 Antimony And Artcls Throf Incl Waste And Scrap,Taiwan,2002,47600,47600.0
2846 Rare-earth Metal Compounds Of Yttrium Or Scandium,"Korea, South",2010,1949708,330856.0
"8112 Beryllium,chromium,hafnium,rhenium Etc & Articles","Korea, South",2005,9867884,9867884.0
"7110 Platinum, Unwrought, Semimfr Forms Or In Powder Fm",Philippines,2002,10748,10748.0
2846 Rare-earth Metal Compounds Of Yttrium Or Scandium,Japan,2008,28926955,19268777.0
3801 Artificial Graphite; Collodial Graphite & Prep Etc,Hong Kong,2001,14220,
2846 Rare-earth Metal Compounds Of Yttrium Or Scandium,Taiwan,2003,7744,7744.0
"8108 Titanium & Articles Thereof, Includ Waste & Scrap",Singapore,2004,43841,43841.0
"8105 Cobalt Mattes Etc, Cobalt & Art, Inc Waste & Scrap","Korea, South",2006,264938,264938.0
7225 Fl-rl Alloy Steel Nesoi Nun 600mm Wide,Malaysia,2005,28595,28595.0
"8112 Beryllium,chromium,hafnium,rhenium Etc & Articles","Korea, South",2010,298531,298531.0
"3910 Silicones, In Primary Forms",Thailand,2006,35856903,35856903.0
"8105 Cobalt Mattes Etc, Cobalt & Art, Inc Waste & Scrap",Japan,2001,7756472,
"8112 Beryllium,chromium,hafnium,rhenium Etc & Articles",Japan,2003,5468143,5468143.0
2846 Rare-earth Metal Compounds Of Yttrium Or Scandium,Hong Kong,2008,2987833,2987833.0
8110 Antimony And Artcls Throf Incl Waste And Scrap,Japan,2007,36033,36033.0
"8112 Beryllium,chromium,hafnium,rhenium Etc & Articles",Taiwan,2006,279504,279504.0
"8111 Manganese And Artcles Thereof, Inc Waste And Scrap","Korea, South",2003,77974,77974.0
"3910 Silicones, In Primary Forms","Korea, South",2004,631316,631316.0
3801 Artificial Graphite; Collodial Graphite & Prep Etc,Singapore,2010,57117,57117.0
8110 Antimony And Artcls Throf Incl Waste And Scrap,Japan,2004,60166,60166.0
"8108 Titanium & Articles Thereof, Includ Waste & Scrap","Korea, South",2001,533292,
7225 Fl-rl Alloy Steel Nesoi Nun 600mm Wide,Japan,2008,203228802,203228802.0
7226 Fl-rl Alloy Steel Nesoi Un 600mm Wide,"Korea, South",2004,995136,995136.0
"8112 Beryllium,chromium,hafnium,rhenium Etc & Articles",Singapore,2009,392604,392604.0
"8112 Beryllium,chromium,hafnium,rhenium Etc & Articles",Japan,2006,20053109,20053109.0
"3910 Silicones, In Primary Forms",Hong Kong,2001,181730,
"3910 Silicones, In Primary Forms",Singapore,2008,20834,20834.0
8110 Antimony And Artcls Throf Incl Waste And Scrap,Hong Kong,2003,49800,49800.0
"8108 Titanium & Articles Thereof, Includ Waste & Scrap",Taiwan,2007,20869286,20869286.0
"8108 Titanium & Articles Thereof, Includ Waste & Scrap",Hong Kong,2009,81663,81663.0
"8112 Beryllium,chromium,hafnium,rhenium Etc & Articles",Singapore,2001,92850,
"8108 Titanium & Articles Thereof, Includ Waste & Scrap",Japan,2004,62949471,62949471.0
"7110 Platinum, Unwrought, Semimfr Forms Or In Powder Fm",Japan,2004,38268806,38268806.0
"8112 Beryllium,chromium,hafnium,rhenium Etc & Articles","Korea, South",2002,36548,36548.0
2614 Titanium Ores And Concentrates,Vietnam,2004,2752100,2752100.0
2614 Titanium Ores And Concentrates,Japan,2003,19217,19217.0
2820 Manganese Oxides,Singapore,2009,194460,194460.0
"8111 Manganese And Artcles Thereof, Inc Waste And Scrap","Korea, South",2008,143421,143421.0
7225 Fl-rl Alloy Steel Nesoi Nun 600mm Wide,"Korea, South",2002,10494600,10494600.0
"8112 Beryllium,chromium,hafnium,rhenium Etc & Articles",Philippines,2008,11092,11092.0
3801 Artificial Graphite; Collodial Graphite & Prep Etc,Japan,2005,22046546,22046546.0
8110 Antimony And Artcls Throf Incl Waste And Scrap,Vietnam,2009,590300,590300.0
"3910 Silicones, In Primary Forms",Singapore,2002,98527,98527.0
3801 Artificial Graphite; Collodial Graphite & Prep Etc,"Korea, South",2009,1614939,1614939.0
"8108 Titanium & Articles Thereof, Includ Waste & Scrap",Thailand,2003,221066,221066.0
7225 Fl-rl Alloy Steel Nesoi Nun 600mm Wide,Taiwan,2005,238868,238868.0
7225 Fl-rl Alloy Steel Nesoi Nun 600mm Wide,Indonesia,2005,51121,51121.0
"8108 Titanium & Articles Thereof, Includ Waste & Scrap",Indonesia,2004,91348,91348.0
"3910 Silicones, In Primary Forms",Thailand,2003,1616,1616.0
3801 Artificial Graphite; Collodial Graphite & Prep Etc,Thailand,2006,13968,13968.0
3801 Artificial Graphite; Collodial Graphite & Prep Etc,Hong Kong,2008,7439,7439.0
"2801 Fluorine, Chlorine, Bromine & Iodine",Japan,2005,20388805,20388805.0
7226 Fl-rl Alloy Steel Nesoi Un 600mm Wide,Taiwan,2008,1858801,1858801.0
2820 Manganese Oxides,Japan,2009,11450349,11450349.0
"3910 Silicones, In Primary Forms",Indonesia,2001,1483,
"7110 Platinum, Unwrought, Semimfr Forms Or In Powder Fm",Philippines,2001,4510491,
7225 Fl-rl Alloy Steel Nesoi Nun 600mm Wide,Thailand,2003,3379700,3379700.0
2614 Titanium Ores And Concentrates,"Korea, South",2008,97200,97200.0
"8108 Titanium & Articles Thereof, Includ Waste & Scrap","Korea, South",2004,459723,459723.0
"8105 Cobalt Mattes Etc, Cobalt & Art, Inc Waste & Scrap",Japan,2009,12215295,12226355.0
2605 Cobalt Ores And Concentrates,Taiwan,2007,1092000,1092000.0
"7110 Platinum, Unwrought, Semimfr Forms Or In Powder Fm","Korea, South",2009,603125,603125.0
"7110 Platinum, Unwrought, Semimfr Forms Or In Powder Fm",Singapore,2010,3119775,3119775.0
"8108 Titanium & Articles Thereof, Includ Waste & Scrap",Taiwan,2001,1265932,
"8108 Titanium & Articles Thereof, Includ Waste & Scrap",Hong Kong,2003,279872,279872.0
3801 Artificial Graphite; Collodial Graphite & Prep Etc,Japan,2009,16538687,16538687.0
"8111 Manganese And Artcles Thereof, Inc Waste And Scrap",Singapore,2008,2100,2100.0
2846 Rare-earth Metal Compounds Of Yttrium Or Scandium,"Korea, South",2008,1800237,51350.0
"8108 Titanium & Articles Thereof, Includ Waste & Scrap",Japan,2005,117627026,117610589.0
"8108 Titanium & Articles Thereof, Includ Waste & Scrap",Taiwan,2006,21305718,21305718.0
"8108 Titanium & Articles Thereof, Includ Waste & Scrap",Singapore,2003,19302,19302.0
"3910 Silicones, In Primary Forms",Philippines,2007,12800,12800.0
2604 Nickel Ores And Concentrates,Japan,2008,13023,13023.0
7225 Fl-rl Alloy Steel Nesoi Nun 600mm Wide,Japan,2002,57261752,51877088.0
"8105 Cobalt Mattes Etc, Cobalt & Art, Inc Waste & Scrap",Singapore,2003,24154,24154.0
"8111 Manganese And Artcles Thereof, Inc Waste And Scrap",Japan,2002,52132,52132.0
"2801 Fluorine, Chlorine, Bromine & Iodine",Japan,2007,19970644,19970644.0
8110 Antimony And Artcls Throf Incl Waste And Scrap,Vietnam,2006,287130,287130.0
"3910 Silicones, In Primary Forms",Thailand,2004,7495953,7495953.0
2846 Rare-earth Metal Compounds Of Yttrium Or Scandium,"Korea, South",2009,2190887,21000.0
"7110 Platinum, Unwrought, Semimfr Forms Or In Powder Fm",Japan,2002,37723082,37723082.0
2820 Manganese Oxides,Singapore,2007,142215,142215.0
"8108 Titanium & Articles Thereof, Includ Waste & Scrap",Hong Kong,2005,3654,3654.0
"8112 Beryllium,chromium,hafnium,rhenium Etc & Articles",Hong Kong,2006,2661683,2661683.0
"8112 Beryllium,chromium,hafnium,rhenium Etc & Articles",Philippines,2006,399600,399600.0
2614 Titanium Ores And Concentrates,"Korea, South",2002,17400,17400.0
2504 Natural Graphite,Taiwan,2008,2700,2700.0
7225 Fl-rl Alloy Steel Nesoi Nun 600mm Wide,Malaysia,2006,14912,14912.0
2614 Titanium Ores And Concentrates,Japan,2008,6178,6178.0
"8112 Beryllium,chromium,hafnium,rhenium Etc & Articles",Hong Kong,2008,2566657,2566657.0
"2801 Fluorine, Chlorine, Bromine & Iodine","Korea, South",2006,2550,2550.0
"8105 Cobalt Mattes Etc, Cobalt & Art, Inc Waste & Scrap",Hong Kong,2007,1105628,3318.0
2820 Manganese Oxides,"Korea, South",2003,32090,32090.0
"8108 Titanium & Articles Thereof, Includ Waste & Scrap","Korea, South",2009,737171,737171.0
8110 Antimony And Artcls Throf Incl Waste And Scrap,Taiwan,2004,55844,55844.0
"8108 Titanium & Articles Thereof, Includ Waste & Scrap",Thailand,2006,238660,238660.0
"3910 Silicones, In Primary Forms",Indonesia,2008,639269,639269.0
2846 Rare-earth Metal Compounds Of Yttrium Or Scandium,Japan,2004,17647363,17647364.0
7226 Fl-rl Alloy Steel Nesoi Un 600mm Wide,"Korea, South",2003,306999,306999.0
"8112 Beryllium,chromium,hafnium,rhenium Etc & Articles",Taiwan,2004,235190,235190.0
7225 Fl-rl Alloy Steel Nesoi Nun 600mm Wide,"Korea, South",2010,45802007,45802007.0
2614 Titanium Ores And Concentrates,Malaysia,2005,6192500,6192500.0
2820 Manganese Oxides,Hong Kong,2002,129120,129120.0
8110 Antimony And Artcls Throf Incl Waste And Scrap,Vietnam,2004,53000,53000.0
7226 Fl-rl Alloy Steel Nesoi Un 600mm Wide,Taiwan,2007,221092,221092.0
2820 Manganese Oxides,Japan,2005,5827170,5827170.0
"7110 Platinum, Unwrought, Semimfr Forms Or In Powder Fm","Korea, South",2004,5576403,5576403.0
2820 Manganese Oxides,"Korea, South",2007,35700,35700.0
2504 Natural Graphite,Singapore,2009,20650,20650.0
2504 Natural Graphite,Japan,2007,1339599,1339599.0
2846 Rare-earth Metal Compounds Of Yttrium Or Scandium,"Korea, South",2002,46227,46227.0
2846 Rare-earth Metal Compounds Of Yttrium Or Scandium,Hong Kong,2009,5994,5994.0
"8112 Beryllium,chromium,hafnium,rhenium Etc & Articles",Philippines,2001,114653,
2614 Titanium Ores And Concentrates,Malaysia,2010,2617444,2617444.0
"3910 Silicones, In Primary Forms",Thailand,2001,3240,
"8105 Cobalt Mattes Etc, Cobalt & Art, Inc Waste & Scrap",Indonesia,2006,4386,4386.0
2820 Manganese Oxides,Japan,2008,8839548,8839548.0
"7110 Platinum, Unwrought, Semimfr Forms Or In Powder Fm",Hong Kong,2001,13722910,
"8105 Cobalt Mattes Etc, Cobalt & Art, Inc Waste & Scrap",Thailand,2009,27660,27660.0
"8111 Manganese And Artcles Thereof, Inc Waste And Scrap",Hong Kong,2006,23750,23750.0
"3910 Silicones, In Primary Forms",Japan,2008,111199182,109982108.0
"8112 Beryllium,chromium,hafnium,rhenium Etc & Articles",Taiwan,2009,683147,683147.0
"3910 Silicones, In Primary Forms",Singapore,2001,104469,
3801 Artificial Graphite; Collodial Graphite & Prep Etc,Taiwan,2009,144330,144330.0
"7110 Platinum, Unwrought, Semimfr Forms Or In Powder Fm",Hong Kong,2004,299002,299002.0
2846 Rare-earth Metal Compounds Of Yttrium Or Scandium,Taiwan,2008,186313,186313.0
"8112 Beryllium,chromium,hafnium,rhenium Etc & Articles",Malaysia,2008,213285,213285.0
"7110 Platinum, Unwrought, Semimfr Forms Or In Powder Fm",Philippines,2005,10000,10000.0
7226 Fl-rl Alloy Steel Nesoi Un 600mm Wide,Singapore,2001,3800,
"3910 Silicones, In Primary Forms",Malaysia,2002,30257,30257.0
"3910 Silicones, In Primary Forms",Indonesia,2010,1310,1310.0
"7110 Platinum, Unwrought, Semimfr Forms Or In Powder Fm",Philippines,2004,130000,130000.0
"7110 Platinum, Unwrought, Semimfr Forms Or In Powder Fm","Korea, South",2008,376789,376789.0
"8108 Titanium & Articles Thereof, Includ Waste & Scrap",Japan,2002,57460232,57460232.0
7226 Fl-rl Alloy Steel Nesoi Un 600mm Wide,Japan,2008,18658080,18658080.0
"7110 Platinum, Unwrought, Semimfr Forms Or In Powder Fm",Japan,2006,56587116,56587116.0
"3910 Silicones, In Primary Forms",Malaysia,2001,20380,
7226 Fl-rl Alloy Steel Nesoi Un 600mm Wide,"Korea, South",2006,1100545,1100545.0
"8105 Cobalt Mattes Etc, Cobalt & Art, Inc Waste & Scrap","Korea, South",2007,953196,953196.0
"2801 Fluorine, Chlorine, Bromine & Iodine",Japan,2001,25103458,
"8105 Cobalt Mattes Etc, Cobalt & Art, Inc Waste & Scrap","Korea, South",2005,412638,412638.0
"8108 Titanium & Articles Thereof, Includ Waste & Scrap",Philippines,2008,5345,5345.0
"8108 Titanium & Articles Thereof, Includ Waste & Scrap",Japan,2006,156719059,156645022.0
8110 Antimony And Artcls Throf Incl Waste And Scrap,Vietnam,2007,842369,842369.0
"3910 Silicones, In Primary Forms",Taiwan,2006,191880,191880.0
"8108 Titanium & Articles Thereof, Includ Waste & Scrap",Malaysia,2008,12939,12939.0
2504 Natural Graphite,"Korea, South",2009,5653,5653.0
"3910 Silicones, In Primary Forms","Korea, South",2009,2933597,2933597.0
2820 Manganese Oxides,"Korea, South",2008,149698,149698.0
2846 Rare-earth Metal Compounds Of Yttrium Or Scandium,Taiwan,2001,146382,
"2801 Fluorine, Chlorine, Bromine & Iodine",Japan,2009,17121371,17121371.0
282520 Lithium Oxide And Hydroxide,Japan,2001,65810,
282520 Lithium Oxide And Hydroxide,Japan,2002,144608,144608.0
282520 Lithium Oxide And Hydroxide,Taiwan,2003,99866,99866.0
282520 Lithium Oxide And Hydroxide,Japan,2003,78401,78401.0
282520 Lithium Oxide And Hydroxide,Taiwan,2004,8848,8848.0
282520 Lithium Oxide And Hydroxide,Japan,2004,58926,58926.0
282520 Lithium Oxide And Hydroxide,Japan,2005,72130,72130.0
282520 Lithium Oxide And Hydroxide,Singapore,2006,3000,3000.0
282520 Lithium Oxide And Hydroxide,Japan,2006,68914,68914.0
282520 Lithium Oxide And Hydroxide,Japan,2007,12922,12922.0
282520 Lithium Oxide And Hydroxide,Taiwan,2008,3500,3500.0
282520 Lithium Oxide And Hydroxide,Japan,2008,131383,131383.0
282520 Lithium Oxide And Hydroxide,"Korea, South",2009,11150,11150.0
282520 Lithium Oxide And Hydroxide,Japan,2009,80930,80930.0
282520 Lithium Oxide And Hydroxide,"Korea, South",2010,28665,28665.0
282520 Lithium Oxide And Hydroxide,Hong Kong,2010,3000,3000.0
282520 Lithium Oxide And Hydroxide,Japan,2010,41449,41449.0
282540 Nickel Oxides And Hydroxides,Philippines,2001,26954,
282540 Nickel Oxides And Hydroxides,Japan,2001,5113158,
282540 Nickel Oxides And Hydroxides,Japan,2002,5219290,5219290.0
282540 Nickel Oxides And Hydroxides,Philippines,2003,12820,12820.0
282540 Nickel Oxides And Hydroxides,Taiwan,2003,113701,113701.0
282540 Nickel Oxides And Hydroxides,Japan,2003,5119485,5119485.0
282540 Nickel Oxides And Hydroxides,Japan,2004,8567794,8567794.0
282540 Nickel Oxides And Hydroxides,Philippines,2005,102960,102960.0
282540 Nickel Oxides And Hydroxides,Japan,2005,5049206,5049206.0
282540 Nickel Oxides And Hydroxides,Philippines,2006,55200,55200.0
282540 Nickel Oxides And Hydroxides,Japan,2006,7483455,7483455.0
282540 Nickel Oxides And Hydroxides,Japan,2007,9208006,9208006.0
282540 Nickel Oxides And Hydroxides,"Korea, South",2008,13200,13200.0
282540 Nickel Oxides And Hydroxides,Japan,2008,13148895,13148895.0
282540 Nickel Oxides And Hydroxides,Philippines,2009,607645,607645.0
282540 Nickel Oxides And Hydroxides,Japan,2009,3865105,3865105.0
282540 Nickel Oxides And Hydroxides,Philippines,2010,563316,563316.0
282540 Nickel Oxides And Hydroxides,Taiwan,2010,6550,6550.0
282540 Nickel Oxides And Hydroxides,Japan,2010,2580738,2580738.0
282550 Copper Oxides And Hydroxides,Hong Kong,2001,166912,
282550 Copper Oxides And Hydroxides,Japan,2001,52734,
282550 Copper Oxides And Hydroxides,"Korea, South",2002,5600,5600.0
282550 Copper Oxides And Hydroxides,Hong Kong,2002,221038,221038.0
282550 Copper Oxides And Hydroxides,Japan,2002,149060,149060.0
282550 Copper Oxides And Hydroxides,Hong Kong,2003,391679,391679.0
282550 Copper Oxides And Hydroxides,Japan,2003,172457,172457.0
282550 Copper Oxides And Hydroxides,"Korea, South",2004,2800,2800.0
282550 Copper Oxides And Hydroxides,Hong Kong,2004,593260,593260.0
282550 Copper Oxides And Hydroxides,Taiwan,2004,17037,17037.0
282550 Copper Oxides And Hydroxides,Japan,2004,174560,174560.0
282550 Copper Oxides And Hydroxides,"Korea, South",2005,12675,12675.0
282550 Copper Oxides And Hydroxides,Hong Kong,2005,611733,611733.0
282550 Copper Oxides And Hydroxides,Japan,2005,51589,51589.0
282550 Copper Oxides And Hydroxides,Hong Kong,2006,1427252,1427252.0
282550 Copper Oxides And Hydroxides,Japan,2006,59634,59634.0
282550 Copper Oxides And Hydroxides,Hong Kong,2007,1140141,1140141.0
282550 Copper Oxides And Hydroxides,Japan,2007,47898,47898.0
282550 Copper Oxides And Hydroxides,Hong Kong,2008,878541,878541.0
282550 Copper Oxides And Hydroxides,Japan,2008,51353,51353.0
282550 Copper Oxides And Hydroxides,Hong Kong,2009,458901,458901.0
282550 Copper Oxides And Hydroxides,Japan,2009,49900,49900.0
282550 Copper Oxides And Hydroxides,"Korea, South",2010,14850,14850.0
282550 Copper Oxides And Hydroxides,Hong Kong,2010,624406,624406.0
282550 Copper Oxides And Hydroxides,Japan,2010,119135,119135.0
282580 Antimony Oxides,Hong Kong,2001,965787,
282580 Antimony Oxides,Taiwan,2001,63428,
282580 Antimony Oxides,Japan,2001,429116,
282580 Antimony Oxides,Hong Kong,2002,1507186,1507186.0
282580 Antimony Oxides,Taiwan,2002,33300,33300.0
282580 Antimony Oxides,Japan,2002,494527,494527.0
282580 Antimony Oxides,Hong Kong,2003,4149981,4149981.0
282580 Antimony Oxides,Japan,2003,579960,579960.0
282580 Antimony Oxides,Vietnam,2004,48800,48800.0
282580 Antimony Oxides,Hong Kong,2004,1369616,1369616.0
282580 Antimony Oxides,Taiwan,2004,9149,9149.0
282580 Antimony Oxides,Japan,2004,765343,765343.0
282580 Antimony Oxides,Vietnam,2005,4953650,4953650.0
282580 Antimony Oxides,Hong Kong,2005,522174,522174.0
282580 Antimony Oxides,Japan,2005,2589906,2589906.0
282580 Antimony Oxides,Vietnam,2006,6604950,6604950.0
282580 Antimony Oxides,Hong Kong,2006,95969,95969.0
282580 Antimony Oxides,Japan,2006,1974496,1974496.0
282580 Antimony Oxides,Thailand,2007,8501,8501.0
282580 Antimony Oxides,Vietnam,2007,251000,251000.0
282580 Antimony Oxides,Hong Kong,2007,258467,258467.0
282580 Antimony Oxides,Japan,2007,1996840,1996840.0
282580 Antimony Oxides,Vietnam,2008,51000,51000.0
282580 Antimony Oxides,Hong Kong,2008,43000,43000.0
282580 Antimony Oxides,Taiwan,2008,823753,823753.0
282580 Antimony Oxides,Japan,2008,1473939,1473939.0
282580 Antimony Oxides,Taiwan,2009,557465,557465.0
282580 Antimony Oxides,Japan,2009,1057985,1057985.0
282580 Antimony Oxides,Hong Kong,2010,113135,113135.0
282580 Antimony Oxides,Taiwan,2010,1147580,1147580.0
282580 Antimony Oxides,Japan,2010,1981288,1981288.0
"711041 Iridium, Osmium And Ruthenium, Unwrought Or Powder",Singapore,2001,18806,
"711041 Iridium, Osmium And Ruthenium, Unwrought Or Powder",Japan,2001,2438,
"711041 Iridium, Osmium And Ruthenium, Unwrought Or Powder",Japan,2003,9685,9685.0
"711041 Iridium, Osmium And Ruthenium, Unwrought Or Powder",Singapore,2005,120000,120000.0
"711041 Iridium, Osmium And Ruthenium, Unwrought Or Powder",Taiwan,2005,2393,2393.0
"711041 Iridium, Osmium And Ruthenium, Unwrought Or Powder",Japan,2005,78436,78436.0
"711041 Iridium, Osmium And Ruthenium, Unwrought Or Powder",Singapore,2006,1726555,1726555.0
"711041 Iridium, Osmium And Ruthenium, Unwrought Or Powder",Japan,2006,284663,284663.0
"711041 Iridium, Osmium And Ruthenium, Unwrought Or Powder",Singapore,2007,11107364,11107364.0
"711041 Iridium, Osmium And Ruthenium, Unwrought Or Powder",Hong Kong,2007,1138374,1138374.0
"711041 Iridium, Osmium And Ruthenium, Unwrought Or Powder",Taiwan,2007,4068993,4068993.0
"711041 Iridium, Osmium And Ruthenium, Unwrought Or Powder",Japan,2007,2166743,2166743.0
"711041 Iridium, Osmium And Ruthenium, Unwrought Or Powder",Singapore,2008,356000,356000.0
"711041 Iridium, Osmium And Ruthenium, Unwrought Or Powder",Taiwan,2008,12421,12421.0
"711041 Iridium, Osmium And Ruthenium, Unwrought Or Powder",Japan,2008,4701244,4701244.0
"711041 Iridium, Osmium And Ruthenium, Unwrought Or Powder",Japan,2009,1925318,1925318.0
"711041 Iridium, Osmium And Ruthenium, Unwrought Or Powder",Japan,2010,3375226,3375226.0
"711049 Iridium, Osmium And Ruthenium, Semimanufactured",Singapore,2001,49495,
"711049 Iridium, Osmium And Ruthenium, Semimanufactured",Japan,2001,336887,
"711049 Iridium, Osmium And Ruthenium, Semimanufactured",Japan,2003,3362,3362.0
"711049 Iridium, Osmium And Ruthenium, Semimanufactured",Japan,2004,2543,2543.0
"711049 Iridium, Osmium And Ruthenium, Semimanufactured",Japan,2005,90290,90290.0
"711049 Iridium, Osmium And Ruthenium, Semimanufactured",Hong Kong,2006,138600,138600.0
"711049 Iridium, Osmium And Ruthenium, Semimanufactured",Taiwan,2006,3456,3456.0
"711049 Iridium, Osmium And Ruthenium, Semimanufactured",Japan,2006,219399,219399.0
"711049 Iridium, Osmium And Ruthenium, Semimanufactured",Hong Kong,2007,2121,2121.0
"711049 Iridium, Osmium And Ruthenium, Semimanufactured",Japan,2007,5048263,5048263.0
"711049 Iridium, Osmium And Ruthenium, Semimanufactured","Korea, South",2008,21022,21022.0
"711049 Iridium, Osmium And Ruthenium, Semimanufactured",Japan,2008,854477,854477.0
"711049 Iridium, Osmium And Ruthenium, Semimanufactured",Japan,2009,198376,198376.0
"711049 Iridium, Osmium And Ruthenium, Semimanufactured",Thailand,2010,6071,6071.0
"711049 Iridium, Osmium And Ruthenium, Semimanufactured",Japan,2010,250032,250032.0
850511 Permanent Magnets Made Of Metal,Thailand,2001,560804,
850511 Permanent Magnets Made Of Metal,Malaysia,2001,682728,
850511 Permanent Magnets Made Of Metal,Singapore,2001,111490,
850511 Permanent Magnets Made Of Metal,Philippines,2001,745303,
850511 Permanent Magnets Made Of Metal,"Korea, South",2001,1814324,
850511 Permanent Magnets Made Of Metal,Hong Kong,2001,2247951,
850511 Permanent Magnets Made Of Metal,Taiwan,2001,3081969,
850511 Permanent Magnets Made Of Metal,Japan,2001,30780378,
850511 Permanent Magnets Made Of Metal,Thailand,2002,568159,568159.0
850511 Permanent Magnets Made Of Metal,Malaysia,2002,671145,671145.0
850511 Permanent Magnets Made Of Metal,Singapore,2002,27905,27905.0
850511 Permanent Magnets Made Of Metal,Indonesia,2002,14186,14186.0
850511 Permanent Magnets Made Of Metal,Philippines,2002,691740,691740.0
850511 Permanent Magnets Made Of Metal,"Korea, South",2002,2000659,2000659.0
850511 Permanent Magnets Made Of Metal,Hong Kong,2002,654940,654940.0
850511 Permanent Magnets Made Of Metal,Taiwan,2002,3005438,3005438.0
850511 Permanent Magnets Made Of Metal,Japan,2002,31301661,30929697.0
850511 Permanent Magnets Made Of Metal,Thailand,2003,171379,171379.0
850511 Permanent Magnets Made Of Metal,Malaysia,2003,549475,549475.0
850511 Permanent Magnets Made Of Metal,Singapore,2003,27054,27054.0
850511 Permanent Magnets Made Of Metal,Indonesia,2003,19499,19499.0
850511 Permanent Magnets Made Of Metal,Philippines,2003,506962,506962.0
850511 Permanent Magnets Made Of Metal,"Korea, South",2003,1735113,1716384.0
850511 Permanent Magnets Made Of Metal,Hong Kong,2003,768061,658469.0
850511 Permanent Magnets Made Of Metal,Taiwan,2003,4646615,4646615.0
850511 Permanent Magnets Made Of Metal,Japan,2003,36953661,36439853.0
850511 Permanent Magnets Made Of Metal,Thailand,2004,38922,38922.0
850511 Permanent Magnets Made Of Metal,Vietnam,2004,2785,2785.0
850511 Permanent Magnets Made Of Metal,Malaysia,2004,179498,179498.0
850511 Permanent Magnets Made Of Metal,Singapore,2004,93784,93784.0
850511 Permanent Magnets Made Of Metal,Indonesia,2004,27825,27825.0
850511 Permanent Magnets Made Of Metal,Philippines,2004,630758,630758.0
850511 Permanent Magnets Made Of Metal,Macau,2004,2400,2400.0
850511 Permanent Magnets Made Of Metal,"Korea, South",2004,5931376,4205649.0
850511 Permanent Magnets Made Of Metal,Hong Kong,2004,746176,679031.0
850511 Permanent Magnets Made Of Metal,Taiwan,2004,2931960,2931960.0
850511 Permanent Magnets Made Of Metal,Japan,2004,32368417,31220063.0
850511 Permanent Magnets Made Of Metal,Thailand,2005,33385,33385.0
850511 Permanent Magnets Made Of Metal,Vietnam,2005,30309,30309.0
850511 Permanent Magnets Made Of Metal,Malaysia,2005,243277,243277.0
850511 Permanent Magnets Made Of Metal,Singapore,2005,75624,75624.0
850511 Permanent Magnets Made Of Metal,Indonesia,2005,41043,41043.0
850511 Permanent Magnets Made Of Metal,Philippines,2005,1272799,1272799.0
850511 Permanent Magnets Made Of Metal,"Korea, South",2005,4342259,2437947.0
850511 Permanent Magnets Made Of Metal,Hong Kong,2005,707226,707226.0
850511 Permanent Magnets Made Of Metal,Taiwan,2005,3818738,3818738.0
850511 Permanent Magnets Made Of Metal,Japan,2005,33734852,33246442.0
850511 Permanent Magnets Made Of Metal,Thailand,2006,13232,13232.0
850511 Permanent Magnets Made Of Metal,Vietnam,2006,27395,27395.0
850511 Permanent Magnets Made Of Metal,Malaysia,2006,1143478,1143478.0
850511 Permanent Magnets Made Of Metal,Singapore,2006,151567,151567.0
850511 Permanent Magnets Made Of Metal,Indonesia,2006,51859,51859.0
850511 Permanent Magnets Made Of Metal,Philippines,2006,2640085,2640085.0
850511 Permanent Magnets Made Of Metal,"Korea, South",2006,5221450,2101920.0
850511 Permanent Magnets Made Of Metal,Hong Kong,2006,699018,699018.0
850511 Permanent Magnets Made Of Metal,Taiwan,2006,3564379,3564379.0
850511 Permanent Magnets Made Of Metal,Japan,2006,29527992,28812544.0
850511 Permanent Magnets Made Of Metal,Thailand,2007,66195,66195.0
850511 Permanent Magnets Made Of Metal,Vietnam,2007,17565,17565.0
850511 Permanent Magnets Made Of Metal,Malaysia,2007,867315,867315.0
850511 Permanent Magnets Made Of Metal,Singapore,2007,121550,121550.0
850511 Permanent Magnets Made Of Metal,Indonesia,2007,79229,79229.0
850511 Permanent Magnets Made Of Metal,Philippines,2007,4410328,4410328.0
850511 Permanent Magnets Made Of Metal,"Korea, South",2007,6533321,2665717.0
850511 Permanent Magnets Made Of Metal,Hong Kong,2007,938600,938600.0
850511 Permanent Magnets Made Of Metal,Taiwan,2007,3434751,3434751.0
850511 Permanent Magnets Made Of Metal,Japan,2007,27270666,26661512.0
850511 Permanent Magnets Made Of Metal,Thailand,2008,83629,83629.0
850511 Permanent Magnets Made Of Metal,Vietnam,2008,7027,7027.0
850511 Permanent Magnets Made Of Metal,Malaysia,2008,457508,457508.0
850511 Permanent Magnets Made Of Metal,Singapore,2008,94990,94990.0
850511 Permanent Magnets Made Of Metal,Indonesia,2008,64822,64822.0
850511 Permanent Magnets Made Of Metal,Philippines,2008,4467465,4467465.0
850511 Permanent Magnets Made Of Metal,"Korea, South",2008,5176788,2285152.0
850511 Permanent Magnets Made Of Metal,Hong Kong,2008,1175484,1090204.0
850511 Permanent Magnets Made Of Metal,Taiwan,2008,2833438,2833438.0
850511 Permanent Magnets Made Of Metal,Japan,2008,28134265,27324179.0
850511 Permanent Magnets Made Of Metal,Thailand,2009,131344,131344.0
850511 Permanent Magnets Made Of Metal,Vietnam,2009,23810,23810.0
850511 Permanent Magnets Made Of Metal,Malaysia,2009,818059,818059.0
850511 Permanent Magnets Made Of Metal,Singapore,2009,33239,33239.0
850511 Permanent Magnets Made Of Metal,Indonesia,2009,40799,40799.0
850511 Permanent Magnets Made Of Metal,Philippines,2009,3182225,3182225.0
850511 Permanent Magnets Made Of Metal,"Korea, South",2009,2522484,990167.0
850511 Permanent Magnets Made Of Metal,Hong Kong,2009,436058,429438.0
850511 Permanent Magnets Made Of Metal,Taiwan,2009,2050315,2050315.0
850511 Permanent Magnets Made Of Metal,Japan,2009,12644197,12098112.0
850511 Permanent Magnets Made Of Metal,Thailand,2010,33568,33568.0
850511 Permanent Magnets Made Of Metal,Vietnam,2010,44134,44134.0
850511 Permanent Magnets Made Of Metal,Malaysia,2010,1100582,1100582.0
850511 Permanent Magnets Made Of Metal,Singapore,2010,126976,126976.0
850511 Permanent Magnets Made Of Metal,Indonesia,2010,66884,66884.0
850511 Permanent Magnets Made Of Metal,Philippines,2010,9156848,9156848.0
850511 Permanent Magnets Made Of Metal,"Korea, South",2010,4560973,1534631.0
850511 Permanent Magnets Made Of Metal,Hong Kong,2010,671094,671094.0
850511 Permanent Magnets Made Of Metal,Taiwan,2010,2521177,2521177.0
850511 Permanent Magnets Made Of Metal,Japan,2010,19949905,19247254.0
"850650 Primary Cells And Batteries, Lithium",Malaysia,2001,1237072,
"850650 Primary Cells And Batteries, Lithium",Singapore,2001,502445,
"850650 Primary Cells And Batteries, Lithium",Indonesia,2001,522400,
"850650 Primary Cells And Batteries, Lithium",Philippines,2001,82000,
"850650 Primary Cells And Batteries, Lithium","Korea, South",2001,1813556,
"850650 Primary Cells And Batteries, Lithium",Hong Kong,2001,891629,
"850650 Primary Cells And Batteries, Lithium",Taiwan,2001,3870358,
"850650 Primary Cells And Batteries, Lithium",Japan,2001,70500466,
"850650 Primary Cells And Batteries, Lithium",Malaysia,2002,2193725,2450445.0
"850650 Primary Cells And Batteries, Lithium",Singapore,2002,518205,518205.0
"850650 Primary Cells And Batteries, Lithium",Indonesia,2002,1472329,1472329.0
"850650 Primary Cells And Batteries, Lithium",Philippines,2002,5104,5104.0
"850650 Primary Cells And Batteries, Lithium","Korea, South",2002,4239722,4239722.0
"850650 Primary Cells And Batteries, Lithium",Hong Kong,2002,1403243,1416195.0
"850650 Primary Cells And Batteries, Lithium",Taiwan,2002,8610492,8610492.0
"850650 Primary Cells And Batteries, Lithium",Japan,2002,63240836,62711251.0
"850650 Primary Cells And Batteries, Lithium",Thailand,2003,2141,2141.0
"850650 Primary Cells And Batteries, Lithium",Malaysia,2003,1785532,2159912.0
"850650 Primary Cells And Batteries, Lithium",Singapore,2003,1893055,1893055.0
"850650 Primary Cells And Batteries, Lithium",Indonesia,2003,1401879,1401879.0
"850650 Primary Cells And Batteries, Lithium",Philippines,2003,7039,7039.0
"850650 Primary Cells And Batteries, Lithium",Macau,2003,2460,2460.0
"850650 Primary Cells And Batteries, Lithium","Korea, South",2003,3719766,3719766.0
"850650 Primary Cells And Batteries, Lithium",Hong Kong,2003,2339498,2339498.0
"850650 Primary Cells And Batteries, Lithium",Taiwan,2003,12504125,12504125.0
"850650 Primary Cells And Batteries, Lithium",Japan,2003,50076015,49556820.0
"850650 Primary Cells And Batteries, Lithium",Thailand,2004,60499,60499.0
"850650 Primary Cells And Batteries, Lithium",Vietnam,2004,63416,63416.0
"850650 Primary Cells And Batteries, Lithium",Malaysia,2004,2091131,2522196.0
"850650 Primary Cells And Batteries, Lithium",Singapore,2004,2884607,2794401.0
"850650 Primary Cells And Batteries, Lithium",Indonesia,2004,1349170,1349170.0
"850650 Primary Cells And Batteries, Lithium",Philippines,2004,15806,15806.0
"850650 Primary Cells And Batteries, Lithium","Korea, South",2004,4425308,4425308.0
"850650 Primary Cells And Batteries, Lithium",Hong Kong,2004,1482080,1467545.0
"850650 Primary Cells And Batteries, Lithium",Taiwan,2004,6825430,6825430.0
"850650 Primary Cells And Batteries, Lithium",Japan,2004,50796455,50312914.0
"850650 Primary Cells And Batteries, Lithium",Thailand,2005,19573,19573.0
"850650 Primary Cells And Batteries, Lithium",Malaysia,2005,1735050,2115941.0
"850650 Primary Cells And Batteries, Lithium",Singapore,2005,1168903,1199219.0
"850650 Primary Cells And Batteries, Lithium",Indonesia,2005,2460686,2492190.0
"850650 Primary Cells And Batteries, Lithium",Philippines,2005,28601,28601.0
"850650 Primary Cells And Batteries, Lithium","Korea, South",2005,7156419,7156419.0
"850650 Primary Cells And Batteries, Lithium",Hong Kong,2005,1469419,1469419.0
"850650 Primary Cells And Batteries, Lithium",Taiwan,2005,9870638,9870638.0
"850650 Primary Cells And Batteries, Lithium",Japan,2005,55431491,55053144.0
"850650 Primary Cells And Batteries, Lithium",Thailand,2006,56609,56609.0
"850650 Primary Cells And Batteries, Lithium",Cambodia,2006,8700,8700.0
"850650 Primary Cells And Batteries, Lithium",Malaysia,2006,7110376,7492349.0
"850650 Primary Cells And Batteries, Lithium",Singapore,2006,1460819,1460819.0
"850650 Primary Cells And Batteries, Lithium",Indonesia,2006,4349179,4311559.0
"850650 Primary Cells And Batteries, Lithium",Philippines,2006,1141773,1141773.0
"850650 Primary Cells And Batteries, Lithium","Korea, South",2006,11193894,11193894.0
"850650 Primary Cells And Batteries, Lithium",Hong Kong,2006,698216,471719.0
"850650 Primary Cells And Batteries, Lithium",Taiwan,2006,13709782,11063306.0
"850650 Primary Cells And Batteries, Lithium",Japan,2006,58333446,58031013.0
"850650 Primary Cells And Batteries, Lithium",Thailand,2007,305332,309903.0
"850650 Primary Cells And Batteries, Lithium",Malaysia,2007,6773751,6994996.0
"850650 Primary Cells And Batteries, Lithium",Singapore,2007,594346,594346.0
"850650 Primary Cells And Batteries, Lithium",Indonesia,2007,4408467,4346687.0
"850650 Primary Cells And Batteries, Lithium",Philippines,2007,278519,225959.0
"850650 Primary Cells And Batteries, Lithium","Korea, South",2007,6879281,6879281.0
"850650 Primary Cells And Batteries, Lithium",Hong Kong,2007,598096,595242.0
"850650 Primary Cells And Batteries, Lithium",Taiwan,2007,8462392,7939728.0
"850650 Primary Cells And Batteries, Lithium",Japan,2007,68547173,67928597.0
"850650 Primary Cells And Batteries, Lithium",Thailand,2008,1504318,1504318.0
"850650 Primary Cells And Batteries, Lithium",Vietnam,2008,93896,93896.0
"850650 Primary Cells And Batteries, Lithium",Malaysia,2008,4901011,5044789.0
"850650 Primary Cells And Batteries, Lithium",Singapore,2008,112400,112400.0
"850650 Primary Cells And Batteries, Lithium",Indonesia,2008,5633623,5625281.0
"850650 Primary Cells And Batteries, Lithium",Philippines,2008,117027,117027.0
"850650 Primary Cells And Batteries, Lithium",Macau,2008,18647,18647.0
"850650 Primary Cells And Batteries, Lithium","Korea, South",2008,9903981,9903981.0
"850650 Primary Cells And Batteries, Lithium",Hong Kong,2008,702117,702117.0
"850650 Primary Cells And Batteries, Lithium",Taiwan,2008,8757666,8757666.0
"850650 Primary Cells And Batteries, Lithium",Japan,2008,56726643,56664182.0
"850650 Primary Cells And Batteries, Lithium",Thailand,2009,367182,367182.0
"850650 Primary Cells And Batteries, Lithium",Malaysia,2009,4648572,4648572.0
"850650 Primary Cells And Batteries, Lithium",Singapore,2009,256451,256451.0
"850650 Primary Cells And Batteries, Lithium",Indonesia,2009,5543111,5560395.0
"850650 Primary Cells And Batteries, Lithium",Philippines,2009,135491,135491.0
"850650 Primary Cells And Batteries, Lithium",Macau,2009,16244,16244.0
"850650 Primary Cells And Batteries, Lithium","Korea, South",2009,9976276,9976276.0
"850650 Primary Cells And Batteries, Lithium",Hong Kong,2009,1039490,1039490.0
"850650 Primary Cells And Batteries, Lithium",Taiwan,2009,3878145,3878145.0
"850650 Primary Cells And Batteries, Lithium",Japan,2009,43242438,42932222.0
"850650 Primary Cells And Batteries, Lithium",Thailand,2010,304133,304133.0
"850650 Primary Cells And Batteries, Lithium",Malaysia,2010,2806566,2806566.0
"850650 Primary Cells And Batteries, Lithium",Singapore,2010,158484,158484.0
"850650 Primary Cells And Batteries, Lithium",Indonesia,2010,9060753,9007326.0
"850650 Primary Cells And Batteries, Lithium",Philippines,2010,273295,273295.0
"850650 Primary Cells And Batteries, Lithium",Macau,2010,56900,56900.0
"850650 Primary Cells And Batteries, Lithium","Korea, South",2010,32567483,32567483.0
"850650 Primary Cells And Batteries, Lithium",Hong Kong,2010,2388414,2388414.0
"850650 Primary Cells And Batteries, Lithium",Taiwan,2010,4327700,4298034.0
"850650 Primary Cells And Batteries, Lithium",Japan,2010,65826465,64654866.0
74 Copper And Articles Thereof,Japan,2011,172224947,170318399.0
74 Copper And Articles Thereof,Philippines,2017,1344342,1349172.0
80 Tin And Articles Thereof,Philippines,2011,288890,288890.0
74 Copper And Articles Thereof,"Korea, South",2017,217290051,217164421.0
80 Tin And Articles Thereof,Taiwan,2012,1016767,1016767.0
75 Nickel And Articles Thereof,Vietnam,2013,47398,47398.0
74 Copper And Articles Thereof,Laos,2012,5300,5300.0
75 Nickel And Articles Thereof,Taiwan,2018,28647901,29015495.0
74 Copper And Articles Thereof,Singapore,2018,10226427,10226427.0
76 Aluminum And Articles Thereof,Singapore,2017,6797189,6797189.0
80 Tin And Articles Thereof,Japan,2020,23716789,23400653.0
75 Nickel And Articles Thereof,Hong Kong,2011,1741173,1722057.0
75 Nickel And Articles Thereof,Japan,2020,95359672,102168276.0
75 Nickel And Articles Thereof,Malaysia,2018,430286,9353547.0
80 Tin And Articles Thereof,Philippines,2015,624108,624108.0
75 Nickel And Articles Thereof,"Korea, South",2016,12758990,12758990.0
74 Copper And Articles Thereof,Macau,2011,2913,2913.0
74 Copper And Articles Thereof,Cambodia,2014,4200,4200.0
75 Nickel And Articles Thereof,Vietnam,2011,331464,331464.0
80 Tin And Articles Thereof,Vietnam,2011,101896,101896.0
80 Tin And Articles Thereof,Vietnam,2015,195933,195933.0
80 Tin And Articles Thereof,Singapore,2013,2120354,2120354.0
74 Copper And Articles Thereof,Cambodia,2011,14202,14202.0
75 Nickel And Articles Thereof,"Korea, South",2012,35059685,35059685.0
76 Aluminum And Articles Thereof,Malaysia,2020,96393985,96810159.0
80 Tin And Articles Thereof,"Korea, South",2013,877248,877248.0
80 Tin And Articles Thereof,Taiwan,2020,547360,547360.0
74 Copper And Articles Thereof,Brunei,2017,2600,2600.0
80 Tin And Articles Thereof,Singapore,2016,3158725,3158725.0
76 Aluminum And Articles Thereof,Philippines,2020,10248049,10211050.0
80 Tin And Articles Thereof,Burma,2018,401629,401629.0
76 Aluminum And Articles Thereof,Japan,2014,244956389,211168255.0
76 Aluminum And Articles Thereof,Singapore,2016,8278860,8278860.0
75 Nickel And Articles Thereof,Thailand,2019,186375,186375.0
76 Aluminum And Articles Thereof,Indonesia,2012,226297548,226230805.0
80 Tin And Articles Thereof,Thailand,2017,9925205,9925205.0
76 Aluminum And Articles Thereof,Japan,2020,180442736,137311777.0
76 Aluminum And Articles Thereof,Indonesia,2019,242562677,243362019.0
80 Tin And Articles Thereof,"Korea, South",2011,827204,827204.0
74 Copper And Articles Thereof,Singapore,2014,8855123,8855123.0
80 Tin And Articles Thereof,Vietnam,2016,296842,296842.0
76 Aluminum And Articles Thereof,Hong Kong,2017,38230594,36196780.0
80 Tin And Articles Thereof,Vietnam,2019,184982,184982.0
80 Tin And Articles Thereof,Malaysia,2019,137382890,137382890.0
76 Aluminum And Articles Thereof,"Korea, South",2011,114347759,112491480.0
80 Tin And Articles Thereof,Hong Kong,2017,271455,271455.0
74 Copper And Articles Thereof,Malaysia,2016,21766445,21766445.0
75 Nickel And Articles Thereof,Philippines,2015,2839,2839.0
75 Nickel And Articles Thereof,Singapore,2011,36681553,36681553.0
74 Copper And Articles Thereof,"Korea, South",2012,264670996,264576339.0
75 Nickel And Articles Thereof,Vietnam,2017,63812,63812.0
76 Aluminum And Articles Thereof,Singapore,2012,26802198,26802198.0
75 Nickel And Articles Thereof,Hong Kong,2014,2061758,2061758.0
75 Nickel And Articles Thereof,Indonesia,2015,10071231,10071231.0
74 Copper And Articles Thereof,Philippines,2011,2234549,2234549.0
80 Tin And Articles Thereof,Thailand,2011,50813432,56854839.0
80 Tin And Articles Thereof,Singapore,2015,4066625,4066625.0
75 Nickel And Articles Thereof,Indonesia,2020,9376413,9376413.0
80 Tin And Articles Thereof,Hong Kong,2019,2192139,2192139.0
76 Aluminum And Articles Thereof,Thailand,2013,265483824,264583707.0
80 Tin And Articles Thereof,Singapore,2012,8233138,8233138.0
80 Tin And Articles Thereof,Indonesia,2019,93133477,93133477.0
74 Copper And Articles Thereof,Japan,2018,270128259,262372727.0
74 Copper And Articles Thereof,Indonesia,2016,11173426,11173426.0
80 Tin And Articles Thereof,Japan,2019,15205640,13800826.0
76 Aluminum And Articles Thereof,Brunei,2019,6511,6511.0
75 Nickel And Articles Thereof,"Korea, South",2015,13104283,13104283.0
76 Aluminum And Articles Thereof,Malaysia,2014,34534028,34531506.0
76 Aluminum And Articles Thereof,Macau,2014,2168,2168.0
76 Aluminum And Articles Thereof,Vietnam,2017,111558303,111537857.0
74 Copper And Articles Thereof,Hong Kong,2014,4031411,4018434.0
80 Tin And Articles Thereof,Philippines,2020,113672,113672.0
76 Aluminum And Articles Thereof,Vietnam,2016,83394791,83375954.0
80 Tin And Articles Thereof,"Korea, South",2014,576921,576921.0
74 Copper And Articles Thereof,Hong Kong,2011,7183139,7177859.0
76 Aluminum And Articles Thereof,Singapore,2015,20700926,20689610.0
76 Aluminum And Articles Thereof,Philippines,2017,10255163,10255163.0
76 Aluminum And Articles Thereof,Singapore,2014,9880673,9880673.0
74 Copper And Articles Thereof,Philippines,2012,4067668,4067668.0
75 Nickel And Articles Thereof,Hong Kong,2019,130277,130277.0
76 Aluminum And Articles Thereof,Cambodia,2018,11054708,11117429.0
76 Aluminum And Articles Thereof,Hong Kong,2015,27941433,27637789.0
75 Nickel And Articles Thereof,Japan,2018,121148255,122032945.0
74 Copper And Articles Thereof,Hong Kong,2019,2759841,2738828.0
75 Nickel And Articles Thereof,Hong Kong,2017,608286,608286.0
76 Aluminum And Articles Thereof,Mongolia,2014,2484,2484.0
76 Aluminum And Articles Thereof,Thailand,2012,233152926,232138784.0
80 Tin And Articles Thereof,Vietnam,2014,203526,203526.0
76 Aluminum And Articles Thereof,Philippines,2014,1822107,978267.0
74 Copper And Articles Thereof,"Korea, South",2011,281302397,279397182.0
74 Copper And Articles Thereof,"Korea, South",2013,301598837,301479987.0
80 Tin And Articles Thereof,Indonesia,2015,72033419,72033419.0
76 Aluminum And Articles Thereof,Taiwan,2018,309106526,308282657.0
80 Tin And Articles Thereof,Malaysia,2014,135209786,135209786.0
74 Copper And Articles Thereof,Indonesia,2012,10738778,10738778.0
75 Nickel And Articles Thereof,Vietnam,2018,64051,59657.0
76 Aluminum And Articles Thereof,Burma,2020,4702394,4702394.0
75 Nickel And Articles Thereof,"Korea, South",2020,4632721,4635899.0
76 Aluminum And Articles Thereof,Taiwan,2019,351514436,349742948.0
75 Nickel And Articles Thereof,"Korea, South",2014,31702453,31702453.0
74 Copper And Articles Thereof,Malaysia,2019,22902488,22902488.0
76 Aluminum And Articles Thereof,Malaysia,2017,51058151,50816845.0
80 Tin And Articles Thereof,Philippines,2013,620167,620167.0
74 Copper And Articles Thereof,Japan,2017,212419611,184428980.0
74 Copper And Articles Thereof,Philippines,2015,1737567,1737567.0
74 Copper And Articles Thereof,Japan,2015,160605342,159835089.0
74 Copper And Articles Thereof,Taiwan,2020,188533836,188492548.0
75 Nickel And Articles Thereof,Hong Kong,2012,37400,37400.0
76 Aluminum And Articles Thereof,Japan,2012,156711604,117909115.0
74 Copper And Articles Thereof,Burma,2017,5000,5000.0
74 Copper And Articles Thereof,Hong Kong,2012,11247013,11247013.0
80 Tin And Articles Thereof,Philippines,2012,436357,436357.0
74 Copper And Articles Thereof,"Korea, South",2015,254282588,253796013.0
74 Copper And Articles Thereof,Taiwan,2012,165435769,165379863.0
80 Tin And Articles Thereof,Indonesia,2020,145253491,148352793.0
76 Aluminum And Articles Thereof,Philippines,2013,3992359,3061299.0
76 Aluminum And Articles Thereof,"Korea, South",2019,376247475,372550710.0
74 Copper And Articles Thereof,Vietnam,2019,187992369,187890436.0
74 Copper And Articles Thereof,Vietnam,2012,51297348,51297348.0
74 Copper And Articles Thereof,Burma,2019,50553,50553.0
80 Tin And Articles Thereof,Indonesia,2011,89641089,89641089.0
80 Tin And Articles Thereof,"Korea, South",2015,159036,159036.0
75 Nickel And Articles Thereof,"Korea, South",2013,25396008,25364424.0
74 Copper And Articles Thereof,Japan,2016,125012555,123605829.0
76 Aluminum And Articles Thereof,"Korea, South",2020,302659880,300563743.0
74 Copper And Articles Thereof,Indonesia,2018,12287655,12287655.0
80 Tin And Articles Thereof,Indonesia,2014,158557670,169971227.0
75 Nickel And Articles Thereof,Singapore,2016,5938460,5938460.0
80 Tin And Articles Thereof,Indonesia,2017,180457066,179437713.0
74 Copper And Articles Thereof,Vietnam,2016,84213242,84285248.0
80 Tin And Articles Thereof,Taiwan,2016,1782816,1782816.0
76 Aluminum And Articles Thereof,"Korea, South",2013,135758536,124714080.0
75 Nickel And Articles Thereof,Taiwan,2019,33607065,34246982.0
76 Aluminum And Articles Thereof,Macau,2019,70462,70462.0
75 Nickel And Articles Thereof,Thailand,2015,29500,29500.0
76 Aluminum And Articles Thereof,Malaysia,2015,43511578,43511578.0
80 Tin And Articles Thereof,Taiwan,2019,2368964,2368964.0
76 Aluminum And Articles Thereof,Indonesia,2016,112075753,112025263.0
75 Nickel And Articles Thereof,"Korea, South",2018,10051783,10051786.0
74 Copper And Articles Thereof,"Korea, South",2014,317694418,317620651.0
76 Aluminum And Articles Thereof,"Korea, South",2015,200896348,199831867.0
76 Aluminum And Articles Thereof,Burma,2018,2567895,2567895.0
74 Copper And Articles Thereof,Brunei,2011,12067,12067.0
74 Copper And Articles Thereof,Thailand,2016,42739117,42726753.0
75 Nickel And Articles Thereof,Malaysia,2017,554274,554274.0
75 Nickel And Articles Thereof,Taiwan,2017,19554918,19541954.0
76 Aluminum And Articles Thereof,Burma,2019,2502430,2502430.0
76 Aluminum And Articles Thereof,Thailand,2019,294395388,294367037.0
74 Copper And Articles Thereof,Malaysia,2020,20031609,20031609.0
75 Nickel And Articles Thereof,Malaysia,2013,318066,318066.0
76 Aluminum And Articles Thereof,Cambodia,2015,630411,630411.0
74 Copper And Articles Thereof,"Korea, South",2016,179151281,178984622.0
75 Nickel And Articles Thereof,Japan,2013,68933168,65426224.0
75 Nickel And Articles Thereof,Philippines,2016,3995,3995.0
74 Copper And Articles Thereof,Vietnam,2018,150754539,150641203.0
75 Nickel And Articles Thereof,Singapore,2018,16659434,16666333.0
74 Copper And Articles Thereof,Cambodia,2015,4985,4985.0
76 Aluminum And Articles Thereof,Vietnam,2020,207849523,207707386.0
74 Copper And Articles Thereof,Philippines,2013,2547926,2538322.0
80 Tin And Articles Thereof,Thailand,2012,39309945,39309945.0
76 Aluminum And Articles Thereof,Taiwan,2012,128341095,127770181.0
80 Tin And Articles Thereof,Hong Kong,2020,91296,91296.0
74 Copper And Articles Thereof,Taiwan,2016,159574746,158370829.0
76 Aluminum And Articles Thereof,Indonesia,2015,211977464,211938559.0
76 Aluminum And Articles Thereof,Hong Kong,2018,38490013,37698083.0
75 Nickel And Articles Thereof,Vietnam,2015,23611,23611.0
75 Nickel And Articles Thereof,Malaysia,2020,2359360,2359360.0
74 Copper And Articles Thereof,Thailand,2018,53295024,53297789.0
75 Nickel And Articles Thereof,Thailand,2020,240180,240180.0
80 Tin And Articles Thereof,Japan,2018,8951400,7777420.0
75 Nickel And Articles Thereof,Thailand,2014,25768,25768.0
76 Aluminum And Articles Thereof,Hong Kong,2019,31841365,31191538.0
74 Copper And Articles Thereof,Malaysia,2015,29329316,29327043.0
76 Aluminum And Articles Thereof,Burma,2016,2342920,2342920.0
76 Aluminum And Articles Thereof,"Korea, South",2012,146032338,137321853.0
76 Aluminum And Articles Thereof,Singapore,2011,21152712,21152712.0
80 Tin And Articles Thereof,"Korea, South",2016,208024,208024.0
80 Tin And Articles Thereof,Philippines,2018,164474,164474.0
76 Aluminum And Articles Thereof,Philippines,2015,3479859,3396239.0
75 Nickel And Articles Thereof,Hong Kong,2016,3188492,3188492.0
74 Copper And Articles Thereof,Singapore,2012,8875765,8875765.0
74 Copper And Articles Thereof,Indonesia,2020,14409790,14409790.0
76 Aluminum And Articles Thereof,Thailand,2017,253645658,253737631.0
76 Aluminum And Articles Thereof,Taiwan,2020,253019326,251832051.0
74 Copper And Articles Thereof,Singapore,2013,9415626,9393552.0
74 Copper And Articles Thereof,Vietnam,2017,118697731,118504475.0
80 Tin And Articles Thereof,Vietnam,2018,179362,179362.0
75 Nickel And Articles Thereof,Philippines,2017,68252,68252.0
75 Nickel And Articles Thereof,Vietnam,2012,5741,5741.0
74 Copper And Articles Thereof,"Korea, South",2019,246983389,247000170.0
76 Aluminum And Articles Thereof,Brunei,2020,453544,453544.0
75 Nickel And Articles Thereof,Indonesia,2014,20218093,20218093.0
80 Tin And Articles Thereof,Hong Kong,2011,667316,667316.0
75 Nickel And Articles Thereof,Malaysia,2019,1414513,1414513.0
74 Copper And Articles Thereof,Vietnam,2020,258844668,258590441.0
75 Nickel And Articles Thereof,Macau,2018,3545,3545.0
75 Nickel And Articles Thereof,Hong Kong,2020,106267,106267.0
76 Aluminum And Articles Thereof,Thailand,2016,265719331,265859638.0
76 Aluminum And Articles Thereof,Malaysia,2011,50699152,50606881.0
74 Copper And Articles Thereof,Thailand,2017,46077901,45958279.0
74 Copper And Articles Thereof,Thailand,2014,62896418,62839091.0
80 Tin And Articles Thereof,"Korea, South",2012,1164793,1164793.0
80 Tin And Articles Thereof,Hong Kong,2016,321354,306504.0
75 Nickel And Articles Thereof,Philippines,2019,16739,16739.0
80 Tin And Articles Thereof,Singapore,2017,827280,827280.0
75 Nickel And Articles Thereof,Singapore,2014,11425072,11425072.0
76 Aluminum And Articles Thereof,Thailand,2015,269696297,269608310.0
80 Tin And Articles Thereof,Malaysia,2012,96328694,96328694.0
75 Nickel And Articles Thereof,Taiwan,2016,24791510,24797511.0
80 Tin And Articles Thereof,"Korea, South",2017,174199,174199.0
75 Nickel And Articles Thereof,"Korea, South",2011,4267444,4267444.0
80 Tin And Articles Thereof,Thailand,2018,9359550,9359550.0
74 Copper And Articles Thereof,Hong Kong,2017,9515458,9515458.0
80 Tin And Articles Thereof,Japan,2011,16698468,16698468.0
80 Tin And Articles Thereof,Japan,2017,4564105,4559252.0
80 Tin And Articles Thereof,Thailand,2019,12804465,12804465.0
80 Tin And Articles Thereof,Japan,2015,6008116,6008116.0
74 Copper And Articles Thereof,Malaysia,2011,103977109,103977109.0
76 Aluminum And Articles Thereof,Indonesia,2013,178224040,178191656.0
80 Tin And Articles Thereof,Indonesia,2016,129288990,128217745.0
76 Aluminum And Articles Thereof,Philippines,2012,1010828,952325.0
76 Aluminum And Articles Thereof,Taiwan,2015,137156085,136224002.0
75 Nickel And Articles Thereof,Japan,2012,74870863,73707679.0
74 Copper And Articles Thereof,Malaysia,2012,74862047,74862047.0
76 Aluminum And Articles Thereof,Taiwan,2016,158834426,157948148.0
74 Copper And Articles Thereof,Macau,2012,14456,14456.0
74 Copper And Articles Thereof,"Korea, South",2020,270324819,269900186.0
76 Aluminum And Articles Thereof,Malaysia,2019,110009955,109739755.0
74 Copper And Articles Thereof,Cambodia,2013,2340,2340.0
80 Tin And Articles Thereof,Philippines,2016,490437,490437.0
76 Aluminum And Articles Thereof,Taiwan,2013,123996096,123208487.0
74 Copper And Articles Thereof,Singapore,2016,8635909,8635909.0
80 Tin And Articles Thereof,Hong Kong,2014,465155,465155.0
74 Copper And Articles Thereof,Indonesia,2014,14920177,14920177.0
80 Tin And Articles Thereof,Singapore,2014,7845597,7845597.0
74 Copper And Articles Thereof,Indonesia,2017,11814437,11814437.0
75 Nickel And Articles Thereof,Thailand,2013,17064,17064.0
76 Aluminum And Articles Thereof,Malaysia,2012,46642448,46645052.0
74 Copper And Articles Thereof,Japan,2020,214657881,201618253.0
74 Copper And Articles Thereof,Malaysia,2017,24014268,24017323.0
80 Tin And Articles Thereof,Singapore,2019,6252,6252.0
80 Tin And Articles Thereof,Vietnam,2017,188634,188634.0
76 Aluminum And Articles Thereof,Macau,2018,238804,238804.0
74 Copper And Articles Thereof,Taiwan,2011,152173070,152143776.0
76 Aluminum And Articles Thereof,Thailand,2014,228703590,227933989.0
80 Tin And Articles Thereof,Vietnam,2013,207037,207037.0
74 Copper And Articles Thereof,Singapore,2017,11219775,11219775.0
76 Aluminum And Articles Thereof,Malaysia,2018,83963562,84213915.0
75 Nickel And Articles Thereof,Japan,2016,87161792,86690376.0
76 Aluminum And Articles Thereof,Vietnam,2018,144365753,144148743.0
76 Aluminum And Articles Thereof,Macau,2017,27838,27838.0
74 Copper And Articles Thereof,Philippines,2014,2335905,2335905.0
74 Copper And Articles Thereof,Thailand,2012,63892740,63780922.0
76 Aluminum And Articles Thereof,Japan,2011,176740889,132461308.0
75 Nickel And Articles Thereof,Malaysia,2016,374006,374006.0
76 Aluminum And Articles Thereof,Mongolia,2018,13288,13288.0
76 Aluminum And Articles Thereof,Malaysia,2013,32817526,32804740.0
75 Nickel And Articles Thereof,Indonesia,2013,10182441,10182441.0
76 Aluminum And Articles Thereof,Philippines,2011,2230609,1924329.0
80 Tin And Articles Thereof,Malaysia,2018,158505981,158505981.0
76 Aluminum And Articles Thereof,"Korea, South",2014,212042530,209840949.0
75 Nickel And Articles Thereof,Philippines,2018,61426,61426.0
74 Copper And Articles Thereof,Hong Kong,2016,5750874,5740796.0
75 Nickel And Articles Thereof,Taiwan,2013,48766699,48754033.0
76 Aluminum And Articles Thereof,Hong Kong,2020,13046512,12863303.0
76 Aluminum And Articles Thereof,Hong Kong,2016,37638211,37577622.0
74 Copper And Articles Thereof,Thailand,2011,70390740,70375659.0
76 Aluminum And Articles Thereof,Japan,2017,285735579,203036856.0
76 Aluminum And Articles Thereof,Japan,2015,258416274,180760747.0
76 Aluminum And Articles Thereof,Taiwan,2011,124340102,123542299.0
74 Copper And Articles Thereof,Hong Kong,2018,16645953,16681188.0
76 Aluminum And Articles Thereof,Indonesia,2020,111145441,111499081.0
76 Aluminum And Articles Thereof,Japan,2019,282772717,245066473.0
76 Aluminum And Articles Thereof,Cambodia,2016,1393229,1393229.0
74 Copper And Articles Thereof,Vietnam,2014,53182291,53182291.0
74 Copper And Articles Thereof,Taiwan,2017,177942098,177619247.0
80 Tin And Articles Thereof,Hong Kong,2013,794963,794963.0
75 Nickel And Articles Thereof,Singapore,2015,5215232,5215232.0
76 Aluminum And Articles Thereof,Hong Kong,2014,24968812,24941616.0
80 Tin And Articles Thereof,Singapore,2011,17223609,17223609.0
74 Copper And Articles Thereof,Philippines,2016,991592,991592.0
80 Tin And Articles Thereof,Indonesia,2018,189529248,189703347.0
80 Tin And Articles Thereof,Taiwan,2015,706578,706578.0
74 Copper And Articles Thereof,Singapore,2011,7336595,7336595.0
74 Copper And Articles Thereof,Malaysia,2014,40037976,40037976.0
75 Nickel And Articles Thereof,Indonesia,2012,9898532,9898532.0
75 Nickel And Articles Thereof,Singapore,2013,7922250,7922250.0
74 Copper And Articles Thereof,Laos,2014,5040,5040.0
80 Tin And Articles Thereof,Indonesia,2013,139014274,130761355.0
76 Aluminum And Articles Thereof,Hong Kong,2013,22958166,22861674.0
80 Tin And Articles Thereof,Malaysia,2013,93523687,93523687.0
76 Aluminum And Articles Thereof,Malaysia,2016,47900069,47900666.0
75 Nickel And Articles Thereof,Taiwan,2011,17513117,17513117.0
80 Tin And Articles Thereof,Philippines,2014,916649,916649.0
80 Tin And Articles Thereof,Vietnam,2020,239568,239568.0
75 Nickel And Articles Thereof,Vietnam,2020,66611,57822.0
74 Copper And Articles Thereof,Thailand,2013,65608827,65580298.0
74 Copper And Articles Thereof,Cambodia,2020,25217,25217.0
75 Nickel And Articles Thereof,Taiwan,2020,27356230,27568504.0
74 Copper And Articles Thereof,Indonesia,2019,14399392,14399392.0
75 Nickel And Articles Thereof,Japan,2015,110382709,112737915.0
76 Aluminum And Articles Thereof,Vietnam,2011,19097562,19066312.0
74 Copper And Articles Thereof,Singapore,2020,15211474,15211474.0
80 Tin And Articles Thereof,Thailand,2016,7865411,7865411.0
76 Aluminum And Articles Thereof,Singapore,2013,21970013,21970013.0
76 Aluminum And Articles Thereof,Burma,2017,2934466,2934466.0
80 Tin And Articles Thereof,Taiwan,2018,4275806,4275806.0
76 Aluminum And Articles Thereof,Taiwan,2017,225066699,224660367.0
75 Nickel And Articles Thereof,Vietnam,2014,94769,94769.0
75 Nickel And Articles Thereof,Indonesia,2018,9279414,9279414.0
76 Aluminum And Articles Thereof,Indonesia,2014,165670265,165578348.0
76 Aluminum And Articles Thereof,Vietnam,2019,177560169,177246945.0
75 Nickel And Articles Thereof,Indonesia,2016,11102371,11102371.0
74 Copper And Articles Thereof,Japan,2014,201463016,201083836.0
76 Aluminum And Articles Thereof,Cambodia,2017,2701238,2927700.0
74 Copper And Articles Thereof,Indonesia,2015,12791667,12791667.0
75 Nickel And Articles Thereof,Thailand,2012,89752,89752.0
74 Copper And Articles Thereof,Vietnam,2015,46445339,46311946.0
76 Aluminum And Articles Thereof,Macau,2011,2429,2429.0
75 Nickel And Articles Thereof,Japan,2011,66908248,66491271.0
74 Copper And Articles Thereof,Taiwan,2013,167170720,167007297.0
74 Copper And Articles Thereof,"Korea, South",2018,239607910,239437149.0
80 Tin And Articles Thereof,Malaysia,2017,146826602,146826602.0
76 Aluminum And Articles Thereof,Cambodia,2020,8514931,8514931.0
75 Nickel And Articles Thereof,Singapore,2019,22105986,22142448.0
74 Copper And Articles Thereof,Philippines,2019,1578023,1642964.0
80 Tin And Articles Thereof,Taiwan,2014,1150232,1150232.0
74 Copper And Articles Thereof,Japan,2012,173821099,172064719.0
76 Aluminum And Articles Thereof,Indonesia,2017,209466628,209381606.0
74 Copper And Articles Thereof,Taiwan,2018,203814034,203832999.0
74 Copper And Articles Thereof,Vietnam,2011,60658903,60658903.0
74 Copper And Articles Thereof,Singapore,2015,7846457,7846457.0
80 Tin And Articles Thereof,"Korea, South",2019,253123,253123.0
76 Aluminum And Articles Thereof,Indonesia,2011,253435577,253425930.0
74 Copper And Articles Thereof,Thailand,2015,52869291,52866645.0
74 Copper And Articles Thereof,Burma,2014,77111,77111.0
74 Copper And Articles Thereof,Taiwan,2014,171610808,171324636.0
80 Tin And Articles Thereof,Thailand,2013,55613693,55613693.0
75 Nickel And Articles Thereof,Taiwan,2012,38322777,38321808.0
75 Nickel And Articles Thereof,Indonesia,2019,17214838,17214838.0
75 Nickel And Articles Thereof,Malaysia,2015,1643764,1643764.0
80 Tin And Articles Thereof,Malaysia,2015,167610935,169225549.0
80 Tin And Articles Thereof,Taiwan,2011,2224139,2224139.0
80 Tin And Articles Thereof,Hong Kong,2015,2786907,2756783.0
76 Aluminum And Articles Thereof,Singapore,2019,6356757,6356757.0
74 Copper And Articles Thereof,Cambodia,2012,6955,6955.0
80 Tin And Articles Thereof,Vietnam,2012,128115,128115.0
75 Nickel And Articles Thereof,Vietnam,2016,30389,30389.0
74 Copper And Articles Thereof,Philippines,2018,1514051,1514051.0
76 Aluminum And Articles Thereof,Vietnam,2014,42200138,42180720.0
76 Aluminum And Articles Thereof,Cambodia,2019,8888028,9372313.0
80 Tin And Articles Thereof,Taiwan,2017,3570316,3570316.0
76 Aluminum And Articles Thereof,Vietnam,2015,62840343,62809873.0
75 Nickel And Articles Thereof,Hong Kong,2018,370017,370017.0
75 Nickel And Articles Thereof,Indonesia,2011,8530429,8530429.0
75 Nickel And Articles Thereof,Japan,2014,119112051,119088529.0
76 Aluminum And Articles Thereof,Hong Kong,2012,27419015,27244836.0
80 Tin And Articles Thereof,Thailand,2015,1116562,1116562.0
76 Aluminum And Articles Thereof,Brunei,2015,6600,6600.0
74 Copper And Articles Thereof,Singapore,2019,12573780,12573780.0
75 Nickel And Articles Thereof,Japan,2019,136867722,146964887.0
80 Tin And Articles Thereof,Thailand,2020,3509506,3509506.0
74 Copper And Articles Thereof,Burma,2020,13740,5061.0
74 Copper And Articles Thereof,Hong Kong,2013,5866210,5863847.0
76 Aluminum And Articles Thereof,Thailand,2020,337213175,334596609.0
76 Aluminum And Articles Thereof,Japan,2016,212775341,177844189.0
76 Aluminum And Articles Thereof,Singapore,2020,16462485,16462485.0
80 Tin And Articles Thereof,Malaysia,2020,64454505,64454505.0
74 Copper And Articles Thereof,Cambodia,2016,7922,7922.0
75 Nickel And Articles Thereof,Singapore,2012,8538588,8538588.0
76 Aluminum And Articles Thereof,"Korea, South",2017,182569967,178107745.0
80 Tin And Articles Thereof,"Korea, South",2018,241537,241537.0
76 Aluminum And Articles Thereof,Burma,2015,527466,527466.0
76 Aluminum And Articles Thereof,Japan,2013,235305813,196227989.0
76 Aluminum And Articles Thereof,Thailand,2011,193660497,192930333.0
76 Aluminum And Articles Thereof,Philippines,2016,2700631,2700631.0
76 Aluminum And Articles Thereof,"Korea, South",2016,177828716,172356821.0
76 Aluminum And Articles Thereof,Taiwan,2014,127370692,126794040.0
74 Copper And Articles Thereof,Macau,2018,132604,132604.0
75 Nickel And Articles Thereof,"Korea, South",2017,9060526,9053221.0
80 Tin And Articles Thereof,Hong Kong,2012,665375,665375.0
80 Tin And Articles Thereof,Japan,2012,17687831,17687831.0
75 Nickel And Articles Thereof,Malaysia,2014,1312205,1312205.0
75 Nickel And Articles Thereof,Japan,2017,97485798,96894919.0
80 Tin And Articles Thereof,Thailand,2014,7243951,7243951.0
76 Aluminum And Articles Thereof,Philippines,2018,18210215,18219431.0
74 Copper And Articles Thereof,Macau,2013,2721,2721.0
80 Tin And Articles Thereof,Singapore,2018,997380,997380.0
76 Aluminum And Articles Thereof,Singapore,2018,30971226,25322796.0
75 Nickel And Articles Thereof,Taiwan,2015,62440248,62384680.0
75 Nickel And Articles Thereof,Singapore,2020,9574606,9574606.0
75 Nickel And Articles Thereof,Vietnam,2019,67787,61194.0
75 Nickel And Articles Thereof,"Korea, South",2019,9718951,9726273.0
74 Copper And Articles Thereof,Malaysia,2018,26339779,26336075.0
75 Nickel And Articles Thereof,Thailand,2011,206251,206251.0
80 Tin And Articles Thereof,Philippines,2017,257485,257485.0
74 Copper And Articles Thereof,Japan,2013,218098240,217134496.0
76 Aluminum And Articles Thereof,Thailand,2018,279791056,279737862.0
74 Copper And Articles Thereof,Thailand,2019,50868943,50912921.0
76 Aluminum And Articles Thereof,Macau,2015,25137,25137.0
80 Tin And Articles Thereof,Philippines,2019,93482,93482.0
76 Aluminum And Articles Thereof,Mongolia,2015,67412,67412.0
80 Tin And Articles Thereof,Hong Kong,2018,2412647,2412647.0
80 Tin And Articles Thereof,Indonesia,2012,92370470,89785010.0
76 Aluminum And Articles Thereof,Vietnam,2013,28989905,28969940.0
74 Copper And Articles Thereof,Taiwan,2015,173640434,172741338.0
75 Nickel And Articles Thereof,Hong Kong,2015,421306,421306.0
75 Nickel And Articles Thereof,Hong Kong,2013,311689,311689.0
75 Nickel And Articles Thereof,Singapore,2017,11018883,11018883.0
74 Copper And Articles Thereof,Cambodia,2019,8900,8900.0
74 Copper And Articles Thereof,Thailand,2020,78699291,78702998.0
76 Aluminum And Articles Thereof,Indonesia,2018,315194535,315327323.0
76 Aluminum And Articles Thereof,Hong Kong,2011,24612534,24518493.0
74 Copper And Articles Thereof,Malaysia,2013,43840311,43840311.0
80 Tin And Articles Thereof,Malaysia,2016,129707157,129707157.0
75 Nickel And Articles Thereof,Philippines,2020,163684,163684.0
74 Copper And Articles Thereof,Indonesia,2013,12351442,12351442.0
76 Aluminum And Articles Thereof,Japan,2018,336656093,282835438.0
74 Copper And Articles Thereof,Hong Kong,2020,1508216,1508216.0
75 Nickel And Articles Thereof,Cambodia,2019,8719,8719.0
74 Copper And Articles Thereof,Japan,2019,309167339,281650707.0
80 Tin And Articles Thereof,"Korea, South",2020,709167,709167.0
76 Aluminum And Articles Thereof,Cambodia,2014,3296,3296.0
74 Copper And Articles Thereof,Burma,2015,5100,5100.0
74 Copper And Articles Thereof,Philippines,2020,1536070,1529237.0
76 Aluminum And Articles Thereof,Philippines,2019,12109167,12109167.0
75 Nickel And Articles Thereof,Thailand,2017,27907,27907.0
76 Aluminum And Articles Thereof,Vietnam,2012,14877861,14877861.0
80 Tin And Articles Thereof,Japan,2013,6901664,6901664.0
76 Aluminum And Articles Thereof,"Korea, South",2018,318835558,313461645.0
74 Copper And Articles Thereof,Burma,2016,2717,2717.0
75 Nickel And Articles Thereof,Taiwan,2014,54369456,54341315.0
74 Copper And Articles Thereof,Indonesia,2011,11110298,11110298.0
74 Copper And Articles Thereof,Brunei,2018,7560,7560.0
74 Copper And Articles Thereof,Macau,2017,148786,148786.0
74 Copper And Articles Thereof,Taiwan,2019,212678085,212392942.0
80 Tin And Articles Thereof,Japan,2014,7349042,7349042.0
75 Nickel And Articles Thereof,Thailand,2018,20588,20588.0
80 Tin And Articles Thereof,Japan,2016,4788782,4757980.0
75 Nickel And Articles Thereof,Malaysia,2011,997536,997536.0
74 Copper And Articles Thereof,Hong Kong,2015,5219039,5219039.0
75 Nickel And Articles Thereof,Indonesia,2017,12137661,12137661.0
80 Tin And Articles Thereof,Taiwan,2013,901627,901627.0
75 Nickel And Articles Thereof,Malaysia,2012,761203,761203.0
74 Copper And Articles Thereof,Vietnam,2013,47542002,47542002.0
80 Tin And Articles Thereof,Malaysia,2011,106066499,106066499.0
8110 Antimony And Artcls Throf Incl Waste And Scrap,Vietnam,2013,189138,189138.0
8110 Antimony And Artcls Throf Incl Waste And Scrap,Hong Kong,2019,527243,527243.0
2504 Natural Graphite,Taiwan,2017,28049,28049.0
"8105 Cobalt Mattes Etc, Cobalt & Art, Inc Waste & Scrap",Cambodia,2017,5684,5684.0
7226 Fl-rl Alloy Steel Nesoi Un 600mm Wide,Japan,2020,30789925,30789925.0
3801 Artificial Graphite; Collodial Graphite & Prep Etc,"Korea, South",2011,699986,699986.0
7225 Fl-rl Alloy Steel Nesoi Nun 600mm Wide,Japan,2019,67452355,66859573.0
"8108 Titanium & Articles Thereof, Includ Waste & Scrap",Japan,2017,214191684,214191684.0
8110 Antimony And Artcls Throf Incl Waste And Scrap,Thailand,2013,181488,181488.0
"8112 Beryllium,chromium,hafnium,rhenium Etc & Articles",Taiwan,2013,2950388,2950388.0
"3910 Silicones, In Primary Forms",Singapore,2017,11331,11331.0
7225 Fl-rl Alloy Steel Nesoi Nun 600mm Wide,Taiwan,2016,17604087,17604087.0
2604 Nickel Ores And Concentrates,"Korea, South",2014,13287,13287.0
2614 Titanium Ores And Concentrates,Malaysia,2019,82922,82922.0
2614 Titanium Ores And Concentrates,Japan,2013,9991,9991.0
"2801 Fluorine, Chlorine, Bromine & Iodine",Japan,2015,14943104,14943104.0
3801 Artificial Graphite; Collodial Graphite & Prep Etc,"Korea, South",2020,6907101,6907101.0
7225 Fl-rl Alloy Steel Nesoi Nun 600mm Wide,Japan,2020,40092974,36726728.0
2846 Rare-earth Metal Compounds Of Yttrium Or Scandium,Malaysia,2011,11768,11768.0
"8108 Titanium & Articles Thereof, Includ Waste & Scrap",Japan,2016,177647145,177647145.0
7226 Fl-rl Alloy Steel Nesoi Un 600mm Wide,Japan,2013,51875526,51862509.0
"3910 Silicones, In Primary Forms",Thailand,2015,10442795,14400712.0
"8108 Titanium & Articles Thereof, Includ Waste & Scrap",Taiwan,2015,7553091,7308068.0
"8111 Manganese And Artcles Thereof, Inc Waste And Scrap",Hong Kong,2017,96250,96250.0
"7110 Platinum, Unwrought, Semimfr Forms Or In Powder Fm","Korea, South",2017,7340364,7340364.0
8110 Antimony And Artcls Throf Incl Waste And Scrap,Japan,2011,341140,341140.0
"3910 Silicones, In Primary Forms",Japan,2018,138625551,138321699.0
3801 Artificial Graphite; Collodial Graphite & Prep Etc,Japan,2015,24400006,24400006.0
"3910 Silicones, In Primary Forms",Malaysia,2020,324953,324953.0
3801 Artificial Graphite; Collodial Graphite & Prep Etc,Taiwan,2018,266572,266572.0
"3910 Silicones, In Primary Forms",Philippines,2015,591,591.0
"8112 Beryllium,chromium,hafnium,rhenium Etc & Articles",Singapore,2013,95864,95864.0
"8105 Cobalt Mattes Etc, Cobalt & Art, Inc Waste & Scrap","Korea, South",2013,1019013,1019013.0
"8108 Titanium & Articles Thereof, Includ Waste & Scrap",Japan,2013,194002817,194002817.0
"3910 Silicones, In Primary Forms",Japan,2012,132171571,130172593.0
"8112 Beryllium,chromium,hafnium,rhenium Etc & Articles",Japan,2013,6790145,6790145.0
"8112 Beryllium,chromium,hafnium,rhenium Etc & Articles",Malaysia,2011,181641,181641.0
2504 Natural Graphite,Japan,2015,4067722,4067722.0
"8108 Titanium & Articles Thereof, Includ Waste & Scrap",Malaysia,2012,247836,247836.0
"7110 Platinum, Unwrought, Semimfr Forms Or In Powder Fm",Hong Kong,2011,534307,534307.0
"2801 Fluorine, Chlorine, Bromine & Iodine","Korea, South",2019,1475276,1475276.0
"7110 Platinum, Unwrought, Semimfr Forms Or In Powder Fm",Malaysia,2020,5174,5174.0
"8108 Titanium & Articles Thereof, Includ Waste & Scrap",Indonesia,2016,47420,47420.0
"3910 Silicones, In Primary Forms",Indonesia,2013,1218,1218.0
"7110 Platinum, Unwrought, Semimfr Forms Or In Powder Fm",Japan,2013,90544419,90544419.0
"8108 Titanium & Articles Thereof, Includ Waste & Scrap",Thailand,2015,237714,237714.0
"8108 Titanium & Articles Thereof, Includ Waste & Scrap",Taiwan,2017,4586069,4760953.0
"8112 Beryllium,chromium,hafnium,rhenium Etc & Articles",Thailand,2012,200190,200190.0
"3910 Silicones, In Primary Forms",Indonesia,2019,781682,781682.0
"8108 Titanium & Articles Thereof, Includ Waste & Scrap",Hong Kong,2012,9491,9491.0
8110 Antimony And Artcls Throf Incl Waste And Scrap,Vietnam,2012,595762,595762.0
"7110 Platinum, Unwrought, Semimfr Forms Or In Powder Fm",Vietnam,2016,41371,41371.0
3801 Artificial Graphite; Collodial Graphite & Prep Etc,Hong Kong,2016,300101,300101.0
3801 Artificial Graphite; Collodial Graphite & Prep Etc,Singapore,2019,3600,3600.0
3801 Artificial Graphite; Collodial Graphite & Prep Etc,Japan,2014,24620380,24620380.0
"8108 Titanium & Articles Thereof, Includ Waste & Scrap",Singapore,2015,9242589,9242589.0
3801 Artificial Graphite; Collodial Graphite & Prep Etc,Taiwan,2013,24723,24723.0
7226 Fl-rl Alloy Steel Nesoi Un 600mm Wide,Taiwan,2016,140169,140169.0
7225 Fl-rl Alloy Steel Nesoi Nun 600mm Wide,Japan,2013,241737640,241737640.0
7225 Fl-rl Alloy Steel Nesoi Nun 600mm Wide,Vietnam,2015,27541,27541.0
"8112 Beryllium,chromium,hafnium,rhenium Etc & Articles",Japan,2017,6047916,6047916.0
"8111 Manganese And Artcles Thereof, Inc Waste And Scrap",Singapore,2020,73225,73225.0
"3910 Silicones, In Primary Forms","Korea, South",2014,15585106,15080615.0
"3910 Silicones, In Primary Forms",Singapore,2020,29451,29451.0
2820 Manganese Oxides,Japan,2014,13744172,13744172.0
"3910 Silicones, In Primary Forms",Malaysia,2017,131284,131284.0
"8108 Titanium & Articles Thereof, Includ Waste & Scrap",Indonesia,2011,411227,411227.0
2820 Manganese Oxides,Japan,2019,7460248,7460248.0
"8112 Beryllium,chromium,hafnium,rhenium Etc & Articles",Thailand,2013,447374,447374.0
"8105 Cobalt Mattes Etc, Cobalt & Art, Inc Waste & Scrap",Hong Kong,2013,31400,31400.0
"8108 Titanium & Articles Thereof, Includ Waste & Scrap",Taiwan,2012,8621721,8625163.0
2602 Manganese Ores A Concntrts Inc Ferr Mangn Iron Ore,Japan,2012,14800,14800.0
"8108 Titanium & Articles Thereof, Includ Waste & Scrap",Japan,2015,203175929,203155043.0
2605 Cobalt Ores And Concentrates,Japan,2012,692673,692673.0
"8111 Manganese And Artcles Thereof, Inc Waste And Scrap","Korea, South",2011,8219,8219.0
2846 Rare-earth Metal Compounds Of Yttrium Or Scandium,Hong Kong,2013,1367000,1367000.0
"8105 Cobalt Mattes Etc, Cobalt & Art, Inc Waste & Scrap","Korea, South",2011,189790,189790.0
"7110 Platinum, Unwrought, Semimfr Forms Or In Powder Fm",Singapore,2020,135903416,135903416.0
"8108 Titanium & Articles Thereof, Includ Waste & Scrap",Philippines,2016,69268,69268.0
2504 Natural Graphite,Japan,2018,1939858,1923938.0
"8105 Cobalt Mattes Etc, Cobalt & Art, Inc Waste & Scrap",Hong Kong,2020,32193,32193.0
7225 Fl-rl Alloy Steel Nesoi Nun 600mm Wide,Japan,2015,236894427,236891073.0
"7110 Platinum, Unwrought, Semimfr Forms Or In Powder Fm",Hong Kong,2019,494894,494894.0
8110 Antimony And Artcls Throf Incl Waste And Scrap,Thailand,2020,222282,222282.0
"8112 Beryllium,chromium,hafnium,rhenium Etc & Articles","Korea, South",2018,3957304,3957304.0
"7110 Platinum, Unwrought, Semimfr Forms Or In Powder Fm",Taiwan,2011,1733862,1733862.0
"3910 Silicones, In Primary Forms",Japan,2017,133824603,131140770.0
"8108 Titanium & Articles Thereof, Includ Waste & Scrap",Vietnam,2017,49633,49633.0
"8111 Manganese And Artcles Thereof, Inc Waste And Scrap",Malaysia,2017,3646,3646.0
"8105 Cobalt Mattes Etc, Cobalt & Art, Inc Waste & Scrap",Singapore,2012,188785,188785.0
"3910 Silicones, In Primary Forms",Japan,2016,108057010,105868018.0
"8112 Beryllium,chromium,hafnium,rhenium Etc & Articles","Korea, South",2012,10308503,10308503.0
"2801 Fluorine, Chlorine, Bromine & Iodine",Japan,2020,10734453,10734453.0
7225 Fl-rl Alloy Steel Nesoi Nun 600mm Wide,Taiwan,2014,35757693,35757693.0
2846 Rare-earth Metal Compounds Of Yttrium Or Scandium,Japan,2013,36533517,24014261.0
2504 Natural Graphite,Japan,2020,476197,470246.0
"8108 Titanium & Articles Thereof, Includ Waste & Scrap",Vietnam,2014,84897,84897.0
2504 Natural Graphite,Singapore,2018,2700,2700.0
"3910 Silicones, In Primary Forms",Hong Kong,2012,4240,4240.0
"8108 Titanium & Articles Thereof, Includ Waste & Scrap",Singapore,2018,6276590,6276590.0
2504 Natural Graphite,Mongolia,2014,71820,71820.0
"8105 Cobalt Mattes Etc, Cobalt & Art, Inc Waste & Scrap",Macau,2016,941842,941842.0
"8111 Manganese And Artcles Thereof, Inc Waste And Scrap",Hong Kong,2011,318906,318906.0
2846 Rare-earth Metal Compounds Of Yttrium Or Scandium,Malaysia,2013,126200,126200.0
"8108 Titanium & Articles Thereof, Includ Waste & Scrap","Korea, South",2020,13696852,13696852.0
"2801 Fluorine, Chlorine, Bromine & Iodine","Korea, South",2018,1506721,1506721.0
"8105 Cobalt Mattes Etc, Cobalt & Art, Inc Waste & Scrap",Taiwan,2016,840693,731950.0
"8108 Titanium & Articles Thereof, Includ Waste & Scrap",Indonesia,2012,321240,321240.0
3801 Artificial Graphite; Collodial Graphite & Prep Etc,Malaysia,2018,630125,630125.0
2605 Cobalt Ores And Concentrates,Japan,2015,176763,176763.0
"8112 Beryllium,chromium,hafnium,rhenium Etc & Articles",Japan,2020,3617303,3617303.0
3801 Artificial Graphite; Collodial Graphite & Prep Etc,"Korea, South",2015,1775322,1775322.0
2846 Rare-earth Metal Compounds Of Yttrium Or Scandium,"Korea, South",2019,8076762,1604016.0
3801 Artificial Graphite; Collodial Graphite & Prep Etc,Japan,2012,39805200,39805200.0
"7110 Platinum, Unwrought, Semimfr Forms Or In Powder Fm","Korea, South",2019,26392725,26392725.0
"8105 Cobalt Mattes Etc, Cobalt & Art, Inc Waste & Scrap",Malaysia,2017,19125,19125.0
3801 Artificial Graphite; Collodial Graphite & Prep Etc,Taiwan,2020,248546,248546.0
"8108 Titanium & Articles Thereof, Includ Waste & Scrap",Malaysia,2011,173010,173010.0
3801 Artificial Graphite; Collodial Graphite & Prep Etc,Taiwan,2019,258556,258556.0
3801 Artificial Graphite; Collodial Graphite & Prep Etc,Singapore,2014,65382,65382.0
"3910 Silicones, In Primary Forms",Thailand,2019,29571850,29571850.0
"8112 Beryllium,chromium,hafnium,rhenium Etc & Articles",Taiwan,2014,15204838,15185486.0
2820 Manganese Oxides,Japan,2011,20148354,20148354.0
"8108 Titanium & Articles Thereof, Includ Waste & Scrap",Taiwan,2018,3207608,3775876.0
2846 Rare-earth Metal Compounds Of Yttrium Or Scandium,Hong Kong,2014,279000,279000.0
"8108 Titanium & Articles Thereof, Includ Waste & Scrap",Indonesia,2019,35131,35131.0
2504 Natural Graphite,Japan,2017,1494088,1494088.0
"3910 Silicones, In Primary Forms",Taiwan,2020,3047498,3047498.0
2614 Titanium Ores And Concentrates,"Korea, South",2017,7001,7001.0
2504 Natural Graphite,Hong Kong,2013,628290,628290.0
2820 Manganese Oxides,Taiwan,2014,3870,3870.0
7225 Fl-rl Alloy Steel Nesoi Nun 600mm Wide,"Korea, South",2015,135014835,135108745.0
3801 Artificial Graphite; Collodial Graphite & Prep Etc,Japan,2013,24466247,24466247.0
"8108 Titanium & Articles Thereof, Includ Waste & Scrap",Indonesia,2018,18902,18902.0
2603 Copper Ores And Concentrates,Singapore,2019,2556,2556.0
"3910 Silicones, In Primary Forms",Taiwan,2013,1613744,1613744.0
"8105 Cobalt Mattes Etc, Cobalt & Art, Inc Waste & Scrap",Japan,2019,54621770,54677826.0
2614 Titanium Ores And Concentrates,Malaysia,2013,4199629,4199629.0
"7110 Platinum, Unwrought, Semimfr Forms Or In Powder Fm",Thailand,2018,6530,6530.0
"8108 Titanium & Articles Thereof, Includ Waste & Scrap",Thailand,2011,220573,220573.0
2504 Natural Graphite,Taiwan,2016,6600,6600.0
2606 Aluminum Ores And Concentrates,"Korea, South",2020,16800,16800.0
2604 Nickel Ores And Concentrates,Hong Kong,2015,2820,2820.0
8110 Antimony And Artcls Throf Incl Waste And Scrap,Vietnam,2020,2239375,2239375.0
"3910 Silicones, In Primary Forms",Singapore,2016,672,672.0
"3910 Silicones, In Primary Forms",Taiwan,2015,737096,737096.0
2846 Rare-earth Metal Compounds Of Yttrium Or Scandium,Taiwan,2016,35600,35600.0
2504 Natural Graphite,Japan,2013,5095325,5095325.0
3801 Artificial Graphite; Collodial Graphite & Prep Etc,Taiwan,2011,48350,48350.0
"7110 Platinum, Unwrought, Semimfr Forms Or In Powder Fm",Thailand,2011,22719,22719.0
"8112 Beryllium,chromium,hafnium,rhenium Etc & Articles",Philippines,2018,16848,16848.0
2846 Rare-earth Metal Compounds Of Yttrium Or Scandium,Laos,2013,107300,107300.0
2604 Nickel Ores And Concentrates,Taiwan,2017,6944,6944.0
7226 Fl-rl Alloy Steel Nesoi Un 600mm Wide,Vietnam,2016,6822,6822.0
"7110 Platinum, Unwrought, Semimfr Forms Or In Powder Fm",Taiwan,2018,4764535,4764535.0
"7110 Platinum, Unwrought, Semimfr Forms Or In Powder Fm",Singapore,2013,37375836,37375836.0
7225 Fl-rl Alloy Steel Nesoi Nun 600mm Wide,Indonesia,2016,99267,99267.0
"8108 Titanium & Articles Thereof, Includ Waste & Scrap",Japan,2018,241810300,241810300.0
8110 Antimony And Artcls Throf Incl Waste And Scrap,Japan,2014,510313,510313.0
"8108 Titanium & Articles Thereof, Includ Waste & Scrap",Philippines,2019,89125,89125.0
8110 Antimony And Artcls Throf Incl Waste And Scrap,Burma,2018,1046022,1046022.0
7226 Fl-rl Alloy Steel Nesoi Un 600mm Wide,Taiwan,2011,1627978,1627978.0
2504 Natural Graphite,Hong Kong,2012,49200,49200.0
7226 Fl-rl Alloy Steel Nesoi Un 600mm Wide,Thailand,2014,117397,117397.0
"2801 Fluorine, Chlorine, Bromine & Iodine",Japan,2011,16899242,16899242.0
8110 Antimony And Artcls Throf Incl Waste And Scrap,"Korea, South",2016,876016,876016.0
"7110 Platinum, Unwrought, Semimfr Forms Or In Powder Fm",Thailand,2012,15818,15818.0
"8112 Beryllium,chromium,hafnium,rhenium Etc & Articles",Malaysia,2013,22606,22606.0
"8108 Titanium & Articles Thereof, Includ Waste & Scrap",Taiwan,2011,14869115,14849669.0
2604 Nickel Ores And Concentrates,Japan,2016,2313,2313.0
2602 Manganese Ores A Concntrts Inc Ferr Mangn Iron Ore,"Korea, South",2017,12795,12795.0
2504 Natural Graphite,Japan,2014,7284190,7284190.0
2820 Manganese Oxides,Singapore,2011,310080,310080.0
"8105 Cobalt Mattes Etc, Cobalt & Art, Inc Waste & Scrap",Vietnam,2018,49070,49070.0
7226 Fl-rl Alloy Steel Nesoi Un 600mm Wide,Malaysia,2020,36790,36790.0
3801 Artificial Graphite; Collodial Graphite & Prep Etc,Japan,2020,52682405,52626543.0
"8112 Beryllium,chromium,hafnium,rhenium Etc & Articles",Malaysia,2017,51672,51672.0
3801 Artificial Graphite; Collodial Graphite & Prep Etc,Indonesia,2018,7377,7377.0
8110 Antimony And Artcls Throf Incl Waste And Scrap,Hong Kong,2013,4436513,4436513.0
"8105 Cobalt Mattes Etc, Cobalt & Art, Inc Waste & Scrap",Singapore,2013,104843,104843.0
7226 Fl-rl Alloy Steel Nesoi Un 600mm Wide,Japan,2016,29999515,29968173.0
7225 Fl-rl Alloy Steel Nesoi Nun 600mm Wide,Taiwan,2017,1844797,1844797.0
2820 Manganese Oxides,"Korea, South",2012,25160,25160.0
"8112 Beryllium,chromium,hafnium,rhenium Etc & Articles",Singapore,2017,467786,467786.0
"8108 Titanium & Articles Thereof, Includ Waste & Scrap",Philippines,2015,66397,66397.0
7226 Fl-rl Alloy Steel Nesoi Un 600mm Wide,Japan,2019,27684335,27684335.0
"3910 Silicones, In Primary Forms",Philippines,2018,3293,3293.0
3801 Artificial Graphite; Collodial Graphite & Prep Etc,Taiwan,2014,39585,39585.0
"7110 Platinum, Unwrought, Semimfr Forms Or In Powder Fm",Thailand,2013,117204,117204.0
2504 Natural Graphite,Taiwan,2012,12896,12896.0
2602 Manganese Ores A Concntrts Inc Ferr Mangn Iron Ore,"Korea, South",2013,72800,72800.0
7225 Fl-rl Alloy Steel Nesoi Nun 600mm Wide,"Korea, South",2018,127893697,127841212.0
"8111 Manganese And Artcles Thereof, Inc Waste And Scrap",Hong Kong,2012,159870,159870.0
8110 Antimony And Artcls Throf Incl Waste And Scrap,Burma,2019,3379661,3379661.0
"8112 Beryllium,chromium,hafnium,rhenium Etc & Articles",Japan,2018,6965895,7058395.0
7226 Fl-rl Alloy Steel Nesoi Un 600mm Wide,Hong Kong,2013,3875,3875.0
2820 Manganese Oxides,Japan,2012,20707402,20707402.0
"8105 Cobalt Mattes Etc, Cobalt & Art, Inc Waste & Scrap",Vietnam,2017,46724,46724.0
"3910 Silicones, In Primary Forms","Korea, South",2018,15396747,15568805.0
"2801 Fluorine, Chlorine, Bromine & Iodine","Korea, South",2015,487194,482394.0
"8111 Manganese And Artcles Thereof, Inc Waste And Scrap",Taiwan,2014,3620,3620.0
2614 Titanium Ores And Concentrates,Japan,2012,6250,6250.0
"8112 Beryllium,chromium,hafnium,rhenium Etc & Articles",Malaysia,2016,20455,20455.0
2820 Manganese Oxides,Singapore,2016,152760,152760.0
"3910 Silicones, In Primary Forms",Singapore,2015,122015,122015.0
"3910 Silicones, In Primary Forms",Malaysia,2013,16576,16576.0
"8108 Titanium & Articles Thereof, Includ Waste & Scrap",Philippines,2018,77030,77030.0
"8112 Beryllium,chromium,hafnium,rhenium Etc & Articles","Korea, South",2013,5607768,5607768.0
2846 Rare-earth Metal Compounds Of Yttrium Or Scandium,Malaysia,2019,4528969,4528969.0
2504 Natural Graphite,Japan,2011,3763618,3763618.0
2603 Copper Ores And Concentrates,Japan,2016,4650,4650.0
"8108 Titanium & Articles Thereof, Includ Waste & Scrap",Singapore,2012,4582650,4582650.0
7225 Fl-rl Alloy Steel Nesoi Nun 600mm Wide,"Korea, South",2014,119124569,119112999.0
"7110 Platinum, Unwrought, Semimfr Forms Or In Powder Fm",Indonesia,2011,19000,19000.0
"7110 Platinum, Unwrought, Semimfr Forms Or In Powder Fm",Taiwan,2015,532371,532371.0
8110 Antimony And Artcls Throf Incl Waste And Scrap,Vietnam,2015,1582754,1582754.0
7226 Fl-rl Alloy Steel Nesoi Un 600mm Wide,Thailand,2013,1754337,1754337.0
7225 Fl-rl Alloy Steel Nesoi Nun 600mm Wide,"Korea, South",2016,110074935,110694685.0
"8108 Titanium & Articles Thereof, Includ Waste & Scrap",Vietnam,2015,2133,2133.0
"8112 Beryllium,chromium,hafnium,rhenium Etc & Articles",Thailand,2011,354417,354417.0
8110 Antimony And Artcls Throf Incl Waste And Scrap,Hong Kong,2020,537153,675297.0
"8105 Cobalt Mattes Etc, Cobalt & Art, Inc Waste & Scrap",Japan,2020,48352818,48451750.0
"8111 Manganese And Artcles Thereof, Inc Waste And Scrap",Japan,2011,22776,22776.0
7225 Fl-rl Alloy Steel Nesoi Nun 600mm Wide,Vietnam,2017,1021774,457518.0
2846 Rare-earth Metal Compounds Of Yttrium Or Scandium,"Korea, South",2015,7038697,1128585.0
"8112 Beryllium,chromium,hafnium,rhenium Etc & Articles",Hong Kong,2013,717004,717004.0
2605 Cobalt Ores And Concentrates,Japan,2014,247149,247149.0
"8108 Titanium & Articles Thereof, Includ Waste & Scrap","Korea, South",2018,12622091,12622091.0
"8111 Manganese And Artcles Thereof, Inc Waste And Scrap",Hong Kong,2019,452015,452015.0
7226 Fl-rl Alloy Steel Nesoi Un 600mm Wide,"Korea, South",2014,442255,442255.0
"8108 Titanium & Articles Thereof, Includ Waste & Scrap",Malaysia,2019,263986,263986.0
"8105 Cobalt Mattes Etc, Cobalt & Art, Inc Waste & Scrap",Singapore,2020,1510456,1510456.0
2820 Manganese Oxides,Singapore,2014,303525,303525.0
2846 Rare-earth Metal Compounds Of Yttrium Or Scandium,Singapore,2011,11400,11400.0
"8111 Manganese And Artcles Thereof, Inc Waste And Scrap",Japan,2018,3124898,3124898.0
3801 Artificial Graphite; Collodial Graphite & Prep Etc,Hong Kong,2013,404880,404880.0
"8112 Beryllium,chromium,hafnium,rhenium Etc & Articles",Taiwan,2018,964831,964831.0
"8111 Manganese And Artcles Thereof, Inc Waste And Scrap","Korea, South",2013,142025,142025.0
7226 Fl-rl Alloy Steel Nesoi Un 600mm Wide,Hong Kong,2014,26006,26006.0
2846 Rare-earth Metal Compounds Of Yttrium Or Scandium,Malaysia,2016,819600,819600.0
"8105 Cobalt Mattes Etc, Cobalt & Art, Inc Waste & Scrap",Singapore,2018,546545,546545.0
"8112 Beryllium,chromium,hafnium,rhenium Etc & Articles",Hong Kong,2018,2182416,2182416.0
"3910 Silicones, In Primary Forms",Taiwan,2017,2682114,2682114.0
"8108 Titanium & Articles Thereof, Includ Waste & Scrap",Hong Kong,2019,157361,157361.0
7225 Fl-rl Alloy Steel Nesoi Nun 600mm Wide,Japan,2012,263594388,263594388.0
2820 Manganese Oxides,Japan,2015,13518607,13518607.0
"8108 Titanium & Articles Thereof, Includ Waste & Scrap",Thailand,2014,178338,178338.0
8110 Antimony And Artcls Throf Incl Waste And Scrap,Hong Kong,2017,976665,307575.0
"8105 Cobalt Mattes Etc, Cobalt & Art, Inc Waste & Scrap",Singapore,2016,786893,786893.0
2504 Natural Graphite,"Korea, South",2012,8435,8435.0
"8105 Cobalt Mattes Etc, Cobalt & Art, Inc Waste & Scrap","Korea, South",2020,66012,66012.0
"8105 Cobalt Mattes Etc, Cobalt & Art, Inc Waste & Scrap",Hong Kong,2018,3779218,3779218.0
"7110 Platinum, Unwrought, Semimfr Forms Or In Powder Fm","Korea, South",2015,240252950,240252950.0
"8108 Titanium & Articles Thereof, Includ Waste & Scrap",Malaysia,2015,239038,239038.0
"3910 Silicones, In Primary Forms",Japan,2011,143386001,143323425.0
7226 Fl-rl Alloy Steel Nesoi Un 600mm Wide,"Korea, South",2012,180896,180896.0
"8105 Cobalt Mattes Etc, Cobalt & Art, Inc Waste & Scrap",Vietnam,2020,22702,22702.0
"8108 Titanium & Articles Thereof, Includ Waste & Scrap",Hong Kong,2013,141372,141372.0
"8108 Titanium & Articles Thereof, Includ Waste & Scrap",Japan,2011,221694341,221542237.0
"8108 Titanium & Articles Thereof, Includ Waste & Scrap",Taiwan,2014,6362028,6367510.0
"8105 Cobalt Mattes Etc, Cobalt & Art, Inc Waste & Scrap",Japan,2012,22631766,22631766.0
"3910 Silicones, In Primary Forms",Philippines,2017,703,703.0
"7110 Platinum, Unwrought, Semimfr Forms Or In Powder Fm","Korea, South",2011,13817767,13817767.0
"8105 Cobalt Mattes Etc, Cobalt & Art, Inc Waste & Scrap",Malaysia,2012,68542,68542.0
2846 Rare-earth Metal Compounds Of Yttrium Or Scandium,Hong Kong,2016,51146,51146.0
"3910 Silicones, In Primary Forms",Japan,2014,113015995,112469609.0
8110 Antimony And Artcls Throf Incl Waste And Scrap,Thailand,2019,1970934,1970934.0
"8108 Titanium & Articles Thereof, Includ Waste & Scrap",Singapore,2011,2314173,2314173.0
8110 Antimony And Artcls Throf Incl Waste And Scrap,Japan,2013,338971,338971.0
8110 Antimony And Artcls Throf Incl Waste And Scrap,"Korea, South",2017,1840706,1840706.0
"3910 Silicones, In Primary Forms",Hong Kong,2020,25145,25145.0
"3910 Silicones, In Primary Forms",Hong Kong,2017,134168,134168.0
"7110 Platinum, Unwrought, Semimfr Forms Or In Powder Fm",Philippines,2019,8930,8930.0
2614 Titanium Ores And Concentrates,Malaysia,2014,4025099,4025099.0
"8105 Cobalt Mattes Etc, Cobalt & Art, Inc Waste & Scrap",Indonesia,2014,158749,158749.0
"2801 Fluorine, Chlorine, Bromine & Iodine",Japan,2018,11875139,11875139.0
"8112 Beryllium,chromium,hafnium,rhenium Etc & Articles",Hong Kong,2020,62375,62375.0
7226 Fl-rl Alloy Steel Nesoi Un 600mm Wide,Thailand,2018,9214,9214.0
"8105 Cobalt Mattes Etc, Cobalt & Art, Inc Waste & Scrap","Korea, South",2015,238690,238690.0
7225 Fl-rl Alloy Steel Nesoi Nun 600mm Wide,Hong Kong,2013,60191,60191.0
"7110 Platinum, Unwrought, Semimfr Forms Or In Powder Fm",Japan,2020,98437397,98437397.0
"3910 Silicones, In Primary Forms",Indonesia,2017,1172,1172.0
2846 Rare-earth Metal Compounds Of Yttrium Or Scandium,Japan,2014,37870311,29316162.0
"8112 Beryllium,chromium,hafnium,rhenium Etc & Articles",Malaysia,2020,32110,32110.0
"7110 Platinum, Unwrought, Semimfr Forms Or In Powder Fm",Taiwan,2014,844167,844167.0
2846 Rare-earth Metal Compounds Of Yttrium Or Scandium,Malaysia,2020,2199417,2199417.0
"8108 Titanium & Articles Thereof, Includ Waste & Scrap",Singapore,2014,8702406,8702406.0
3801 Artificial Graphite; Collodial Graphite & Prep Etc,Hong Kong,2015,724126,724126.0
"8108 Titanium & Articles Thereof, Includ Waste & Scrap",Japan,2020,178228973,178300401.0
"8105 Cobalt Mattes Etc, Cobalt & Art, Inc Waste & Scrap","Korea, South",2012,1744106,1744106.0
"3910 Silicones, In Primary Forms","Korea, South",2011,6999481,6870476.0
"3910 Silicones, In Primary Forms",Singapore,2013,83283,83283.0
"3910 Silicones, In Primary Forms",Malaysia,2012,39773,39773.0
"3910 Silicones, In Primary Forms",Hong Kong,2014,89492,89492.0
"8105 Cobalt Mattes Etc, Cobalt & Art, Inc Waste & Scrap",Singapore,2014,623412,623412.0
7225 Fl-rl Alloy Steel Nesoi Nun 600mm Wide,Taiwan,2018,472547,472547.0
"8111 Manganese And Artcles Thereof, Inc Waste And Scrap",Malaysia,2014,12412,12412.0
3801 Artificial Graphite; Collodial Graphite & Prep Etc,Hong Kong,2018,1135260,1135260.0
"8111 Manganese And Artcles Thereof, Inc Waste And Scrap","Korea, South",2015,1923754,1923754.0
3801 Artificial Graphite; Collodial Graphite & Prep Etc,Taiwan,2016,323271,323271.0
"8112 Beryllium,chromium,hafnium,rhenium Etc & Articles","Korea, South",2017,3308027,3308027.0
7225 Fl-rl Alloy Steel Nesoi Nun 600mm Wide,Taiwan,2013,33365402,33365402.0
"8112 Beryllium,chromium,hafnium,rhenium Etc & Articles",Taiwan,2012,1915876,1915876.0
7225 Fl-rl Alloy Steel Nesoi Nun 600mm Wide,Taiwan,2020,264767,264767.0
"8108 Titanium & Articles Thereof, Includ Waste & Scrap",Thailand,2019,272943,272943.0
"8105 Cobalt Mattes Etc, Cobalt & Art, Inc Waste & Scrap",Indonesia,2012,62380,62380.0
7226 Fl-rl Alloy Steel Nesoi Un 600mm Wide,"Korea, South",2015,201867,201867.0
"3910 Silicones, In Primary Forms","Korea, South",2019,8779422,8767022.0
2604 Nickel Ores And Concentrates,Japan,2017,8896,8896.0
"3910 Silicones, In Primary Forms",Indonesia,2020,19650,19650.0
7225 Fl-rl Alloy Steel Nesoi Nun 600mm Wide,Malaysia,2015,373670,373670.0
"8108 Titanium & Articles Thereof, Includ Waste & Scrap","Korea, South",2014,11343950,11343950.0
"2801 Fluorine, Chlorine, Bromine & Iodine",Taiwan,2020,11250,11250.0
3801 Artificial Graphite; Collodial Graphite & Prep Etc,Taiwan,2015,243066,243066.0
2504 Natural Graphite,Vietnam,2013,8496,8496.0
"3910 Silicones, In Primary Forms",Philippines,2016,4049,4049.0
2846 Rare-earth Metal Compounds Of Yttrium Or Scandium,"Korea, South",2012,4219095,2639560.0
3801 Artificial Graphite; Collodial Graphite & Prep Etc,Hong Kong,2019,1686720,1686720.0
2603 Copper Ores And Concentrates,Indonesia,2016,43973,43973.0
7226 Fl-rl Alloy Steel Nesoi Un 600mm Wide,Japan,2011,53158853,53158853.0
7225 Fl-rl Alloy Steel Nesoi Nun 600mm Wide,Thailand,2020,302980,302980.0
"3910 Silicones, In Primary Forms",Hong Kong,2011,86546,86546.0
"8112 Beryllium,chromium,hafnium,rhenium Etc & Articles",Taiwan,2016,3779735,3779735.0
2603 Copper Ores And Concentrates,Indonesia,2015,174400,174400.0
"8112 Beryllium,chromium,hafnium,rhenium Etc & Articles",Singapore,2020,567140,567140.0
7225 Fl-rl Alloy Steel Nesoi Nun 600mm Wide,"Korea, South",2012,65544495,63180487.0
7226 Fl-rl Alloy Steel Nesoi Un 600mm Wide,"Korea, South",2016,719804,719804.0
2504 Natural Graphite,Singapore,2020,20895,20895.0
"8112 Beryllium,chromium,hafnium,rhenium Etc & Articles",Singapore,2014,162122,162122.0
"2801 Fluorine, Chlorine, Bromine & Iodine","Korea, South",2016,1031467,1031467.0
2606 Aluminum Ores And Concentrates,Singapore,2020,14613,14613.0
"8105 Cobalt Mattes Etc, Cobalt & Art, Inc Waste & Scrap",Taiwan,2019,1315749,1298843.0
"8108 Titanium & Articles Thereof, Includ Waste & Scrap",Vietnam,2011,7257,7257.0
"8108 Titanium & Articles Thereof, Includ Waste & Scrap",Malaysia,2017,60976,60976.0
"8105 Cobalt Mattes Etc, Cobalt & Art, Inc Waste & Scrap",Malaysia,2014,5938,5938.0
"8105 Cobalt Mattes Etc, Cobalt & Art, Inc Waste & Scrap",Thailand,2011,341387,341387.0
"8108 Titanium & Articles Thereof, Includ Waste & Scrap",Singapore,2017,7327440,7327440.0
"8108 Titanium & Articles Thereof, Includ Waste & Scrap",Hong Kong,2011,44295,44295.0
"8108 Titanium & Articles Thereof, Includ Waste & Scrap",Malaysia,2013,244718,244718.0
3801 Artificial Graphite; Collodial Graphite & Prep Etc,"Korea, South",2012,652759,652759.0
2820 Manganese Oxides,Japan,2018,11191155,11191155.0
8110 Antimony And Artcls Throf Incl Waste And Scrap,Thailand,2018,3171774,3171774.0
"8105 Cobalt Mattes Etc, Cobalt & Art, Inc Waste & Scrap",Indonesia,2016,48863,48863.0
"7110 Platinum, Unwrought, Semimfr Forms Or In Powder Fm",Japan,2016,22948716,22948716.0
"3910 Silicones, In Primary Forms","Korea, South",2015,9762605,9271154.0
2504 Natural Graphite,Vietnam,2019,19775,19775.0
2504 Natural Graphite,Taiwan,2015,7823,7823.0
2605 Cobalt Ores And Concentrates,"Korea, South",2019,89622,89622.0
7225 Fl-rl Alloy Steel Nesoi Nun 600mm Wide,"Korea, South",2019,111397458,109115762.0
2846 Rare-earth Metal Compounds Of Yttrium Or Scandium,"Korea, South",2020,1392760,1392760.0
"8108 Titanium & Articles Thereof, Includ Waste & Scrap",Hong Kong,2018,74209,74209.0
2846 Rare-earth Metal Compounds Of Yttrium Or Scandium,Taiwan,2014,181385,181385.0
2820 Manganese Oxides,Japan,2016,10894431,10894431.0
2846 Rare-earth Metal Compounds Of Yttrium Or Scandium,"Korea, South",2013,2474047,1364416.0
2820 Manganese Oxides,"Korea, South",2015,3808823,3808823.0
"3910 Silicones, In Primary Forms",Vietnam,2018,355185,355185.0
"8108 Titanium & Articles Thereof, Includ Waste & Scrap",Malaysia,2018,145019,145019.0
"3910 Silicones, In Primary Forms",Thailand,2012,19575870,19575870.0
"8108 Titanium & Articles Thereof, Includ Waste & Scrap",Hong Kong,2016,72707,72707.0
2504 Natural Graphite,Taiwan,2019,12396,12396.0
2504 Natural Graphite,Hong Kong,2020,290400,290400.0
7225 Fl-rl Alloy Steel Nesoi Nun 600mm Wide,Hong Kong,2015,20344,20344.0
2846 Rare-earth Metal Compounds Of Yttrium Or Scandium,Singapore,2020,17000,17000.0
"2801 Fluorine, Chlorine, Bromine & Iodine",Taiwan,2017,9000,9000.0
3801 Artificial Graphite; Collodial Graphite & Prep Etc,Malaysia,2015,1714883,1714883.0
"7110 Platinum, Unwrought, Semimfr Forms Or In Powder Fm","Korea, South",2013,91454708,91454708.0
"8108 Titanium & Articles Thereof, Includ Waste & Scrap",Thailand,2018,307256,307256.0
2820 Manganese Oxides,"Korea, South",2014,3452412,3452412.0
2846 Rare-earth Metal Compounds Of Yttrium Or Scandium,"Korea, South",2017,9033013,1342195.0
3801 Artificial Graphite; Collodial Graphite & Prep Etc,Malaysia,2011,1841569,1841569.0
2846 Rare-earth Metal Compounds Of Yttrium Or Scandium,Vietnam,2011,34807500,3270000.0
"8112 Beryllium,chromium,hafnium,rhenium Etc & Articles",Taiwan,2020,582264,582264.0
8110 Antimony And Artcls Throf Incl Waste And Scrap,Hong Kong,2016,96087,96087.0
"7110 Platinum, Unwrought, Semimfr Forms Or In Powder Fm",Hong Kong,2016,50882,50882.0
"2801 Fluorine, Chlorine, Bromine & Iodine","Korea, South",2014,729890,729890.0
"8111 Manganese And Artcles Thereof, Inc Waste And Scrap",Japan,2020,2182413,2182413.0
"8112 Beryllium,chromium,hafnium,rhenium Etc & Articles","Korea, South",2020,5866934,5866934.0
7226 Fl-rl Alloy Steel Nesoi Un 600mm Wide,"Korea, South",2017,703212,703212.0
3801 Artificial Graphite; Collodial Graphite & Prep Etc,"Korea, South",2017,2151049,2151049.0
7226 Fl-rl Alloy Steel Nesoi Un 600mm Wide,Taiwan,2017,39113,39113.0
3801 Artificial Graphite; Collodial Graphite & Prep Etc,Malaysia,2016,1461932,1461932.0
7226 Fl-rl Alloy Steel Nesoi Un 600mm Wide,"Korea, South",2018,587236,573570.0
"8105 Cobalt Mattes Etc, Cobalt & Art, Inc Waste & Scrap",Malaysia,2011,9364,9364.0
"8112 Beryllium,chromium,hafnium,rhenium Etc & Articles",Indonesia,2012,3086,3086.0
"8105 Cobalt Mattes Etc, Cobalt & Art, Inc Waste & Scrap",Malaysia,2015,2529,2529.0
"8112 Beryllium,chromium,hafnium,rhenium Etc & Articles",Taiwan,2019,937655,937655.0
"8108 Titanium & Articles Thereof, Includ Waste & Scrap",Hong Kong,2014,54245,54245.0
"8112 Beryllium,chromium,hafnium,rhenium Etc & Articles",Japan,2011,9860661,9860661.0
"7110 Platinum, Unwrought, Semimfr Forms Or In Powder Fm",Japan,2019,84170895,84170895.0
"8112 Beryllium,chromium,hafnium,rhenium Etc & Articles",Singapore,2019,42966,42966.0
"8108 Titanium & Articles Thereof, Includ Waste & Scrap",Singapore,2013,3863213,3863213.0
3801 Artificial Graphite; Collodial Graphite & Prep Etc,Malaysia,2013,26401,26401.0
"7110 Platinum, Unwrought, Semimfr Forms Or In Powder Fm","Korea, South",2018,21324914,21324914.0
"8111 Manganese And Artcles Thereof, Inc Waste And Scrap",Vietnam,2011,2556358,2556358.0
2846 Rare-earth Metal Compounds Of Yttrium Or Scandium,Japan,2018,24055791,23506259.0
"3910 Silicones, In Primary Forms","Korea, South",2016,11178946,11681539.0
3801 Artificial Graphite; Collodial Graphite & Prep Etc,Japan,2018,88132473,88078596.0
8110 Antimony And Artcls Throf Incl Waste And Scrap,"Korea, South",2014,312001,312001.0
"8112 Beryllium,chromium,hafnium,rhenium Etc & Articles",Singapore,2012,593833,593833.0
"8111 Manganese And Artcles Thereof, Inc Waste And Scrap",Japan,2017,2547460,2547460.0
"2801 Fluorine, Chlorine, Bromine & Iodine",Japan,2016,11643878,11643878.0
7225 Fl-rl Alloy Steel Nesoi Nun 600mm Wide,Japan,2016,139525230,139524732.0
"8105 Cobalt Mattes Etc, Cobalt & Art, Inc Waste & Scrap",Taiwan,2018,1276851,1225464.0
8110 Antimony And Artcls Throf Incl Waste And Scrap,Japan,2020,1277447,1277447.0
"7110 Platinum, Unwrought, Semimfr Forms Or In Powder Fm",Indonesia,2015,10200,10200.0
"3910 Silicones, In Primary Forms",Hong Kong,2013,3754,3754.0
7225 Fl-rl Alloy Steel Nesoi Nun 600mm Wide,Taiwan,2015,50756663,50756663.0
2846 Rare-earth Metal Compounds Of Yttrium Or Scandium,Thailand,2011,68000,68000.0
"8111 Manganese And Artcles Thereof, Inc Waste And Scrap",Japan,2013,856050,856050.0
2846 Rare-earth Metal Compounds Of Yttrium Or Scandium,Vietnam,2013,483650,483650.0
7226 Fl-rl Alloy Steel Nesoi Un 600mm Wide,Taiwan,2013,2375751,2375751.0
2846 Rare-earth Metal Compounds Of Yttrium Or Scandium,Hong Kong,2011,135413,135413.0
"8108 Titanium & Articles Thereof, Includ Waste & Scrap",Thailand,2012,190431,190431.0
7225 Fl-rl Alloy Steel Nesoi Nun 600mm Wide,"Korea, South",2011,64370133,64370133.0
3801 Artificial Graphite; Collodial Graphite & Prep Etc,"Korea, South",2014,1153524,1153524.0
"8105 Cobalt Mattes Etc, Cobalt & Art, Inc Waste & Scrap",Indonesia,2013,76222,76222.0
8110 Antimony And Artcls Throf Incl Waste And Scrap,Burma,2020,9565020,9299049.0
"8112 Beryllium,chromium,hafnium,rhenium Etc & Articles",Cambodia,2012,2305,2305.0
"8105 Cobalt Mattes Etc, Cobalt & Art, Inc Waste & Scrap",Japan,2011,11715195,11719095.0
"3910 Silicones, In Primary Forms",Malaysia,2019,774544,774544.0
"7110 Platinum, Unwrought, Semimfr Forms Or In Powder Fm",Singapore,2018,30968252,30968252.0
"8112 Beryllium,chromium,hafnium,rhenium Etc & Articles",Singapore,2018,60737,60737.0
2614 Titanium Ores And Concentrates,Malaysia,2015,2815171,2815171.0
3801 Artificial Graphite; Collodial Graphite & Prep Etc,Thailand,2020,155120,155120.0
"3910 Silicones, In Primary Forms",Singapore,2012,1004,1004.0
"8112 Beryllium,chromium,hafnium,rhenium Etc & Articles",Hong Kong,2012,2251680,2251680.0
3801 Artificial Graphite; Collodial Graphite & Prep Etc,Hong Kong,2014,731280,731280.0
"7110 Platinum, Unwrought, Semimfr Forms Or In Powder Fm",Philippines,2013,19684,19684.0
2846 Rare-earth Metal Compounds Of Yttrium Or Scandium,Taiwan,2020,32034,32034.0
"2801 Fluorine, Chlorine, Bromine & Iodine",Japan,2012,20025993,20025993.0
"3910 Silicones, In Primary Forms",Vietnam,2017,18270,18270.0
2846 Rare-earth Metal Compounds Of Yttrium Or Scandium,Taiwan,2011,62549,62549.0
8110 Antimony And Artcls Throf Incl Waste And Scrap,Singapore,2019,190247,190247.0
2846 Rare-earth Metal Compounds Of Yttrium Or Scandium,Taiwan,2012,66234,66234.0
"8111 Manganese And Artcles Thereof, Inc Waste And Scrap",Japan,2016,1558604,1558604.0
7225 Fl-rl Alloy Steel Nesoi Nun 600mm Wide,"Korea, South",2013,96370663,95134051.0
"8112 Beryllium,chromium,hafnium,rhenium Etc & Articles",Singapore,2011,3068804,3068804.0
8110 Antimony And Artcls Throf Incl Waste And Scrap,Thailand,2015,623613,623613.0
"3910 Silicones, In Primary Forms",Taiwan,2019,2681001,2681001.0
2614 Titanium Ores And Concentrates,Malaysia,2017,1931497,1931497.0
"8111 Manganese And Artcles Thereof, Inc Waste And Scrap",Hong Kong,2018,172260,262980.0
"3910 Silicones, In Primary Forms",Malaysia,2014,2989,2989.0
2820 Manganese Oxides,Japan,2017,14804187,14804187.0
2614 Titanium Ores And Concentrates,Malaysia,2012,1752377,1752377.0
"3910 Silicones, In Primary Forms",Philippines,2019,2669,2669.0
"3910 Silicones, In Primary Forms",Singapore,2011,29675,29675.0
"3910 Silicones, In Primary Forms",Thailand,2016,10979450,10979450.0
"8112 Beryllium,chromium,hafnium,rhenium Etc & Articles",Malaysia,2018,56927,56927.0
"8112 Beryllium,chromium,hafnium,rhenium Etc & Articles",Hong Kong,2017,3724929,3724929.0
2846 Rare-earth Metal Compounds Of Yttrium Or Scandium,Singapore,2013,15000,15000.0
2846 Rare-earth Metal Compounds Of Yttrium Or Scandium,"Korea, South",2014,3010006,967238.0
3801 Artificial Graphite; Collodial Graphite & Prep Etc,Malaysia,2012,946029,946029.0
3801 Artificial Graphite; Collodial Graphite & Prep Etc,"Korea, South",2013,380953,380953.0
"3910 Silicones, In Primary Forms",Indonesia,2014,583,583.0
"7110 Platinum, Unwrought, Semimfr Forms Or In Powder Fm","Korea, South",2020,90811221,90811221.0
3801 Artificial Graphite; Collodial Graphite & Prep Etc,"Korea, South",2019,6185202,6185202.0
2820 Manganese Oxides,"Korea, South",2018,9493803,9493803.0
"3910 Silicones, In Primary Forms","Korea, South",2017,14056014,14069545.0
2846 Rare-earth Metal Compounds Of Yttrium Or Scandium,Japan,2016,32502860,17905757.0
"8112 Beryllium,chromium,hafnium,rhenium Etc & Articles",Hong Kong,2014,1140653,1140653.0
2504 Natural Graphite,Hong Kong,2011,45440,45440.0
"3910 Silicones, In Primary Forms",Japan,2020,115595525,114218868.0
8110 Antimony And Artcls Throf Incl Waste And Scrap,"Korea, South",2020,14688,14688.0
"3910 Silicones, In Primary Forms",Singapore,2014,22245,22245.0
"7110 Platinum, Unwrought, Semimfr Forms Or In Powder Fm",Singapore,2016,13489151,13489151.0
"8112 Beryllium,chromium,hafnium,rhenium Etc & Articles",Taiwan,2011,7456998,7456998.0
7225 Fl-rl Alloy Steel Nesoi Nun 600mm Wide,"Korea, South",2020,81051736,83353400.0
"8112 Beryllium,chromium,hafnium,rhenium Etc & Articles","Korea, South",2015,4817551,4817551.0
"7110 Platinum, Unwrought, Semimfr Forms Or In Powder Fm",Japan,2015,19059775,19059775.0
2846 Rare-earth Metal Compounds Of Yttrium Or Scandium,Japan,2020,30536429,30536429.0
2846 Rare-earth Metal Compounds Of Yttrium Or Scandium,Taiwan,2017,18691,18691.0
3801 Artificial Graphite; Collodial Graphite & Prep Etc,Thailand,2012,18467,18467.0
"7110 Platinum, Unwrought, Semimfr Forms Or In Powder Fm",Laos,2014,19912,19912.0
"7110 Platinum, Unwrought, Semimfr Forms Or In Powder Fm",Taiwan,2016,4448949,4448949.0
"8112 Beryllium,chromium,hafnium,rhenium Etc & Articles",Thailand,2015,5580,5580.0
"8112 Beryllium,chromium,hafnium,rhenium Etc & Articles",Laos,2014,38432,38432.0
3801 Artificial Graphite; Collodial Graphite & Prep Etc,Malaysia,2014,2039270,2039270.0
2614 Titanium Ores And Concentrates,Malaysia,2016,3738504,3738504.0
"7110 Platinum, Unwrought, Semimfr Forms Or In Powder Fm",Taiwan,2012,4316,4316.0
3801 Artificial Graphite; Collodial Graphite & Prep Etc,Malaysia,2020,205489,205489.0
2846 Rare-earth Metal Compounds Of Yttrium Or Scandium,Singapore,2018,60000,60000.0
2846 Rare-earth Metal Compounds Of Yttrium Or Scandium,Malaysia,2014,2854857,2854857.0
"8111 Manganese And Artcles Thereof, Inc Waste And Scrap",Taiwan,2016,16800,16800.0
"3910 Silicones, In Primary Forms",Thailand,2018,24412145,26046847.0
3801 Artificial Graphite; Collodial Graphite & Prep Etc,Taiwan,2017,263919,263919.0
"8111 Manganese And Artcles Thereof, Inc Waste And Scrap",Taiwan,2012,159870,159870.0
2846 Rare-earth Metal Compounds Of Yttrium Or Scandium,Hong Kong,2018,494824,494824.0
2820 Manganese Oxides,Japan,2013,14564232,14564232.0
2846 Rare-earth Metal Compounds Of Yttrium Or Scandium,Taiwan,2019,28188,28188.0
"8112 Beryllium,chromium,hafnium,rhenium Etc & Articles",Malaysia,2014,31760,31760.0
"3910 Silicones, In Primary Forms",Singapore,2019,68363,68363.0
"3910 Silicones, In Primary Forms",Malaysia,2011,78629,78629.0
7226 Fl-rl Alloy Steel Nesoi Un 600mm Wide,Taiwan,2019,31167,31167.0
"8112 Beryllium,chromium,hafnium,rhenium Etc & Articles",Laos,2013,369601,369601.0
"3910 Silicones, In Primary Forms",Indonesia,2016,18842,18842.0
2504 Natural Graphite,Hong Kong,2016,168782,168782.0
7226 Fl-rl Alloy Steel Nesoi Un 600mm Wide,Japan,2014,26137608,26137126.0
2846 Rare-earth Metal Compounds Of Yttrium Or Scandium,Taiwan,2013,187527,187527.0
"3910 Silicones, In Primary Forms",Thailand,2014,14157879,23488947.0
3801 Artificial Graphite; Collodial Graphite & Prep Etc,Japan,2019,97653117,97602745.0
7225 Fl-rl Alloy Steel Nesoi Nun 600mm Wide,Thailand,2017,11879412,11879412.0
2846 Rare-earth Metal Compounds Of Yttrium Or Scandium,Singapore,2019,86400,86400.0
3801 Artificial Graphite; Collodial Graphite & Prep Etc,Japan,2011,39640864,39640864.0
"8108 Titanium & Articles Thereof, Includ Waste & Scrap",Malaysia,2020,109362,109362.0
"8108 Titanium & Articles Thereof, Includ Waste & Scrap",Thailand,2020,302482,302482.0
"8112 Beryllium,chromium,hafnium,rhenium Etc & Articles","Korea, South",2016,5038779,5038779.0
"7110 Platinum, Unwrought, Semimfr Forms Or In Powder Fm",Japan,2017,40995680,40995680.0
"2801 Fluorine, Chlorine, Bromine & Iodine","Korea, South",2020,1175660,1175660.0
2846 Rare-earth Metal Compounds Of Yttrium Or Scandium,Japan,2019,30760316,30679846.0
"3910 Silicones, In Primary Forms",Vietnam,2013,30107,30107.0
"8108 Titanium & Articles Thereof, Includ Waste & Scrap",Hong Kong,2020,179753,179753.0
2604 Nickel Ores And Concentrates,Thailand,2015,14775,14775.0
"8108 Titanium & Articles Thereof, Includ Waste & Scrap",Philippines,2017,63934,63934.0
2605 Cobalt Ores And Concentrates,Japan,2017,119440,119440.0
"3910 Silicones, In Primary Forms",Thailand,2020,22897364,22897364.0
"3910 Silicones, In Primary Forms",Thailand,2013,13730672,13730672.0
"8111 Manganese And Artcles Thereof, Inc Waste And Scrap","Korea, South",2019,51000,51000.0
2846 Rare-earth Metal Compounds Of Yttrium Or Scandium,"Korea, South",2016,10963589,1085375.0
8110 Antimony And Artcls Throf Incl Waste And Scrap,Vietnam,2018,5306194,5306194.0
"8108 Titanium & Articles Thereof, Includ Waste & Scrap",Thailand,2017,336441,336441.0
"7110 Platinum, Unwrought, Semimfr Forms Or In Powder Fm",Singapore,2015,35851572,35851572.0
"3910 Silicones, In Primary Forms",Malaysia,2015,26526,26526.0
"7110 Platinum, Unwrought, Semimfr Forms Or In Powder Fm",Laos,2016,56443,56443.0
"7110 Platinum, Unwrought, Semimfr Forms Or In Powder Fm",Hong Kong,2020,13888,13888.0
7225 Fl-rl Alloy Steel Nesoi Nun 600mm Wide,Malaysia,2017,590678,590678.0
7225 Fl-rl Alloy Steel Nesoi Nun 600mm Wide,"Korea, South",2017,119189167,119189167.0
3801 Artificial Graphite; Collodial Graphite & Prep Etc,Hong Kong,2017,706138,706138.0
"8105 Cobalt Mattes Etc, Cobalt & Art, Inc Waste & Scrap",Malaysia,2018,8920,8920.0
2604 Nickel Ores And Concentrates,Thailand,2016,5615,5615.0
7225 Fl-rl Alloy Steel Nesoi Nun 600mm Wide,Thailand,2018,6050512,6050512.0
"8112 Beryllium,chromium,hafnium,rhenium Etc & Articles",Singapore,2016,34475,34475.0
"8112 Beryllium,chromium,hafnium,rhenium Etc & Articles",Thailand,2014,13805,13805.0
7225 Fl-rl Alloy Steel Nesoi Nun 600mm Wide,Thailand,2019,2483507,2483507.0
2846 Rare-earth Metal Compounds Of Yttrium Or Scandium,Malaysia,2018,3547685,3547685.0
8110 Antimony And Artcls Throf Incl Waste And Scrap,Japan,2018,1899838,1899838.0
2846 Rare-earth Metal Compounds Of Yttrium Or Scandium,Malaysia,2017,433888,433888.0
"8111 Manganese And Artcles Thereof, Inc Waste And Scrap","Korea, South",2014,4962444,4962444.0
"3910 Silicones, In Primary Forms",Indonesia,2012,2380,2380.0
"3910 Silicones, In Primary Forms","Korea, South",2013,16969028,16447070.0
"8108 Titanium & Articles Thereof, Includ Waste & Scrap",Singapore,2020,6380563,6380563.0
7225 Fl-rl Alloy Steel Nesoi Nun 600mm Wide,Taiwan,2019,905988,905988.0
"2801 Fluorine, Chlorine, Bromine & Iodine",Japan,2014,21476977,21476977.0
8110 Antimony And Artcls Throf Incl Waste And Scrap,Japan,2019,1344618,1344618.0
"8108 Titanium & Articles Thereof, Includ Waste & Scrap","Korea, South",2016,12997675,12997675.0
3801 Artificial Graphite; Collodial Graphite & Prep Etc,"Korea, South",2016,1683277,1683277.0
"8105 Cobalt Mattes Etc, Cobalt & Art, Inc Waste & Scrap",Singapore,2011,15743,15743.0
"3910 Silicones, In Primary Forms",Taiwan,2016,2175716,2175716.0
"3910 Silicones, In Primary Forms",Indonesia,2011,111600,111600.0
"7110 Platinum, Unwrought, Semimfr Forms Or In Powder Fm","Korea, South",2012,64007499,64007499.0
"8112 Beryllium,chromium,hafnium,rhenium Etc & Articles",Indonesia,2014,9723,9723.0
"8112 Beryllium,chromium,hafnium,rhenium Etc & Articles",Japan,2019,3179861,3179861.0
2504 Natural Graphite,Japan,2016,3771859,3771859.0
"8105 Cobalt Mattes Etc, Cobalt & Art, Inc Waste & Scrap",Taiwan,2014,484920,484920.0
"3910 Silicones, In Primary Forms",Japan,2015,118348453,113879780.0
"8105 Cobalt Mattes Etc, Cobalt & Art, Inc Waste & Scrap",Singapore,2017,383132,383132.0
"8108 Titanium & Articles Thereof, Includ Waste & Scrap",Thailand,2016,272824,272824.0
7225 Fl-rl Alloy Steel Nesoi Nun 600mm Wide,Malaysia,2014,610891,610891.0
"8105 Cobalt Mattes Etc, Cobalt & Art, Inc Waste & Scrap",Taiwan,2015,757975,657146.0
"2801 Fluorine, Chlorine, Bromine & Iodine","Korea, South",2012,760165,760165.0
"7110 Platinum, Unwrought, Semimfr Forms Or In Powder Fm",Hong Kong,2013,9819,9819.0
7225 Fl-rl Alloy Steel Nesoi Nun 600mm Wide,Vietnam,2014,8987,8987.0
"8108 Titanium & Articles Thereof, Includ Waste & Scrap",Japan,2014,188840033,188840033.0
2504 Natural Graphite,"Korea, South",2014,19200,19200.0
3801 Artificial Graphite; Collodial Graphite & Prep Etc,Malaysia,2019,152371,152371.0
"8105 Cobalt Mattes Etc, Cobalt & Art, Inc Waste & Scrap","Korea, South",2019,121545,121545.0
2846 Rare-earth Metal Compounds Of Yttrium Or Scandium,Japan,2011,101277629,86827467.0
"8105 Cobalt Mattes Etc, Cobalt & Art, Inc Waste & Scrap",Vietnam,2019,13560,13560.0
2820 Manganese Oxides,Singapore,2013,317693,317693.0
"7110 Platinum, Unwrought, Semimfr Forms Or In Powder Fm",Philippines,2011,8023,8023.0
"8108 Titanium & Articles Thereof, Includ Waste & Scrap",Hong Kong,2015,218874,218874.0
7226 Fl-rl Alloy Steel Nesoi Un 600mm Wide,Taiwan,2015,17028,17028.0
"8108 Titanium & Articles Thereof, Includ Waste & Scrap",Vietnam,2016,3058,3058.0
"7110 Platinum, Unwrought, Semimfr Forms Or In Powder Fm",Singapore,2017,5178086,5178086.0
"8108 Titanium & Articles Thereof, Includ Waste & Scrap",Malaysia,2016,54801,54801.0
8110 Antimony And Artcls Throf Incl Waste And Scrap,Hong Kong,2018,314596,314596.0
"3910 Silicones, In Primary Forms",Thailand,2011,21269583,21709919.0
2614 Titanium Ores And Concentrates,Malaysia,2011,6831832,6831832.0
7226 Fl-rl Alloy Steel Nesoi Un 600mm Wide,Taiwan,2018,31841,31841.0
7225 Fl-rl Alloy Steel Nesoi Nun 600mm Wide,Malaysia,2016,460252,460252.0
"3910 Silicones, In Primary Forms",Taiwan,2011,1178642,1178642.0
"8111 Manganese And Artcles Thereof, Inc Waste And Scrap",Malaysia,2018,3038,3038.0
3801 Artificial Graphite; Collodial Graphite & Prep Etc,"Korea, South",2018,5435922,5435922.0
8110 Antimony And Artcls Throf Incl Waste And Scrap,Hong Kong,2011,810594,810594.0
8110 Antimony And Artcls Throf Incl Waste And Scrap,Hong Kong,2015,334327,334327.0
"2801 Fluorine, Chlorine, Bromine & Iodine",Japan,2019,10629796,10629796.0
"3910 Silicones, In Primary Forms",Thailand,2017,18242779,18311504.0
"3910 Silicones, In Primary Forms",Hong Kong,2018,12656,12656.0
"8112 Beryllium,chromium,hafnium,rhenium Etc & Articles","Korea, South",2019,4856605,4856605.0
8110 Antimony And Artcls Throf Incl Waste And Scrap,"Korea, South",2018,147694,147694.0
2606 Aluminum Ores And Concentrates,Singapore,2012,578699,578699.0
"8112 Beryllium,chromium,hafnium,rhenium Etc & Articles",Hong Kong,2015,499787,499787.0
7225 Fl-rl Alloy Steel Nesoi Nun 600mm Wide,Hong Kong,2016,9973,9973.0
2604 Nickel Ores And Concentrates,Japan,2015,42816,42816.0
"8108 Titanium & Articles Thereof, Includ Waste & Scrap","Korea, South",2011,9750809,9750809.0
3801 Artificial Graphite; Collodial Graphite & Prep Etc,Singapore,2020,4495,4495.0
3801 Artificial Graphite; Collodial Graphite & Prep Etc,Malaysia,2017,579985,579985.0
"7110 Platinum, Unwrought, Semimfr Forms Or In Powder Fm",Japan,2011,90478759,90543918.0
2605 Cobalt Ores And Concentrates,Japan,2016,401872,401872.0
"2801 Fluorine, Chlorine, Bromine & Iodine",Japan,2013,20880097,20880097.0
"7110 Platinum, Unwrought, Semimfr Forms Or In Powder Fm",Hong Kong,2014,1200059,1200059.0
7226 Fl-rl Alloy Steel Nesoi Un 600mm Wide,"Korea, South",2020,666145,666145.0
2846 Rare-earth Metal Compounds Of Yttrium Or Scandium,Japan,2017,22170017,20271233.0
"8112 Beryllium,chromium,hafnium,rhenium Etc & Articles",Malaysia,2019,158720,158720.0
2820 Manganese Oxides,"Korea, South",2011,225600,225600.0
7226 Fl-rl Alloy Steel Nesoi Un 600mm Wide,"Korea, South",2019,843772,857438.0
3801 Artificial Graphite; Collodial Graphite & Prep Etc,Japan,2016,22954978,22954978.0
"8105 Cobalt Mattes Etc, Cobalt & Art, Inc Waste & Scrap","Korea, South",2018,408065,408065.0
"8112 Beryllium,chromium,hafnium,rhenium Etc & Articles",Hong Kong,2011,3331908,3331908.0
8110 Antimony And Artcls Throf Incl Waste And Scrap,Japan,2015,584236,584236.0
8110 Antimony And Artcls Throf Incl Waste And Scrap,Japan,2016,1565921,1565921.0
2846 Rare-earth Metal Compounds Of Yttrium Or Scandium,Hong Kong,2015,286272,286272.0
"8105 Cobalt Mattes Etc, Cobalt & Art, Inc Waste & Scrap",Japan,2014,33460837,33456917.0
"8105 Cobalt Mattes Etc, Cobalt & Art, Inc Waste & Scrap",Japan,2015,34975095,34961563.0
"8111 Manganese And Artcles Thereof, Inc Waste And Scrap",Japan,2014,1788805,1788805.0
"7110 Platinum, Unwrought, Semimfr Forms Or In Powder Fm","Korea, South",2016,57431934,57431934.0
2504 Natural Graphite,Taiwan,2020,6948,6948.0
"7110 Platinum, Unwrought, Semimfr Forms Or In Powder Fm",Japan,2014,35620759,35620759.0
2820 Manganese Oxides,Singapore,2012,251940,251940.0
8110 Antimony And Artcls Throf Incl Waste And Scrap,Japan,2017,1523395,1523395.0
"8111 Manganese And Artcles Thereof, Inc Waste And Scrap",Hong Kong,2013,520522,520522.0
"3910 Silicones, In Primary Forms",Hong Kong,2015,11626,11626.0
"3910 Silicones, In Primary Forms",Vietnam,2020,486380,488300.0
2820 Manganese Oxides,"Korea, South",2016,6811382,6811382.0
"7110 Platinum, Unwrought, Semimfr Forms Or In Powder Fm",Laos,2017,23704,23704.0
"3910 Silicones, In Primary Forms",Indonesia,2015,3000,3000.0
"8108 Titanium & Articles Thereof, Includ Waste & Scrap",Taiwan,2020,4314134,4912683.0
7225 Fl-rl Alloy Steel Nesoi Nun 600mm Wide,Vietnam,2016,2122302,2122302.0
"8111 Manganese And Artcles Thereof, Inc Waste And Scrap",Hong Kong,2014,130050,130050.0
7226 Fl-rl Alloy Steel Nesoi Un 600mm Wide,"Korea, South",2011,1380878,1380878.0
8110 Antimony And Artcls Throf Incl Waste And Scrap,Hong Kong,2012,2292746,1680266.0
"8108 Titanium & Articles Thereof, Includ Waste & Scrap","Korea, South",2019,14762482,14762482.0
2846 Rare-earth Metal Compounds Of Yttrium Or Scandium,"Korea, South",2011,4051756,2483124.0
"3910 Silicones, In Primary Forms",Mongolia,2018,48941,48941.0
"8105 Cobalt Mattes Etc, Cobalt & Art, Inc Waste & Scrap","Korea, South",2014,506395,506395.0
"7110 Platinum, Unwrought, Semimfr Forms Or In Powder Fm",Singapore,2019,113533743,113533743.0
8110 Antimony And Artcls Throf Incl Waste And Scrap,"Korea, South",2013,668833,668833.0
"3910 Silicones, In Primary Forms",Singapore,2018,3004,3004.0
"2801 Fluorine, Chlorine, Bromine & Iodine","Korea, South",2013,529593,529593.0
"2801 Fluorine, Chlorine, Bromine & Iodine",Japan,2017,10104480,10104480.0
"3910 Silicones, In Primary Forms",Vietnam,2011,14469,14469.0
"8111 Manganese And Artcles Thereof, Inc Waste And Scrap",Japan,2015,1505120,1505120.0
"8105 Cobalt Mattes Etc, Cobalt & Art, Inc Waste & Scrap",Taiwan,2017,729372,616284.0
2504 Natural Graphite,Japan,2019,1992601,1980885.0
2846 Rare-earth Metal Compounds Of Yttrium Or Scandium,Singapore,2016,79200,79200.0
"8112 Beryllium,chromium,hafnium,rhenium Etc & Articles",Taiwan,2017,1515092,1515092.0
2846 Rare-earth Metal Compounds Of Yttrium Or Scandium,Hong Kong,2019,111765,111765.0
"7110 Platinum, Unwrought, Semimfr Forms Or In Powder Fm",Singapore,2014,93070395,93070395.0
8110 Antimony And Artcls Throf Incl Waste And Scrap,Thailand,2017,502379,502379.0
"7110 Platinum, Unwrought, Semimfr Forms Or In Powder Fm",Taiwan,2013,524692,524692.0
"7110 Platinum, Unwrought, Semimfr Forms Or In Powder Fm",Thailand,2020,85675,85675.0
2820 Manganese Oxides,"Korea, South",2017,8163915,8163915.0
7226 Fl-rl Alloy Steel Nesoi Un 600mm Wide,Japan,2012,46780289,46780289.0
"3910 Silicones, In Primary Forms",Taiwan,2014,1803767,1803767.0
7225 Fl-rl Alloy Steel Nesoi Nun 600mm Wide,Taiwan,2011,10359965,10359965.0
"8108 Titanium & Articles Thereof, Includ Waste & Scrap",Malaysia,2014,218220,218220.0
7225 Fl-rl Alloy Steel Nesoi Nun 600mm Wide,Malaysia,2018,999376,999376.0
"2801 Fluorine, Chlorine, Bromine & Iodine","Korea, South",2011,617017,617017.0
"8105 Cobalt Mattes Etc, Cobalt & Art, Inc Waste & Scrap",Taiwan,2020,1309157,1248391.0
"3910 Silicones, In Primary Forms",Philippines,2012,609,609.0
2820 Manganese Oxides,"Korea, South",2020,2641319,2641319.0
"3910 Silicones, In Primary Forms",Indonesia,2018,967,967.0
"8108 Titanium & Articles Thereof, Includ Waste & Scrap",Philippines,2011,132126,132126.0
"8112 Beryllium,chromium,hafnium,rhenium Etc & Articles",Hong Kong,2019,140217,140217.0
"3910 Silicones, In Primary Forms","Korea, South",2012,10981950,10704986.0
"3910 Silicones, In Primary Forms",Philippines,2020,3415,3415.0
2604 Nickel Ores And Concentrates,Hong Kong,2019,5820,5820.0
"7110 Platinum, Unwrought, Semimfr Forms Or In Powder Fm",Singapore,2011,40101654,40101654.0
"8111 Manganese And Artcles Thereof, Inc Waste And Scrap",Japan,2012,157671,157671.0
"3910 Silicones, In Primary Forms",Hong Kong,2016,3120,3120.0
"7110 Platinum, Unwrought, Semimfr Forms Or In Powder Fm",Taiwan,2017,7342178,7342178.0
"8108 Titanium & Articles Thereof, Includ Waste & Scrap",Japan,2012,275832135,275895903.0
7225 Fl-rl Alloy Steel Nesoi Nun 600mm Wide,Japan,2017,113351266,112832549.0
"8105 Cobalt Mattes Etc, Cobalt & Art, Inc Waste & Scrap",Taiwan,2013,245191,245191.0
"8108 Titanium & Articles Thereof, Includ Waste & Scrap","Korea, South",2013,4261986,4261986.0
"8112 Beryllium,chromium,hafnium,rhenium Etc & Articles",Laos,2015,263750,263750.0
8110 Antimony And Artcls Throf Incl Waste And Scrap,Vietnam,2019,8144951,8144951.0
"8108 Titanium & Articles Thereof, Includ Waste & Scrap","Korea, South",2015,16907759,16907759.0
8110 Antimony And Artcls Throf Incl Waste And Scrap,"Korea, South",2019,14535,14535.0
"8105 Cobalt Mattes Etc, Cobalt & Art, Inc Waste & Scrap",Taiwan,2012,710010,710010.0
"8108 Titanium & Articles Thereof, Includ Waste & Scrap","Korea, South",2017,10145953,10145953.0
"8108 Titanium & Articles Thereof, Includ Waste & Scrap",Japan,2019,279098052,277283077.0
2504 Natural Graphite,Singapore,2017,5593,5593.0
"8105 Cobalt Mattes Etc, Cobalt & Art, Inc Waste & Scrap",Hong Kong,2014,4529,4529.0
7226 Fl-rl Alloy Steel Nesoi Un 600mm Wide,Japan,2015,30110253,29129343.0
2605 Cobalt Ores And Concentrates,Taiwan,2018,509275,509275.0
"7110 Platinum, Unwrought, Semimfr Forms Or In Powder Fm",Thailand,2017,96598,96598.0
"8105 Cobalt Mattes Etc, Cobalt & Art, Inc Waste & Scrap",Malaysia,2013,4800,4800.0
8110 Antimony And Artcls Throf Incl Waste And Scrap,Thailand,2016,274000,274000.0
"2801 Fluorine, Chlorine, Bromine & Iodine",Taiwan,2016,2700,2700.0
"7110 Platinum, Unwrought, Semimfr Forms Or In Powder Fm",Vietnam,2013,74312,74312.0
7225 Fl-rl Alloy Steel Nesoi Nun 600mm Wide,Japan,2014,232625454,235597798.0
2604 Nickel Ores And Concentrates,Japan,2018,6020,6020.0
"8108 Titanium & Articles Thereof, Includ Waste & Scrap",Taiwan,2013,7930823,7913649.0
2846 Rare-earth Metal Compounds Of Yttrium Or Scandium,Malaysia,2012,906906,906906.0
"8105 Cobalt Mattes Etc, Cobalt & Art, Inc Waste & Scrap","Korea, South",2017,300109,300109.0
"8112 Beryllium,chromium,hafnium,rhenium Etc & Articles",Indonesia,2011,13765,13765.0
3801 Artificial Graphite; Collodial Graphite & Prep Etc,Philippines,2019,8033,8033.0
"7110 Platinum, Unwrought, Semimfr Forms Or In Powder Fm",Hong Kong,2017,2700,2700.0
2846 Rare-earth Metal Compounds Of Yttrium Or Scandium,Laos,2012,750250,750250.0
"2801 Fluorine, Chlorine, Bromine & Iodine",Taiwan,2012,46268,46268.0
7225 Fl-rl Alloy Steel Nesoi Nun 600mm Wide,Japan,2018,103163569,103163569.0
"7110 Platinum, Unwrought, Semimfr Forms Or In Powder Fm",Philippines,2012,61525,61525.0
"8105 Cobalt Mattes Etc, Cobalt & Art, Inc Waste & Scrap",Hong Kong,2017,4139108,4139108.0
"3910 Silicones, In Primary Forms",Taiwan,2018,2535752,2447913.0
"8105 Cobalt Mattes Etc, Cobalt & Art, Inc Waste & Scrap",Malaysia,2020,5955,5955.0
2846 Rare-earth Metal Compounds Of Yttrium Or Scandium,Singapore,2017,90850,90850.0
7226 Fl-rl Alloy Steel Nesoi Un 600mm Wide,Japan,2017,74813953,73820450.0
"8108 Titanium & Articles Thereof, Includ Waste & Scrap",Philippines,2014,37376,37376.0
"8112 Beryllium,chromium,hafnium,rhenium Etc & Articles",Laos,2012,72953,72953.0
"8111 Manganese And Artcles Thereof, Inc Waste And Scrap",Japan,2019,2378033,2378033.0
7225 Fl-rl Alloy Steel Nesoi Nun 600mm Wide,Japan,2011,265637284,261078509.0
"3910 Silicones, In Primary Forms",Vietnam,2019,533321,533321.0
2614 Titanium Ores And Concentrates,"Korea, South",2011,51960,51960.0
"3910 Silicones, In Primary Forms",Taiwan,2012,1315700,1315700.0
7226 Fl-rl Alloy Steel Nesoi Un 600mm Wide,Taiwan,2020,8303,8303.0
"8105 Cobalt Mattes Etc, Cobalt & Art, Inc Waste & Scrap",Singapore,2019,982423,982423.0
2820 Manganese Oxides,Japan,2020,9558233,9558233.0
"2801 Fluorine, Chlorine, Bromine & Iodine","Korea, South",2017,1299326,1299326.0
8110 Antimony And Artcls Throf Incl Waste And Scrap,Vietnam,2014,1371531,1371531.0
2820 Manganese Oxides,Singapore,2015,352830,352830.0
"8108 Titanium & Articles Thereof, Includ Waste & Scrap",Philippines,2020,40602,40602.0
2846 Rare-earth Metal Compounds Of Yttrium Or Scandium,"Korea, South",2018,8456914,1211638.0
"8111 Manganese And Artcles Thereof, Inc Waste And Scrap",Hong Kong,2016,372710,372710.0
8110 Antimony And Artcls Throf Incl Waste And Scrap,Vietnam,2016,3246581,3246581.0
"8112 Beryllium,chromium,hafnium,rhenium Etc & Articles",Malaysia,2015,113120,113120.0
2602 Manganese Ores A Concntrts Inc Ferr Mangn Iron Ore,Japan,2014,6000,6000.0
"7110 Platinum, Unwrought, Semimfr Forms Or In Powder Fm",Hong Kong,2018,366626,366626.0
"3910 Silicones, In Primary Forms",Philippines,2011,5507,5507.0
"8105 Cobalt Mattes Etc, Cobalt & Art, Inc Waste & Scrap",Japan,2016,42109620,42079373.0
2846 Rare-earth Metal Compounds Of Yttrium Or Scandium,Hong Kong,2012,42250,42250.0
"7110 Platinum, Unwrought, Semimfr Forms Or In Powder Fm",Vietnam,2017,3330,3330.0
"8105 Cobalt Mattes Etc, Cobalt & Art, Inc Waste & Scrap",Japan,2017,75834147,75816992.0
7226 Fl-rl Alloy Steel Nesoi Un 600mm Wide,Taiwan,2014,695216,695216.0
"8108 Titanium & Articles Thereof, Includ Waste & Scrap",Taiwan,2016,4066094,3705948.0
2846 Rare-earth Metal Compounds Of Yttrium Or Scandium,Japan,2012,109291226,92680447.0
"8111 Manganese And Artcles Thereof, Inc Waste And Scrap",Vietnam,2012,1052860,1199348.0
"8105 Cobalt Mattes Etc, Cobalt & Art, Inc Waste & Scrap",Singapore,2015,302513,302513.0
2614 Titanium Ores And Concentrates,Taiwan,2016,4198,4198.0
"7110 Platinum, Unwrought, Semimfr Forms Or In Powder Fm",Singapore,2012,22777182,22777182.0
7226 Fl-rl Alloy Steel Nesoi Un 600mm Wide,Thailand,2011,1006707,1006707.0
"3910 Silicones, In Primary Forms",Japan,2013,119257636,118330948.0
"8108 Titanium & Articles Thereof, Includ Waste & Scrap",Singapore,2019,6946301,6946301.0
"8105 Cobalt Mattes Etc, Cobalt & Art, Inc Waste & Scrap",Japan,2013,22284774,22284774.0
"3910 Silicones, In Primary Forms",Malaysia,2018,2337543,2337543.0
"3910 Silicones, In Primary Forms",Vietnam,2015,486,486.0
"3910 Silicones, In Primary Forms",Japan,2019,138396191,135141842.0
"7110 Platinum, Unwrought, Semimfr Forms Or In Powder Fm",Taiwan,2019,14996062,14996062.0
7226 Fl-rl Alloy Steel Nesoi Un 600mm Wide,Taiwan,2012,2557709,2557709.0
7225 Fl-rl Alloy Steel Nesoi Nun 600mm Wide,Taiwan,2012,48103618,48103618.0
"8112 Beryllium,chromium,hafnium,rhenium Etc & Articles","Korea, South",2011,5765444,5765444.0
"8105 Cobalt Mattes Etc, Cobalt & Art, Inc Waste & Scrap","Korea, South",2016,185948,185948.0
"3910 Silicones, In Primary Forms",Malaysia,2016,7209,7209.0
"7110 Platinum, Unwrought, Semimfr Forms Or In Powder Fm",Malaysia,2013,50000,50000.0
3801 Artificial Graphite; Collodial Graphite & Prep Etc,Japan,2017,50581819,50551701.0
"8108 Titanium & Articles Thereof, Includ Waste & Scrap",Vietnam,2019,43696,43696.0
"8105 Cobalt Mattes Etc, Cobalt & Art, Inc Waste & Scrap",Japan,2018,128432186,128479194.0
"8108 Titanium & Articles Thereof, Includ Waste & Scrap","Korea, South",2012,8293309,8293309.0
2820 Manganese Oxides,Singapore,2017,106875,106875.0
"7110 Platinum, Unwrought, Semimfr Forms Or In Powder Fm",Japan,2018,39498474,39498474.0
2820 Manganese Oxides,"Korea, South",2013,697410,697410.0
"8112 Beryllium,chromium,hafnium,rhenium Etc & Articles",Japan,2016,6021555,6021555.0
"7110 Platinum, Unwrought, Semimfr Forms Or In Powder Fm",Japan,2012,52000932,52000932.0
7226 Fl-rl Alloy Steel Nesoi Un 600mm Wide,"Korea, South",2013,357529,357529.0
"7110 Platinum, Unwrought, Semimfr Forms Or In Powder Fm","Korea, South",2014,190446107,190446107.0
2846 Rare-earth Metal Compounds Of Yttrium Or Scandium,Japan,2015,33163987,24074723.0
8110 Antimony And Artcls Throf Incl Waste And Scrap,Vietnam,2017,4630076,4630076.0
"8108 Titanium & Articles Thereof, Includ Waste & Scrap",Thailand,2013,147317,147317.0
2846 Rare-earth Metal Compounds Of Yttrium Or Scandium,Hong Kong,2017,44590,44590.0
2504 Natural Graphite,Hong Kong,2018,1116000,1116000.0
"8108 Titanium & Articles Thereof, Includ Waste & Scrap",Taiwan,2019,4634778,5097061.0
"8105 Cobalt Mattes Etc, Cobalt & Art, Inc Waste & Scrap",Hong Kong,2011,4201,4201.0
"7110 Platinum, Unwrought, Semimfr Forms Or In Powder Fm",Thailand,2019,2934,2934.0
8110 Antimony And Artcls Throf Incl Waste And Scrap,Singapore,2018,203590,203590.0
"7110 Platinum, Unwrought, Semimfr Forms Or In Powder Fm",Taiwan,2020,23524350,23524350.0
"8112 Beryllium,chromium,hafnium,rhenium Etc & Articles",Singapore,2015,107638,107638.0
2820 Manganese Oxides,"Korea, South",2019,2463950,2463950.0
"8105 Cobalt Mattes Etc, Cobalt & Art, Inc Waste & Scrap",Thailand,2012,227565,227565.0
"8108 Titanium & Articles Thereof, Includ Waste & Scrap",Hong Kong,2017,14916,14916.0
2504 Natural Graphite,Japan,2012,4121163,4121163.0
"8105 Cobalt Mattes Etc, Cobalt & Art, Inc Waste & Scrap",Taiwan,2011,123588,123588.0
8110 Antimony And Artcls Throf Incl Waste And Scrap,Japan,2012,317533,317533.0
"8105 Cobalt Mattes Etc, Cobalt & Art, Inc Waste & Scrap",Thailand,2020,6931,6931.0
"3910 Silicones, In Primary Forms","Korea, South",2020,8256237,8270967.0
"8112 Beryllium,chromium,hafnium,rhenium Etc & Articles",Japan,2015,3199180,3199180.0
7226 Fl-rl Alloy Steel Nesoi Un 600mm Wide,Japan,2018,40031651,40031651.0
3801 Artificial Graphite; Collodial Graphite & Prep Etc,Taiwan,2012,38384,38384.0
"8108 Titanium & Articles Thereof, Includ Waste & Scrap",Singapore,2016,6807722,6807722.0
"8112 Beryllium,chromium,hafnium,rhenium Etc & Articles","Korea, South",2014,10400853,10400853.0
2504 Natural Graphite,"Korea, South",2011,12617,12617.0
"8108 Titanium & Articles Thereof, Includ Waste & Scrap",Philippines,2013,66260,66260.0
"8108 Titanium & Articles Thereof, Includ Waste & Scrap",Cambodia,2016,4130,4130.0
3801 Artificial Graphite; Collodial Graphite & Prep Etc,Indonesia,2013,150701,150701.0
2846 Rare-earth Metal Compounds Of Yttrium Or Scandium,Taiwan,2015,33941,33941.0
8110 Antimony And Artcls Throf Incl Waste And Scrap,Hong Kong,2014,589014,589014.0
"8112 Beryllium,chromium,hafnium,rhenium Etc & Articles",Hong Kong,2016,567818,567818.0
7225 Fl-rl Alloy Steel Nesoi Nun 600mm Wide,Singapore,2018,6000,6000.0
"8112 Beryllium,chromium,hafnium,rhenium Etc & Articles",Japan,2012,10759674,10759674.0
2846 Rare-earth Metal Compounds Of Yttrium Or Scandium,Malaysia,2015,2841061,2841061.0
"8112 Beryllium,chromium,hafnium,rhenium Etc & Articles",Japan,2014,10604636,9352025.0
"8112 Beryllium,chromium,hafnium,rhenium Etc & Articles",Taiwan,2015,4994466,4994466.0
2604 Nickel Ores And Concentrates,Thailand,2013,3245,3245.0
282520 Lithium Oxide And Hydroxide,Japan,2011,108946,108946.0
282520 Lithium Oxide And Hydroxide,"Korea, South",2012,74826,74826.0
282520 Lithium Oxide And Hydroxide,Hong Kong,2012,8822,8822.0
282520 Lithium Oxide And Hydroxide,Japan,2012,2644,2644.0
282520 Lithium Oxide And Hydroxide,"Korea, South",2013,8619,8619.0
282520 Lithium Oxide And Hydroxide,Japan,2013,44767,44767.0
282520 Lithium Oxide And Hydroxide,"Korea, South",2014,3851,3851.0
282520 Lithium Oxide And Hydroxide,Japan,2014,123215,123215.0
282520 Lithium Oxide And Hydroxide,"Korea, South",2015,97184,97184.0
282520 Lithium Oxide And Hydroxide,Taiwan,2015,4800,4800.0
282520 Lithium Oxide And Hydroxide,Japan,2015,38841,38841.0
282520 Lithium Oxide And Hydroxide,"Korea, South",2016,20135,20135.0
282520 Lithium Oxide And Hydroxide,Hong Kong,2016,10100,10100.0
282520 Lithium Oxide And Hydroxide,Japan,2016,14487,14487.0
282520 Lithium Oxide And Hydroxide,"Korea, South",2017,312680,312680.0
282520 Lithium Oxide And Hydroxide,Taiwan,2017,28500,28500.0
282520 Lithium Oxide And Hydroxide,Japan,2017,35513,35513.0
282520 Lithium Oxide And Hydroxide,"Korea, South",2018,25046,25046.0
282520 Lithium Oxide And Hydroxide,Hong Kong,2018,192000,192000.0
282520 Lithium Oxide And Hydroxide,Japan,2018,210749,210749.0
282520 Lithium Oxide And Hydroxide,"Korea, South",2019,3968,3968.0
282520 Lithium Oxide And Hydroxide,Japan,2019,72009,72009.0
282520 Lithium Oxide And Hydroxide,Taiwan,2020,12812,12812.0
282520 Lithium Oxide And Hydroxide,Japan,2020,87342,87342.0
282540 Nickel Oxides And Hydroxides,Philippines,2011,760564,760564.0
282540 Nickel Oxides And Hydroxides,Taiwan,2011,187200,187200.0
282540 Nickel Oxides And Hydroxides,Japan,2011,2148606,2148606.0
282540 Nickel Oxides And Hydroxides,Philippines,2012,884145,884145.0
282540 Nickel Oxides And Hydroxides,"Korea, South",2012,60000,60000.0
282540 Nickel Oxides And Hydroxides,Taiwan,2012,374000,374000.0
282540 Nickel Oxides And Hydroxides,Japan,2012,2474589,2474589.0
282540 Nickel Oxides And Hydroxides,Philippines,2013,3052782,3052782.0
282540 Nickel Oxides And Hydroxides,Japan,2013,3057278,3057278.0
282540 Nickel Oxides And Hydroxides,Philippines,2014,2370259,2370259.0
282540 Nickel Oxides And Hydroxides,Japan,2014,4234349,4234349.0
282540 Nickel Oxides And Hydroxides,Philippines,2015,1726603,1726603.0
282540 Nickel Oxides And Hydroxides,"Korea, South",2015,2400,2400.0
282540 Nickel Oxides And Hydroxides,Japan,2015,2774789,2774789.0
282540 Nickel Oxides And Hydroxides,Philippines,2016,2376822,2376822.0
282540 Nickel Oxides And Hydroxides,Japan,2016,3355713,3355713.0
282540 Nickel Oxides And Hydroxides,Philippines,2017,3838018,3838018.0
282540 Nickel Oxides And Hydroxides,"Korea, South",2017,140329,140329.0
282540 Nickel Oxides And Hydroxides,Japan,2017,5760238,5760238.0
282540 Nickel Oxides And Hydroxides,Philippines,2018,2235737,2235737.0
282540 Nickel Oxides And Hydroxides,"Korea, South",2018,344014,344014.0
282540 Nickel Oxides And Hydroxides,Hong Kong,2018,6000,6000.0
282540 Nickel Oxides And Hydroxides,Japan,2018,4228592,4228592.0
282540 Nickel Oxides And Hydroxides,Philippines,2019,2095330,2095330.0
282540 Nickel Oxides And Hydroxides,"Korea, South",2019,113461,113461.0
282540 Nickel Oxides And Hydroxides,Japan,2019,4357678,4357678.0
282540 Nickel Oxides And Hydroxides,Malaysia,2020,2427,2427.0
282540 Nickel Oxides And Hydroxides,Philippines,2020,2122723,2122723.0
282540 Nickel Oxides And Hydroxides,"Korea, South",2020,272052,272052.0
282540 Nickel Oxides And Hydroxides,Japan,2020,3387801,3387801.0
282550 Copper Oxides And Hydroxides,"Korea, South",2011,223296,223296.0
282550 Copper Oxides And Hydroxides,Hong Kong,2011,432750,432750.0
282550 Copper Oxides And Hydroxides,Japan,2011,62488,62488.0
282550 Copper Oxides And Hydroxides,Singapore,2012,33750,33750.0
282550 Copper Oxides And Hydroxides,Hong Kong,2012,356349,356349.0
282550 Copper Oxides And Hydroxides,Taiwan,2012,2811,2811.0
282550 Copper Oxides And Hydroxides,Japan,2012,21089,21089.0
282550 Copper Oxides And Hydroxides,Singapore,2013,178600,178600.0
282550 Copper Oxides And Hydroxides,"Korea, South",2013,13200,13200.0
282550 Copper Oxides And Hydroxides,Hong Kong,2013,202700,202700.0
282550 Copper Oxides And Hydroxides,Taiwan,2013,15089,15089.0
282550 Copper Oxides And Hydroxides,Japan,2013,91088,91088.0
282550 Copper Oxides And Hydroxides,Singapore,2014,411472,411472.0
282550 Copper Oxides And Hydroxides,"Korea, South",2014,106092,106092.0
282550 Copper Oxides And Hydroxides,Hong Kong,2014,260906,260906.0
282550 Copper Oxides And Hydroxides,Taiwan,2014,14980,14980.0
282550 Copper Oxides And Hydroxides,Japan,2014,34618,34618.0
282550 Copper Oxides And Hydroxides,Singapore,2015,385776,385776.0
282550 Copper Oxides And Hydroxides,"Korea, South",2015,99150,99150.0
282550 Copper Oxides And Hydroxides,Hong Kong,2015,150124,150124.0
282550 Copper Oxides And Hydroxides,Taiwan,2015,1010396,1010396.0
282550 Copper Oxides And Hydroxides,Japan,2015,38599,38599.0
282550 Copper Oxides And Hydroxides,Singapore,2016,432000,432000.0
282550 Copper Oxides And Hydroxides,"Korea, South",2016,115500,115500.0
282550 Copper Oxides And Hydroxides,Hong Kong,2016,134061,134061.0
282550 Copper Oxides And Hydroxides,Taiwan,2016,500850,500850.0
282550 Copper Oxides And Hydroxides,Singapore,2017,886306,886306.0
282550 Copper Oxides And Hydroxides,"Korea, South",2017,185384,185384.0
282550 Copper Oxides And Hydroxides,Hong Kong,2017,113438,113438.0
282550 Copper Oxides And Hydroxides,Taiwan,2017,194240,194240.0
282550 Copper Oxides And Hydroxides,Japan,2017,60767,60767.0
282550 Copper Oxides And Hydroxides,Singapore,2018,346620,346620.0
282550 Copper Oxides And Hydroxides,"Korea, South",2018,64820,64820.0
282550 Copper Oxides And Hydroxides,Hong Kong,2018,116687,116687.0
282550 Copper Oxides And Hydroxides,Taiwan,2018,670005,670005.0
282550 Copper Oxides And Hydroxides,Japan,2018,39017,39017.0
282550 Copper Oxides And Hydroxides,Singapore,2019,456225,456225.0
282550 Copper Oxides And Hydroxides,"Korea, South",2019,94558,94558.0
282550 Copper Oxides And Hydroxides,Hong Kong,2019,55691,55691.0
282550 Copper Oxides And Hydroxides,Taiwan,2019,421510,421510.0
282550 Copper Oxides And Hydroxides,Japan,2019,72798,72798.0
282550 Copper Oxides And Hydroxides,"Korea, South",2020,77419,77419.0
282550 Copper Oxides And Hydroxides,Hong Kong,2020,106140,106140.0
282550 Copper Oxides And Hydroxides,Taiwan,2020,282906,282906.0
282550 Copper Oxides And Hydroxides,Japan,2020,168582,168582.0
282580 Antimony Oxides,Thailand,2011,2344000,2344000.0
282580 Antimony Oxides,Taiwan,2011,1054548,1054548.0
282580 Antimony Oxides,Japan,2011,2398329,2398329.0
282580 Antimony Oxides,Thailand,2012,920000,920000.0
282580 Antimony Oxides,Singapore,2012,25943,25943.0
282580 Antimony Oxides,Hong Kong,2012,669056,669056.0
282580 Antimony Oxides,Taiwan,2012,271600,271600.0
282580 Antimony Oxides,Japan,2012,3040863,3040863.0
282580 Antimony Oxides,Thailand,2013,5000000,5000000.0
282580 Antimony Oxides,Hong Kong,2013,190000,190000.0
282580 Antimony Oxides,Japan,2013,3037610,3037610.0
282580 Antimony Oxides,Thailand,2014,5800000,5800000.0
282580 Antimony Oxides,"Korea, South",2014,83575,83575.0
282580 Antimony Oxides,Hong Kong,2014,520000,520000.0
282580 Antimony Oxides,Taiwan,2014,4266,4266.0
282580 Antimony Oxides,Japan,2014,4210349,4210349.0
282580 Antimony Oxides,Thailand,2015,7740000,7740000.0
282580 Antimony Oxides,"Korea, South",2015,16384,16384.0
282580 Antimony Oxides,Hong Kong,2015,2752,2752.0
282580 Antimony Oxides,Japan,2015,3462692,3462692.0
282580 Antimony Oxides,Thailand,2016,3240000,3240000.0
282580 Antimony Oxides,"Korea, South",2016,176920,176920.0
282580 Antimony Oxides,Japan,2016,3416663,3416663.0
282580 Antimony Oxides,Thailand,2017,6854329,6854329.0
282580 Antimony Oxides,"Korea, South",2017,170679,170679.0
282580 Antimony Oxides,Taiwan,2017,128000,128000.0
282580 Antimony Oxides,Japan,2017,2753342,2753342.0
282580 Antimony Oxides,Thailand,2018,5340000,5340000.0
282580 Antimony Oxides,"Korea, South",2018,332061,332061.0
282580 Antimony Oxides,Hong Kong,2018,435750,435750.0
282580 Antimony Oxides,Taiwan,2018,515052,515052.0
282580 Antimony Oxides,Japan,2018,4172927,4154774.0
282580 Antimony Oxides,Thailand,2019,840000,840000.0
282580 Antimony Oxides,Singapore,2019,7303,7303.0
282580 Antimony Oxides,"Korea, South",2019,389768,389768.0
282580 Antimony Oxides,Hong Kong,2019,503050,503050.0
282580 Antimony Oxides,Japan,2019,3786493,4033932.0
282580 Antimony Oxides,"Korea, South",2020,235424,235424.0
282580 Antimony Oxides,Japan,2020,2055139,2093315.0
"711041 Iridium, Osmium And Ruthenium, Unwrought Or Powder",Singapore,2011,9150,9150.0
"711041 Iridium, Osmium And Ruthenium, Unwrought Or Powder",Taiwan,2011,2530,2530.0
"711041 Iridium, Osmium And Ruthenium, Unwrought Or Powder",Japan,2011,1172154,1172154.0
"711041 Iridium, Osmium And Ruthenium, Unwrought Or Powder",Singapore,2012,2248,2248.0
"711041 Iridium, Osmium And Ruthenium, Unwrought Or Powder",Japan,2012,1349663,1349663.0
"711041 Iridium, Osmium And Ruthenium, Unwrought Or Powder",Singapore,2013,43784,43784.0
"711041 Iridium, Osmium And Ruthenium, Unwrought Or Powder",Japan,2013,344017,344017.0
"711041 Iridium, Osmium And Ruthenium, Unwrought Or Powder",Singapore,2014,78572,78572.0
"711041 Iridium, Osmium And Ruthenium, Unwrought Or Powder",Taiwan,2014,217449,217449.0
"711041 Iridium, Osmium And Ruthenium, Unwrought Or Powder",Japan,2014,3643,3643.0
"711041 Iridium, Osmium And Ruthenium, Unwrought Or Powder",Japan,2015,134969,134969.0
"711041 Iridium, Osmium And Ruthenium, Unwrought Or Powder",Thailand,2017,34043,34043.0
"711041 Iridium, Osmium And Ruthenium, Unwrought Or Powder",Japan,2017,202013,202013.0
"711041 Iridium, Osmium And Ruthenium, Unwrought Or Powder",Hong Kong,2018,354550,354550.0
"711041 Iridium, Osmium And Ruthenium, Unwrought Or Powder",Taiwan,2018,850574,850574.0
"711041 Iridium, Osmium And Ruthenium, Unwrought Or Powder",Japan,2018,169978,169978.0
"711041 Iridium, Osmium And Ruthenium, Unwrought Or Powder","Korea, South",2019,79736,79736.0
"711041 Iridium, Osmium And Ruthenium, Unwrought Or Powder",Hong Kong,2019,492724,492724.0
"711041 Iridium, Osmium And Ruthenium, Unwrought Or Powder",Japan,2019,2534354,2534354.0
"711041 Iridium, Osmium And Ruthenium, Unwrought Or Powder","Korea, South",2020,41282,41282.0
"711041 Iridium, Osmium And Ruthenium, Unwrought Or Powder",Japan,2020,2031823,2031823.0
"711049 Iridium, Osmium And Ruthenium, Semimanufactured",Singapore,2011,32497,32497.0
"711049 Iridium, Osmium And Ruthenium, Semimanufactured",Japan,2011,187038,187038.0
"711049 Iridium, Osmium And Ruthenium, Semimanufactured",Japan,2012,13145,13145.0
"711049 Iridium, Osmium And Ruthenium, Semimanufactured",Taiwan,2013,2770,2770.0
"711049 Iridium, Osmium And Ruthenium, Semimanufactured",Japan,2013,2989004,2989004.0
"711049 Iridium, Osmium And Ruthenium, Semimanufactured",Singapore,2014,75618,75618.0
"711049 Iridium, Osmium And Ruthenium, Semimanufactured",Hong Kong,2014,3356,3356.0
"711049 Iridium, Osmium And Ruthenium, Semimanufactured",Japan,2014,1150129,1150129.0
"711049 Iridium, Osmium And Ruthenium, Semimanufactured",Singapore,2015,162942,162942.0
"711049 Iridium, Osmium And Ruthenium, Semimanufactured",Taiwan,2015,2030,2030.0
"711049 Iridium, Osmium And Ruthenium, Semimanufactured",Japan,2015,3516817,3516817.0
"711049 Iridium, Osmium And Ruthenium, Semimanufactured",Singapore,2016,115469,115469.0
"711049 Iridium, Osmium And Ruthenium, Semimanufactured",Japan,2016,3241498,3241498.0
"711049 Iridium, Osmium And Ruthenium, Semimanufactured",Singapore,2017,3241,3241.0
"711049 Iridium, Osmium And Ruthenium, Semimanufactured",Taiwan,2017,4851,4851.0
"711049 Iridium, Osmium And Ruthenium, Semimanufactured",Japan,2017,4311130,4311130.0
"711049 Iridium, Osmium And Ruthenium, Semimanufactured",Singapore,2018,3020,3020.0
"711049 Iridium, Osmium And Ruthenium, Semimanufactured",Japan,2018,2745216,2745216.0
"711049 Iridium, Osmium And Ruthenium, Semimanufactured",Japan,2019,4187312,4187312.0
"711049 Iridium, Osmium And Ruthenium, Semimanufactured",Japan,2020,3545939,3545939.0
850511 Permanent Magnets Made Of Metal,Thailand,2011,157470,151635.0
850511 Permanent Magnets Made Of Metal,Malaysia,2011,1786075,1786075.0
850511 Permanent Magnets Made Of Metal,Singapore,2011,81438,81438.0
850511 Permanent Magnets Made Of Metal,Indonesia,2011,22148,22148.0
850511 Permanent Magnets Made Of Metal,Philippines,2011,23888531,23888531.0
850511 Permanent Magnets Made Of Metal,"Korea, South",2011,5160333,1707921.0
850511 Permanent Magnets Made Of Metal,Hong Kong,2011,459352,459352.0
850511 Permanent Magnets Made Of Metal,Taiwan,2011,3413004,3411852.0
850511 Permanent Magnets Made Of Metal,Japan,2011,31265367,31000234.0
850511 Permanent Magnets Made Of Metal,Thailand,2012,199683,199683.0
850511 Permanent Magnets Made Of Metal,Malaysia,2012,5224574,5224574.0
850511 Permanent Magnets Made Of Metal,Singapore,2012,140884,140884.0
850511 Permanent Magnets Made Of Metal,Indonesia,2012,4913,4913.0
850511 Permanent Magnets Made Of Metal,Philippines,2012,31285492,31285492.0
850511 Permanent Magnets Made Of Metal,"Korea, South",2012,3549021,1830647.0
850511 Permanent Magnets Made Of Metal,Hong Kong,2012,609712,609712.0
850511 Permanent Magnets Made Of Metal,Taiwan,2012,4332298,4398377.0
850511 Permanent Magnets Made Of Metal,Japan,2012,66614542,66688083.0
850511 Permanent Magnets Made Of Metal,Thailand,2013,106850,106850.0
850511 Permanent Magnets Made Of Metal,Malaysia,2013,6508167,6508167.0
850511 Permanent Magnets Made Of Metal,Singapore,2013,167873,167873.0
850511 Permanent Magnets Made Of Metal,Indonesia,2013,3144,3144.0
850511 Permanent Magnets Made Of Metal,Philippines,2013,11544502,11516674.0
850511 Permanent Magnets Made Of Metal,"Korea, South",2013,1333578,1333578.0
850511 Permanent Magnets Made Of Metal,Hong Kong,2013,634852,632736.0
850511 Permanent Magnets Made Of Metal,Taiwan,2013,3023269,2957190.0
850511 Permanent Magnets Made Of Metal,Japan,2013,63254450,63274224.0
850511 Permanent Magnets Made Of Metal,Thailand,2014,105162,105162.0
850511 Permanent Magnets Made Of Metal,Vietnam,2014,8519,8519.0
850511 Permanent Magnets Made Of Metal,Malaysia,2014,10420237,10420237.0
850511 Permanent Magnets Made Of Metal,Singapore,2014,89201,89201.0
850511 Permanent Magnets Made Of Metal,Indonesia,2014,120227,120227.0
850511 Permanent Magnets Made Of Metal,Philippines,2014,25753513,25753513.0
850511 Permanent Magnets Made Of Metal,"Korea, South",2014,1025403,1025403.0
850511 Permanent Magnets Made Of Metal,Hong Kong,2014,1592588,1592588.0
850511 Permanent Magnets Made Of Metal,Taiwan,2014,2171026,2171026.0
850511 Permanent Magnets Made Of Metal,Japan,2014,33507432,33393212.0
850511 Permanent Magnets Made Of Metal,Thailand,2015,44423,44423.0
850511 Permanent Magnets Made Of Metal,Vietnam,2015,7194,7194.0
850511 Permanent Magnets Made Of Metal,Malaysia,2015,9964863,9964863.0
850511 Permanent Magnets Made Of Metal,Singapore,2015,30570,30570.0
850511 Permanent Magnets Made Of Metal,Indonesia,2015,5470,5470.0
850511 Permanent Magnets Made Of Metal,Philippines,2015,20397542,20397542.0
850511 Permanent Magnets Made Of Metal,"Korea, South",2015,1110380,1110380.0
850511 Permanent Magnets Made Of Metal,Hong Kong,2015,634044,629760.0
850511 Permanent Magnets Made Of Metal,Taiwan,2015,1992705,1971514.0
850511 Permanent Magnets Made Of Metal,Japan,2015,24682866,20190851.0
850511 Permanent Magnets Made Of Metal,Thailand,2016,19438,13736.0
850511 Permanent Magnets Made Of Metal,Vietnam,2016,10500,10500.0
850511 Permanent Magnets Made Of Metal,Malaysia,2016,9342600,9342600.0
850511 Permanent Magnets Made Of Metal,Singapore,2016,77870,77870.0
850511 Permanent Magnets Made Of Metal,Indonesia,2016,10590,10590.0
850511 Permanent Magnets Made Of Metal,Philippines,2016,13349509,13349509.0
850511 Permanent Magnets Made Of Metal,"Korea, South",2016,912284,912284.0
850511 Permanent Magnets Made Of Metal,Hong Kong,2016,125581,125581.0
850511 Permanent Magnets Made Of Metal,Taiwan,2016,1943528,1921391.0
850511 Permanent Magnets Made Of Metal,Japan,2016,33668610,22786982.0
850511 Permanent Magnets Made Of Metal,Thailand,2017,46268,50547.0
850511 Permanent Magnets Made Of Metal,Vietnam,2017,137012,137012.0
850511 Permanent Magnets Made Of Metal,Malaysia,2017,10196988,10196988.0
850511 Permanent Magnets Made Of Metal,Singapore,2017,86048,86048.0
850511 Permanent Magnets Made Of Metal,Philippines,2017,13827145,13827145.0
850511 Permanent Magnets Made Of Metal,"Korea, South",2017,1283019,1283019.0
850511 Permanent Magnets Made Of Metal,Hong Kong,2017,216818,216818.0
850511 Permanent Magnets Made Of Metal,Taiwan,2017,2032640,2013320.0
850511 Permanent Magnets Made Of Metal,Japan,2017,42291191,28308589.0
850511 Permanent Magnets Made Of Metal,Thailand,2018,320183,320183.0
850511 Permanent Magnets Made Of Metal,Vietnam,2018,2288240,2288240.0
850511 Permanent Magnets Made Of Metal,Malaysia,2018,10508251,10508251.0
850511 Permanent Magnets Made Of Metal,Singapore,2018,85729,85729.0
850511 Permanent Magnets Made Of Metal,Indonesia,2018,5507,5507.0
850511 Permanent Magnets Made Of Metal,Philippines,2018,15353302,15337904.0
850511 Permanent Magnets Made Of Metal,"Korea, South",2018,1151052,1151052.0
850511 Permanent Magnets Made Of Metal,Hong Kong,2018,428931,428931.0
850511 Permanent Magnets Made Of Metal,Taiwan,2018,2512210,2486424.0
850511 Permanent Magnets Made Of Metal,Japan,2018,49943487,36051715.0
850511 Permanent Magnets Made Of Metal,Thailand,2019,461270,461270.0
850511 Permanent Magnets Made Of Metal,Vietnam,2019,355101,355101.0
850511 Permanent Magnets Made Of Metal,Malaysia,2019,7179337,7179337.0
850511 Permanent Magnets Made Of Metal,Singapore,2019,93172,93172.0
850511 Permanent Magnets Made Of Metal,Indonesia,2019,9919,9919.0
850511 Permanent Magnets Made Of Metal,Philippines,2019,17730948,17730948.0
850511 Permanent Magnets Made Of Metal,Macau,2019,7402,7402.0
850511 Permanent Magnets Made Of Metal,"Korea, South",2019,2413347,2413347.0
850511 Permanent Magnets Made Of Metal,Hong Kong,2019,215830,215830.0
850511 Permanent Magnets Made Of Metal,Taiwan,2019,3390862,3376989.0
850511 Permanent Magnets Made Of Metal,Japan,2019,39061553,27592361.0
850511 Permanent Magnets Made Of Metal,Thailand,2020,202132,202132.0
850511 Permanent Magnets Made Of Metal,Vietnam,2020,98211,98211.0
850511 Permanent Magnets Made Of Metal,Malaysia,2020,2352495,2352495.0
850511 Permanent Magnets Made Of Metal,Singapore,2020,123162,123162.0
850511 Permanent Magnets Made Of Metal,Indonesia,2020,23641,23641.0
850511 Permanent Magnets Made Of Metal,Philippines,2020,12139895,12139895.0
850511 Permanent Magnets Made Of Metal,"Korea, South",2020,4317204,4317204.0
850511 Permanent Magnets Made Of Metal,Hong Kong,2020,219984,219984.0
850511 Permanent Magnets Made Of Metal,Taiwan,2020,3817066,3817038.0
850511 Permanent Magnets Made Of Metal,Japan,2020,25964294,18549623.0
"850650 Primary Cells And Batteries, Lithium",Thailand,2011,785568,785568.0
"850650 Primary Cells And Batteries, Lithium",Vietnam,2011,107882,107882.0
"850650 Primary Cells And Batteries, Lithium",Malaysia,2011,2977508,3046271.0
"850650 Primary Cells And Batteries, Lithium",Singapore,2011,1230198,1230198.0
"850650 Primary Cells And Batteries, Lithium",Indonesia,2011,10792726,10680124.0
"850650 Primary Cells And Batteries, Lithium",Philippines,2011,269667,269667.0
"850650 Primary Cells And Batteries, Lithium",Macau,2011,17678,17678.0
"850650 Primary Cells And Batteries, Lithium","Korea, South",2011,22823629,22820200.0
"850650 Primary Cells And Batteries, Lithium",Hong Kong,2011,2387147,2387147.0
"850650 Primary Cells And Batteries, Lithium",Taiwan,2011,7078345,7038658.0
"850650 Primary Cells And Batteries, Lithium",Japan,2011,68340377,66753216.0
"850650 Primary Cells And Batteries, Lithium",Thailand,2012,634437,634437.0
"850650 Primary Cells And Batteries, Lithium",Vietnam,2012,173260,173260.0
"850650 Primary Cells And Batteries, Lithium",Malaysia,2012,2073173,2108379.0
"850650 Primary Cells And Batteries, Lithium",Singapore,2012,21909208,21909208.0
"850650 Primary Cells And Batteries, Lithium",Indonesia,2012,12666647,12579585.0
"850650 Primary Cells And Batteries, Lithium",Philippines,2012,30021,30021.0
"850650 Primary Cells And Batteries, Lithium",Macau,2012,49679,49679.0
"850650 Primary Cells And Batteries, Lithium","Korea, South",2012,11668189,11668189.0
"850650 Primary Cells And Batteries, Lithium",Hong Kong,2012,2034332,2034332.0
"850650 Primary Cells And Batteries, Lithium",Taiwan,2012,5451072,5407410.0
"850650 Primary Cells And Batteries, Lithium",Japan,2012,55671197,57476954.0
"850650 Primary Cells And Batteries, Lithium",Thailand,2013,745631,745631.0
"850650 Primary Cells And Batteries, Lithium",Vietnam,2013,2325,2325.0
"850650 Primary Cells And Batteries, Lithium",Malaysia,2013,1608903,1724681.0
"850650 Primary Cells And Batteries, Lithium",Singapore,2013,26712506,26712506.0
"850650 Primary Cells And Batteries, Lithium",Indonesia,2013,21195583,21069550.0
"850650 Primary Cells And Batteries, Lithium",Philippines,2013,4233,4233.0
"850650 Primary Cells And Batteries, Lithium",Macau,2013,477847,477847.0
"850650 Primary Cells And Batteries, Lithium","Korea, South",2013,11901477,11901477.0
"850650 Primary Cells And Batteries, Lithium",Hong Kong,2013,1672543,1672543.0
"850650 Primary Cells And Batteries, Lithium",Taiwan,2013,11271226,11196476.0
"850650 Primary Cells And Batteries, Lithium",Japan,2013,41167577,41329947.0
"850650 Primary Cells And Batteries, Lithium",Thailand,2014,1520278,1520278.0
"850650 Primary Cells And Batteries, Lithium",Vietnam,2014,5378,5378.0
"850650 Primary Cells And Batteries, Lithium",Malaysia,2014,1640967,1775966.0
"850650 Primary Cells And Batteries, Lithium",Singapore,2014,50584956,50576288.0
"850650 Primary Cells And Batteries, Lithium",Indonesia,2014,26972039,26824619.0
"850650 Primary Cells And Batteries, Lithium",Philippines,2014,68221,68221.0
"850650 Primary Cells And Batteries, Lithium","Korea, South",2014,14831029,14831029.0
"850650 Primary Cells And Batteries, Lithium",Hong Kong,2014,2235446,2235446.0
"850650 Primary Cells And Batteries, Lithium",Taiwan,2014,6073921,6050972.0
"850650 Primary Cells And Batteries, Lithium",Japan,2014,39427900,39162778.0
"850650 Primary Cells And Batteries, Lithium",Thailand,2015,1291614,1291614.0
"850650 Primary Cells And Batteries, Lithium",Malaysia,2015,1260909,1367240.0
"850650 Primary Cells And Batteries, Lithium",Singapore,2015,51565522,51556842.0
"850650 Primary Cells And Batteries, Lithium",Indonesia,2015,28170604,27941647.0
"850650 Primary Cells And Batteries, Lithium",Philippines,2015,101802,101802.0
"850650 Primary Cells And Batteries, Lithium","Korea, South",2015,12679844,12679844.0
"850650 Primary Cells And Batteries, Lithium",Hong Kong,2015,3107563,3107563.0
"850650 Primary Cells And Batteries, Lithium",Taiwan,2015,3831011,3831011.0
"850650 Primary Cells And Batteries, Lithium",Japan,2015,44575513,44086189.0
"850650 Primary Cells And Batteries, Lithium",Thailand,2016,591880,591880.0
"850650 Primary Cells And Batteries, Lithium",Vietnam,2016,20842,20842.0
"850650 Primary Cells And Batteries, Lithium",Malaysia,2016,6155761,6275160.0
"850650 Primary Cells And Batteries, Lithium",Singapore,2016,35616866,35616866.0
"850650 Primary Cells And Batteries, Lithium",Indonesia,2016,25134164,24602970.0
"850650 Primary Cells And Batteries, Lithium",Philippines,2016,31163,31163.0
"850650 Primary Cells And Batteries, Lithium",Macau,2016,24687,24687.0
"850650 Primary Cells And Batteries, Lithium","Korea, South",2016,14744998,14744998.0
"850650 Primary Cells And Batteries, Lithium",Hong Kong,2016,2760481,2760481.0
"850650 Primary Cells And Batteries, Lithium",Taiwan,2016,2683400,2683400.0
"850650 Primary Cells And Batteries, Lithium",Japan,2016,41423384,40927333.0
"850650 Primary Cells And Batteries, Lithium",Thailand,2017,680462,680462.0
"850650 Primary Cells And Batteries, Lithium",Vietnam,2017,82630,82630.0
"850650 Primary Cells And Batteries, Lithium",Malaysia,2017,4671000,4680158.0
"850650 Primary Cells And Batteries, Lithium",Singapore,2017,56791276,56781023.0
"850650 Primary Cells And Batteries, Lithium",Indonesia,2017,30782476,31195345.0
"850650 Primary Cells And Batteries, Lithium",Philippines,2017,31208,31208.0
"850650 Primary Cells And Batteries, Lithium","Korea, South",2017,16502914,16502397.0
"850650 Primary Cells And Batteries, Lithium",Hong Kong,2017,2161400,2161400.0
"850650 Primary Cells And Batteries, Lithium",Taiwan,2017,4351961,4351961.0
"850650 Primary Cells And Batteries, Lithium",Japan,2017,42152227,41446865.0
"850650 Primary Cells And Batteries, Lithium",Thailand,2018,2093586,2093586.0
"850650 Primary Cells And Batteries, Lithium",Vietnam,2018,95040,95040.0
"850650 Primary Cells And Batteries, Lithium",Malaysia,2018,6248829,6411966.0
"850650 Primary Cells And Batteries, Lithium",Singapore,2018,82907769,83691851.0
"850650 Primary Cells And Batteries, Lithium",Indonesia,2018,25326884,27570448.0
"850650 Primary Cells And Batteries, Lithium",Philippines,2018,110815,110815.0
"850650 Primary Cells And Batteries, Lithium","Korea, South",2018,17001954,17001954.0
"850650 Primary Cells And Batteries, Lithium",Hong Kong,2018,1498480,1498480.0
"850650 Primary Cells And Batteries, Lithium",Taiwan,2018,5833414,5833414.0
"850650 Primary Cells And Batteries, Lithium",Japan,2018,50749029,50479370.0
"850650 Primary Cells And Batteries, Lithium",Thailand,2019,697403,699517.0
"850650 Primary Cells And Batteries, Lithium",Vietnam,2019,145745,145745.0
"850650 Primary Cells And Batteries, Lithium",Malaysia,2019,1185155,1207911.0
"850650 Primary Cells And Batteries, Lithium",Singapore,2019,69249866,71853583.0
"850650 Primary Cells And Batteries, Lithium",Indonesia,2019,25078529,24649788.0
"850650 Primary Cells And Batteries, Lithium",Philippines,2019,309318,309318.0
"850650 Primary Cells And Batteries, Lithium","Korea, South",2019,15767262,15714672.0
"850650 Primary Cells And Batteries, Lithium",Hong Kong,2019,447375,447375.0
"850650 Primary Cells And Batteries, Lithium",Taiwan,2019,5660839,5660839.0
"850650 Primary Cells And Batteries, Lithium",Japan,2019,49135760,49412159.0
"850650 Primary Cells And Batteries, Lithium",Thailand,2020,564022,552637.0
"850650 Primary Cells And Batteries, Lithium",Vietnam,2020,25525,25525.0
"850650 Primary Cells And Batteries, Lithium",Malaysia,2020,2682388,897697.0
"850650 Primary Cells And Batteries, Lithium",Singapore,2020,66725211,71295823.0
"850650 Primary Cells And Batteries, Lithium",Indonesia,2020,21731983,21365003.0
"850650 Primary Cells And Batteries, Lithium",Philippines,2020,110736,108700.0
"850650 Primary Cells And Batteries, Lithium","Korea, South",2020,20182893,20220982.0
"850650 Primary Cells And Batteries, Lithium",Hong Kong,2020,382361,382361.0
"850650 Primary Cells And Batteries, Lithium",Taiwan,2020,9581243,9581243.0
"850650 Primary Cells And Batteries, Lithium",Japan,2020,34648096,34714542.0
76 Aluminum And Articles Thereof,Indonesia,2021,153118723,153414141.0
75 Nickel And Articles Thereof,Vietnam,2024,509829,520539.0
80 Tin And Articles Thereof,Indonesia,2024,54889072,54889072.0
74 Copper And Articles Thereof,Philippines,2023,1036715,1035705.0
76 Aluminum And Articles Thereof,Japan,2021,296967910,244775805.0
75 Nickel And Articles Thereof,Japan,2023,244851523,251311500.0
76 Aluminum And Articles Thereof,Hong Kong,2024,9288397,9351807.0
75 Nickel And Articles Thereof,Thailand,2021,35196,35196.0
80 Tin And Articles Thereof,Hong Kong,2024,68219,68219.0
76 Aluminum And Articles Thereof,Philippines,2023,15699096,15689958.0
80 Tin And Articles Thereof,Indonesia,2022,173867405,176831278.0
75 Nickel And Articles Thereof,Japan,2025 through June,103701798,107421002.0
74 Copper And Articles Thereof,Thailand,2023,226933677,226718846.0
75 Nickel And Articles Thereof,Malaysia,2025 through June,8339738,8460874.0
76 Aluminum And Articles Thereof,Hong Kong,2023,5246742,5390880.0
76 Aluminum And Articles Thereof,Vietnam,2023,436191130,435828365.0
80 Tin And Articles Thereof,Japan,2024,21681809,21425217.0
76 Aluminum And Articles Thereof,Singapore,2023,12359475,12351220.0
75 Nickel And Articles Thereof,Singapore,2022,24106276,24105610.0
74 Copper And Articles Thereof,Singapore,2023,20526280,20539390.0
75 Nickel And Articles Thereof,Singapore,2024,32604998,32625344.0
74 Copper And Articles Thereof,Vietnam,2023,74108485,72991015.0
74 Copper And Articles Thereof,Thailand,2021,236742496,236800326.0
74 Copper And Articles Thereof,Taiwan,2022,321923940,321831607.0
76 Aluminum And Articles Thereof,Burma,2021,8670134,8670134.0
74 Copper And Articles Thereof,Philippines,2021,2337104,2330388.0
75 Nickel And Articles Thereof,Indonesia,2024,29144706,29144706.0
76 Aluminum And Articles Thereof,Thailand,2023,356218259,352966091.0
75 Nickel And Articles Thereof,Vietnam,2021,84328,88722.0
75 Nickel And Articles Thereof,Vietnam,2025 through June,1217462,1160252.0
74 Copper And Articles Thereof,Taiwan,2023,226881075,227345795.0
76 Aluminum And Articles Thereof,Indonesia,2025 through June,57374702,72657635.0
75 Nickel And Articles Thereof,Hong Kong,2021,47985,47985.0
76 Aluminum And Articles Thereof,Indonesia,2024,104262613,104263255.0
75 Nickel And Articles Thereof,"Korea, South",2023,21236248,20881925.0
75 Nickel And Articles Thereof,Indonesia,2022,10493912,10493912.0
76 Aluminum And Articles Thereof,Japan,2022,364454101,300912316.0
74 Copper And Articles Thereof,Japan,2023,187959691,181810480.0
74 Copper And Articles Thereof,Thailand,2022,355559872,355228404.0
80 Tin And Articles Thereof,Thailand,2024,16307891,16307891.0
76 Aluminum And Articles Thereof,Malaysia,2023,124550471,124500154.0
80 Tin And Articles Thereof,Malaysia,2023,54087113,52444613.0
76 Aluminum And Articles Thereof,Japan,2025 through June,69542353,57128311.0
80 Tin And Articles Thereof,Japan,2021,20386624,19788847.0
74 Copper And Articles Thereof,Malaysia,2023,35265249,35265249.0
80 Tin And Articles Thereof,Taiwan,2021,770663,770663.0
74 Copper And Articles Thereof,Macau,2025 through June,52838,52838.0
80 Tin And Articles Thereof,Malaysia,2024,13854169,13854169.0
74 Copper And Articles Thereof,Singapore,2025 through June,9693039,9693039.0
80 Tin And Articles Thereof,Japan,2023,24104507,23977023.0
75 Nickel And Articles Thereof,Indonesia,2021,8736979,8736979.0
80 Tin And Articles Thereof,Hong Kong,2021,287684,287684.0
76 Aluminum And Articles Thereof,Malaysia,2021,180308514,180379767.0
75 Nickel And Articles Thereof,"Korea, South",2025 through June,15691176,14593862.0
74 Copper And Articles Thereof,Philippines,2022,1326898,1327497.0
80 Tin And Articles Thereof,"Korea, South",2025 through June,725428,725428.0
76 Aluminum And Articles Thereof,Burma,2024,90990,90990.0
75 Nickel And Articles Thereof,Thailand,2025 through June,277582,253268.0
76 Aluminum And Articles Thereof,Brunei,2024,862607,862607.0
74 Copper And Articles Thereof,Japan,2022,235985976,228234524.0
76 Aluminum And Articles Thereof,Cambodia,2022,9884728,9880425.0
75 Nickel And Articles Thereof,Taiwan,2024,71327383,70838625.0
75 Nickel And Articles Thereof,Thailand,2022,43654,43654.0
76 Aluminum And Articles Thereof,Singapore,2024,10993458,11163648.0
76 Aluminum And Articles Thereof,Malaysia,2025 through June,73163153,73116728.0
76 Aluminum And Articles Thereof,Philippines,2024,15147503,15136991.0
76 Aluminum And Articles Thereof,"Korea, South",2023,622068285,614619226.0
75 Nickel And Articles Thereof,Vietnam,2022,134628,150030.0
74 Copper And Articles Thereof,Indonesia,2021,24072482,24072482.0
80 Tin And Articles Thereof,Vietnam,2021,656909,656909.0
76 Aluminum And Articles Thereof,Taiwan,2022,310753795,309599621.0
75 Nickel And Articles Thereof,Malaysia,2022,6742148,6494308.0
80 Tin And Articles Thereof,Vietnam,2023,337368,337368.0
74 Copper And Articles Thereof,Japan,2024,187013848,192251906.0
76 Aluminum And Articles Thereof,Philippines,2022,9544684,9524554.0
80 Tin And Articles Thereof,Hong Kong,2022,29232,29232.0
80 Tin And Articles Thereof,Vietnam,2024,317381,317381.0
76 Aluminum And Articles Thereof,Hong Kong,2021,18731854,18339467.0
76 Aluminum And Articles Thereof,Cambodia,2025 through June,17416813,17416813.0
80 Tin And Articles Thereof,Malaysia,2022,36078607,36078607.0
76 Aluminum And Articles Thereof,"Korea, South",2025 through June,595779558,604173756.0
74 Copper And Articles Thereof,Indonesia,2022,31498910,31498910.0
74 Copper And Articles Thereof,"Korea, South",2024,594568582,593123683.0
80 Tin And Articles Thereof,Thailand,2021,11407128,11407128.0
76 Aluminum And Articles Thereof,Cambodia,2023,7838097,7881732.0
80 Tin And Articles Thereof,Philippines,2022,117876,117876.0
80 Tin And Articles Thereof,Singapore,2021,5478,5478.0
76 Aluminum And Articles Thereof,Brunei,2025 through June,1094373,1094373.0
75 Nickel And Articles Thereof,Indonesia,2023,12054303,12054303.0
80 Tin And Articles Thereof,Thailand,2022,13766570,13766570.0
74 Copper And Articles Thereof,Hong Kong,2022,4568404,4568404.0
80 Tin And Articles Thereof,Indonesia,2021,250398216,240663896.0
80 Tin And Articles Thereof,Vietnam,2022,413983,413983.0
76 Aluminum And Articles Thereof,Vietnam,2024,483487452,483344414.0
76 Aluminum And Articles Thereof,Mongolia,2023,30948,30948.0
74 Copper And Articles Thereof,"Korea, South",2022,592306181,591122722.0
80 Tin And Articles Thereof,"Korea, South",2023,1136952,1136952.0
76 Aluminum And Articles Thereof,Indonesia,2023,144547330,144338381.0
74 Copper And Articles Thereof,Cambodia,2021,17378,17378.0
76 Aluminum And Articles Thereof,Vietnam,2022,550309381,549844048.0
75 Nickel And Articles Thereof,Japan,2022,145589592,149050603.0
74 Copper And Articles Thereof,Macau,2023,3000,3000.0
76 Aluminum And Articles Thereof,Singapore,2022,21289845,21268523.0
80 Tin And Articles Thereof,"Korea, South",2022,936081,936081.0
76 Aluminum And Articles Thereof,"Korea, South",2024,922503833,899834744.0
74 Copper And Articles Thereof,Hong Kong,2025 through June,1864313,1732295.0
80 Tin And Articles Thereof,Thailand,2025 through June,11063676,11063676.0
76 Aluminum And Articles Thereof,Thailand,2024,457366697,451255297.0
80 Tin And Articles Thereof,Hong Kong,2025 through June,40572,40572.0
80 Tin And Articles Thereof,"Korea, South",2021,2458492,2458492.0
75 Nickel And Articles Thereof,Philippines,2021,17701,17701.0
74 Copper And Articles Thereof,Cambodia,2024,39572,37466.0
76 Aluminum And Articles Thereof,Taiwan,2023,221634852,221474161.0
80 Tin And Articles Thereof,Philippines,2023,37146,37146.0
76 Aluminum And Articles Thereof,Vietnam,2025 through June,239004848,239199610.0
76 Aluminum And Articles Thereof,Thailand,2022,880145630,854915388.0
75 Nickel And Articles Thereof,Japan,2024,212525150,215004538.0
75 Nickel And Articles Thereof,Cambodia,2022,5869,5869.0
76 Aluminum And Articles Thereof,Indonesia,2022,196109070,196062370.0
74 Copper And Articles Thereof,Malaysia,2022,65694824,65698729.0
74 Copper And Articles Thereof,Singapore,2021,18547049,18549499.0
74 Copper And Articles Thereof,Indonesia,2025 through June,11400701,11400701.0
75 Nickel And Articles Thereof,Vietnam,2023,246780,242385.0
74 Copper And Articles Thereof,Vietnam,2021,86305703,86113519.0
76 Aluminum And Articles Thereof,Burma,2025 through June,27196,27196.0
76 Aluminum And Articles Thereof,Singapore,2021,18691163,18673337.0
80 Tin And Articles Thereof,Japan,2022,25727809,25226261.0
74 Copper And Articles Thereof,Malaysia,2024,132799273,132781118.0
80 Tin And Articles Thereof,Singapore,2023,9407841,6294002.0
76 Aluminum And Articles Thereof,Burma,2022,7627888,7627888.0
75 Nickel And Articles Thereof,Japan,2021,78571412,87846865.0
76 Aluminum And Articles Thereof,Malaysia,2024,134399916,134381419.0
80 Tin And Articles Thereof,Indonesia,2023,89598767,86796459.0
80 Tin And Articles Thereof,Philippines,2024,2603,2603.0
75 Nickel And Articles Thereof,Indonesia,2025 through June,10211752,10211752.0
75 Nickel And Articles Thereof,Singapore,2023,59546779,59559433.0
74 Copper And Articles Thereof,Philippines,2024,1130527,1132773.0
74 Copper And Articles Thereof,Hong Kong,2024,1595110,1595110.0
74 Copper And Articles Thereof,Indonesia,2024,19865124,19865124.0
76 Aluminum And Articles Thereof,Brunei,2021,2024858,2024858.0
76 Aluminum And Articles Thereof,Laos,2024,7315,7315.0
75 Nickel And Articles Thereof,Malaysia,2023,29770141,33912749.0
76 Aluminum And Articles Thereof,Thailand,2025 through June,291749083,286513216.0
76 Aluminum And Articles Thereof,Brunei,2023,96571,96571.0
74 Copper And Articles Thereof,Cambodia,2025 through June,29115,38990.0
80 Tin And Articles Thereof,Malaysia,2025 through June,20180096,20180096.0
74 Copper And Articles Thereof,Cambodia,2022,90224,90224.0
75 Nickel And Articles Thereof,"Korea, South",2022,18722055,18522181.0
74 Copper And Articles Thereof,Taiwan,2021,256007706,255702970.0
76 Aluminum And Articles Thereof,Philippines,2025 through June,3993123,3909793.0
75 Nickel And Articles Thereof,Taiwan,2021,20078925,22894531.0
76 Aluminum And Articles Thereof,Hong Kong,2025 through June,4567815,4517419.0
80 Tin And Articles Thereof,Taiwan,2023,768025,768025.0
80 Tin And Articles Thereof,Malaysia,2021,115921539,115921539.0
74 Copper And Articles Thereof,Thailand,2025 through June,229796628,229575745.0
76 Aluminum And Articles Thereof,Taiwan,2024,215782544,213981979.0
74 Copper And Articles Thereof,Vietnam,2025 through June,77969234,77506138.0
80 Tin And Articles Thereof,Indonesia,2025 through June,33496980,33496980.0
80 Tin And Articles Thereof,"Korea, South",2024,1352726,1352726.0
80 Tin And Articles Thereof,Thailand,2023,12299551,12299551.0
74 Copper And Articles Thereof,Japan,2025 through June,218332052,221074583.0
74 Copper And Articles Thereof,Thailand,2024,344223060,343812148.0
80 Tin And Articles Thereof,Taiwan,2022,589779,589779.0
76 Aluminum And Articles Thereof,Cambodia,2021,8739882,8809972.0
74 Copper And Articles Thereof,Malaysia,2025 through June,89639363,89623189.0
76 Aluminum And Articles Thereof,Burma,2023,5759167,5759167.0
76 Aluminum And Articles Thereof,Mongolia,2024,11800,11800.0
75 Nickel And Articles Thereof,Singapore,2025 through June,12864873,12867178.0
74 Copper And Articles Thereof,Laos,2024,6346,6346.0
74 Copper And Articles Thereof,"Korea, South",2021,458509401,458728071.0
74 Copper And Articles Thereof,Hong Kong,2023,3302592,3291648.0
74 Copper And Articles Thereof,"Korea, South",2023,591814791,591889334.0
74 Copper And Articles Thereof,Vietnam,2022,99992092,99822845.0
74 Copper And Articles Thereof,Taiwan,2025 through June,158726094,158857819.0
75 Nickel And Articles Thereof,Taiwan,2022,32504499,33314293.0
75 Nickel And Articles Thereof,"Korea, South",2024,15257124,15290182.0
74 Copper And Articles Thereof,Singapore,2022,20945864,20926664.0
75 Nickel And Articles Thereof,Malaysia,2024,14733659,16302970.0
80 Tin And Articles Thereof,Taiwan,2024,1561669,1561669.0
76 Aluminum And Articles Thereof,Laos,2025 through June,112651,112651.0
75 Nickel And Articles Thereof,Hong Kong,2022,122904,122904.0
75 Nickel And Articles Thereof,Malaysia,2021,2121985,2121985.0
74 Copper And Articles Thereof,Indonesia,2023,18118809,18118809.0
76 Aluminum And Articles Thereof,Mongolia,2021,41331,41331.0
74 Copper And Articles Thereof,"Korea, South",2025 through June,476948037,471960732.0
74 Copper And Articles Thereof,Taiwan,2024,243887815,245479998.0
76 Aluminum And Articles Thereof,Japan,2024,201534943,177778584.0
74 Copper And Articles Thereof,Malaysia,2021,30267041,30267041.0
75 Nickel And Articles Thereof,Thailand,2024,884388,579789.0
75 Nickel And Articles Thereof,Taiwan,2025 through June,32618621,38685567.0
76 Aluminum And Articles Thereof,Cambodia,2024,22819138,22819138.0
74 Copper And Articles Thereof,Japan,2021,222467426,208792236.0
76 Aluminum And Articles Thereof,Malaysia,2022,195926147,196006535.0
80 Tin And Articles Thereof,Hong Kong,2023,67136,67136.0
76 Aluminum And Articles Thereof,Thailand,2021,619186643,610846473.0
74 Copper And Articles Thereof,Philippines,2025 through June,7899927,7902583.0
75 Nickel And Articles Thereof,Hong Kong,2025 through June,379308,0.0
75 Nickel And Articles Thereof,"Korea, South",2021,3886616,3886616.0
75 Nickel And Articles Thereof,Philippines,2023,7605,7605.0
80 Tin And Articles Thereof,Singapore,2024,1018253,1018253.0
80 Tin And Articles Thereof,Vietnam,2025 through June,38693,38693.0
80 Tin And Articles Thereof,Philippines,2021,53750,53750.0
76 Aluminum And Articles Thereof,Japan,2023,203304719,197228014.0
74 Copper And Articles Thereof,Macau,2022,185961,185961.0
80 Tin And Articles Thereof,Philippines,2025 through June,11470,11470.0
76 Aluminum And Articles Thereof,Singapore,2025 through June,3945779,2662177.0
76 Aluminum And Articles Thereof,Taiwan,2021,250300727,249568060.0
75 Nickel And Articles Thereof,Philippines,2025 through June,6191,6191.0
75 Nickel And Articles Thereof,Philippines,2022,11834,11834.0
76 Aluminum And Articles Thereof,Philippines,2021,9766849,9769902.0
76 Aluminum And Articles Thereof,Taiwan,2025 through June,103980135,103073980.0
74 Copper And Articles Thereof,Singapore,2024,25377765,25376605.0
75 Nickel And Articles Thereof,Taiwan,2023,50990996,54980610.0
75 Nickel And Articles Thereof,Thailand,2023,1951538,1900634.0
80 Tin And Articles Thereof,Taiwan,2025 through June,859556,859556.0
76 Aluminum And Articles Thereof,"Korea, South",2021,456384428,444278818.0
76 Aluminum And Articles Thereof,Vietnam,2021,317950952,317017489.0
80 Tin And Articles Thereof,Japan,2025 through June,11897502,11962441.0
74 Copper And Articles Thereof,Hong Kong,2021,2091315,2109287.0
74 Copper And Articles Thereof,Vietnam,2024,129363837,128142078.0
75 Nickel And Articles Thereof,Singapore,2021,10088189,10088189.0
76 Aluminum And Articles Thereof,Hong Kong,2022,35427276,35412225.0
76 Aluminum And Articles Thereof,"Korea, South",2022,970970438,961507126.0
76 Aluminum And Articles Thereof,Brunei,2022,3631,3631.0
7226 Fl-rl Alloy Steel Nesoi Un 600mm Wide,Japan,2021,69559587,69559587.0
"8108 Titanium & Articles Thereof, Includ Waste & Scrap",Japan,2024,369983837,369983837.0
"8112 Beryllium,chromium,hafnium,rhenium Etc & Articles",Japan,2025 through June,7537505,7541255.0
3801 Artificial Graphite; Collodial Graphite & Prep Etc,Taiwan,2022,250577,250577.0
"8105 Cobalt Mattes Etc, Cobalt & Art, Inc Waste & Scrap",Vietnam,2022,239992,239992.0
"3910 Silicones, In Primary Forms",Cambodia,2024,838,838.0
"8108 Titanium & Articles Thereof, Includ Waste & Scrap",Taiwan,2023,12042209,12141796.0
"8108 Titanium & Articles Thereof, Includ Waste & Scrap",Taiwan,2021,3831592,4227165.0
"3910 Silicones, In Primary Forms",Singapore,2025 through June,7999,7999.0
2846 Rare-earth Metal Compounds Of Yttrium Or Scandium,Singapore,2024,10512,10512.0
"2801 Fluorine, Chlorine, Bromine & Iodine","Korea, South",2025 through June,197685,197685.0
"7110 Platinum, Unwrought, Semimfr Forms Or In Powder Fm",Hong Kong,2024,350000,350000.0
8110 Antimony And Artcls Throf Incl Waste And Scrap,Indonesia,2021,233856,233856.0
"3910 Silicones, In Primary Forms",Singapore,2024,63637,63637.0
"8108 Titanium & Articles Thereof, Includ Waste & Scrap",Japan,2021,148571413,148571413.0
7226 Fl-rl Alloy Steel Nesoi Un 600mm Wide,Japan,2022,57996601,58203034.0
"7110 Platinum, Unwrought, Semimfr Forms Or In Powder Fm",Taiwan,2021,31368505,31368505.0
7225 Fl-rl Alloy Steel Nesoi Nun 600mm Wide,Taiwan,2021,314816,314816.0
2820 Manganese Oxides,"Korea, South",2025 through June,642122,642122.0
2846 Rare-earth Metal Compounds Of Yttrium Or Scandium,Japan,2021,27234139,27234139.0
7225 Fl-rl Alloy Steel Nesoi Nun 600mm Wide,"Korea, South",2021,117937707,114253979.0
"8111 Manganese And Artcles Thereof, Inc Waste And Scrap",Japan,2023,5102171,5102171.0
2820 Manganese Oxides,Japan,2021,6859578,6859578.0
"8108 Titanium & Articles Thereof, Includ Waste & Scrap",Philippines,2024,53980,53980.0
2820 Manganese Oxides,Japan,2022,6140364,6140364.0
"3910 Silicones, In Primary Forms",Singapore,2023,62938,62938.0
2603 Copper Ores And Concentrates,Japan,2024,10080,10080.0
2820 Manganese Oxides,Japan,2023,944744,944744.0
2603 Copper Ores And Concentrates,Japan,2021,11250,11250.0
"7110 Platinum, Unwrought, Semimfr Forms Or In Powder Fm","Korea, South",2022,308822017,308822017.0
"7110 Platinum, Unwrought, Semimfr Forms Or In Powder Fm",Hong Kong,2022,18500900,18500900.0
7226 Fl-rl Alloy Steel Nesoi Un 600mm Wide,Japan,2023,60391074,60391074.0
"8111 Manganese And Artcles Thereof, Inc Waste And Scrap",Indonesia,2024,2476836,2308187.0
"8111 Manganese And Artcles Thereof, Inc Waste And Scrap",Japan,2021,3617372,3617372.0
"8112 Beryllium,chromium,hafnium,rhenium Etc & Articles",Thailand,2023,236726,236726.0
7225 Fl-rl Alloy Steel Nesoi Nun 600mm Wide,Japan,2022,53507215,44982328.0
"8111 Manganese And Artcles Thereof, Inc Waste And Scrap","Korea, South",2025 through June,4132,4132.0
2603 Copper Ores And Concentrates,Japan,2023,9690,9690.0
"3910 Silicones, In Primary Forms",Malaysia,2021,516183,516183.0
"8108 Titanium & Articles Thereof, Includ Waste & Scrap",Taiwan,2024,6976636,7302416.0
"8111 Manganese And Artcles Thereof, Inc Waste And Scrap",Japan,2025 through June,3114165,3114165.0
"8105 Cobalt Mattes Etc, Cobalt & Art, Inc Waste & Scrap",Singapore,2022,252093,252093.0
"3910 Silicones, In Primary Forms",Hong Kong,2023,196134,196134.0
"3910 Silicones, In Primary Forms",Philippines,2021,2517,2517.0
"8105 Cobalt Mattes Etc, Cobalt & Art, Inc Waste & Scrap",Japan,2024,52062783,50961558.0
3801 Artificial Graphite; Collodial Graphite & Prep Etc,Taiwan,2021,429933,429933.0
"8112 Beryllium,chromium,hafnium,rhenium Etc & Articles",Singapore,2021,1170206,1170206.0
"7110 Platinum, Unwrought, Semimfr Forms Or In Powder Fm",Hong Kong,2023,204150,204150.0
"8105 Cobalt Mattes Etc, Cobalt & Art, Inc Waste & Scrap",Japan,2022,82653178,82675879.0
3801 Artificial Graphite; Collodial Graphite & Prep Etc,Malaysia,2022,5164927,5164927.0
"8111 Manganese And Artcles Thereof, Inc Waste And Scrap",Indonesia,2023,3936631,3936631.0
"3910 Silicones, In Primary Forms","Korea, South",2023,22883051,22850411.0
"8108 Titanium & Articles Thereof, Includ Waste & Scrap","Korea, South",2021,10822520,10822520.0
"3910 Silicones, In Primary Forms",Singapore,2022,14092,14092.0
"8108 Titanium & Articles Thereof, Includ Waste & Scrap",Japan,2022,269629361,269629361.0
"8112 Beryllium,chromium,hafnium,rhenium Etc & Articles","Korea, South",2022,9551533,9551533.0
"3910 Silicones, In Primary Forms",Indonesia,2024,1980575,1980575.0
"2801 Fluorine, Chlorine, Bromine & Iodine","Korea, South",2021,1188720,1188720.0
2846 Rare-earth Metal Compounds Of Yttrium Or Scandium,"Korea, South",2022,2019204,2019204.0
2504 Natural Graphite,"Korea, South",2024,4443587,4443587.0
"8112 Beryllium,chromium,hafnium,rhenium Etc & Articles","Korea, South",2023,10496396,10496396.0
2846 Rare-earth Metal Compounds Of Yttrium Or Scandium,Taiwan,2022,66420,66420.0
2820 Manganese Oxides,Indonesia,2025 through June,70000,70000.0
7225 Fl-rl Alloy Steel Nesoi Nun 600mm Wide,"Korea, South",2023,164506456,159121783.0
3801 Artificial Graphite; Collodial Graphite & Prep Etc,Japan,2024,20005540,19969771.0
"8108 Titanium & Articles Thereof, Includ Waste & Scrap",Thailand,2024,48811,39375.0
8110 Antimony And Artcls Throf Incl Waste And Scrap,Philippines,2024,1950503,1950503.0
3801 Artificial Graphite; Collodial Graphite & Prep Etc,Malaysia,2021,913950,913950.0
7226 Fl-rl Alloy Steel Nesoi Un 600mm Wide,Malaysia,2022,44129,44129.0
2603 Copper Ores And Concentrates,Japan,2025 through June,208998,208998.0
2846 Rare-earth Metal Compounds Of Yttrium Or Scandium,"Korea, South",2023,2364083,2364083.0
2504 Natural Graphite,Indonesia,2024,72590,72590.0
"8108 Titanium & Articles Thereof, Includ Waste & Scrap",Japan,2023,376547439,376547439.0
"7110 Platinum, Unwrought, Semimfr Forms Or In Powder Fm",Japan,2022,306462618,306462618.0
7226 Fl-rl Alloy Steel Nesoi Un 600mm Wide,Malaysia,2024,3825,3825.0
7225 Fl-rl Alloy Steel Nesoi Nun 600mm Wide,Vietnam,2024,1337588,1337588.0
7226 Fl-rl Alloy Steel Nesoi Un 600mm Wide,"Korea, South",2022,714249,659114.0
2504 Natural Graphite,Indonesia,2025 through June,7225570,7225570.0
2846 Rare-earth Metal Compounds Of Yttrium Or Scandium,"Korea, South",2021,2497911,2181851.0
2820 Manganese Oxides,Indonesia,2023,91380,91380.0
"7110 Platinum, Unwrought, Semimfr Forms Or In Powder Fm","Korea, South",2024,228499677,228499677.0
"8108 Titanium & Articles Thereof, Includ Waste & Scrap",Vietnam,2025 through June,108203,108203.0
"8112 Beryllium,chromium,hafnium,rhenium Etc & Articles",Thailand,2024,122350,122350.0
3801 Artificial Graphite; Collodial Graphite & Prep Etc,Singapore,2024,30091,30091.0
7226 Fl-rl Alloy Steel Nesoi Un 600mm Wide,"Korea, South",2025 through June,1999604,1999604.0
2846 Rare-earth Metal Compounds Of Yttrium Or Scandium,Vietnam,2024,40373,40373.0
"7110 Platinum, Unwrought, Semimfr Forms Or In Powder Fm",Cambodia,2023,2500,2500.0
"8112 Beryllium,chromium,hafnium,rhenium Etc & Articles",Singapore,2023,494807,494807.0
"8112 Beryllium,chromium,hafnium,rhenium Etc & Articles",Malaysia,2021,170973,170973.0
"8112 Beryllium,chromium,hafnium,rhenium Etc & Articles",Japan,2022,11234222,11234222.0
"8105 Cobalt Mattes Etc, Cobalt & Art, Inc Waste & Scrap",Singapore,2021,514482,514482.0
"8112 Beryllium,chromium,hafnium,rhenium Etc & Articles",Hong Kong,2024,1037500,1037500.0
8110 Antimony And Artcls Throf Incl Waste And Scrap,Japan,2022,829207,829207.0
2846 Rare-earth Metal Compounds Of Yttrium Or Scandium,"Korea, South",2025 through June,3305497,3305497.0
"8105 Cobalt Mattes Etc, Cobalt & Art, Inc Waste & Scrap",Taiwan,2021,1626908,1604892.0
2603 Copper Ores And Concentrates,Taiwan,2023,4724,4724.0
"7110 Platinum, Unwrought, Semimfr Forms Or In Powder Fm",Singapore,2023,5167903,5167903.0
"3910 Silicones, In Primary Forms",Thailand,2021,30453659,31104869.0
2614 Titanium Ores And Concentrates,Japan,2022,297318,297318.0
"2801 Fluorine, Chlorine, Bromine & Iodine","Korea, South",2023,1524070,1524070.0
8110 Antimony And Artcls Throf Incl Waste And Scrap,Japan,2023,438836,438836.0
2504 Natural Graphite,"Korea, South",2022,408034,408034.0
8110 Antimony And Artcls Throf Incl Waste And Scrap,Thailand,2023,14333548,14333548.0
8110 Antimony And Artcls Throf Incl Waste And Scrap,Thailand,2021,9760666,9760666.0
3801 Artificial Graphite; Collodial Graphite & Prep Etc,Japan,2023,18708924,18692919.0
2614 Titanium Ores And Concentrates,Japan,2023,177990,177990.0
"7110 Platinum, Unwrought, Semimfr Forms Or In Powder Fm","Korea, South",2025 through June,104342370,104342370.0
"8112 Beryllium,chromium,hafnium,rhenium Etc & Articles",Taiwan,2024,11520778,11520778.0
"8105 Cobalt Mattes Etc, Cobalt & Art, Inc Waste & Scrap",Indonesia,2025 through June,27600621,27600621.0
"8112 Beryllium,chromium,hafnium,rhenium Etc & Articles",Hong Kong,2022,8080,8080.0
8110 Antimony And Artcls Throf Incl Waste And Scrap,Vietnam,2021,8671246,8671246.0
"8112 Beryllium,chromium,hafnium,rhenium Etc & Articles",Malaysia,2023,380728,380728.0
2846 Rare-earth Metal Compounds Of Yttrium Or Scandium,Taiwan,2023,74309,74309.0
"8112 Beryllium,chromium,hafnium,rhenium Etc & Articles",Singapore,2022,124723,124723.0
2846 Rare-earth Metal Compounds Of Yttrium Or Scandium,Malaysia,2021,4434833,4434833.0
"8112 Beryllium,chromium,hafnium,rhenium Etc & Articles",Malaysia,2025 through June,2025196,2025196.0
2603 Copper Ores And Concentrates,Taiwan,2021,49343,49343.0
2504 Natural Graphite,Taiwan,2025 through June,21926,21926.0
8110 Antimony And Artcls Throf Incl Waste And Scrap,Burma,2022,1092331,1092331.0
"3910 Silicones, In Primary Forms",Malaysia,2024,790056,790056.0
3801 Artificial Graphite; Collodial Graphite & Prep Etc,"Korea, South",2024,43657255,43657255.0
"3910 Silicones, In Primary Forms","Korea, South",2021,13334170,13378033.0
8110 Antimony And Artcls Throf Incl Waste And Scrap,Philippines,2023,435077,435077.0
"7110 Platinum, Unwrought, Semimfr Forms Or In Powder Fm","Korea, South",2021,582887234,582887234.0
"8105 Cobalt Mattes Etc, Cobalt & Art, Inc Waste & Scrap",Taiwan,2025 through June,1694568,1725894.0
2603 Copper Ores And Concentrates,Japan,2022,10170,10170.0
7226 Fl-rl Alloy Steel Nesoi Un 600mm Wide,Vietnam,2023,1579057,135870.0
"8112 Beryllium,chromium,hafnium,rhenium Etc & Articles",Hong Kong,2023,6195,6195.0
"3910 Silicones, In Primary Forms",Philippines,2022,2358,2358.0
2846 Rare-earth Metal Compounds Of Yttrium Or Scandium,Malaysia,2022,6644885,6644885.0
"2801 Fluorine, Chlorine, Bromine & Iodine",Singapore,2021,41032,41032.0
"8105 Cobalt Mattes Etc, Cobalt & Art, Inc Waste & Scrap",Malaysia,2023,13194,13194.0
8110 Antimony And Artcls Throf Incl Waste And Scrap,Japan,2021,1450440,1450440.0
"7110 Platinum, Unwrought, Semimfr Forms Or In Powder Fm",Taiwan,2023,1439343,1439343.0
"2801 Fluorine, Chlorine, Bromine & Iodine","Korea, South",2022,2094768,2094768.0
2820 Manganese Oxides,Japan,2025 through June,574380,574380.0
8110 Antimony And Artcls Throf Incl Waste And Scrap,"Korea, South",2025 through June,58361,58361.0
"8112 Beryllium,chromium,hafnium,rhenium Etc & Articles",Japan,2024,18961329,18964709.0
"8105 Cobalt Mattes Etc, Cobalt & Art, Inc Waste & Scrap",Indonesia,2023,5011,5011.0
7226 Fl-rl Alloy Steel Nesoi Un 600mm Wide,Thailand,2021,5810,5810.0
"8108 Titanium & Articles Thereof, Includ Waste & Scrap",Taiwan,2025 through June,3094247,3224461.0
"8105 Cobalt Mattes Etc, Cobalt & Art, Inc Waste & Scrap",Malaysia,2022,46736,46736.0
"8108 Titanium & Articles Thereof, Includ Waste & Scrap",Malaysia,2024,946816,946816.0
"8112 Beryllium,chromium,hafnium,rhenium Etc & Articles",Japan,2021,2663317,3858777.0
3801 Artificial Graphite; Collodial Graphite & Prep Etc,Indonesia,2024,512759,512759.0
"2801 Fluorine, Chlorine, Bromine & Iodine",Japan,2024,26431972,26431972.0
3801 Artificial Graphite; Collodial Graphite & Prep Etc,Japan,2021,34847113,34785617.0
"8105 Cobalt Mattes Etc, Cobalt & Art, Inc Waste & Scrap",Taiwan,2024,1634068,1593302.0
"8105 Cobalt Mattes Etc, Cobalt & Art, Inc Waste & Scrap",Taiwan,2022,1692567,1595577.0
3801 Artificial Graphite; Collodial Graphite & Prep Etc,"Korea, South",2023,27208166,27208166.0
7225 Fl-rl Alloy Steel Nesoi Nun 600mm Wide,Taiwan,2025 through June,2746,2746.0
2820 Manganese Oxides,Taiwan,2023,134880,134880.0
2614 Titanium Ores And Concentrates,Japan,2021,5036,5036.0
"3910 Silicones, In Primary Forms",Hong Kong,2025 through June,654,654.0
"8105 Cobalt Mattes Etc, Cobalt & Art, Inc Waste & Scrap",Hong Kong,2021,2472,2472.0
2504 Natural Graphite,Hong Kong,2024,202350,202350.0
2504 Natural Graphite,Hong Kong,2022,731819,731819.0
7226 Fl-rl Alloy Steel Nesoi Un 600mm Wide,Taiwan,2022,67814,67814.0
7226 Fl-rl Alloy Steel Nesoi Un 600mm Wide,Taiwan,2024,28987,28987.0
"3910 Silicones, In Primary Forms",Vietnam,2023,3826129,3826129.0
"3910 Silicones, In Primary Forms",Hong Kong,2021,94085,94085.0
"8105 Cobalt Mattes Etc, Cobalt & Art, Inc Waste & Scrap",Taiwan,2023,2244801,2240707.0
2603 Copper Ores And Concentrates,Taiwan,2025 through June,17013,17013.0
8110 Antimony And Artcls Throf Incl Waste And Scrap,Thailand,2025 through June,37841109,37841109.0
3801 Artificial Graphite; Collodial Graphite & Prep Etc,Indonesia,2025 through June,45871004,45773804.0
"3910 Silicones, In Primary Forms",Singapore,2021,10988,10988.0
8110 Antimony And Artcls Throf Incl Waste And Scrap,Malaysia,2025 through June,1387293,1387293.0
2504 Natural Graphite,Taiwan,2022,15654,15654.0
7226 Fl-rl Alloy Steel Nesoi Un 600mm Wide,Singapore,2022,11866,11866.0
"8105 Cobalt Mattes Etc, Cobalt & Art, Inc Waste & Scrap",Singapore,2023,631517,631517.0
3801 Artificial Graphite; Collodial Graphite & Prep Etc,Taiwan,2023,149648,149648.0
"7110 Platinum, Unwrought, Semimfr Forms Or In Powder Fm",Thailand,2021,21343,21343.0
"8108 Titanium & Articles Thereof, Includ Waste & Scrap","Korea, South",2023,23778793,23778793.0
8110 Antimony And Artcls Throf Incl Waste And Scrap,Thailand,2022,10097663,10097663.0
2846 Rare-earth Metal Compounds Of Yttrium Or Scandium,Japan,2024,20229985,19528185.0
3801 Artificial Graphite; Collodial Graphite & Prep Etc,"Korea, South",2021,5927818,5927818.0
8110 Antimony And Artcls Throf Incl Waste And Scrap,Vietnam,2023,9468406,9468406.0
"8108 Titanium & Articles Thereof, Includ Waste & Scrap",Hong Kong,2025 through June,202494,202494.0
"3910 Silicones, In Primary Forms",Indonesia,2021,1731703,1731703.0
"3910 Silicones, In Primary Forms",Thailand,2025 through June,10879858,11045150.0
2504 Natural Graphite,"Korea, South",2025 through June,52820,52820.0
"8108 Titanium & Articles Thereof, Includ Waste & Scrap",Indonesia,2024,1136686,1136686.0
7225 Fl-rl Alloy Steel Nesoi Nun 600mm Wide,Japan,2023,37149602,37149602.0
"7110 Platinum, Unwrought, Semimfr Forms Or In Powder Fm",Thailand,2022,9747,9747.0
2504 Natural Graphite,Hong Kong,2021,1759304,1759304.0
3801 Artificial Graphite; Collodial Graphite & Prep Etc,Singapore,2021,120479,120479.0
2846 Rare-earth Metal Compounds Of Yttrium Or Scandium,Japan,2025 through June,11030832,12821632.0
"8108 Titanium & Articles Thereof, Includ Waste & Scrap","Korea, South",2022,20321576,20321576.0
"3910 Silicones, In Primary Forms",Vietnam,2024,5725122,5725122.0
2614 Titanium Ores And Concentrates,Japan,2024,120937,120937.0
2504 Natural Graphite,Taiwan,2024,38542,38542.0
"7110 Platinum, Unwrought, Semimfr Forms Or In Powder Fm","Korea, South",2023,321153696,321153696.0
"8105 Cobalt Mattes Etc, Cobalt & Art, Inc Waste & Scrap",Vietnam,2024,135637,135637.0
"2801 Fluorine, Chlorine, Bromine & Iodine","Korea, South",2024,1229862,1229862.0
7226 Fl-rl Alloy Steel Nesoi Un 600mm Wide,Taiwan,2021,557221,557221.0
"8108 Titanium & Articles Thereof, Includ Waste & Scrap",Malaysia,2025 through June,430531,430531.0
"3910 Silicones, In Primary Forms",Taiwan,2022,2080522,2079357.0
"3910 Silicones, In Primary Forms",Taiwan,2024,2390571,2392224.0
7225 Fl-rl Alloy Steel Nesoi Nun 600mm Wide,Vietnam,2022,46752,46752.0
2504 Natural Graphite,Malaysia,2022,2308,2308.0
"7110 Platinum, Unwrought, Semimfr Forms Or In Powder Fm",Taiwan,2022,6166144,6166144.0
"3910 Silicones, In Primary Forms",Japan,2025 through June,83853602,82252487.0
"8112 Beryllium,chromium,hafnium,rhenium Etc & Articles",Malaysia,2024,278587,278587.0
3801 Artificial Graphite; Collodial Graphite & Prep Etc,Singapore,2025 through June,27986,27986.0
2846 Rare-earth Metal Compounds Of Yttrium Or Scandium,Taiwan,2025 through June,115143,115143.0
"3910 Silicones, In Primary Forms","Korea, South",2025 through June,14572832,14576103.0
"8108 Titanium & Articles Thereof, Includ Waste & Scrap",Hong Kong,2022,619270,619270.0
"8105 Cobalt Mattes Etc, Cobalt & Art, Inc Waste & Scrap",Singapore,2024,1043837,1043837.0
7226 Fl-rl Alloy Steel Nesoi Un 600mm Wide,Japan,2025 through June,14392624,14392624.0
"8112 Beryllium,chromium,hafnium,rhenium Etc & Articles",Malaysia,2022,181509,181509.0
"8112 Beryllium,chromium,hafnium,rhenium Etc & Articles","Korea, South",2024,13498189,13498189.0
"8112 Beryllium,chromium,hafnium,rhenium Etc & Articles",Singapore,2025 through June,482859,482859.0
2504 Natural Graphite,Japan,2024,996588,996588.0
"8112 Beryllium,chromium,hafnium,rhenium Etc & Articles",Taiwan,2025 through June,12608931,12608931.0
"3910 Silicones, In Primary Forms",Japan,2022,201650415,198871727.0
"8112 Beryllium,chromium,hafnium,rhenium Etc & Articles",Hong Kong,2021,107981,107981.0
"8112 Beryllium,chromium,hafnium,rhenium Etc & Articles",Japan,2023,16587892,16587892.0
"8108 Titanium & Articles Thereof, Includ Waste & Scrap",Vietnam,2021,11120,11120.0
2846 Rare-earth Metal Compounds Of Yttrium Or Scandium,Malaysia,2025 through June,1281021,1281021.0
"3910 Silicones, In Primary Forms",Philippines,2023,5385,5385.0
2504 Natural Graphite,Japan,2025 through June,134143,129055.0
3801 Artificial Graphite; Collodial Graphite & Prep Etc,Philippines,2022,12282,12282.0
"8105 Cobalt Mattes Etc, Cobalt & Art, Inc Waste & Scrap",Japan,2021,45468928,45427754.0
"7110 Platinum, Unwrought, Semimfr Forms Or In Powder Fm",Japan,2024,57344686,57344686.0
"8105 Cobalt Mattes Etc, Cobalt & Art, Inc Waste & Scrap",Singapore,2025 through June,742277,742277.0
"8112 Beryllium,chromium,hafnium,rhenium Etc & Articles",Philippines,2021,3500,3500.0
"8108 Titanium & Articles Thereof, Includ Waste & Scrap",Thailand,2021,400473,400473.0
2504 Natural Graphite,"Korea, South",2021,19300,19300.0
"8108 Titanium & Articles Thereof, Includ Waste & Scrap",Thailand,2023,139639,139639.0
"8108 Titanium & Articles Thereof, Includ Waste & Scrap","Korea, South",2025 through June,19356919,19356919.0
"3910 Silicones, In Primary Forms",Japan,2023,154630124,152468163.0
"8108 Titanium & Articles Thereof, Includ Waste & Scrap",Hong Kong,2024,632923,632923.0
7225 Fl-rl Alloy Steel Nesoi Nun 600mm Wide,Japan,2024,59646848,57640967.0
"8112 Beryllium,chromium,hafnium,rhenium Etc & Articles",Thailand,2022,39643,39643.0
7225 Fl-rl Alloy Steel Nesoi Nun 600mm Wide,"Korea, South",2024,189727008,188968430.0
"8112 Beryllium,chromium,hafnium,rhenium Etc & Articles",Thailand,2025 through June,1175497,1175497.0
2603 Copper Ores And Concentrates,"Korea, South",2025 through June,4613,4613.0
8110 Antimony And Artcls Throf Incl Waste And Scrap,Japan,2025 through June,286665,286665.0
2846 Rare-earth Metal Compounds Of Yttrium Or Scandium,Japan,2022,33372776,31338776.0
"8105 Cobalt Mattes Etc, Cobalt & Art, Inc Waste & Scrap",Japan,2023,61573836,61602186.0
2820 Manganese Oxides,"Korea, South",2021,1482448,1482448.0
3801 Artificial Graphite; Collodial Graphite & Prep Etc,Vietnam,2025 through June,20864,20864.0
3801 Artificial Graphite; Collodial Graphite & Prep Etc,Japan,2025 through June,6722356,6702738.0
"8112 Beryllium,chromium,hafnium,rhenium Etc & Articles",Taiwan,2021,1264889,1264889.0
"7110 Platinum, Unwrought, Semimfr Forms Or In Powder Fm",Japan,2025 through June,75930875,75930875.0
8110 Antimony And Artcls Throf Incl Waste And Scrap,Taiwan,2024,2111,2111.0
8110 Antimony And Artcls Throf Incl Waste And Scrap,Indonesia,2024,777077,777077.0
"8108 Titanium & Articles Thereof, Includ Waste & Scrap",Singapore,2025 through June,13735220,13735220.0
"3910 Silicones, In Primary Forms",Indonesia,2025 through June,937714,937714.0
7226 Fl-rl Alloy Steel Nesoi Un 600mm Wide,"Korea, South",2023,2821828,2821828.0
"3910 Silicones, In Primary Forms",Vietnam,2025 through June,6100254,6100254.0
7226 Fl-rl Alloy Steel Nesoi Un 600mm Wide,Japan,2024,49738086,49738086.0
"3910 Silicones, In Primary Forms",Thailand,2022,68531708,68531708.0
7225 Fl-rl Alloy Steel Nesoi Nun 600mm Wide,Japan,2025 through June,29177656,23392413.0
"8112 Beryllium,chromium,hafnium,rhenium Etc & Articles",Taiwan,2023,4060423,3662891.0
"8105 Cobalt Mattes Etc, Cobalt & Art, Inc Waste & Scrap","Korea, South",2024,183119,183119.0
"8108 Titanium & Articles Thereof, Includ Waste & Scrap",Indonesia,2022,8693,8693.0
"8108 Titanium & Articles Thereof, Includ Waste & Scrap",Malaysia,2022,231267,231267.0
"8108 Titanium & Articles Thereof, Includ Waste & Scrap",Hong Kong,2023,846442,846442.0
"8108 Titanium & Articles Thereof, Includ Waste & Scrap",Singapore,2024,11342289,11342289.0
3801 Artificial Graphite; Collodial Graphite & Prep Etc,"Korea, South",2022,17025539,17025539.0
"3910 Silicones, In Primary Forms",Malaysia,2023,318539,318539.0
"7110 Platinum, Unwrought, Semimfr Forms Or In Powder Fm",Thailand,2023,9238,9238.0
"7110 Platinum, Unwrought, Semimfr Forms Or In Powder Fm",Philippines,2024,18139,18139.0
3801 Artificial Graphite; Collodial Graphite & Prep Etc,Malaysia,2023,4838539,4838539.0
2820 Manganese Oxides,"Korea, South",2024,465994,465994.0
"8105 Cobalt Mattes Etc, Cobalt & Art, Inc Waste & Scrap",Hong Kong,2023,3981,3981.0
7226 Fl-rl Alloy Steel Nesoi Un 600mm Wide,Thailand,2025 through June,155660,155660.0
"8111 Manganese And Artcles Thereof, Inc Waste And Scrap",Indonesia,2022,1133369,1133369.0
7226 Fl-rl Alloy Steel Nesoi Un 600mm Wide,Thailand,2023,234984,234984.0
8110 Antimony And Artcls Throf Incl Waste And Scrap,Vietnam,2024,14485867,14485867.0
2604 Nickel Ores And Concentrates,Taiwan,2023,7708,7708.0
"2801 Fluorine, Chlorine, Bromine & Iodine",Japan,2023,13632011,13632011.0
"3910 Silicones, In Primary Forms",Taiwan,2021,1101708,1102143.0
"8105 Cobalt Mattes Etc, Cobalt & Art, Inc Waste & Scrap",Philippines,2021,11090,11090.0
2504 Natural Graphite,Japan,2021,650238,644369.0
"8108 Titanium & Articles Thereof, Includ Waste & Scrap",Vietnam,2023,17884,17884.0
"8108 Titanium & Articles Thereof, Includ Waste & Scrap",Singapore,2023,11276505,11276505.0
"8105 Cobalt Mattes Etc, Cobalt & Art, Inc Waste & Scrap",Vietnam,2023,64757,64757.0
7226 Fl-rl Alloy Steel Nesoi Un 600mm Wide,"Korea, South",2021,698006,698006.0
3801 Artificial Graphite; Collodial Graphite & Prep Etc,Japan,2022,27145201,27108567.0
"8108 Titanium & Articles Thereof, Includ Waste & Scrap",Singapore,2021,3361050,3361050.0
2846 Rare-earth Metal Compounds Of Yttrium Or Scandium,Mongolia,2022,2457,2457.0
2846 Rare-earth Metal Compounds Of Yttrium Or Scandium,Taiwan,2021,85953,85953.0
3801 Artificial Graphite; Collodial Graphite & Prep Etc,Singapore,2022,1379606,1379606.0
"2801 Fluorine, Chlorine, Bromine & Iodine",Japan,2021,13164773,13164773.0
7226 Fl-rl Alloy Steel Nesoi Un 600mm Wide,Singapore,2021,5180,5180.0
"8108 Titanium & Articles Thereof, Includ Waste & Scrap",Thailand,2022,420847,420847.0
"8112 Beryllium,chromium,hafnium,rhenium Etc & Articles",Thailand,2021,5979,5979.0
8110 Antimony And Artcls Throf Incl Waste And Scrap,Japan,2024,879051,879051.0
"3910 Silicones, In Primary Forms",Indonesia,2023,260287,260287.0
"8105 Cobalt Mattes Etc, Cobalt & Art, Inc Waste & Scrap",Thailand,2023,88508,88508.0
"7110 Platinum, Unwrought, Semimfr Forms Or In Powder Fm",Hong Kong,2021,3133249,3133249.0
"3910 Silicones, In Primary Forms",Philippines,2024,3586,3586.0
"3910 Silicones, In Primary Forms",Japan,2024,155653123,152394601.0
"8111 Manganese And Artcles Thereof, Inc Waste And Scrap",Japan,2022,6917969,6917969.0
3801 Artificial Graphite; Collodial Graphite & Prep Etc,Hong Kong,2024,3651,3651.0
"8108 Titanium & Articles Thereof, Includ Waste & Scrap",Hong Kong,2021,195578,195578.0
"3910 Silicones, In Primary Forms",Malaysia,2025 through June,343670,343670.0
"3910 Silicones, In Primary Forms",Taiwan,2025 through June,1473838,1473838.0
"3910 Silicones, In Primary Forms",Thailand,2024,30555192,31184149.0
"8105 Cobalt Mattes Etc, Cobalt & Art, Inc Waste & Scrap","Korea, South",2021,137523,137523.0
2820 Manganese Oxides,Indonesia,2024,490000,490000.0
3801 Artificial Graphite; Collodial Graphite & Prep Etc,Malaysia,2024,502915,502915.0
2846 Rare-earth Metal Compounds Of Yttrium Or Scandium,Vietnam,2025 through June,573625,573625.0
2846 Rare-earth Metal Compounds Of Yttrium Or Scandium,Japan,2023,21834342,21834342.0
"8111 Manganese And Artcles Thereof, Inc Waste And Scrap",Hong Kong,2022,340408,0.0
"8111 Manganese And Artcles Thereof, Inc Waste And Scrap",Indonesia,2025 through June,1850041,1850041.0
"8108 Titanium & Articles Thereof, Includ Waste & Scrap",Taiwan,2022,5502517,5792683.0
"2801 Fluorine, Chlorine, Bromine & Iodine",Singapore,2023,3995,3995.0
"8105 Cobalt Mattes Etc, Cobalt & Art, Inc Waste & Scrap",Indonesia,2024,3593558,3593558.0
8110 Antimony And Artcls Throf Incl Waste And Scrap,Burma,2021,2826505,3092476.0
2846 Rare-earth Metal Compounds Of Yttrium Or Scandium,Malaysia,2023,5226435,5226435.0
"8108 Titanium & Articles Thereof, Includ Waste & Scrap",Singapore,2022,5853952,5853952.0
2846 Rare-earth Metal Compounds Of Yttrium Or Scandium,"Korea, South",2024,1784478,1784478.0
"7110 Platinum, Unwrought, Semimfr Forms Or In Powder Fm",Singapore,2022,45825368,45825368.0
"8108 Titanium & Articles Thereof, Includ Waste & Scrap","Korea, South",2024,43434357,43434357.0
"3910 Silicones, In Primary Forms",Malaysia,2022,1519669,1502319.0
8110 Antimony And Artcls Throf Incl Waste And Scrap,"Korea, South",2022,16551,16551.0
2846 Rare-earth Metal Compounds Of Yttrium Or Scandium,Hong Kong,2021,60055,60055.0
"7110 Platinum, Unwrought, Semimfr Forms Or In Powder Fm",Taiwan,2024,890098,890098.0
"8108 Titanium & Articles Thereof, Includ Waste & Scrap",Malaysia,2021,83736,83736.0
"7110 Platinum, Unwrought, Semimfr Forms Or In Powder Fm",Singapore,2021,71372119,71372119.0
3801 Artificial Graphite; Collodial Graphite & Prep Etc,Vietnam,2021,4699,4699.0
"8112 Beryllium,chromium,hafnium,rhenium Etc & Articles",Vietnam,2022,3680,3680.0
7225 Fl-rl Alloy Steel Nesoi Nun 600mm Wide,"Korea, South",2022,132013078,125288613.0
"3910 Silicones, In Primary Forms",Vietnam,2021,2572397,2572397.0
"3910 Silicones, In Primary Forms","Korea, South",2024,24723047,24534439.0
3801 Artificial Graphite; Collodial Graphite & Prep Etc,"Korea, South",2025 through June,38074125,38074125.0
"3910 Silicones, In Primary Forms",Thailand,2023,23157519,23171148.0
"3910 Silicones, In Primary Forms",Hong Kong,2022,121456,121456.0
"8105 Cobalt Mattes Etc, Cobalt & Art, Inc Waste & Scrap","Korea, South",2023,455865,455865.0
7225 Fl-rl Alloy Steel Nesoi Nun 600mm Wide,Taiwan,2024,179062,179062.0
8110 Antimony And Artcls Throf Incl Waste And Scrap,Burma,2024,2188116,2188116.0
"7110 Platinum, Unwrought, Semimfr Forms Or In Powder Fm",Singapore,2024,55612744,55612744.0
"8111 Manganese And Artcles Thereof, Inc Waste And Scrap",Hong Kong,2025 through June,6720,6720.0
2846 Rare-earth Metal Compounds Of Yttrium Or Scandium,Singapore,2023,28118,28118.0
3801 Artificial Graphite; Collodial Graphite & Prep Etc,Hong Kong,2023,4290,4290.0
"7110 Platinum, Unwrought, Semimfr Forms Or In Powder Fm",Thailand,2024,19097,19097.0
"8105 Cobalt Mattes Etc, Cobalt & Art, Inc Waste & Scrap","Korea, South",2022,306787,306787.0
"8112 Beryllium,chromium,hafnium,rhenium Etc & Articles","Korea, South",2021,14726927,14726927.0
"3910 Silicones, In Primary Forms",Hong Kong,2024,101316,101316.0
3801 Artificial Graphite; Collodial Graphite & Prep Etc,Singapore,2023,34790,34790.0
2820 Manganese Oxides,Taiwan,2022,190499,190499.0
"7110 Platinum, Unwrought, Semimfr Forms Or In Powder Fm",Singapore,2025 through June,22349125,22349125.0
"3910 Silicones, In Primary Forms",Mongolia,2023,42400,42400.0
"3910 Silicones, In Primary Forms",Philippines,2025 through June,6459,6459.0
"2801 Fluorine, Chlorine, Bromine & Iodine",Japan,2022,18670729,18670729.0
2504 Natural Graphite,"Korea, South",2023,1165510,1165510.0
8110 Antimony And Artcls Throf Incl Waste And Scrap,"Korea, South",2024,480329,480329.0
"3910 Silicones, In Primary Forms",Vietnam,2022,19123559,19123559.0
7225 Fl-rl Alloy Steel Nesoi Nun 600mm Wide,Thailand,2025 through June,114401,114401.0
"8112 Beryllium,chromium,hafnium,rhenium Etc & Articles",Singapore,2024,295336,295336.0
"8108 Titanium & Articles Thereof, Includ Waste & Scrap",Vietnam,2024,64533,64533.0
2504 Natural Graphite,Hong Kong,2023,215000,215000.0
"7110 Platinum, Unwrought, Semimfr Forms Or In Powder Fm",Japan,2023,157368108,157368108.0
"2801 Fluorine, Chlorine, Bromine & Iodine",Japan,2025 through June,15629461,15629461.0
8110 Antimony And Artcls Throf Incl Waste And Scrap,Vietnam,2025 through June,9318779,9318779.0
2820 Manganese Oxides,"Korea, South",2022,2407622,2407622.0
"8105 Cobalt Mattes Etc, Cobalt & Art, Inc Waste & Scrap","Korea, South",2025 through June,122888,122888.0
"8105 Cobalt Mattes Etc, Cobalt & Art, Inc Waste & Scrap",Japan,2025 through June,32185246,30958560.0
8110 Antimony And Artcls Throf Incl Waste And Scrap,Burma,2023,4220972,4220972.0
3801 Artificial Graphite; Collodial Graphite & Prep Etc,Taiwan,2024,365237,365237.0
2504 Natural Graphite,Taiwan,2023,19575,19575.0
"8111 Manganese And Artcles Thereof, Inc Waste And Scrap",Japan,2024,6058437,6058437.0
7225 Fl-rl Alloy Steel Nesoi Nun 600mm Wide,Taiwan,2022,28718,28718.0
7226 Fl-rl Alloy Steel Nesoi Un 600mm Wide,Taiwan,2023,21747,21747.0
2820 Manganese Oxides,"Korea, South",2023,1996497,1996497.0
7226 Fl-rl Alloy Steel Nesoi Un 600mm Wide,Vietnam,2022,611057,0.0
"3910 Silicones, In Primary Forms",Indonesia,2022,7197915,7197915.0
8110 Antimony And Artcls Throf Incl Waste And Scrap,Vietnam,2022,9685574,9685574.0
"7110 Platinum, Unwrought, Semimfr Forms Or In Powder Fm",Thailand,2025 through June,3317,3317.0
2846 Rare-earth Metal Compounds Of Yttrium Or Scandium,Malaysia,2024,1641511,1641511.0
"8112 Beryllium,chromium,hafnium,rhenium Etc & Articles",Taiwan,2022,1004150,1004150.0
3801 Artificial Graphite; Collodial Graphite & Prep Etc,Vietnam,2024,30194,30194.0
7225 Fl-rl Alloy Steel Nesoi Nun 600mm Wide,"Korea, South",2025 through June,76353333,73072212.0
7225 Fl-rl Alloy Steel Nesoi Nun 600mm Wide,Malaysia,2021,10218,10218.0
"8108 Titanium & Articles Thereof, Includ Waste & Scrap",Philippines,2021,17856,17856.0
3801 Artificial Graphite; Collodial Graphite & Prep Etc,Taiwan,2025 through June,176097,176097.0
"8112 Beryllium,chromium,hafnium,rhenium Etc & Articles",Vietnam,2021,35000,35000.0
2504 Natural Graphite,Thailand,2024,10094,10094.0
"8112 Beryllium,chromium,hafnium,rhenium Etc & Articles","Korea, South",2025 through June,7731787,7731787.0
2504 Natural Graphite,Japan,2023,941735,939669.0
7225 Fl-rl Alloy Steel Nesoi Nun 600mm Wide,Japan,2021,38859996,37646366.0
"3910 Silicones, In Primary Forms",Japan,2021,142758652,140877521.0
"3910 Silicones, In Primary Forms",Taiwan,2023,1595973,1597072.0
"3910 Silicones, In Primary Forms","Korea, South",2022,44606986,44606986.0
2614 Titanium Ores And Concentrates,"Korea, South",2023,42300,42300.0
"8108 Titanium & Articles Thereof, Includ Waste & Scrap",Japan,2025 through June,188757537,188757537.0
2604 Nickel Ores And Concentrates,Singapore,2025 through June,2145,2145.0
"8108 Titanium & Articles Thereof, Includ Waste & Scrap",Malaysia,2023,703171,703171.0
"7110 Platinum, Unwrought, Semimfr Forms Or In Powder Fm",Japan,2021,105640196,105640196.0
"7110 Platinum, Unwrought, Semimfr Forms Or In Powder Fm",Taiwan,2025 through June,487400,487400.0
2504 Natural Graphite,Japan,2022,884018,884018.0
"8108 Titanium & Articles Thereof, Includ Waste & Scrap",Thailand,2025 through June,48279,30926.0
7226 Fl-rl Alloy Steel Nesoi Un 600mm Wide,"Korea, South",2024,3166863,3243446.0
8110 Antimony And Artcls Throf Incl Waste And Scrap,Philippines,2025 through June,1534597,1534597.0
8110 Antimony And Artcls Throf Incl Waste And Scrap,Thailand,2024,29835106,29835106.0
2820 Manganese Oxides,Japan,2024,1102006,1102006.0
282520 Lithium Oxide And Hydroxide,"Korea, South",2021,17700,17700.0
282520 Lithium Oxide And Hydroxide,Taiwan,2021,13233,13233.0
282520 Lithium Oxide And Hydroxide,Japan,2021,64600,64600.0
282520 Lithium Oxide And Hydroxide,"Korea, South",2022,2254,2254.0
282520 Lithium Oxide And Hydroxide,Hong Kong,2023,4000,4000.0
282520 Lithium Oxide And Hydroxide,Japan,2023,122590,122590.0
282520 Lithium Oxide And Hydroxide,Hong Kong,2024,4000,4000.0
282520 Lithium Oxide And Hydroxide,Taiwan,2024,6400,6400.0
282520 Lithium Oxide And Hydroxide,Japan,2024,22095,22095.0
282520 Lithium Oxide And Hydroxide,Indonesia,2025 through June,2914,2914.0
282520 Lithium Oxide And Hydroxide,Taiwan,2025 through June,51200,51200.0
282520 Lithium Oxide And Hydroxide,Japan,2025 through June,2607,2607.0
282540 Nickel Oxides And Hydroxides,Indonesia,2021,130897,130897.0
282540 Nickel Oxides And Hydroxides,Philippines,2021,3118614,3118614.0
282540 Nickel Oxides And Hydroxides,"Korea, South",2021,1695487,1695487.0
282540 Nickel Oxides And Hydroxides,Taiwan,2021,101274,101274.0
282540 Nickel Oxides And Hydroxides,Japan,2021,3703450,3703450.0
282540 Nickel Oxides And Hydroxides,Philippines,2022,5109533,5109533.0
282540 Nickel Oxides And Hydroxides,"Korea, South",2022,892593,892593.0
282540 Nickel Oxides And Hydroxides,Taiwan,2022,505124,505124.0
282540 Nickel Oxides And Hydroxides,Japan,2022,7195521,7195521.0
282540 Nickel Oxides And Hydroxides,Philippines,2023,4948652,4948652.0
282540 Nickel Oxides And Hydroxides,Taiwan,2023,619078,619078.0
282540 Nickel Oxides And Hydroxides,Japan,2023,3533555,3533555.0
282540 Nickel Oxides And Hydroxides,Philippines,2024,1794945,1794945.0
282540 Nickel Oxides And Hydroxides,"Korea, South",2024,15200,15200.0
282540 Nickel Oxides And Hydroxides,Hong Kong,2024,246580,246580.0
282540 Nickel Oxides And Hydroxides,Taiwan,2024,1272013,1272013.0
282540 Nickel Oxides And Hydroxides,Japan,2024,1352991,1352991.0
282540 Nickel Oxides And Hydroxides,Philippines,2025 through June,1310775,1310775.0
282540 Nickel Oxides And Hydroxides,Taiwan,2025 through June,443894,443894.0
282540 Nickel Oxides And Hydroxides,Japan,2025 through June,1640079,1640079.0
282550 Copper Oxides And Hydroxides,"Korea, South",2021,132460,132460.0
282550 Copper Oxides And Hydroxides,Taiwan,2021,655735,655735.0
282550 Copper Oxides And Hydroxides,Japan,2021,129138,129138.0
282550 Copper Oxides And Hydroxides,Taiwan,2022,762102,762102.0
282550 Copper Oxides And Hydroxides,Japan,2022,338282,338282.0
282550 Copper Oxides And Hydroxides,"Korea, South",2023,47025,47025.0
282550 Copper Oxides And Hydroxides,Hong Kong,2023,73075,73075.0
282550 Copper Oxides And Hydroxides,Taiwan,2023,428740,428740.0
282550 Copper Oxides And Hydroxides,Japan,2023,280883,280883.0
282550 Copper Oxides And Hydroxides,"Korea, South",2024,5904,5904.0
282550 Copper Oxides And Hydroxides,Hong Kong,2024,65674,65674.0
282550 Copper Oxides And Hydroxides,Taiwan,2024,601327,601327.0
282550 Copper Oxides And Hydroxides,Japan,2024,209735,209735.0
282550 Copper Oxides And Hydroxides,"Korea, South",2025 through June,27398,27398.0
282550 Copper Oxides And Hydroxides,Taiwan,2025 through June,563640,563640.0
282580 Antimony Oxides,Thailand,2021,1992500,1992500.0
282580 Antimony Oxides,"Korea, South",2021,739752,739752.0
282580 Antimony Oxides,Japan,2021,1004176,944636.0
282580 Antimony Oxides,"Korea, South",2022,1576370,1576370.0
282580 Antimony Oxides,Japan,2022,1934807,1899542.0
282580 Antimony Oxides,Thailand,2023,2160000,2160000.0
282580 Antimony Oxides,"Korea, South",2023,590958,590958.0
282580 Antimony Oxides,Japan,2023,1502894,1560244.0
282580 Antimony Oxides,Thailand,2024,5400000,5400000.0
282580 Antimony Oxides,"Korea, South",2024,129967,129967.0
282580 Antimony Oxides,Taiwan,2024,586980,586980.0
282580 Antimony Oxides,Japan,2024,1167004,1194045.0
282580 Antimony Oxides,Thailand,2025 through June,12342000,12342000.0
282580 Antimony Oxides,"Korea, South",2025 through June,7893870,7893870.0
282580 Antimony Oxides,Taiwan,2025 through June,6010870,6010870.0
282580 Antimony Oxides,Japan,2025 through June,2921389,2938154.0
"711041 Iridium, Osmium And Ruthenium, Unwrought Or Powder",Japan,2021,18596742,18596742.0
"711041 Iridium, Osmium And Ruthenium, Unwrought Or Powder",Singapore,2022,4823,4823.0
"711041 Iridium, Osmium And Ruthenium, Unwrought Or Powder","Korea, South",2022,405000,405000.0
"711041 Iridium, Osmium And Ruthenium, Unwrought Or Powder",Hong Kong,2022,2508,2508.0
"711041 Iridium, Osmium And Ruthenium, Unwrought Or Powder",Japan,2022,14493871,14493871.0
"711041 Iridium, Osmium And Ruthenium, Unwrought Or Powder","Korea, South",2023,201071,201071.0
"711041 Iridium, Osmium And Ruthenium, Unwrought Or Powder",Japan,2023,12538046,12538046.0
"711041 Iridium, Osmium And Ruthenium, Unwrought Or Powder",Japan,2024,8080911,8080911.0
"711041 Iridium, Osmium And Ruthenium, Unwrought Or Powder",Japan,2025 through June,3579436,3579436.0
"711049 Iridium, Osmium And Ruthenium, Semimanufactured",Singapore,2021,9815,9815.0
"711049 Iridium, Osmium And Ruthenium, Semimanufactured",Taiwan,2021,2769,2769.0
"711049 Iridium, Osmium And Ruthenium, Semimanufactured",Japan,2021,7207668,7207668.0
"711049 Iridium, Osmium And Ruthenium, Semimanufactured",Taiwan,2022,4500,4500.0
"711049 Iridium, Osmium And Ruthenium, Semimanufactured",Japan,2022,3223689,3223689.0
"711049 Iridium, Osmium And Ruthenium, Semimanufactured",Thailand,2023,6500,6500.0
"711049 Iridium, Osmium And Ruthenium, Semimanufactured",Singapore,2023,79778,79778.0
"711049 Iridium, Osmium And Ruthenium, Semimanufactured","Korea, South",2023,4735,4735.0
"711049 Iridium, Osmium And Ruthenium, Semimanufactured",Taiwan,2023,7800,7800.0
"711049 Iridium, Osmium And Ruthenium, Semimanufactured",Japan,2023,6005130,6005130.0
"711049 Iridium, Osmium And Ruthenium, Semimanufactured",Philippines,2024,9548,9548.0
"711049 Iridium, Osmium And Ruthenium, Semimanufactured",Japan,2024,4431181,4431181.0
"711049 Iridium, Osmium And Ruthenium, Semimanufactured",Singapore,2025 through June,1116612,1116612.0
"711049 Iridium, Osmium And Ruthenium, Semimanufactured",Japan,2025 through June,3203891,3203891.0
850511 Permanent Magnets Made Of Metal,Thailand,2021,792057,792057.0
850511 Permanent Magnets Made Of Metal,Vietnam,2021,169873,178933.0
850511 Permanent Magnets Made Of Metal,Cambodia,2021,99111,99111.0
850511 Permanent Magnets Made Of Metal,Malaysia,2021,59475,59475.0
850511 Permanent Magnets Made Of Metal,Singapore,2021,107540,107540.0
850511 Permanent Magnets Made Of Metal,Indonesia,2021,313127,313127.0
850511 Permanent Magnets Made Of Metal,Philippines,2021,17448912,17448912.0
850511 Permanent Magnets Made Of Metal,"Korea, South",2021,7572194,7572194.0
850511 Permanent Magnets Made Of Metal,Hong Kong,2021,121914,121914.0
850511 Permanent Magnets Made Of Metal,Taiwan,2021,5871691,5871691.0
850511 Permanent Magnets Made Of Metal,Japan,2021,32624891,26832950.0
850511 Permanent Magnets Made Of Metal,Thailand,2022,649108,649108.0
850511 Permanent Magnets Made Of Metal,Vietnam,2022,402418,402418.0
850511 Permanent Magnets Made Of Metal,Malaysia,2022,918603,918603.0
850511 Permanent Magnets Made Of Metal,Singapore,2022,362500,362500.0
850511 Permanent Magnets Made Of Metal,Indonesia,2022,5459356,5459356.0
850511 Permanent Magnets Made Of Metal,Philippines,2022,6684226,6684226.0
850511 Permanent Magnets Made Of Metal,Mongolia,2022,3465,3465.0
850511 Permanent Magnets Made Of Metal,"Korea, South",2022,9420323,9420323.0
850511 Permanent Magnets Made Of Metal,Hong Kong,2022,192556,192556.0
850511 Permanent Magnets Made Of Metal,Taiwan,2022,9398504,9398504.0
850511 Permanent Magnets Made Of Metal,Japan,2022,35192544,27550492.0
850511 Permanent Magnets Made Of Metal,Thailand,2023,258250,258250.0
850511 Permanent Magnets Made Of Metal,Vietnam,2023,566890,566890.0
850511 Permanent Magnets Made Of Metal,Cambodia,2023,46987,46987.0
850511 Permanent Magnets Made Of Metal,Malaysia,2023,693147,693147.0
850511 Permanent Magnets Made Of Metal,Singapore,2023,657579,657579.0
850511 Permanent Magnets Made Of Metal,Indonesia,2023,5476178,5481162.0
850511 Permanent Magnets Made Of Metal,Philippines,2023,6905136,7200462.0
850511 Permanent Magnets Made Of Metal,"Korea, South",2023,4247866,4247866.0
850511 Permanent Magnets Made Of Metal,Hong Kong,2023,46662,46662.0
850511 Permanent Magnets Made Of Metal,Taiwan,2023,6924633,6922463.0
850511 Permanent Magnets Made Of Metal,Japan,2023,26631388,18309527.0
850511 Permanent Magnets Made Of Metal,Thailand,2024,274666,274666.0
850511 Permanent Magnets Made Of Metal,Vietnam,2024,1069338,976296.0
850511 Permanent Magnets Made Of Metal,Cambodia,2024,200231,185666.0
850511 Permanent Magnets Made Of Metal,Malaysia,2024,1670265,1670265.0
850511 Permanent Magnets Made Of Metal,Singapore,2024,1753736,1753736.0
850511 Permanent Magnets Made Of Metal,Indonesia,2024,6185995,6185995.0
850511 Permanent Magnets Made Of Metal,Philippines,2024,8894106,9198547.0
850511 Permanent Magnets Made Of Metal,"Korea, South",2024,9811059,9765197.0
850511 Permanent Magnets Made Of Metal,Hong Kong,2024,72198,72198.0
850511 Permanent Magnets Made Of Metal,Taiwan,2024,7562302,7553622.0
850511 Permanent Magnets Made Of Metal,Japan,2024,19781902,14672007.0
850511 Permanent Magnets Made Of Metal,Thailand,2025 through June,224345,224345.0
850511 Permanent Magnets Made Of Metal,Vietnam,2025 through June,545050,372735.0
850511 Permanent Magnets Made Of Metal,Cambodia,2025 through June,141337,141337.0
850511 Permanent Magnets Made Of Metal,Malaysia,2025 through June,569578,569578.0
850511 Permanent Magnets Made Of Metal,Singapore,2025 through June,253272,253272.0
850511 Permanent Magnets Made Of Metal,Indonesia,2025 through June,3548515,3548515.0
850511 Permanent Magnets Made Of Metal,Philippines,2025 through June,2713846,2713846.0
850511 Permanent Magnets Made Of Metal,"Korea, South",2025 through June,2025619,2071679.0
850511 Permanent Magnets Made Of Metal,Hong Kong,2025 through June,4320,4320.0
850511 Permanent Magnets Made Of Metal,Taiwan,2025 through June,4090307,4090307.0
850511 Permanent Magnets Made Of Metal,Japan,2025 through June,9537798,7893805.0
"850650 Primary Cells And Batteries, Lithium",Thailand,2021,996749,993961.0
"850650 Primary Cells And Batteries, Lithium",Vietnam,2021,51139,51139.0
"850650 Primary Cells And Batteries, Lithium",Malaysia,2021,709423,816660.0
"850650 Primary Cells And Batteries, Lithium",Singapore,2021,81805108,86261479.0
"850650 Primary Cells And Batteries, Lithium",Indonesia,2021,19463294,19190081.0
"850650 Primary Cells And Batteries, Lithium",Philippines,2021,142090,142090.0
"850650 Primary Cells And Batteries, Lithium","Korea, South",2021,18840168,18836923.0
"850650 Primary Cells And Batteries, Lithium",Hong Kong,2021,1192173,1192173.0
"850650 Primary Cells And Batteries, Lithium",Taiwan,2021,5305689,5305130.0
"850650 Primary Cells And Batteries, Lithium",Japan,2021,42746631,42700577.0
"850650 Primary Cells And Batteries, Lithium",Thailand,2022,1320547,1320547.0
"850650 Primary Cells And Batteries, Lithium",Vietnam,2022,90138,90138.0
"850650 Primary Cells And Batteries, Lithium",Malaysia,2022,1167895,1245814.0
"850650 Primary Cells And Batteries, Lithium",Singapore,2022,83096611,83618805.0
"850650 Primary Cells And Batteries, Lithium",Indonesia,2022,28399903,36446561.0
"850650 Primary Cells And Batteries, Lithium",Philippines,2022,183444,183444.0
"850650 Primary Cells And Batteries, Lithium","Korea, South",2022,25140061,25140061.0
"850650 Primary Cells And Batteries, Lithium",Hong Kong,2022,558150,558150.0
"850650 Primary Cells And Batteries, Lithium",Taiwan,2022,8105260,8105260.0
"850650 Primary Cells And Batteries, Lithium",Japan,2022,50696859,50963717.0
"850650 Primary Cells And Batteries, Lithium",Thailand,2023,2230121,2224619.0
"850650 Primary Cells And Batteries, Lithium",Vietnam,2023,100956,95099.0
"850650 Primary Cells And Batteries, Lithium",Malaysia,2023,1577812,1529937.0
"850650 Primary Cells And Batteries, Lithium",Singapore,2023,115767346,115614114.0
"850650 Primary Cells And Batteries, Lithium",Indonesia,2023,25220121,32281412.0
"850650 Primary Cells And Batteries, Lithium",Philippines,2023,163418,167027.0
"850650 Primary Cells And Batteries, Lithium","Korea, South",2023,29642160,29642160.0
"850650 Primary Cells And Batteries, Lithium",Hong Kong,2023,630249,645649.0
"850650 Primary Cells And Batteries, Lithium",Taiwan,2023,5982492,5982492.0
"850650 Primary Cells And Batteries, Lithium",Japan,2023,37312330,38111757.0
"850650 Primary Cells And Batteries, Lithium",Thailand,2024,2070619,2070619.0
"850650 Primary Cells And Batteries, Lithium",Vietnam,2024,1253850,1250561.0
"850650 Primary Cells And Batteries, Lithium",Malaysia,2024,1368460,1248961.0
"850650 Primary Cells And Batteries, Lithium",Singapore,2024,73322500,75821037.0
"850650 Primary Cells And Batteries, Lithium",Indonesia,2024,25288668,33566571.0
"850650 Primary Cells And Batteries, Lithium",Philippines,2024,1024288,1026901.0
"850650 Primary Cells And Batteries, Lithium","Korea, South",2024,31655176,31655176.0
"850650 Primary Cells And Batteries, Lithium",Hong Kong,2024,222327,222327.0
"850650 Primary Cells And Batteries, Lithium",Taiwan,2024,2928923,2928923.0
"850650 Primary Cells And Batteries, Lithium",Japan,2024,39048149,40127694.0
"850650 Primary Cells And Batteries, Lithium",Thailand,2025 through June,1062973,1062973.0
"850650 Primary Cells And Batteries, Lithium",Vietnam,2025 through June,662071,662071.0
"850650 Primary Cells And Batteries, Lithium",Malaysia,2025 through June,388703,439829.0
"850650 Primary Cells And Batteries, Lithium",Singapore,2025 through June,28665432,28667842.0
"850650 Primary Cells And Batteries, Lithium",Indonesia,2025 through June,14658607,17932297.0
"850650 Primary Cells And Batteries, Lithium",Philippines,2025 through June,103163,105641.0
"850650 Primary Cells And Batteries, Lithium","Korea, South",2025 through June,17722081,17722081.0
"850650 Primary Cells And Batteries, Lithium",Hong Kong,2025 through June,73238,73238.0
"850650 Primary Cells And Batteries, Lithium",Taiwan,2025 through June,2306612,2306612.0
"850650 Primary Cells And Batteries, Lithium",Japan,2025 through June,22785478,23067421.0
