Commodities,Countries,Time,Customs Value (Gen) ($US) (Default Member),Customs Value (Cons) ($US),CategoryType
76 Aluminum And Articles Thereof,Singapore,2004,8362804,8362804.0,Refined/Articles
75 Nickel And Articles Thereof,Indonesia,2005,87769,87769.0,Refined/Articles
80 Tin And Articles Thereof,Vietnam,2004,79328,79328.0,Refined/Articles
76 Aluminum And Articles Thereof,Indonesia,2008,100887748,100887748.0,Refined/Articles
80 Tin And Articles Thereof,Philippines,2008,268413,268413.0,Refined/Articles
76 Aluminum And Articles Thereof,Brunei,2002,305234,305234.0,Refined/Articles
76 Aluminum And Articles Thereof,Indonesia,2004,35426206,35411822.0,Refined/Articles
74 Copper And Articles Thereof,Malaysia,2004,38674157,38674157.0,Refined/Articles
74 Copper And Articles Thereof,Brunei,2004,35149,35149.0,Refined/Articles
76 Aluminum And Articles Thereof,Philippines,2009,1840574,1414353.0,Refined/Articles
74 Copper And Articles Thereof,Vietnam,2003,117824,117824.0,Refined/Articles
76 Aluminum And Articles Thereof,Thailand,2006,170842404,170780234.0,Refined/Articles
76 Aluminum And Articles Thereof,Vietnam,2008,2161902,2161902.0,Refined/Articles
80 Tin And Articles Thereof,Thailand,2005,2518227,2518227.0,Refined/Articles
74 Copper And Articles Thereof,Malaysia,2002,18893299,17493027.0,Refined/Articles
76 Aluminum And Articles Thereof,Singapore,2007,32619914,32626364.0,Refined/Articles
74 Copper And Articles Thereof,Philippines,2010,2314108,2314108.0,Refined/Articles
74 Copper And Articles Thereof,Singapore,2002,1971544,1899888.0,Refined/Articles
75 Nickel And Articles Thereof,Thailand,2002,75386,75386.0,Refined/Articles
75 Nickel And Articles Thereof,Indonesia,2001,94375,,Refined/Articles
76 Aluminum And Articles Thereof,Malaysia,2008,24157791,24157791.0,Refined/Articles
75 Nickel And Articles Thereof,Indonesia,2003,338863,338863.0,Refined/Articles
80 Tin And Articles Thereof,Thailand,2002,1078278,1078278.0,Refined/Articles
80 Tin And Articles Thereof,Malaysia,2004,57403104,58906372.0,Refined/Articles
74 Copper And Articles Thereof,Thailand,2009,34454212,34454212.0,Refined/Articles
80 Tin And Articles Thereof,Thailand,2007,1591303,1591303.0,Refined/Articles
75 Nickel And Articles Thereof,Malaysia,2006,403102,403102.0,Refined/Articles
80 Tin And Articles Thereof,Philippines,2002,1778370,1778370.0,Refined/Articles
74 Copper And Articles Thereof,Cambodia,2009,10620,10620.0,Refined/Articles
75 Nickel And Articles Thereof,Thailand,2007,72461,72461.0,Refined/Articles
75 Nickel And Articles Thereof,Thailand,2005,64066,64066.0,Refined/Articles
75 Nickel And Articles Thereof,Indonesia,2009,209067,209067.0,Refined/Articles
74 Copper And Articles Thereof,Vietnam,2009,1942412,1942412.0,Refined/Articles
76 Aluminum And Articles Thereof,Thailand,2004,122256921,122227257.0,Refined/Articles
76 Aluminum And Articles Thereof,Indonesia,2006,116421043,116421043.0,Refined/Articles
75 Nickel And Articles Thereof,Singapore,2006,2310932,2310932.0,Refined/Articles
74 Copper And Articles Thereof,Singapore,2008,5793141,5793141.0,Refined/Articles
76 Aluminum And Articles Thereof,Singapore,2010,5885168,5885168.0,Refined/Articles
74 Copper And Articles Thereof,Vietnam,2005,357628,357628.0,Refined/Articles
75 Nickel And Articles Thereof,Malaysia,2003,124885,124885.0,Refined/Articles
80 Tin And Articles Thereof,Indonesia,2003,10265573,10265573.0,Refined/Articles
80 Tin And Articles Thereof,Singapore,2003,56688,56688.0,Refined/Articles
74 Copper And Articles Thereof,Singapore,2009,3469222,3469222.0,Refined/Articles
80 Tin And Articles Thereof,Philippines,2010,289776,289776.0,Refined/Articles
80 Tin And Articles Thereof,Thailand,2001,1030743,,Refined/Articles
75 Nickel And Articles Thereof,Malaysia,2004,77981,77981.0,Refined/Articles
74 Copper And Articles Thereof,Indonesia,2001,5288065,,Refined/Articles
80 Tin And Articles Thereof,Vietnam,2001,20612,,Refined/Articles
80 Tin And Articles Thereof,Indonesia,2001,17642421,,Refined/Articles
76 Aluminum And Articles Thereof,Philippines,2005,3226865,3226865.0,Refined/Articles
75 Nickel And Articles Thereof,Singapore,2001,4392032,,Refined/Articles
75 Nickel And Articles Thereof,Singapore,2002,354915,354915.0,Refined/Articles
74 Copper And Articles Thereof,Indonesia,2003,4468782,4468782.0,Refined/Articles
76 Aluminum And Articles Thereof,Vietnam,2003,1404678,1404678.0,Refined/Articles
76 Aluminum And Articles Thereof,Philippines,2002,2970809,2970809.0,Refined/Articles
76 Aluminum And Articles Thereof,Thailand,2009,141818140,141818140.0,Refined/Articles
75 Nickel And Articles Thereof,Indonesia,2006,1051672,1051672.0,Refined/Articles
74 Copper And Articles Thereof,Vietnam,2004,238563,238563.0,Refined/Articles
74 Copper And Articles Thereof,Thailand,2002,36603315,36442090.0,Refined/Articles
75 Nickel And Articles Thereof,Indonesia,2004,345419,345419.0,Refined/Articles
76 Aluminum And Articles Thereof,Philippines,2003,2155312,2155312.0,Refined/Articles
80 Tin And Articles Thereof,Vietnam,2006,480292,480292.0,Refined/Articles
75 Nickel And Articles Thereof,Thailand,2006,38179,38179.0,Refined/Articles
74 Copper And Articles Thereof,Burma,2001,4115,,Refined/Articles
80 Tin And Articles Thereof,Singapore,2004,424904,424904.0,Refined/Articles
75 Nickel And Articles Thereof,Malaysia,2009,252898,252898.0,Refined/Articles
76 Aluminum And Articles Thereof,Malaysia,2001,34233188,,Refined/Articles
74 Copper And Articles Thereof,Cambodia,2001,9600,,Refined/Articles
74 Copper And Articles Thereof,Singapore,2001,3014317,,Refined/Articles
76 Aluminum And Articles Thereof,Vietnam,2002,524041,524041.0,Refined/Articles
80 Tin And Articles Thereof,Vietnam,2007,143376,143376.0,Refined/Articles
80 Tin And Articles Thereof,Indonesia,2009,17832946,17832946.0,Refined/Articles
76 Aluminum And Articles Thereof,Malaysia,2010,18138857,18133574.0,Refined/Articles
74 Copper And Articles Thereof,Thailand,2010,56194275,56194275.0,Refined/Articles
76 Aluminum And Articles Thereof,Philippines,2010,2545941,2051929.0,Refined/Articles
80 Tin And Articles Thereof,Indonesia,2006,36660806,36660806.0,Refined/Articles
74 Copper And Articles Thereof,Singapore,2007,4649175,4649175.0,Refined/Articles
76 Aluminum And Articles Thereof,Singapore,2003,4443478,4443478.0,Refined/Articles
75 Nickel And Articles Thereof,Thailand,2003,43432,43432.0,Refined/Articles
80 Tin And Articles Thereof,Singapore,2005,1552866,1552866.0,Refined/Articles
74 Copper And Articles Thereof,Thailand,2005,43235408,43165865.0,Refined/Articles
75 Nickel And Articles Thereof,Singapore,2007,2496551,2496551.0,Refined/Articles
74 Copper And Articles Thereof,Philippines,2003,859560,859560.0,Refined/Articles
74 Copper And Articles Thereof,Malaysia,2006,108785788,99238342.0,Refined/Articles
75 Nickel And Articles Thereof,Malaysia,2002,56234,56234.0,Refined/Articles
76 Aluminum And Articles Thereof,Indonesia,2005,79121868,79121868.0,Refined/Articles
75 Nickel And Articles Thereof,Singapore,2008,5061935,5055458.0,Refined/Articles
75 Nickel And Articles Thereof,Thailand,2010,73117,73117.0,Refined/Articles
80 Tin And Articles Thereof,Malaysia,2003,2307704,3692306.0,Refined/Articles
74 Copper And Articles Thereof,Indonesia,2008,12421083,12421083.0,Refined/Articles
80 Tin And Articles Thereof,Vietnam,2003,348234,348234.0,Refined/Articles
80 Tin And Articles Thereof,Vietnam,2005,178487,178487.0,Refined/Articles
76 Aluminum And Articles Thereof,Vietnam,2007,6052777,6052777.0,Refined/Articles
74 Copper And Articles Thereof,Thailand,2004,43754380,43743515.0,Refined/Articles
75 Nickel And Articles Thereof,Singapore,2005,1657764,1657764.0,Refined/Articles
75 Nickel And Articles Thereof,Philippines,2006,4921,4921.0,Refined/Articles
76 Aluminum And Articles Thereof,Singapore,2006,15947634,15939035.0,Refined/Articles
75 Nickel And Articles Thereof,Thailand,2008,129131,129131.0,Refined/Articles
74 Copper And Articles Thereof,Philippines,2008,4761069,4761069.0,Refined/Articles
80 Tin And Articles Thereof,Burma,2002,5227,5227.0,Refined/Articles
80 Tin And Articles Thereof,Malaysia,2008,35119611,35119611.0,Refined/Articles
76 Aluminum And Articles Thereof,Philippines,2008,2492549,2492549.0,Refined/Articles
76 Aluminum And Articles Thereof,Thailand,2005,167697081,167656998.0,Refined/Articles
76 Aluminum And Articles Thereof,Philippines,2006,2351330,2351330.0,Refined/Articles
74 Copper And Articles Thereof,Thailand,2007,63481921,63476762.0,Refined/Articles
80 Tin And Articles Thereof,Philippines,2009,135647,135647.0,Refined/Articles
74 Copper And Articles Thereof,Malaysia,2003,19815427,19815427.0,Refined/Articles
76 Aluminum And Articles Thereof,Thailand,2002,113915666,113900545.0,Refined/Articles
74 Copper And Articles Thereof,Indonesia,2007,10982897,10982897.0,Refined/Articles
74 Copper And Articles Thereof,Cambodia,2007,2750,2750.0,Refined/Articles
74 Copper And Articles Thereof,Singapore,2003,2326457,2181892.0,Refined/Articles
80 Tin And Articles Thereof,Philippines,2006,623634,623634.0,Refined/Articles
80 Tin And Articles Thereof,Singapore,2002,195021,195021.0,Refined/Articles
75 Nickel And Articles Thereof,Philippines,2008,3806,3806.0,Refined/Articles
74 Copper And Articles Thereof,Thailand,2003,34226971,34226971.0,Refined/Articles
80 Tin And Articles Thereof,Philippines,2005,1537629,1537629.0,Refined/Articles
76 Aluminum And Articles Thereof,Indonesia,2007,139230819,139230819.0,Refined/Articles
76 Aluminum And Articles Thereof,Singapore,2005,8518037,8518037.0,Refined/Articles
74 Copper And Articles Thereof,Malaysia,2008,89894441,89901660.0,Refined/Articles
80 Tin And Articles Thereof,Vietnam,2008,72407,72407.0,Refined/Articles
76 Aluminum And Articles Thereof,Indonesia,2002,29031393,28959261.0,Refined/Articles
74 Copper And Articles Thereof,Laos,2008,15170,15170.0,Refined/Articles
76 Aluminum And Articles Thereof,Malaysia,2003,29444616,29416244.0,Refined/Articles
74 Copper And Articles Thereof,Cambodia,2005,3880,3880.0,Refined/Articles
76 Aluminum And Articles Thereof,Indonesia,2009,46127531,46127531.0,Refined/Articles
75 Nickel And Articles Thereof,Singapore,2003,13089099,13089099.0,Refined/Articles
80 Tin And Articles Thereof,Vietnam,2009,71358,71358.0,Refined/Articles
80 Tin And Articles Thereof,Thailand,2004,7280950,7280950.0,Refined/Articles
74 Copper And Articles Thereof,Singapore,2006,5915363,5915363.0,Refined/Articles
76 Aluminum And Articles Thereof,Vietnam,2001,20318,,Refined/Articles
76 Aluminum And Articles Thereof,Vietnam,2005,2316693,2316693.0,Refined/Articles
76 Aluminum And Articles Thereof,Philippines,2007,1548933,1548933.0,Refined/Articles
74 Copper And Articles Thereof,Philippines,2005,5244737,5244737.0,Refined/Articles
80 Tin And Articles Thereof,Singapore,2001,760189,,Refined/Articles
76 Aluminum And Articles Thereof,Malaysia,2005,51260358,51260358.0,Refined/Articles
75 Nickel And Articles Thereof,Indonesia,2002,301387,301387.0,Refined/Articles
80 Tin And Articles Thereof,Philippines,2007,557976,557976.0,Refined/Articles
75 Nickel And Articles Thereof,Indonesia,2010,40290,40290.0,Refined/Articles
80 Tin And Articles Thereof,Singapore,2008,15751102,15751102.0,Refined/Articles
74 Copper And Articles Thereof,Philippines,2002,1663579,1663579.0,Refined/Articles
80 Tin And Articles Thereof,Singapore,2010,15861610,18213478.0,Refined/Articles
80 Tin And Articles Thereof,Malaysia,2002,4674968,1810172.0,Refined/Articles
74 Copper And Articles Thereof,Vietnam,2006,245507,245507.0,Refined/Articles
80 Tin And Articles Thereof,Indonesia,2004,39119896,37290825.0,Refined/Articles
76 Aluminum And Articles Thereof,Malaysia,2004,52845466,52855897.0,Refined/Articles
74 Copper And Articles Thereof,Vietnam,2010,28491852,28491852.0,Refined/Articles
74 Copper And Articles Thereof,Cambodia,2003,4202,4202.0,Refined/Articles
76 Aluminum And Articles Thereof,Thailand,2003,116547555,116514702.0,Refined/Articles
74 Copper And Articles Thereof,Indonesia,2010,12856684,12856684.0,Refined/Articles
76 Aluminum And Articles Thereof,Philippines,2001,2709006,,Refined/Articles
74 Copper And Articles Thereof,Philippines,2007,2668374,2668374.0,Refined/Articles
74 Copper And Articles Thereof,Vietnam,2008,1165406,1165406.0,Refined/Articles
80 Tin And Articles Thereof,Philippines,2001,2161335,,Refined/Articles
80 Tin And Articles Thereof,Thailand,2008,37426324,37426324.0,Refined/Articles
74 Copper And Articles Thereof,Thailand,2001,38163629,,Refined/Articles
74 Copper And Articles Thereof,Thailand,2008,65837224,65810973.0,Refined/Articles
76 Aluminum And Articles Thereof,Vietnam,2004,2224382,2224382.0,Refined/Articles
80 Tin And Articles Thereof,Malaysia,2009,2714956,2714956.0,Refined/Articles
75 Nickel And Articles Thereof,Malaysia,2008,514191,514191.0,Refined/Articles
74 Copper And Articles Thereof,Philippines,2006,7206939,7206939.0,Refined/Articles
76 Aluminum And Articles Thereof,Singapore,2008,24277860,24277860.0,Refined/Articles
80 Tin And Articles Thereof,Thailand,2009,956038,956038.0,Refined/Articles
80 Tin And Articles Thereof,Philippines,2004,1454040,1454040.0,Refined/Articles
74 Copper And Articles Thereof,Philippines,2001,14507529,,Refined/Articles
76 Aluminum And Articles Thereof,Thailand,2008,191943870,191943870.0,Refined/Articles
74 Copper And Articles Thereof,Vietnam,2007,166393,166393.0,Refined/Articles
76 Aluminum And Articles Thereof,Vietnam,2006,5614471,5614471.0,Refined/Articles
76 Aluminum And Articles Thereof,Malaysia,2009,18014589,18007059.0,Refined/Articles
76 Aluminum And Articles Thereof,Vietnam,2009,2244335,2244335.0,Refined/Articles
74 Copper And Articles Thereof,Singapore,2005,2444110,2444110.0,Refined/Articles
80 Tin And Articles Thereof,Indonesia,2008,30872360,30872360.0,Refined/Articles
76 Aluminum And Articles Thereof,Malaysia,2002,16590161,16508873.0,Refined/Articles
74 Copper And Articles Thereof,Laos,2001,20671,,Refined/Articles
74 Copper And Articles Thereof,Philippines,2004,1499055,1499055.0,Refined/Articles
80 Tin And Articles Thereof,Singapore,2006,12342289,12342289.0,Refined/Articles
80 Tin And Articles Thereof,Thailand,2006,3247874,3247874.0,Refined/Articles
76 Aluminum And Articles Thereof,Thailand,2001,114463943,,Refined/Articles
74 Copper And Articles Thereof,Malaysia,2001,19395332,,Refined/Articles
76 Aluminum And Articles Thereof,Philippines,2004,3368107,3368107.0,Refined/Articles
80 Tin And Articles Thereof,Thailand,2010,34540096,31778133.0,Refined/Articles
80 Tin And Articles Thereof,Indonesia,2002,11645289,11645289.0,Refined/Articles
74 Copper And Articles Thereof,Indonesia,2006,11621339,11621339.0,Refined/Articles
74 Copper And Articles Thereof,Cambodia,2006,11000,11000.0,Refined/Articles
74 Copper And Articles Thereof,Indonesia,2002,4694735,4694735.0,Refined/Articles
75 Nickel And Articles Thereof,Thailand,2009,442661,442661.0,Refined/Articles
74 Copper And Articles Thereof,Vietnam,2002,67518,67518.0,Refined/Articles
76 Aluminum And Articles Thereof,Indonesia,2001,42792916,,Refined/Articles
74 Copper And Articles Thereof,Indonesia,2009,11420995,11420995.0,Refined/Articles
80 Tin And Articles Thereof,Malaysia,2006,4095040,4095040.0,Refined/Articles
80 Tin And Articles Thereof,Indonesia,2005,37364156,37364156.0,Refined/Articles
75 Nickel And Articles Thereof,Malaysia,2005,3132,3132.0,Refined/Articles
75 Nickel And Articles Thereof,Singapore,2004,1130065,1130065.0,Refined/Articles
80 Tin And Articles Thereof,Thailand,2003,937573,937573.0,Refined/Articles
74 Copper And Articles Thereof,Malaysia,2010,97763043,97763043.0,Refined/Articles
74 Copper And Articles Thereof,Laos,2006,2800,2800.0,Refined/Articles
80 Tin And Articles Thereof,Singapore,2009,5658733,5658733.0,Refined/Articles
76 Aluminum And Articles Thereof,Vietnam,2010,10359914,10359914.0,Refined/Articles
74 Copper And Articles Thereof,Malaysia,2007,123052282,113421675.0,Refined/Articles
74 Copper And Articles Thereof,Malaysia,2005,55517851,53446653.0,Refined/Articles
75 Nickel And Articles Thereof,Singapore,2010,36680768,36680768.0,Refined/Articles
76 Aluminum And Articles Thereof,Singapore,2009,10890765,10890765.0,Refined/Articles
75 Nickel And Articles Thereof,Thailand,2001,85898,,Refined/Articles
76 Aluminum And Articles Thereof,Indonesia,2010,184901104,184901104.0,Refined/Articles
74 Copper And Articles Thereof,Laos,2010,3995,3995.0,Refined/Articles
76 Aluminum And Articles Thereof,Indonesia,2003,32912698,32851778.0,Refined/Articles
75 Nickel And Articles Thereof,Indonesia,2008,382210,382210.0,Refined/Articles
80 Tin And Articles Thereof,Indonesia,2010,37935048,37935048.0,Refined/Articles
76 Aluminum And Articles Thereof,Malaysia,2006,35126504,35126504.0,Refined/Articles
75 Nickel And Articles Thereof,Malaysia,2001,145191,,Refined/Articles
74 Copper And Articles Thereof,Singapore,2004,2970590,2165593.0,Refined/Articles
76 Aluminum And Articles Thereof,Singapore,2001,3328233,,Refined/Articles
75 Nickel And Articles Thereof,Indonesia,2007,1605002,1605002.0,Refined/Articles
74 Copper And Articles Thereof,Cambodia,2008,7416,7416.0,Refined/Articles
76 Aluminum And Articles Thereof,Singapore,2002,2755196,2746209.0,Refined/Articles
75 Nickel And Articles Thereof,Malaysia,2010,2468496,2468496.0,Refined/Articles
80 Tin And Articles Thereof,Singapore,2007,26082892,26082892.0,Refined/Articles
80 Tin And Articles Thereof,Vietnam,2010,4090217,4090217.0,Refined/Articles
80 Tin And Articles Thereof,Philippines,2003,1411799,1411799.0,Refined/Articles
74 Copper And Articles Thereof,Philippines,2009,1439437,1439437.0,Refined/Articles
80 Tin And Articles Thereof,Indonesia,2007,19256727,19256727.0,Refined/Articles
74 Copper And Articles Thereof,Thailand,2006,64003201,64003201.0,Refined/Articles
80 Tin And Articles Thereof,Malaysia,2005,16030277,16030277.0,Refined/Articles
74 Copper And Articles Thereof,Indonesia,2005,7023517,7023517.0,Refined/Articles
80 Tin And Articles Thereof,Vietnam,2002,26810,26810.0,Refined/Articles
76 Aluminum And Articles Thereof,Cambodia,2007,168811,168811.0,Refined/Articles
76 Aluminum And Articles Thereof,Thailand,2007,169335413,169226413.0,Refined/Articles
80 Tin And Articles Thereof,Malaysia,2010,91380978,91380978.0,Refined/Articles
80 Tin And Articles Thereof,Malaysia,2001,4480760,,Refined/Articles
74 Copper And Articles Thereof,Malaysia,2009,41063942,41063942.0,Refined/Articles
74 Copper And Articles Thereof,Singapore,2010,8432609,8432609.0,Refined/Articles
76 Aluminum And Articles Thereof,Thailand,2010,195207176,194979582.0,Refined/Articles
74 Copper And Articles Thereof,Indonesia,2004,7362824,7362824.0,Refined/Articles
80 Tin And Articles Thereof,Malaysia,2007,2193411,2193411.0,Refined/Articles
75 Nickel And Articles Thereof,Thailand,2004,21728,21728.0,Refined/Articles
75 Nickel And Articles Thereof,Malaysia,2007,679314,679314.0,Refined/Articles
76 Aluminum And Articles Thereof,Malaysia,2007,33583448,33583448.0,Refined/Articles
75 Nickel And Articles Thereof,Singapore,2009,3922697,3922697.0,Refined/Articles
"8112 Beryllium,chromium,hafnium,rhenium Etc & Articles",Malaysia,2010,333600,333600.0,Refined/Articles
"3910 Silicones, In Primary Forms",Vietnam,2010,16385,16385.0,Other
2504 Natural Graphite,Thailand,2007,3822,3822.0,Other
7225 Fl-rl Alloy Steel Nesoi Nun 600mm Wide,Thailand,2001,429796,,Other
"3910 Silicones, In Primary Forms",Singapore,2003,6110,6110.0,Other
"8108 Titanium & Articles Thereof, Includ Waste & Scrap",Thailand,2010,107017,107017.0,Refined/Articles
"8112 Beryllium,chromium,hafnium,rhenium Etc & Articles",Thailand,2004,7971,7971.0,Refined/Articles
"8112 Beryllium,chromium,hafnium,rhenium Etc & Articles",Thailand,2002,13177,13177.0,Refined/Articles
"8105 Cobalt Mattes Etc, Cobalt & Art, Inc Waste & Scrap",Malaysia,2007,124100,124100.0,Other
"3910 Silicones, In Primary Forms",Indonesia,2009,763464,763464.0,Other
"8112 Beryllium,chromium,hafnium,rhenium Etc & Articles",Malaysia,2001,19134,,Refined/Articles
"3910 Silicones, In Primary Forms",Philippines,2002,368,368.0,Other
"8105 Cobalt Mattes Etc, Cobalt & Art, Inc Waste & Scrap",Malaysia,2008,41314,41314.0,Other
7225 Fl-rl Alloy Steel Nesoi Nun 600mm Wide,Indonesia,2003,1017099,1017099.0,Other
"3910 Silicones, In Primary Forms",Malaysia,2005,29848,29848.0,Other
"8108 Titanium & Articles Thereof, Includ Waste & Scrap",Malaysia,2007,68075,68075.0,Refined/Articles
"8105 Cobalt Mattes Etc, Cobalt & Art, Inc Waste & Scrap",Singapore,2004,3758,3758.0,Other
"3910 Silicones, In Primary Forms",Singapore,2006,22381,22381.0,Other
"8105 Cobalt Mattes Etc, Cobalt & Art, Inc Waste & Scrap",Singapore,2006,42701,42701.0,Other
"8108 Titanium & Articles Thereof, Includ Waste & Scrap",Thailand,2002,41055,41055.0,Refined/Articles
"8108 Titanium & Articles Thereof, Includ Waste & Scrap",Indonesia,2010,186785,186785.0,Refined/Articles
8110 Antimony And Artcls Throf Incl Waste And Scrap,Vietnam,2008,126500,126500.0,Other
"8112 Beryllium,chromium,hafnium,rhenium Etc & Articles",Malaysia,2003,6846,6846.0,Refined/Articles
"8105 Cobalt Mattes Etc, Cobalt & Art, Inc Waste & Scrap",Malaysia,2005,3875,3875.0,Other
3801 Artificial Graphite; Collodial Graphite & Prep Etc,Thailand,2008,3939,3939.0,Other
"8108 Titanium & Articles Thereof, Includ Waste & Scrap",Indonesia,2006,576368,576368.0,Refined/Articles
"8112 Beryllium,chromium,hafnium,rhenium Etc & Articles",Singapore,2003,161288,161288.0,Refined/Articles
2614 Titanium Ores And Concentrates,Malaysia,2002,5140299,5140299.0,Ore/Raw
"8112 Beryllium,chromium,hafnium,rhenium Etc & Articles",Malaysia,2004,211889,211889.0,Refined/Articles
7225 Fl-rl Alloy Steel Nesoi Nun 600mm Wide,Thailand,2005,860355,860355.0,Other
"7110 Platinum, Unwrought, Semimfr Forms Or In Powder Fm",Thailand,2008,441051,441051.0,Other
"3910 Silicones, In Primary Forms",Philippines,2006,47377,47377.0,Other
"8105 Cobalt Mattes Etc, Cobalt & Art, Inc Waste & Scrap",Malaysia,2002,14473,14473.0,Other
2614 Titanium Ores And Concentrates,Vietnam,2003,2889488,2889488.0,Ore/Raw
2820 Manganese Oxides,Singapore,2010,245100,245100.0,Compound
2614 Titanium Ores And Concentrates,Malaysia,2008,2078762,2078762.0,Ore/Raw
"8111 Manganese And Artcles Thereof, Inc Waste And Scrap",Malaysia,2009,111233,111233.0,Other
2846 Rare-earth Metal Compounds Of Yttrium Or Scandium,Malaysia,2007,6457,6457.0,Compound
"8112 Beryllium,chromium,hafnium,rhenium Etc & Articles",Singapore,2006,1247919,1247919.0,Refined/Articles
"7110 Platinum, Unwrought, Semimfr Forms Or In Powder Fm",Singapore,2008,361200,361200.0,Other
"8108 Titanium & Articles Thereof, Includ Waste & Scrap",Singapore,2005,1119318,1119318.0,Refined/Articles
7225 Fl-rl Alloy Steel Nesoi Nun 600mm Wide,Indonesia,2002,515078,515078.0,Other
"8108 Titanium & Articles Thereof, Includ Waste & Scrap",Thailand,2008,204091,204091.0,Refined/Articles
"7110 Platinum, Unwrought, Semimfr Forms Or In Powder Fm",Thailand,2010,21832,21832.0,Other
3801 Artificial Graphite; Collodial Graphite & Prep Etc,Indonesia,2008,37940,37940.0,Other
"3910 Silicones, In Primary Forms",Malaysia,2006,4913,4913.0,Other
"8108 Titanium & Articles Thereof, Includ Waste & Scrap",Singapore,2010,1093167,1093167.0,Refined/Articles
3801 Artificial Graphite; Collodial Graphite & Prep Etc,Indonesia,2004,39914,39914.0,Other
"8108 Titanium & Articles Thereof, Includ Waste & Scrap",Singapore,2006,3247772,3247772.0,Refined/Articles
"3910 Silicones, In Primary Forms",Thailand,2007,27205058,27205058.0,Other
"8112 Beryllium,chromium,hafnium,rhenium Etc & Articles",Malaysia,2007,87560,87560.0,Refined/Articles
"7110 Platinum, Unwrought, Semimfr Forms Or In Powder Fm",Singapore,2003,49212,49212.0,Other
2820 Manganese Oxides,Singapore,2008,206150,206150.0,Compound
7225 Fl-rl Alloy Steel Nesoi Nun 600mm Wide,Malaysia,2004,7546,7546.0,Other
8110 Antimony And Artcls Throf Incl Waste And Scrap,Vietnam,2001,26128,,Other
"8108 Titanium & Articles Thereof, Includ Waste & Scrap",Philippines,2006,10979,10979.0,Refined/Articles
2604 Nickel Ores And Concentrates,Indonesia,2002,3200,3200.0,Ore/Raw
"8112 Beryllium,chromium,hafnium,rhenium Etc & Articles",Indonesia,2006,2568,2568.0,Refined/Articles
2614 Titanium Ores And Concentrates,Malaysia,2006,4301600,4301600.0,Ore/Raw
"3910 Silicones, In Primary Forms",Philippines,2009,2340,2340.0,Other
"8112 Beryllium,chromium,hafnium,rhenium Etc & Articles",Malaysia,2006,6900,6900.0,Refined/Articles
"8112 Beryllium,chromium,hafnium,rhenium Etc & Articles",Singapore,2007,261112,261112.0,Refined/Articles
7225 Fl-rl Alloy Steel Nesoi Nun 600mm Wide,Indonesia,2004,14616,14616.0,Other
"7110 Platinum, Unwrought, Semimfr Forms Or In Powder Fm",Singapore,2006,1726555,1726555.0,Other
"3910 Silicones, In Primary Forms",Vietnam,2008,4322,4322.0,Other
2614 Titanium Ores And Concentrates,Malaysia,2009,2920983,2920983.0,Ore/Raw
"8105 Cobalt Mattes Etc, Cobalt & Art, Inc Waste & Scrap",Thailand,2003,2269,2269.0,Other
7225 Fl-rl Alloy Steel Nesoi Nun 600mm Wide,Thailand,2007,6108826,6108826.0,Other
"3910 Silicones, In Primary Forms",Philippines,2010,171976,171976.0,Other
8110 Antimony And Artcls Throf Incl Waste And Scrap,Vietnam,2003,88257,88257.0,Other
"8112 Beryllium,chromium,hafnium,rhenium Etc & Articles",Laos,2010,46014,46014.0,Refined/Articles
3801 Artificial Graphite; Collodial Graphite & Prep Etc,Singapore,2001,2500,,Other
"7110 Platinum, Unwrought, Semimfr Forms Or In Powder Fm",Thailand,2007,19501,19501.0,Other
2820 Manganese Oxides,Indonesia,2006,74516,74516.0,Compound
"8105 Cobalt Mattes Etc, Cobalt & Art, Inc Waste & Scrap",Singapore,2005,92112,92112.0,Other
"8112 Beryllium,chromium,hafnium,rhenium Etc & Articles",Thailand,2010,203902,203902.0,Refined/Articles
"8108 Titanium & Articles Thereof, Includ Waste & Scrap",Thailand,2001,23408,,Refined/Articles
"3910 Silicones, In Primary Forms",Singapore,2007,9195,9195.0,Other
"7110 Platinum, Unwrought, Semimfr Forms Or In Powder Fm",Singapore,2005,5124190,5124190.0,Other
7225 Fl-rl Alloy Steel Nesoi Nun 600mm Wide,Malaysia,2007,137526,137526.0,Other
"2801 Fluorine, Chlorine, Bromine & Iodine",Singapore,2008,4000,4000.0,Other
"8112 Beryllium,chromium,hafnium,rhenium Etc & Articles",Singapore,2004,144786,144786.0,Refined/Articles
"3910 Silicones, In Primary Forms",Indonesia,2005,660,660.0,Other
2614 Titanium Ores And Concentrates,Vietnam,2002,1181212,1181212.0,Ore/Raw
"8105 Cobalt Mattes Etc, Cobalt & Art, Inc Waste & Scrap",Philippines,2008,4843,4843.0,Other
2603 Copper Ores And Concentrates,Indonesia,2002,5723332,5723332.0,Ore/Raw
3801 Artificial Graphite; Collodial Graphite & Prep Etc,Indonesia,2006,16499,16499.0,Other
"8108 Titanium & Articles Thereof, Includ Waste & Scrap",Singapore,2008,914773,914773.0,Refined/Articles
"3910 Silicones, In Primary Forms",Malaysia,2009,50030,50030.0,Other
"8112 Beryllium,chromium,hafnium,rhenium Etc & Articles",Singapore,2008,665849,665849.0,Refined/Articles
7225 Fl-rl Alloy Steel Nesoi Nun 600mm Wide,Indonesia,2001,22775,,Other
"3910 Silicones, In Primary Forms",Philippines,2008,252,252.0,Other
"3910 Silicones, In Primary Forms",Thailand,2010,27474943,26660260.0,Other
"8105 Cobalt Mattes Etc, Cobalt & Art, Inc Waste & Scrap",Thailand,2007,278051,278051.0,Other
"3910 Silicones, In Primary Forms",Thailand,2009,21284523,21050706.0,Other
2846 Rare-earth Metal Compounds Of Yttrium Or Scandium,Malaysia,2008,10944,10944.0,Compound
7225 Fl-rl Alloy Steel Nesoi Nun 600mm Wide,Malaysia,2002,8500,8500.0,Other
3801 Artificial Graphite; Collodial Graphite & Prep Etc,Malaysia,2010,633183,633183.0,Other
"8112 Beryllium,chromium,hafnium,rhenium Etc & Articles",Malaysia,2009,72687,72687.0,Refined/Articles
"8112 Beryllium,chromium,hafnium,rhenium Etc & Articles",Singapore,2010,524567,524567.0,Refined/Articles
"8108 Titanium & Articles Thereof, Includ Waste & Scrap",Singapore,2002,113741,113741.0,Refined/Articles
"3910 Silicones, In Primary Forms",Philippines,2001,3141,,Other
"8108 Titanium & Articles Thereof, Includ Waste & Scrap",Thailand,2007,219651,219651.0,Refined/Articles
"8112 Beryllium,chromium,hafnium,rhenium Etc & Articles",Thailand,2009,81057,81057.0,Refined/Articles
3801 Artificial Graphite; Collodial Graphite & Prep Etc,Singapore,2003,2340,2340.0,Other
"8108 Titanium & Articles Thereof, Includ Waste & Scrap",Singapore,2009,391748,391748.0,Refined/Articles
"8108 Titanium & Articles Thereof, Includ Waste & Scrap",Thailand,2009,527447,527447.0,Refined/Articles
7225 Fl-rl Alloy Steel Nesoi Nun 600mm Wide,Thailand,2004,7539,7539.0,Other
"8108 Titanium & Articles Thereof, Includ Waste & Scrap",Thailand,2005,265177,265177.0,Refined/Articles
"3910 Silicones, In Primary Forms",Singapore,2004,18331,18331.0,Other
"7110 Platinum, Unwrought, Semimfr Forms Or In Powder Fm",Indonesia,2006,64400,64400.0,Other
"8112 Beryllium,chromium,hafnium,rhenium Etc & Articles",Singapore,2005,1721963,1721963.0,Refined/Articles
"3910 Silicones, In Primary Forms",Thailand,2008,30558230,30558230.0,Other
"3910 Silicones, In Primary Forms",Malaysia,2010,9348,9348.0,Other
3801 Artificial Graphite; Collodial Graphite & Prep Etc,Malaysia,2005,31389,31389.0,Other
8110 Antimony And Artcls Throf Incl Waste And Scrap,Vietnam,2010,632961,632961.0,Other
"8105 Cobalt Mattes Etc, Cobalt & Art, Inc Waste & Scrap",Singapore,2007,188927,188927.0,Other
7226 Fl-rl Alloy Steel Nesoi Un 600mm Wide,Singapore,2006,6000,6000.0,Other
2614 Titanium Ores And Concentrates,Malaysia,2001,6557518,,Ore/Raw
"8108 Titanium & Articles Thereof, Includ Waste & Scrap",Malaysia,2010,20076,20076.0,Refined/Articles
"8108 Titanium & Articles Thereof, Includ Waste & Scrap",Singapore,2001,33710,,Refined/Articles
"2801 Fluorine, Chlorine, Bromine & Iodine",Thailand,2001,20100,,Other
"3910 Silicones, In Primary Forms",Indonesia,2004,4874,4874.0,Other
"8108 Titanium & Articles Thereof, Includ Waste & Scrap",Singapore,2007,3556303,3556303.0,Refined/Articles
"8112 Beryllium,chromium,hafnium,rhenium Etc & Articles",Vietnam,2007,3357,3357.0,Refined/Articles
"3910 Silicones, In Primary Forms",Malaysia,2008,280585,280585.0,Other
"8108 Titanium & Articles Thereof, Includ Waste & Scrap",Philippines,2004,31833,31833.0,Refined/Articles
"8105 Cobalt Mattes Etc, Cobalt & Art, Inc Waste & Scrap",Malaysia,2010,134434,134434.0,Other
"7110 Platinum, Unwrought, Semimfr Forms Or In Powder Fm",Philippines,2010,3576,3576.0,Other
"3910 Silicones, In Primary Forms",Malaysia,2004,575,575.0,Other
"3910 Silicones, In Primary Forms",Singapore,2009,269537,269537.0,Other
"3910 Silicones, In Primary Forms",Singapore,2010,27918,25643.0,Other
"8112 Beryllium,chromium,hafnium,rhenium Etc & Articles",Indonesia,2009,24203,24203.0,Refined/Articles
"8105 Cobalt Mattes Etc, Cobalt & Art, Inc Waste & Scrap",Thailand,2006,57669,57669.0,Other
"8105 Cobalt Mattes Etc, Cobalt & Art, Inc Waste & Scrap",Thailand,2008,135002,135002.0,Other
"8108 Titanium & Articles Thereof, Includ Waste & Scrap",Thailand,2004,168493,168493.0,Refined/Articles
"7110 Platinum, Unwrought, Semimfr Forms Or In Powder Fm",Singapore,2007,12347364,12347364.0,Other
"7110 Platinum, Unwrought, Semimfr Forms Or In Powder Fm",Philippines,2009,6638,6638.0,Other
"7110 Platinum, Unwrought, Semimfr Forms Or In Powder Fm",Singapore,2002,52316,52316.0,Other
"8108 Titanium & Articles Thereof, Includ Waste & Scrap",Malaysia,2009,3087,3087.0,Refined/Articles
8110 Antimony And Artcls Throf Incl Waste And Scrap,Vietnam,2002,46225,46225.0,Other
"3910 Silicones, In Primary Forms",Philippines,2003,28072,28072.0,Other
"8108 Titanium & Articles Thereof, Includ Waste & Scrap",Indonesia,2008,46152,46152.0,Refined/Articles
"7110 Platinum, Unwrought, Semimfr Forms Or In Powder Fm",Thailand,2005,25314,25314.0,Other
"8105 Cobalt Mattes Etc, Cobalt & Art, Inc Waste & Scrap",Thailand,2010,145236,145236.0,Other
"7110 Platinum, Unwrought, Semimfr Forms Or In Powder Fm",Malaysia,2010,2471,2471.0,Other
2614 Titanium Ores And Concentrates,Malaysia,2007,2426300,2426300.0,Ore/Raw
"8105 Cobalt Mattes Etc, Cobalt & Art, Inc Waste & Scrap",Indonesia,2008,52272,52272.0,Other
"7110 Platinum, Unwrought, Semimfr Forms Or In Powder Fm",Philippines,2003,327254,327254.0,Other
3801 Artificial Graphite; Collodial Graphite & Prep Etc,Indonesia,2007,177992,177992.0,Other
"8112 Beryllium,chromium,hafnium,rhenium Etc & Articles",Indonesia,2007,6350,6350.0,Refined/Articles
"8111 Manganese And Artcles Thereof, Inc Waste And Scrap",Vietnam,2009,190208,190208.0,Other
"3910 Silicones, In Primary Forms",Malaysia,2003,4200,4200.0,Other
"3910 Silicones, In Primary Forms",Singapore,2005,23956,23956.0,Other
"7110 Platinum, Unwrought, Semimfr Forms Or In Powder Fm",Thailand,2009,9554,9554.0,Other
"8112 Beryllium,chromium,hafnium,rhenium Etc & Articles",Singapore,2002,30079,30079.0,Refined/Articles
2846 Rare-earth Metal Compounds Of Yttrium Or Scandium,Malaysia,2002,3766,3766.0,Compound
"8111 Manganese And Artcles Thereof, Inc Waste And Scrap",Vietnam,2010,3011455,3011455.0,Other
2614 Titanium Ores And Concentrates,Malaysia,2003,4899519,4899519.0,Ore/Raw
"7110 Platinum, Unwrought, Semimfr Forms Or In Powder Fm",Thailand,2006,149333,149333.0,Other
"8111 Manganese And Artcles Thereof, Inc Waste And Scrap",Malaysia,2001,11112,,Other
3801 Artificial Graphite; Collodial Graphite & Prep Etc,Thailand,2007,6780,6780.0,Other
"8112 Beryllium,chromium,hafnium,rhenium Etc & Articles",Malaysia,2005,5835,5835.0,Refined/Articles
"8108 Titanium & Articles Thereof, Includ Waste & Scrap",Philippines,2009,8500,8500.0,Refined/Articles
"8111 Manganese And Artcles Thereof, Inc Waste And Scrap",Vietnam,2008,46350,46350.0,Other
"8112 Beryllium,chromium,hafnium,rhenium Etc & Articles",Malaysia,2002,12776,12776.0,Refined/Articles
"8105 Cobalt Mattes Etc, Cobalt & Art, Inc Waste & Scrap",Singapore,2009,11009,11009.0,Other
2603 Copper Ores And Concentrates,Indonesia,2001,14201112,,Ore/Raw
2614 Titanium Ores And Concentrates,Malaysia,2004,2394100,2394100.0,Ore/Raw
"8112 Beryllium,chromium,hafnium,rhenium Etc & Articles",Philippines,2007,10385,10385.0,Refined/Articles
"8105 Cobalt Mattes Etc, Cobalt & Art, Inc Waste & Scrap",Singapore,2008,101847,101847.0,Other
"3910 Silicones, In Primary Forms",Vietnam,2006,11616,11616.0,Other
"8108 Titanium & Articles Thereof, Includ Waste & Scrap",Indonesia,2005,570834,570834.0,Refined/Articles
"7110 Platinum, Unwrought, Semimfr Forms Or In Powder Fm",Singapore,2001,459392,,Other
"3910 Silicones, In Primary Forms",Thailand,2005,21989060,21989060.0,Other
8110 Antimony And Artcls Throf Incl Waste And Scrap,Vietnam,2005,569000,569000.0,Other
"8105 Cobalt Mattes Etc, Cobalt & Art, Inc Waste & Scrap",Singapore,2010,117949,117949.0,Other
8110 Antimony And Artcls Throf Incl Waste And Scrap,Thailand,2003,29393,29393.0,Other
"7110 Platinum, Unwrought, Semimfr Forms Or In Powder Fm",Philippines,2002,10748,10748.0,Other
"8108 Titanium & Articles Thereof, Includ Waste & Scrap",Singapore,2004,43841,43841.0,Refined/Articles
7225 Fl-rl Alloy Steel Nesoi Nun 600mm Wide,Malaysia,2005,28595,28595.0,Other
"3910 Silicones, In Primary Forms",Thailand,2006,35856903,35856903.0,Other
3801 Artificial Graphite; Collodial Graphite & Prep Etc,Singapore,2010,57117,57117.0,Other
"8112 Beryllium,chromium,hafnium,rhenium Etc & Articles",Singapore,2009,392604,392604.0,Refined/Articles
"3910 Silicones, In Primary Forms",Singapore,2008,20834,20834.0,Other
"8112 Beryllium,chromium,hafnium,rhenium Etc & Articles",Singapore,2001,92850,,Refined/Articles
2614 Titanium Ores And Concentrates,Vietnam,2004,2752100,2752100.0,Ore/Raw
2820 Manganese Oxides,Singapore,2009,194460,194460.0,Compound
"8112 Beryllium,chromium,hafnium,rhenium Etc & Articles",Philippines,2008,11092,11092.0,Refined/Articles
8110 Antimony And Artcls Throf Incl Waste And Scrap,Vietnam,2009,590300,590300.0,Other
"3910 Silicones, In Primary Forms",Singapore,2002,98527,98527.0,Other
"8108 Titanium & Articles Thereof, Includ Waste & Scrap",Thailand,2003,221066,221066.0,Refined/Articles
7225 Fl-rl Alloy Steel Nesoi Nun 600mm Wide,Indonesia,2005,51121,51121.0,Other
"8108 Titanium & Articles Thereof, Includ Waste & Scrap",Indonesia,2004,91348,91348.0,Refined/Articles
"3910 Silicones, In Primary Forms",Thailand,2003,1616,1616.0,Other
3801 Artificial Graphite; Collodial Graphite & Prep Etc,Thailand,2006,13968,13968.0,Other
"3910 Silicones, In Primary Forms",Indonesia,2001,1483,,Other
"7110 Platinum, Unwrought, Semimfr Forms Or In Powder Fm",Philippines,2001,4510491,,Other
7225 Fl-rl Alloy Steel Nesoi Nun 600mm Wide,Thailand,2003,3379700,3379700.0,Other
"7110 Platinum, Unwrought, Semimfr Forms Or In Powder Fm",Singapore,2010,3119775,3119775.0,Other
"8111 Manganese And Artcles Thereof, Inc Waste And Scrap",Singapore,2008,2100,2100.0,Other
"8108 Titanium & Articles Thereof, Includ Waste & Scrap",Singapore,2003,19302,19302.0,Refined/Articles
"3910 Silicones, In Primary Forms",Philippines,2007,12800,12800.0,Other
"8105 Cobalt Mattes Etc, Cobalt & Art, Inc Waste & Scrap",Singapore,2003,24154,24154.0,Other
8110 Antimony And Artcls Throf Incl Waste And Scrap,Vietnam,2006,287130,287130.0,Other
"3910 Silicones, In Primary Forms",Thailand,2004,7495953,7495953.0,Other
2820 Manganese Oxides,Singapore,2007,142215,142215.0,Compound
"8112 Beryllium,chromium,hafnium,rhenium Etc & Articles",Philippines,2006,399600,399600.0,Refined/Articles
7225 Fl-rl Alloy Steel Nesoi Nun 600mm Wide,Malaysia,2006,14912,14912.0,Other
"8108 Titanium & Articles Thereof, Includ Waste & Scrap",Thailand,2006,238660,238660.0,Refined/Articles
"3910 Silicones, In Primary Forms",Indonesia,2008,639269,639269.0,Other
2614 Titanium Ores And Concentrates,Malaysia,2005,6192500,6192500.0,Ore/Raw
8110 Antimony And Artcls Throf Incl Waste And Scrap,Vietnam,2004,53000,53000.0,Other
2504 Natural Graphite,Singapore,2009,20650,20650.0,Other
"8112 Beryllium,chromium,hafnium,rhenium Etc & Articles",Philippines,2001,114653,,Refined/Articles
2614 Titanium Ores And Concentrates,Malaysia,2010,2617444,2617444.0,Ore/Raw
"3910 Silicones, In Primary Forms",Thailand,2001,3240,,Other
"8105 Cobalt Mattes Etc, Cobalt & Art, Inc Waste & Scrap",Indonesia,2006,4386,4386.0,Other
"8105 Cobalt Mattes Etc, Cobalt & Art, Inc Waste & Scrap",Thailand,2009,27660,27660.0,Other
"3910 Silicones, In Primary Forms",Singapore,2001,104469,,Other
"8112 Beryllium,chromium,hafnium,rhenium Etc & Articles",Malaysia,2008,213285,213285.0,Refined/Articles
"7110 Platinum, Unwrought, Semimfr Forms Or In Powder Fm",Philippines,2005,10000,10000.0,Other
7226 Fl-rl Alloy Steel Nesoi Un 600mm Wide,Singapore,2001,3800,,Other
"3910 Silicones, In Primary Forms",Malaysia,2002,30257,30257.0,Other
"3910 Silicones, In Primary Forms",Indonesia,2010,1310,1310.0,Other
"7110 Platinum, Unwrought, Semimfr Forms Or In Powder Fm",Philippines,2004,130000,130000.0,Other
"3910 Silicones, In Primary Forms",Malaysia,2001,20380,,Other
"8108 Titanium & Articles Thereof, Includ Waste & Scrap",Philippines,2008,5345,5345.0,Refined/Articles
8110 Antimony And Artcls Throf Incl Waste And Scrap,Vietnam,2007,842369,842369.0,Other
"8108 Titanium & Articles Thereof, Includ Waste & Scrap",Malaysia,2008,12939,12939.0,Refined/Articles
282520 Lithium Oxide And Hydroxide,Singapore,2006,3000,3000.0,Compound
282540 Nickel Oxides And Hydroxides,Philippines,2001,26954,,Compound
282540 Nickel Oxides And Hydroxides,Philippines,2003,12820,12820.0,Compound
282540 Nickel Oxides And Hydroxides,Philippines,2005,102960,102960.0,Compound
282540 Nickel Oxides And Hydroxides,Philippines,2006,55200,55200.0,Compound
282540 Nickel Oxides And Hydroxides,Philippines,2009,607645,607645.0,Compound
282540 Nickel Oxides And Hydroxides,Philippines,2010,563316,563316.0,Compound
282580 Antimony Oxides,Vietnam,2004,48800,48800.0,Compound
282580 Antimony Oxides,Vietnam,2005,4953650,4953650.0,Compound
282580 Antimony Oxides,Vietnam,2006,6604950,6604950.0,Compound
282580 Antimony Oxides,Thailand,2007,8501,8501.0,Compound
282580 Antimony Oxides,Vietnam,2007,251000,251000.0,Compound
282580 Antimony Oxides,Vietnam,2008,51000,51000.0,Compound
"711041 Iridium, Osmium And Ruthenium, Unwrought Or Powder",Singapore,2001,18806,,Other
"711041 Iridium, Osmium And Ruthenium, Unwrought Or Powder",Singapore,2005,120000,120000.0,Other
"711041 Iridium, Osmium And Ruthenium, Unwrought Or Powder",Singapore,2006,1726555,1726555.0,Other
"711041 Iridium, Osmium And Ruthenium, Unwrought Or Powder",Singapore,2007,11107364,11107364.0,Other
"711041 Iridium, Osmium And Ruthenium, Unwrought Or Powder",Singapore,2008,356000,356000.0,Other
"711049 Iridium, Osmium And Ruthenium, Semimanufactured",Singapore,2001,49495,,Other
"711049 Iridium, Osmium And Ruthenium, Semimanufactured",Thailand,2010,6071,6071.0,Other
850511 Permanent Magnets Made Of Metal,Thailand,2001,560804,,Advanced Product
850511 Permanent Magnets Made Of Metal,Malaysia,2001,682728,,Advanced Product
850511 Permanent Magnets Made Of Metal,Singapore,2001,111490,,Advanced Product
850511 Permanent Magnets Made Of Metal,Philippines,2001,745303,,Advanced Product
850511 Permanent Magnets Made Of Metal,Thailand,2002,568159,568159.0,Advanced Product
850511 Permanent Magnets Made Of Metal,Malaysia,2002,671145,671145.0,Advanced Product
850511 Permanent Magnets Made Of Metal,Singapore,2002,27905,27905.0,Advanced Product
850511 Permanent Magnets Made Of Metal,Indonesia,2002,14186,14186.0,Advanced Product
850511 Permanent Magnets Made Of Metal,Philippines,2002,691740,691740.0,Advanced Product
850511 Permanent Magnets Made Of Metal,Thailand,2003,171379,171379.0,Advanced Product
850511 Permanent Magnets Made Of Metal,Malaysia,2003,549475,549475.0,Advanced Product
850511 Permanent Magnets Made Of Metal,Singapore,2003,27054,27054.0,Advanced Product
850511 Permanent Magnets Made Of Metal,Indonesia,2003,19499,19499.0,Advanced Product
850511 Permanent Magnets Made Of Metal,Philippines,2003,506962,506962.0,Advanced Product
850511 Permanent Magnets Made Of Metal,Thailand,2004,38922,38922.0,Advanced Product
850511 Permanent Magnets Made Of Metal,Vietnam,2004,2785,2785.0,Advanced Product
850511 Permanent Magnets Made Of Metal,Malaysia,2004,179498,179498.0,Advanced Product
850511 Permanent Magnets Made Of Metal,Singapore,2004,93784,93784.0,Advanced Product
850511 Permanent Magnets Made Of Metal,Indonesia,2004,27825,27825.0,Advanced Product
850511 Permanent Magnets Made Of Metal,Philippines,2004,630758,630758.0,Advanced Product
850511 Permanent Magnets Made Of Metal,Thailand,2005,33385,33385.0,Advanced Product
850511 Permanent Magnets Made Of Metal,Vietnam,2005,30309,30309.0,Advanced Product
850511 Permanent Magnets Made Of Metal,Malaysia,2005,243277,243277.0,Advanced Product
850511 Permanent Magnets Made Of Metal,Singapore,2005,75624,75624.0,Advanced Product
850511 Permanent Magnets Made Of Metal,Indonesia,2005,41043,41043.0,Advanced Product
850511 Permanent Magnets Made Of Metal,Philippines,2005,1272799,1272799.0,Advanced Product
850511 Permanent Magnets Made Of Metal,Thailand,2006,13232,13232.0,Advanced Product
850511 Permanent Magnets Made Of Metal,Vietnam,2006,27395,27395.0,Advanced Product
850511 Permanent Magnets Made Of Metal,Malaysia,2006,1143478,1143478.0,Advanced Product
850511 Permanent Magnets Made Of Metal,Singapore,2006,151567,151567.0,Advanced Product
850511 Permanent Magnets Made Of Metal,Indonesia,2006,51859,51859.0,Advanced Product
850511 Permanent Magnets Made Of Metal,Philippines,2006,2640085,2640085.0,Advanced Product
850511 Permanent Magnets Made Of Metal,Thailand,2007,66195,66195.0,Advanced Product
850511 Permanent Magnets Made Of Metal,Vietnam,2007,17565,17565.0,Advanced Product
850511 Permanent Magnets Made Of Metal,Malaysia,2007,867315,867315.0,Advanced Product
850511 Permanent Magnets Made Of Metal,Singapore,2007,121550,121550.0,Advanced Product
850511 Permanent Magnets Made Of Metal,Indonesia,2007,79229,79229.0,Advanced Product
850511 Permanent Magnets Made Of Metal,Philippines,2007,4410328,4410328.0,Advanced Product
850511 Permanent Magnets Made Of Metal,Thailand,2008,83629,83629.0,Advanced Product
850511 Permanent Magnets Made Of Metal,Vietnam,2008,7027,7027.0,Advanced Product
850511 Permanent Magnets Made Of Metal,Malaysia,2008,457508,457508.0,Advanced Product
850511 Permanent Magnets Made Of Metal,Singapore,2008,94990,94990.0,Advanced Product
850511 Permanent Magnets Made Of Metal,Indonesia,2008,64822,64822.0,Advanced Product
850511 Permanent Magnets Made Of Metal,Philippines,2008,4467465,4467465.0,Advanced Product
850511 Permanent Magnets Made Of Metal,Thailand,2009,131344,131344.0,Advanced Product
850511 Permanent Magnets Made Of Metal,Vietnam,2009,23810,23810.0,Advanced Product
850511 Permanent Magnets Made Of Metal,Malaysia,2009,818059,818059.0,Advanced Product
850511 Permanent Magnets Made Of Metal,Singapore,2009,33239,33239.0,Advanced Product
850511 Permanent Magnets Made Of Metal,Indonesia,2009,40799,40799.0,Advanced Product
850511 Permanent Magnets Made Of Metal,Philippines,2009,3182225,3182225.0,Advanced Product
850511 Permanent Magnets Made Of Metal,Thailand,2010,33568,33568.0,Advanced Product
850511 Permanent Magnets Made Of Metal,Vietnam,2010,44134,44134.0,Advanced Product
850511 Permanent Magnets Made Of Metal,Malaysia,2010,1100582,1100582.0,Advanced Product
850511 Permanent Magnets Made Of Metal,Singapore,2010,126976,126976.0,Advanced Product
850511 Permanent Magnets Made Of Metal,Indonesia,2010,66884,66884.0,Advanced Product
850511 Permanent Magnets Made Of Metal,Philippines,2010,9156848,9156848.0,Advanced Product
"850650 Primary Cells And Batteries, Lithium",Malaysia,2001,1237072,,Other
"850650 Primary Cells And Batteries, Lithium",Singapore,2001,502445,,Other
"850650 Primary Cells And Batteries, Lithium",Indonesia,2001,522400,,Other
"850650 Primary Cells And Batteries, Lithium",Philippines,2001,82000,,Other
"850650 Primary Cells And Batteries, Lithium",Malaysia,2002,2193725,2450445.0,Other
"850650 Primary Cells And Batteries, Lithium",Singapore,2002,518205,518205.0,Other
"850650 Primary Cells And Batteries, Lithium",Indonesia,2002,1472329,1472329.0,Other
"850650 Primary Cells And Batteries, Lithium",Philippines,2002,5104,5104.0,Other
"850650 Primary Cells And Batteries, Lithium",Thailand,2003,2141,2141.0,Other
"850650 Primary Cells And Batteries, Lithium",Malaysia,2003,1785532,2159912.0,Other
"850650 Primary Cells And Batteries, Lithium",Singapore,2003,1893055,1893055.0,Other
"850650 Primary Cells And Batteries, Lithium",Indonesia,2003,1401879,1401879.0,Other
"850650 Primary Cells And Batteries, Lithium",Philippines,2003,7039,7039.0,Other
"850650 Primary Cells And Batteries, Lithium",Thailand,2004,60499,60499.0,Other
"850650 Primary Cells And Batteries, Lithium",Vietnam,2004,63416,63416.0,Other
"850650 Primary Cells And Batteries, Lithium",Malaysia,2004,2091131,2522196.0,Other
"850650 Primary Cells And Batteries, Lithium",Singapore,2004,2884607,2794401.0,Other
"850650 Primary Cells And Batteries, Lithium",Indonesia,2004,1349170,1349170.0,Other
"850650 Primary Cells And Batteries, Lithium",Philippines,2004,15806,15806.0,Other
"850650 Primary Cells And Batteries, Lithium",Thailand,2005,19573,19573.0,Other
"850650 Primary Cells And Batteries, Lithium",Malaysia,2005,1735050,2115941.0,Other
"850650 Primary Cells And Batteries, Lithium",Singapore,2005,1168903,1199219.0,Other
"850650 Primary Cells And Batteries, Lithium",Indonesia,2005,2460686,2492190.0,Other
"850650 Primary Cells And Batteries, Lithium",Philippines,2005,28601,28601.0,Other
"850650 Primary Cells And Batteries, Lithium",Thailand,2006,56609,56609.0,Other
"850650 Primary Cells And Batteries, Lithium",Cambodia,2006,8700,8700.0,Other
"850650 Primary Cells And Batteries, Lithium",Malaysia,2006,7110376,7492349.0,Other
"850650 Primary Cells And Batteries, Lithium",Singapore,2006,1460819,1460819.0,Other
"850650 Primary Cells And Batteries, Lithium",Indonesia,2006,4349179,4311559.0,Other
"850650 Primary Cells And Batteries, Lithium",Philippines,2006,1141773,1141773.0,Other
"850650 Primary Cells And Batteries, Lithium",Thailand,2007,305332,309903.0,Other
"850650 Primary Cells And Batteries, Lithium",Malaysia,2007,6773751,6994996.0,Other
"850650 Primary Cells And Batteries, Lithium",Singapore,2007,594346,594346.0,Other
"850650 Primary Cells And Batteries, Lithium",Indonesia,2007,4408467,4346687.0,Other
"850650 Primary Cells And Batteries, Lithium",Philippines,2007,278519,225959.0,Other
"850650 Primary Cells And Batteries, Lithium",Thailand,2008,1504318,1504318.0,Other
"850650 Primary Cells And Batteries, Lithium",Vietnam,2008,93896,93896.0,Other
"850650 Primary Cells And Batteries, Lithium",Malaysia,2008,4901011,5044789.0,Other
"850650 Primary Cells And Batteries, Lithium",Singapore,2008,112400,112400.0,Other
"850650 Primary Cells And Batteries, Lithium",Indonesia,2008,5633623,5625281.0,Other
"850650 Primary Cells And Batteries, Lithium",Philippines,2008,117027,117027.0,Other
"850650 Primary Cells And Batteries, Lithium",Thailand,2009,367182,367182.0,Other
"850650 Primary Cells And Batteries, Lithium",Malaysia,2009,4648572,4648572.0,Other
"850650 Primary Cells And Batteries, Lithium",Singapore,2009,256451,256451.0,Other
"850650 Primary Cells And Batteries, Lithium",Indonesia,2009,5543111,5560395.0,Other
"850650 Primary Cells And Batteries, Lithium",Philippines,2009,135491,135491.0,Other
"850650 Primary Cells And Batteries, Lithium",Thailand,2010,304133,304133.0,Other
"850650 Primary Cells And Batteries, Lithium",Malaysia,2010,2806566,2806566.0,Other
"850650 Primary Cells And Batteries, Lithium",Singapore,2010,158484,158484.0,Other
"850650 Primary Cells And Batteries, Lithium",Indonesia,2010,9060753,9007326.0,Other
"850650 Primary Cells And Batteries, Lithium",Philippines,2010,273295,273295.0,Other
74 Copper And Articles Thereof,Philippines,2017,1344342,1349172.0,Refined/Articles
80 Tin And Articles Thereof,Philippines,2011,288890,288890.0,Refined/Articles
75 Nickel And Articles Thereof,Vietnam,2013,47398,47398.0,Refined/Articles
74 Copper And Articles Thereof,Laos,2012,5300,5300.0,Refined/Articles
74 Copper And Articles Thereof,Singapore,2018,10226427,10226427.0,Refined/Articles
76 Aluminum And Articles Thereof,Singapore,2017,6797189,6797189.0,Refined/Articles
75 Nickel And Articles Thereof,Malaysia,2018,430286,9353547.0,Refined/Articles
80 Tin And Articles Thereof,Philippines,2015,624108,624108.0,Refined/Articles
74 Copper And Articles Thereof,Cambodia,2014,4200,4200.0,Refined/Articles
75 Nickel And Articles Thereof,Vietnam,2011,331464,331464.0,Refined/Articles
80 Tin And Articles Thereof,Vietnam,2011,101896,101896.0,Refined/Articles
80 Tin And Articles Thereof,Vietnam,2015,195933,195933.0,Refined/Articles
80 Tin And Articles Thereof,Singapore,2013,2120354,2120354.0,Refined/Articles
74 Copper And Articles Thereof,Cambodia,2011,14202,14202.0,Refined/Articles
76 Aluminum And Articles Thereof,Malaysia,2020,96393985,96810159.0,Refined/Articles
74 Copper And Articles Thereof,Brunei,2017,2600,2600.0,Refined/Articles
80 Tin And Articles Thereof,Singapore,2016,3158725,3158725.0,Refined/Articles
76 Aluminum And Articles Thereof,Philippines,2020,10248049,10211050.0,Refined/Articles
80 Tin And Articles Thereof,Burma,2018,401629,401629.0,Refined/Articles
76 Aluminum And Articles Thereof,Singapore,2016,8278860,8278860.0,Refined/Articles
75 Nickel And Articles Thereof,Thailand,2019,186375,186375.0,Refined/Articles
76 Aluminum And Articles Thereof,Indonesia,2012,226297548,226230805.0,Refined/Articles
80 Tin And Articles Thereof,Thailand,2017,9925205,9925205.0,Refined/Articles
76 Aluminum And Articles Thereof,Indonesia,2019,242562677,243362019.0,Refined/Articles
74 Copper And Articles Thereof,Singapore,2014,8855123,8855123.0,Refined/Articles
80 Tin And Articles Thereof,Vietnam,2016,296842,296842.0,Refined/Articles
80 Tin And Articles Thereof,Vietnam,2019,184982,184982.0,Refined/Articles
80 Tin And Articles Thereof,Malaysia,2019,137382890,137382890.0,Refined/Articles
74 Copper And Articles Thereof,Malaysia,2016,21766445,21766445.0,Refined/Articles
75 Nickel And Articles Thereof,Philippines,2015,2839,2839.0,Refined/Articles
75 Nickel And Articles Thereof,Singapore,2011,36681553,36681553.0,Refined/Articles
75 Nickel And Articles Thereof,Vietnam,2017,63812,63812.0,Refined/Articles
76 Aluminum And Articles Thereof,Singapore,2012,26802198,26802198.0,Refined/Articles
75 Nickel And Articles Thereof,Indonesia,2015,10071231,10071231.0,Refined/Articles
74 Copper And Articles Thereof,Philippines,2011,2234549,2234549.0,Refined/Articles
80 Tin And Articles Thereof,Thailand,2011,50813432,56854839.0,Refined/Articles
80 Tin And Articles Thereof,Singapore,2015,4066625,4066625.0,Refined/Articles
75 Nickel And Articles Thereof,Indonesia,2020,9376413,9376413.0,Refined/Articles
76 Aluminum And Articles Thereof,Thailand,2013,265483824,264583707.0,Refined/Articles
80 Tin And Articles Thereof,Singapore,2012,8233138,8233138.0,Refined/Articles
80 Tin And Articles Thereof,Indonesia,2019,93133477,93133477.0,Refined/Articles
74 Copper And Articles Thereof,Indonesia,2016,11173426,11173426.0,Refined/Articles
76 Aluminum And Articles Thereof,Brunei,2019,6511,6511.0,Refined/Articles
76 Aluminum And Articles Thereof,Malaysia,2014,34534028,34531506.0,Refined/Articles
76 Aluminum And Articles Thereof,Vietnam,2017,111558303,111537857.0,Refined/Articles
80 Tin And Articles Thereof,Philippines,2020,113672,113672.0,Refined/Articles
76 Aluminum And Articles Thereof,Vietnam,2016,83394791,83375954.0,Refined/Articles
76 Aluminum And Articles Thereof,Singapore,2015,20700926,20689610.0,Refined/Articles
76 Aluminum And Articles Thereof,Philippines,2017,10255163,10255163.0,Refined/Articles
76 Aluminum And Articles Thereof,Singapore,2014,9880673,9880673.0,Refined/Articles
74 Copper And Articles Thereof,Philippines,2012,4067668,4067668.0,Refined/Articles
76 Aluminum And Articles Thereof,Cambodia,2018,11054708,11117429.0,Refined/Articles
76 Aluminum And Articles Thereof,Thailand,2012,233152926,232138784.0,Refined/Articles
80 Tin And Articles Thereof,Vietnam,2014,203526,203526.0,Refined/Articles
76 Aluminum And Articles Thereof,Philippines,2014,1822107,978267.0,Refined/Articles
80 Tin And Articles Thereof,Indonesia,2015,72033419,72033419.0,Refined/Articles
80 Tin And Articles Thereof,Malaysia,2014,135209786,135209786.0,Refined/Articles
74 Copper And Articles Thereof,Indonesia,2012,10738778,10738778.0,Refined/Articles
75 Nickel And Articles Thereof,Vietnam,2018,64051,59657.0,Refined/Articles
76 Aluminum And Articles Thereof,Burma,2020,4702394,4702394.0,Refined/Articles
74 Copper And Articles Thereof,Malaysia,2019,22902488,22902488.0,Refined/Articles
76 Aluminum And Articles Thereof,Malaysia,2017,51058151,50816845.0,Refined/Articles
80 Tin And Articles Thereof,Philippines,2013,620167,620167.0,Refined/Articles
74 Copper And Articles Thereof,Philippines,2015,1737567,1737567.0,Refined/Articles
74 Copper And Articles Thereof,Burma,2017,5000,5000.0,Refined/Articles
80 Tin And Articles Thereof,Philippines,2012,436357,436357.0,Refined/Articles
80 Tin And Articles Thereof,Indonesia,2020,145253491,148352793.0,Refined/Articles
76 Aluminum And Articles Thereof,Philippines,2013,3992359,3061299.0,Refined/Articles
74 Copper And Articles Thereof,Vietnam,2019,187992369,187890436.0,Refined/Articles
74 Copper And Articles Thereof,Vietnam,2012,51297348,51297348.0,Refined/Articles
74 Copper And Articles Thereof,Burma,2019,50553,50553.0,Refined/Articles
80 Tin And Articles Thereof,Indonesia,2011,89641089,89641089.0,Refined/Articles
74 Copper And Articles Thereof,Indonesia,2018,12287655,12287655.0,Refined/Articles
80 Tin And Articles Thereof,Indonesia,2014,158557670,169971227.0,Refined/Articles
75 Nickel And Articles Thereof,Singapore,2016,5938460,5938460.0,Refined/Articles
80 Tin And Articles Thereof,Indonesia,2017,180457066,179437713.0,Refined/Articles
74 Copper And Articles Thereof,Vietnam,2016,84213242,84285248.0,Refined/Articles
75 Nickel And Articles Thereof,Thailand,2015,29500,29500.0,Refined/Articles
76 Aluminum And Articles Thereof,Malaysia,2015,43511578,43511578.0,Refined/Articles
76 Aluminum And Articles Thereof,Indonesia,2016,112075753,112025263.0,Refined/Articles
76 Aluminum And Articles Thereof,Burma,2018,2567895,2567895.0,Refined/Articles
74 Copper And Articles Thereof,Brunei,2011,12067,12067.0,Refined/Articles
74 Copper And Articles Thereof,Thailand,2016,42739117,42726753.0,Refined/Articles
75 Nickel And Articles Thereof,Malaysia,2017,554274,554274.0,Refined/Articles
76 Aluminum And Articles Thereof,Burma,2019,2502430,2502430.0,Refined/Articles
76 Aluminum And Articles Thereof,Thailand,2019,294395388,294367037.0,Refined/Articles
74 Copper And Articles Thereof,Malaysia,2020,20031609,20031609.0,Refined/Articles
75 Nickel And Articles Thereof,Malaysia,2013,318066,318066.0,Refined/Articles
76 Aluminum And Articles Thereof,Cambodia,2015,630411,630411.0,Refined/Articles
75 Nickel And Articles Thereof,Philippines,2016,3995,3995.0,Refined/Articles
74 Copper And Articles Thereof,Vietnam,2018,150754539,150641203.0,Refined/Articles
75 Nickel And Articles Thereof,Singapore,2018,16659434,16666333.0,Refined/Articles
74 Copper And Articles Thereof,Cambodia,2015,4985,4985.0,Refined/Articles
76 Aluminum And Articles Thereof,Vietnam,2020,207849523,207707386.0,Refined/Articles
74 Copper And Articles Thereof,Philippines,2013,2547926,2538322.0,Refined/Articles
80 Tin And Articles Thereof,Thailand,2012,39309945,39309945.0,Refined/Articles
76 Aluminum And Articles Thereof,Indonesia,2015,211977464,211938559.0,Refined/Articles
75 Nickel And Articles Thereof,Vietnam,2015,23611,23611.0,Refined/Articles
75 Nickel And Articles Thereof,Malaysia,2020,2359360,2359360.0,Refined/Articles
74 Copper And Articles Thereof,Thailand,2018,53295024,53297789.0,Refined/Articles
75 Nickel And Articles Thereof,Thailand,2020,240180,240180.0,Refined/Articles
75 Nickel And Articles Thereof,Thailand,2014,25768,25768.0,Refined/Articles
74 Copper And Articles Thereof,Malaysia,2015,29329316,29327043.0,Refined/Articles
76 Aluminum And Articles Thereof,Burma,2016,2342920,2342920.0,Refined/Articles
76 Aluminum And Articles Thereof,Singapore,2011,21152712,21152712.0,Refined/Articles
80 Tin And Articles Thereof,Philippines,2018,164474,164474.0,Refined/Articles
76 Aluminum And Articles Thereof,Philippines,2015,3479859,3396239.0,Refined/Articles
74 Copper And Articles Thereof,Singapore,2012,8875765,8875765.0,Refined/Articles
74 Copper And Articles Thereof,Indonesia,2020,14409790,14409790.0,Refined/Articles
76 Aluminum And Articles Thereof,Thailand,2017,253645658,253737631.0,Refined/Articles
74 Copper And Articles Thereof,Singapore,2013,9415626,9393552.0,Refined/Articles
74 Copper And Articles Thereof,Vietnam,2017,118697731,118504475.0,Refined/Articles
80 Tin And Articles Thereof,Vietnam,2018,179362,179362.0,Refined/Articles
75 Nickel And Articles Thereof,Philippines,2017,68252,68252.0,Refined/Articles
75 Nickel And Articles Thereof,Vietnam,2012,5741,5741.0,Refined/Articles
76 Aluminum And Articles Thereof,Brunei,2020,453544,453544.0,Refined/Articles
75 Nickel And Articles Thereof,Indonesia,2014,20218093,20218093.0,Refined/Articles
75 Nickel And Articles Thereof,Malaysia,2019,1414513,1414513.0,Refined/Articles
74 Copper And Articles Thereof,Vietnam,2020,258844668,258590441.0,Refined/Articles
76 Aluminum And Articles Thereof,Thailand,2016,265719331,265859638.0,Refined/Articles
76 Aluminum And Articles Thereof,Malaysia,2011,50699152,50606881.0,Refined/Articles
74 Copper And Articles Thereof,Thailand,2017,46077901,45958279.0,Refined/Articles
74 Copper And Articles Thereof,Thailand,2014,62896418,62839091.0,Refined/Articles
75 Nickel And Articles Thereof,Philippines,2019,16739,16739.0,Refined/Articles
80 Tin And Articles Thereof,Singapore,2017,827280,827280.0,Refined/Articles
75 Nickel And Articles Thereof,Singapore,2014,11425072,11425072.0,Refined/Articles
76 Aluminum And Articles Thereof,Thailand,2015,269696297,269608310.0,Refined/Articles
80 Tin And Articles Thereof,Malaysia,2012,96328694,96328694.0,Refined/Articles
80 Tin And Articles Thereof,Thailand,2018,9359550,9359550.0,Refined/Articles
80 Tin And Articles Thereof,Thailand,2019,12804465,12804465.0,Refined/Articles
74 Copper And Articles Thereof,Malaysia,2011,103977109,103977109.0,Refined/Articles
76 Aluminum And Articles Thereof,Indonesia,2013,178224040,178191656.0,Refined/Articles
80 Tin And Articles Thereof,Indonesia,2016,129288990,128217745.0,Refined/Articles
76 Aluminum And Articles Thereof,Philippines,2012,1010828,952325.0,Refined/Articles
74 Copper And Articles Thereof,Malaysia,2012,74862047,74862047.0,Refined/Articles
76 Aluminum And Articles Thereof,Malaysia,2019,110009955,109739755.0,Refined/Articles
74 Copper And Articles Thereof,Cambodia,2013,2340,2340.0,Refined/Articles
80 Tin And Articles Thereof,Philippines,2016,490437,490437.0,Refined/Articles
74 Copper And Articles Thereof,Singapore,2016,8635909,8635909.0,Refined/Articles
74 Copper And Articles Thereof,Indonesia,2014,14920177,14920177.0,Refined/Articles
80 Tin And Articles Thereof,Singapore,2014,7845597,7845597.0,Refined/Articles
74 Copper And Articles Thereof,Indonesia,2017,11814437,11814437.0,Refined/Articles
75 Nickel And Articles Thereof,Thailand,2013,17064,17064.0,Refined/Articles
76 Aluminum And Articles Thereof,Malaysia,2012,46642448,46645052.0,Refined/Articles
74 Copper And Articles Thereof,Malaysia,2017,24014268,24017323.0,Refined/Articles
80 Tin And Articles Thereof,Singapore,2019,6252,6252.0,Refined/Articles
80 Tin And Articles Thereof,Vietnam,2017,188634,188634.0,Refined/Articles
76 Aluminum And Articles Thereof,Thailand,2014,228703590,227933989.0,Refined/Articles
80 Tin And Articles Thereof,Vietnam,2013,207037,207037.0,Refined/Articles
74 Copper And Articles Thereof,Singapore,2017,11219775,11219775.0,Refined/Articles
76 Aluminum And Articles Thereof,Malaysia,2018,83963562,84213915.0,Refined/Articles
76 Aluminum And Articles Thereof,Vietnam,2018,144365753,144148743.0,Refined/Articles
74 Copper And Articles Thereof,Philippines,2014,2335905,2335905.0,Refined/Articles
74 Copper And Articles Thereof,Thailand,2012,63892740,63780922.0,Refined/Articles
75 Nickel And Articles Thereof,Malaysia,2016,374006,374006.0,Refined/Articles
76 Aluminum And Articles Thereof,Malaysia,2013,32817526,32804740.0,Refined/Articles
75 Nickel And Articles Thereof,Indonesia,2013,10182441,10182441.0,Refined/Articles
76 Aluminum And Articles Thereof,Philippines,2011,2230609,1924329.0,Refined/Articles
80 Tin And Articles Thereof,Malaysia,2018,158505981,158505981.0,Refined/Articles
75 Nickel And Articles Thereof,Philippines,2018,61426,61426.0,Refined/Articles
74 Copper And Articles Thereof,Thailand,2011,70390740,70375659.0,Refined/Articles
76 Aluminum And Articles Thereof,Indonesia,2020,111145441,111499081.0,Refined/Articles
76 Aluminum And Articles Thereof,Cambodia,2016,1393229,1393229.0,Refined/Articles
74 Copper And Articles Thereof,Vietnam,2014,53182291,53182291.0,Refined/Articles
75 Nickel And Articles Thereof,Singapore,2015,5215232,5215232.0,Refined/Articles
80 Tin And Articles Thereof,Singapore,2011,17223609,17223609.0,Refined/Articles
74 Copper And Articles Thereof,Philippines,2016,991592,991592.0,Refined/Articles
80 Tin And Articles Thereof,Indonesia,2018,189529248,189703347.0,Refined/Articles
74 Copper And Articles Thereof,Singapore,2011,7336595,7336595.0,Refined/Articles
74 Copper And Articles Thereof,Malaysia,2014,40037976,40037976.0,Refined/Articles
75 Nickel And Articles Thereof,Indonesia,2012,9898532,9898532.0,Refined/Articles
75 Nickel And Articles Thereof,Singapore,2013,7922250,7922250.0,Refined/Articles
74 Copper And Articles Thereof,Laos,2014,5040,5040.0,Refined/Articles
80 Tin And Articles Thereof,Indonesia,2013,139014274,130761355.0,Refined/Articles
80 Tin And Articles Thereof,Malaysia,2013,93523687,93523687.0,Refined/Articles
76 Aluminum And Articles Thereof,Malaysia,2016,47900069,47900666.0,Refined/Articles
80 Tin And Articles Thereof,Philippines,2014,916649,916649.0,Refined/Articles
80 Tin And Articles Thereof,Vietnam,2020,239568,239568.0,Refined/Articles
75 Nickel And Articles Thereof,Vietnam,2020,66611,57822.0,Refined/Articles
74 Copper And Articles Thereof,Thailand,2013,65608827,65580298.0,Refined/Articles
74 Copper And Articles Thereof,Cambodia,2020,25217,25217.0,Refined/Articles
74 Copper And Articles Thereof,Indonesia,2019,14399392,14399392.0,Refined/Articles
76 Aluminum And Articles Thereof,Vietnam,2011,19097562,19066312.0,Refined/Articles
74 Copper And Articles Thereof,Singapore,2020,15211474,15211474.0,Refined/Articles
80 Tin And Articles Thereof,Thailand,2016,7865411,7865411.0,Refined/Articles
76 Aluminum And Articles Thereof,Singapore,2013,21970013,21970013.0,Refined/Articles
76 Aluminum And Articles Thereof,Burma,2017,2934466,2934466.0,Refined/Articles
75 Nickel And Articles Thereof,Vietnam,2014,94769,94769.0,Refined/Articles
75 Nickel And Articles Thereof,Indonesia,2018,9279414,9279414.0,Refined/Articles
76 Aluminum And Articles Thereof,Indonesia,2014,165670265,165578348.0,Refined/Articles
76 Aluminum And Articles Thereof,Vietnam,2019,177560169,177246945.0,Refined/Articles
75 Nickel And Articles Thereof,Indonesia,2016,11102371,11102371.0,Refined/Articles
76 Aluminum And Articles Thereof,Cambodia,2017,2701238,2927700.0,Refined/Articles
74 Copper And Articles Thereof,Indonesia,2015,12791667,12791667.0,Refined/Articles
75 Nickel And Articles Thereof,Thailand,2012,89752,89752.0,Refined/Articles
74 Copper And Articles Thereof,Vietnam,2015,46445339,46311946.0,Refined/Articles
80 Tin And Articles Thereof,Malaysia,2017,146826602,146826602.0,Refined/Articles
76 Aluminum And Articles Thereof,Cambodia,2020,8514931,8514931.0,Refined/Articles
75 Nickel And Articles Thereof,Singapore,2019,22105986,22142448.0,Refined/Articles
74 Copper And Articles Thereof,Philippines,2019,1578023,1642964.0,Refined/Articles
76 Aluminum And Articles Thereof,Indonesia,2017,209466628,209381606.0,Refined/Articles
74 Copper And Articles Thereof,Vietnam,2011,60658903,60658903.0,Refined/Articles
74 Copper And Articles Thereof,Singapore,2015,7846457,7846457.0,Refined/Articles
76 Aluminum And Articles Thereof,Indonesia,2011,253435577,253425930.0,Refined/Articles
74 Copper And Articles Thereof,Thailand,2015,52869291,52866645.0,Refined/Articles
74 Copper And Articles Thereof,Burma,2014,77111,77111.0,Refined/Articles
80 Tin And Articles Thereof,Thailand,2013,55613693,55613693.0,Refined/Articles
75 Nickel And Articles Thereof,Indonesia,2019,17214838,17214838.0,Refined/Articles
75 Nickel And Articles Thereof,Malaysia,2015,1643764,1643764.0,Refined/Articles
80 Tin And Articles Thereof,Malaysia,2015,167610935,169225549.0,Refined/Articles
76 Aluminum And Articles Thereof,Singapore,2019,6356757,6356757.0,Refined/Articles
74 Copper And Articles Thereof,Cambodia,2012,6955,6955.0,Refined/Articles
80 Tin And Articles Thereof,Vietnam,2012,128115,128115.0,Refined/Articles
75 Nickel And Articles Thereof,Vietnam,2016,30389,30389.0,Refined/Articles
74 Copper And Articles Thereof,Philippines,2018,1514051,1514051.0,Refined/Articles
76 Aluminum And Articles Thereof,Vietnam,2014,42200138,42180720.0,Refined/Articles
76 Aluminum And Articles Thereof,Cambodia,2019,8888028,9372313.0,Refined/Articles
76 Aluminum And Articles Thereof,Vietnam,2015,62840343,62809873.0,Refined/Articles
75 Nickel And Articles Thereof,Indonesia,2011,8530429,8530429.0,Refined/Articles
80 Tin And Articles Thereof,Thailand,2015,1116562,1116562.0,Refined/Articles
76 Aluminum And Articles Thereof,Brunei,2015,6600,6600.0,Refined/Articles
74 Copper And Articles Thereof,Singapore,2019,12573780,12573780.0,Refined/Articles
80 Tin And Articles Thereof,Thailand,2020,3509506,3509506.0,Refined/Articles
74 Copper And Articles Thereof,Burma,2020,13740,5061.0,Refined/Articles
76 Aluminum And Articles Thereof,Thailand,2020,337213175,334596609.0,Refined/Articles
76 Aluminum And Articles Thereof,Singapore,2020,16462485,16462485.0,Refined/Articles
80 Tin And Articles Thereof,Malaysia,2020,64454505,64454505.0,Refined/Articles
74 Copper And Articles Thereof,Cambodia,2016,7922,7922.0,Refined/Articles
75 Nickel And Articles Thereof,Singapore,2012,8538588,8538588.0,Refined/Articles
76 Aluminum And Articles Thereof,Burma,2015,527466,527466.0,Refined/Articles
76 Aluminum And Articles Thereof,Thailand,2011,193660497,192930333.0,Refined/Articles
76 Aluminum And Articles Thereof,Philippines,2016,2700631,2700631.0,Refined/Articles
75 Nickel And Articles Thereof,Malaysia,2014,1312205,1312205.0,Refined/Articles
80 Tin And Articles Thereof,Thailand,2014,7243951,7243951.0,Refined/Articles
76 Aluminum And Articles Thereof,Philippines,2018,18210215,18219431.0,Refined/Articles
80 Tin And Articles Thereof,Singapore,2018,997380,997380.0,Refined/Articles
76 Aluminum And Articles Thereof,Singapore,2018,30971226,25322796.0,Refined/Articles
75 Nickel And Articles Thereof,Singapore,2020,9574606,9574606.0,Refined/Articles
75 Nickel And Articles Thereof,Vietnam,2019,67787,61194.0,Refined/Articles
74 Copper And Articles Thereof,Malaysia,2018,26339779,26336075.0,Refined/Articles
75 Nickel And Articles Thereof,Thailand,2011,206251,206251.0,Refined/Articles
80 Tin And Articles Thereof,Philippines,2017,257485,257485.0,Refined/Articles
76 Aluminum And Articles Thereof,Thailand,2018,279791056,279737862.0,Refined/Articles
74 Copper And Articles Thereof,Thailand,2019,50868943,50912921.0,Refined/Articles
80 Tin And Articles Thereof,Philippines,2019,93482,93482.0,Refined/Articles
80 Tin And Articles Thereof,Indonesia,2012,92370470,89785010.0,Refined/Articles
76 Aluminum And Articles Thereof,Vietnam,2013,28989905,28969940.0,Refined/Articles
75 Nickel And Articles Thereof,Singapore,2017,11018883,11018883.0,Refined/Articles
74 Copper And Articles Thereof,Cambodia,2019,8900,8900.0,Refined/Articles
74 Copper And Articles Thereof,Thailand,2020,78699291,78702998.0,Refined/Articles
76 Aluminum And Articles Thereof,Indonesia,2018,315194535,315327323.0,Refined/Articles
74 Copper And Articles Thereof,Malaysia,2013,43840311,43840311.0,Refined/Articles
80 Tin And Articles Thereof,Malaysia,2016,129707157,129707157.0,Refined/Articles
75 Nickel And Articles Thereof,Philippines,2020,163684,163684.0,Refined/Articles
74 Copper And Articles Thereof,Indonesia,2013,12351442,12351442.0,Refined/Articles
75 Nickel And Articles Thereof,Cambodia,2019,8719,8719.0,Refined/Articles
76 Aluminum And Articles Thereof,Cambodia,2014,3296,3296.0,Refined/Articles
74 Copper And Articles Thereof,Burma,2015,5100,5100.0,Refined/Articles
74 Copper And Articles Thereof,Philippines,2020,1536070,1529237.0,Refined/Articles
76 Aluminum And Articles Thereof,Philippines,2019,12109167,12109167.0,Refined/Articles
75 Nickel And Articles Thereof,Thailand,2017,27907,27907.0,Refined/Articles
76 Aluminum And Articles Thereof,Vietnam,2012,14877861,14877861.0,Refined/Articles
74 Copper And Articles Thereof,Burma,2016,2717,2717.0,Refined/Articles
74 Copper And Articles Thereof,Indonesia,2011,11110298,11110298.0,Refined/Articles
74 Copper And Articles Thereof,Brunei,2018,7560,7560.0,Refined/Articles
75 Nickel And Articles Thereof,Thailand,2018,20588,20588.0,Refined/Articles
75 Nickel And Articles Thereof,Malaysia,2011,997536,997536.0,Refined/Articles
75 Nickel And Articles Thereof,Indonesia,2017,12137661,12137661.0,Refined/Articles
75 Nickel And Articles Thereof,Malaysia,2012,761203,761203.0,Refined/Articles
74 Copper And Articles Thereof,Vietnam,2013,47542002,47542002.0,Refined/Articles
80 Tin And Articles Thereof,Malaysia,2011,106066499,106066499.0,Refined/Articles
8110 Antimony And Artcls Throf Incl Waste And Scrap,Vietnam,2013,189138,189138.0,Other
"8105 Cobalt Mattes Etc, Cobalt & Art, Inc Waste & Scrap",Cambodia,2017,5684,5684.0,Other
8110 Antimony And Artcls Throf Incl Waste And Scrap,Thailand,2013,181488,181488.0,Other
"3910 Silicones, In Primary Forms",Singapore,2017,11331,11331.0,Other
2614 Titanium Ores And Concentrates,Malaysia,2019,82922,82922.0,Ore/Raw
2846 Rare-earth Metal Compounds Of Yttrium Or Scandium,Malaysia,2011,11768,11768.0,Compound
"3910 Silicones, In Primary Forms",Thailand,2015,10442795,14400712.0,Other
"3910 Silicones, In Primary Forms",Malaysia,2020,324953,324953.0,Other
"3910 Silicones, In Primary Forms",Philippines,2015,591,591.0,Other
"8112 Beryllium,chromium,hafnium,rhenium Etc & Articles",Singapore,2013,95864,95864.0,Refined/Articles
"8112 Beryllium,chromium,hafnium,rhenium Etc & Articles",Malaysia,2011,181641,181641.0,Refined/Articles
"8108 Titanium & Articles Thereof, Includ Waste & Scrap",Malaysia,2012,247836,247836.0,Refined/Articles
"7110 Platinum, Unwrought, Semimfr Forms Or In Powder Fm",Malaysia,2020,5174,5174.0,Other
"8108 Titanium & Articles Thereof, Includ Waste & Scrap",Indonesia,2016,47420,47420.0,Refined/Articles
"3910 Silicones, In Primary Forms",Indonesia,2013,1218,1218.0,Other
"8108 Titanium & Articles Thereof, Includ Waste & Scrap",Thailand,2015,237714,237714.0,Refined/Articles
"8112 Beryllium,chromium,hafnium,rhenium Etc & Articles",Thailand,2012,200190,200190.0,Refined/Articles
"3910 Silicones, In Primary Forms",Indonesia,2019,781682,781682.0,Other
8110 Antimony And Artcls Throf Incl Waste And Scrap,Vietnam,2012,595762,595762.0,Other
"7110 Platinum, Unwrought, Semimfr Forms Or In Powder Fm",Vietnam,2016,41371,41371.0,Other
3801 Artificial Graphite; Collodial Graphite & Prep Etc,Singapore,2019,3600,3600.0,Other
"8108 Titanium & Articles Thereof, Includ Waste & Scrap",Singapore,2015,9242589,9242589.0,Refined/Articles
7225 Fl-rl Alloy Steel Nesoi Nun 600mm Wide,Vietnam,2015,27541,27541.0,Other
"8111 Manganese And Artcles Thereof, Inc Waste And Scrap",Singapore,2020,73225,73225.0,Other
"3910 Silicones, In Primary Forms",Singapore,2020,29451,29451.0,Other
"3910 Silicones, In Primary Forms",Malaysia,2017,131284,131284.0,Other
"8108 Titanium & Articles Thereof, Includ Waste & Scrap",Indonesia,2011,411227,411227.0,Refined/Articles
"8112 Beryllium,chromium,hafnium,rhenium Etc & Articles",Thailand,2013,447374,447374.0,Refined/Articles
"7110 Platinum, Unwrought, Semimfr Forms Or In Powder Fm",Singapore,2020,135903416,135903416.0,Other
"8108 Titanium & Articles Thereof, Includ Waste & Scrap",Philippines,2016,69268,69268.0,Refined/Articles
8110 Antimony And Artcls Throf Incl Waste And Scrap,Thailand,2020,222282,222282.0,Other
"8108 Titanium & Articles Thereof, Includ Waste & Scrap",Vietnam,2017,49633,49633.0,Refined/Articles
"8111 Manganese And Artcles Thereof, Inc Waste And Scrap",Malaysia,2017,3646,3646.0,Other
"8105 Cobalt Mattes Etc, Cobalt & Art, Inc Waste & Scrap",Singapore,2012,188785,188785.0,Other
"8108 Titanium & Articles Thereof, Includ Waste & Scrap",Vietnam,2014,84897,84897.0,Refined/Articles
2504 Natural Graphite,Singapore,2018,2700,2700.0,Other
"8108 Titanium & Articles Thereof, Includ Waste & Scrap",Singapore,2018,6276590,6276590.0,Refined/Articles
2846 Rare-earth Metal Compounds Of Yttrium Or Scandium,Malaysia,2013,126200,126200.0,Compound
"8108 Titanium & Articles Thereof, Includ Waste & Scrap",Indonesia,2012,321240,321240.0,Refined/Articles
3801 Artificial Graphite; Collodial Graphite & Prep Etc,Malaysia,2018,630125,630125.0,Other
"8105 Cobalt Mattes Etc, Cobalt & Art, Inc Waste & Scrap",Malaysia,2017,19125,19125.0,Other
"8108 Titanium & Articles Thereof, Includ Waste & Scrap",Malaysia,2011,173010,173010.0,Refined/Articles
3801 Artificial Graphite; Collodial Graphite & Prep Etc,Singapore,2014,65382,65382.0,Other
"3910 Silicones, In Primary Forms",Thailand,2019,29571850,29571850.0,Other
"8108 Titanium & Articles Thereof, Includ Waste & Scrap",Indonesia,2019,35131,35131.0,Refined/Articles
"8108 Titanium & Articles Thereof, Includ Waste & Scrap",Indonesia,2018,18902,18902.0,Refined/Articles
2603 Copper Ores And Concentrates,Singapore,2019,2556,2556.0,Ore/Raw
2614 Titanium Ores And Concentrates,Malaysia,2013,4199629,4199629.0,Ore/Raw
"7110 Platinum, Unwrought, Semimfr Forms Or In Powder Fm",Thailand,2018,6530,6530.0,Other
"8108 Titanium & Articles Thereof, Includ Waste & Scrap",Thailand,2011,220573,220573.0,Refined/Articles
8110 Antimony And Artcls Throf Incl Waste And Scrap,Vietnam,2020,2239375,2239375.0,Other
"3910 Silicones, In Primary Forms",Singapore,2016,672,672.0,Other
"7110 Platinum, Unwrought, Semimfr Forms Or In Powder Fm",Thailand,2011,22719,22719.0,Other
"8112 Beryllium,chromium,hafnium,rhenium Etc & Articles",Philippines,2018,16848,16848.0,Refined/Articles
2846 Rare-earth Metal Compounds Of Yttrium Or Scandium,Laos,2013,107300,107300.0,Compound
7226 Fl-rl Alloy Steel Nesoi Un 600mm Wide,Vietnam,2016,6822,6822.0,Other
"7110 Platinum, Unwrought, Semimfr Forms Or In Powder Fm",Singapore,2013,37375836,37375836.0,Other
7225 Fl-rl Alloy Steel Nesoi Nun 600mm Wide,Indonesia,2016,99267,99267.0,Other
"8108 Titanium & Articles Thereof, Includ Waste & Scrap",Philippines,2019,89125,89125.0,Refined/Articles
8110 Antimony And Artcls Throf Incl Waste And Scrap,Burma,2018,1046022,1046022.0,Other
7226 Fl-rl Alloy Steel Nesoi Un 600mm Wide,Thailand,2014,117397,117397.0,Other
"7110 Platinum, Unwrought, Semimfr Forms Or In Powder Fm",Thailand,2012,15818,15818.0,Other
"8112 Beryllium,chromium,hafnium,rhenium Etc & Articles",Malaysia,2013,22606,22606.0,Refined/Articles
2820 Manganese Oxides,Singapore,2011,310080,310080.0,Compound
"8105 Cobalt Mattes Etc, Cobalt & Art, Inc Waste & Scrap",Vietnam,2018,49070,49070.0,Other
7226 Fl-rl Alloy Steel Nesoi Un 600mm Wide,Malaysia,2020,36790,36790.0,Other
"8112 Beryllium,chromium,hafnium,rhenium Etc & Articles",Malaysia,2017,51672,51672.0,Refined/Articles
3801 Artificial Graphite; Collodial Graphite & Prep Etc,Indonesia,2018,7377,7377.0,Other
"8105 Cobalt Mattes Etc, Cobalt & Art, Inc Waste & Scrap",Singapore,2013,104843,104843.0,Other
"8112 Beryllium,chromium,hafnium,rhenium Etc & Articles",Singapore,2017,467786,467786.0,Refined/Articles
"8108 Titanium & Articles Thereof, Includ Waste & Scrap",Philippines,2015,66397,66397.0,Refined/Articles
"3910 Silicones, In Primary Forms",Philippines,2018,3293,3293.0,Other
"7110 Platinum, Unwrought, Semimfr Forms Or In Powder Fm",Thailand,2013,117204,117204.0,Other
8110 Antimony And Artcls Throf Incl Waste And Scrap,Burma,2019,3379661,3379661.0,Other
"8105 Cobalt Mattes Etc, Cobalt & Art, Inc Waste & Scrap",Vietnam,2017,46724,46724.0,Other
"8112 Beryllium,chromium,hafnium,rhenium Etc & Articles",Malaysia,2016,20455,20455.0,Refined/Articles
2820 Manganese Oxides,Singapore,2016,152760,152760.0,Compound
"3910 Silicones, In Primary Forms",Singapore,2015,122015,122015.0,Other
"3910 Silicones, In Primary Forms",Malaysia,2013,16576,16576.0,Other
"8108 Titanium & Articles Thereof, Includ Waste & Scrap",Philippines,2018,77030,77030.0,Refined/Articles
2846 Rare-earth Metal Compounds Of Yttrium Or Scandium,Malaysia,2019,4528969,4528969.0,Compound
"8108 Titanium & Articles Thereof, Includ Waste & Scrap",Singapore,2012,4582650,4582650.0,Refined/Articles
"7110 Platinum, Unwrought, Semimfr Forms Or In Powder Fm",Indonesia,2011,19000,19000.0,Other
8110 Antimony And Artcls Throf Incl Waste And Scrap,Vietnam,2015,1582754,1582754.0,Other
7226 Fl-rl Alloy Steel Nesoi Un 600mm Wide,Thailand,2013,1754337,1754337.0,Other
"8108 Titanium & Articles Thereof, Includ Waste & Scrap",Vietnam,2015,2133,2133.0,Refined/Articles
"8112 Beryllium,chromium,hafnium,rhenium Etc & Articles",Thailand,2011,354417,354417.0,Refined/Articles
7225 Fl-rl Alloy Steel Nesoi Nun 600mm Wide,Vietnam,2017,1021774,457518.0,Other
"8108 Titanium & Articles Thereof, Includ Waste & Scrap",Malaysia,2019,263986,263986.0,Refined/Articles
"8105 Cobalt Mattes Etc, Cobalt & Art, Inc Waste & Scrap",Singapore,2020,1510456,1510456.0,Other
2820 Manganese Oxides,Singapore,2014,303525,303525.0,Compound
2846 Rare-earth Metal Compounds Of Yttrium Or Scandium,Singapore,2011,11400,11400.0,Compound
2846 Rare-earth Metal Compounds Of Yttrium Or Scandium,Malaysia,2016,819600,819600.0,Compound
"8105 Cobalt Mattes Etc, Cobalt & Art, Inc Waste & Scrap",Singapore,2018,546545,546545.0,Other
"8108 Titanium & Articles Thereof, Includ Waste & Scrap",Thailand,2014,178338,178338.0,Refined/Articles
"8105 Cobalt Mattes Etc, Cobalt & Art, Inc Waste & Scrap",Singapore,2016,786893,786893.0,Other
"8108 Titanium & Articles Thereof, Includ Waste & Scrap",Malaysia,2015,239038,239038.0,Refined/Articles
"8105 Cobalt Mattes Etc, Cobalt & Art, Inc Waste & Scrap",Vietnam,2020,22702,22702.0,Other
"3910 Silicones, In Primary Forms",Philippines,2017,703,703.0,Other
"8105 Cobalt Mattes Etc, Cobalt & Art, Inc Waste & Scrap",Malaysia,2012,68542,68542.0,Other
8110 Antimony And Artcls Throf Incl Waste And Scrap,Thailand,2019,1970934,1970934.0,Other
"8108 Titanium & Articles Thereof, Includ Waste & Scrap",Singapore,2011,2314173,2314173.0,Refined/Articles
"7110 Platinum, Unwrought, Semimfr Forms Or In Powder Fm",Philippines,2019,8930,8930.0,Other
2614 Titanium Ores And Concentrates,Malaysia,2014,4025099,4025099.0,Ore/Raw
"8105 Cobalt Mattes Etc, Cobalt & Art, Inc Waste & Scrap",Indonesia,2014,158749,158749.0,Other
7226 Fl-rl Alloy Steel Nesoi Un 600mm Wide,Thailand,2018,9214,9214.0,Other
"3910 Silicones, In Primary Forms",Indonesia,2017,1172,1172.0,Other
"8112 Beryllium,chromium,hafnium,rhenium Etc & Articles",Malaysia,2020,32110,32110.0,Refined/Articles
2846 Rare-earth Metal Compounds Of Yttrium Or Scandium,Malaysia,2020,2199417,2199417.0,Compound
"8108 Titanium & Articles Thereof, Includ Waste & Scrap",Singapore,2014,8702406,8702406.0,Refined/Articles
"3910 Silicones, In Primary Forms",Singapore,2013,83283,83283.0,Other
"3910 Silicones, In Primary Forms",Malaysia,2012,39773,39773.0,Other
"8105 Cobalt Mattes Etc, Cobalt & Art, Inc Waste & Scrap",Singapore,2014,623412,623412.0,Other
"8111 Manganese And Artcles Thereof, Inc Waste And Scrap",Malaysia,2014,12412,12412.0,Other
"8108 Titanium & Articles Thereof, Includ Waste & Scrap",Thailand,2019,272943,272943.0,Refined/Articles
"8105 Cobalt Mattes Etc, Cobalt & Art, Inc Waste & Scrap",Indonesia,2012,62380,62380.0,Other
"3910 Silicones, In Primary Forms",Indonesia,2020,19650,19650.0,Other
7225 Fl-rl Alloy Steel Nesoi Nun 600mm Wide,Malaysia,2015,373670,373670.0,Other
2504 Natural Graphite,Vietnam,2013,8496,8496.0,Other
"3910 Silicones, In Primary Forms",Philippines,2016,4049,4049.0,Other
2603 Copper Ores And Concentrates,Indonesia,2016,43973,43973.0,Ore/Raw
7225 Fl-rl Alloy Steel Nesoi Nun 600mm Wide,Thailand,2020,302980,302980.0,Other
2603 Copper Ores And Concentrates,Indonesia,2015,174400,174400.0,Ore/Raw
"8112 Beryllium,chromium,hafnium,rhenium Etc & Articles",Singapore,2020,567140,567140.0,Refined/Articles
2504 Natural Graphite,Singapore,2020,20895,20895.0,Other
"8112 Beryllium,chromium,hafnium,rhenium Etc & Articles",Singapore,2014,162122,162122.0,Refined/Articles
2606 Aluminum Ores And Concentrates,Singapore,2020,14613,14613.0,Ore/Raw
"8108 Titanium & Articles Thereof, Includ Waste & Scrap",Vietnam,2011,7257,7257.0,Refined/Articles
"8108 Titanium & Articles Thereof, Includ Waste & Scrap",Malaysia,2017,60976,60976.0,Refined/Articles
"8105 Cobalt Mattes Etc, Cobalt & Art, Inc Waste & Scrap",Malaysia,2014,5938,5938.0,Other
"8105 Cobalt Mattes Etc, Cobalt & Art, Inc Waste & Scrap",Thailand,2011,341387,341387.0,Other
"8108 Titanium & Articles Thereof, Includ Waste & Scrap",Singapore,2017,7327440,7327440.0,Refined/Articles
"8108 Titanium & Articles Thereof, Includ Waste & Scrap",Malaysia,2013,244718,244718.0,Refined/Articles
8110 Antimony And Artcls Throf Incl Waste And Scrap,Thailand,2018,3171774,3171774.0,Other
"8105 Cobalt Mattes Etc, Cobalt & Art, Inc Waste & Scrap",Indonesia,2016,48863,48863.0,Other
2504 Natural Graphite,Vietnam,2019,19775,19775.0,Other
"3910 Silicones, In Primary Forms",Vietnam,2018,355185,355185.0,Other
"8108 Titanium & Articles Thereof, Includ Waste & Scrap",Malaysia,2018,145019,145019.0,Refined/Articles
"3910 Silicones, In Primary Forms",Thailand,2012,19575870,19575870.0,Other
2846 Rare-earth Metal Compounds Of Yttrium Or Scandium,Singapore,2020,17000,17000.0,Compound
3801 Artificial Graphite; Collodial Graphite & Prep Etc,Malaysia,2015,1714883,1714883.0,Other
"8108 Titanium & Articles Thereof, Includ Waste & Scrap",Thailand,2018,307256,307256.0,Refined/Articles
3801 Artificial Graphite; Collodial Graphite & Prep Etc,Malaysia,2011,1841569,1841569.0,Other
2846 Rare-earth Metal Compounds Of Yttrium Or Scandium,Vietnam,2011,34807500,3270000.0,Compound
3801 Artificial Graphite; Collodial Graphite & Prep Etc,Malaysia,2016,1461932,1461932.0,Other
"8105 Cobalt Mattes Etc, Cobalt & Art, Inc Waste & Scrap",Malaysia,2011,9364,9364.0,Other
"8112 Beryllium,chromium,hafnium,rhenium Etc & Articles",Indonesia,2012,3086,3086.0,Refined/Articles
"8105 Cobalt Mattes Etc, Cobalt & Art, Inc Waste & Scrap",Malaysia,2015,2529,2529.0,Other
"8112 Beryllium,chromium,hafnium,rhenium Etc & Articles",Singapore,2019,42966,42966.0,Refined/Articles
"8108 Titanium & Articles Thereof, Includ Waste & Scrap",Singapore,2013,3863213,3863213.0,Refined/Articles
3801 Artificial Graphite; Collodial Graphite & Prep Etc,Malaysia,2013,26401,26401.0,Other
"8111 Manganese And Artcles Thereof, Inc Waste And Scrap",Vietnam,2011,2556358,2556358.0,Other
"8112 Beryllium,chromium,hafnium,rhenium Etc & Articles",Singapore,2012,593833,593833.0,Refined/Articles
"7110 Platinum, Unwrought, Semimfr Forms Or In Powder Fm",Indonesia,2015,10200,10200.0,Other
2846 Rare-earth Metal Compounds Of Yttrium Or Scandium,Thailand,2011,68000,68000.0,Compound
2846 Rare-earth Metal Compounds Of Yttrium Or Scandium,Vietnam,2013,483650,483650.0,Compound
"8108 Titanium & Articles Thereof, Includ Waste & Scrap",Thailand,2012,190431,190431.0,Refined/Articles
"8105 Cobalt Mattes Etc, Cobalt & Art, Inc Waste & Scrap",Indonesia,2013,76222,76222.0,Other
8110 Antimony And Artcls Throf Incl Waste And Scrap,Burma,2020,9565020,9299049.0,Other
"8112 Beryllium,chromium,hafnium,rhenium Etc & Articles",Cambodia,2012,2305,2305.0,Refined/Articles
"3910 Silicones, In Primary Forms",Malaysia,2019,774544,774544.0,Other
"7110 Platinum, Unwrought, Semimfr Forms Or In Powder Fm",Singapore,2018,30968252,30968252.0,Other
"8112 Beryllium,chromium,hafnium,rhenium Etc & Articles",Singapore,2018,60737,60737.0,Refined/Articles
2614 Titanium Ores And Concentrates,Malaysia,2015,2815171,2815171.0,Ore/Raw
3801 Artificial Graphite; Collodial Graphite & Prep Etc,Thailand,2020,155120,155120.0,Other
"3910 Silicones, In Primary Forms",Singapore,2012,1004,1004.0,Other
"7110 Platinum, Unwrought, Semimfr Forms Or In Powder Fm",Philippines,2013,19684,19684.0,Other
"3910 Silicones, In Primary Forms",Vietnam,2017,18270,18270.0,Other
8110 Antimony And Artcls Throf Incl Waste And Scrap,Singapore,2019,190247,190247.0,Other
"8112 Beryllium,chromium,hafnium,rhenium Etc & Articles",Singapore,2011,3068804,3068804.0,Refined/Articles
8110 Antimony And Artcls Throf Incl Waste And Scrap,Thailand,2015,623613,623613.0,Other
2614 Titanium Ores And Concentrates,Malaysia,2017,1931497,1931497.0,Ore/Raw
"3910 Silicones, In Primary Forms",Malaysia,2014,2989,2989.0,Other
2614 Titanium Ores And Concentrates,Malaysia,2012,1752377,1752377.0,Ore/Raw
"3910 Silicones, In Primary Forms",Philippines,2019,2669,2669.0,Other
"3910 Silicones, In Primary Forms",Singapore,2011,29675,29675.0,Other
"3910 Silicones, In Primary Forms",Thailand,2016,10979450,10979450.0,Other
"8112 Beryllium,chromium,hafnium,rhenium Etc & Articles",Malaysia,2018,56927,56927.0,Refined/Articles
2846 Rare-earth Metal Compounds Of Yttrium Or Scandium,Singapore,2013,15000,15000.0,Compound
3801 Artificial Graphite; Collodial Graphite & Prep Etc,Malaysia,2012,946029,946029.0,Other
"3910 Silicones, In Primary Forms",Indonesia,2014,583,583.0,Other
"3910 Silicones, In Primary Forms",Singapore,2014,22245,22245.0,Other
"7110 Platinum, Unwrought, Semimfr Forms Or In Powder Fm",Singapore,2016,13489151,13489151.0,Other
3801 Artificial Graphite; Collodial Graphite & Prep Etc,Thailand,2012,18467,18467.0,Other
"7110 Platinum, Unwrought, Semimfr Forms Or In Powder Fm",Laos,2014,19912,19912.0,Other
"8112 Beryllium,chromium,hafnium,rhenium Etc & Articles",Thailand,2015,5580,5580.0,Refined/Articles
"8112 Beryllium,chromium,hafnium,rhenium Etc & Articles",Laos,2014,38432,38432.0,Refined/Articles
3801 Artificial Graphite; Collodial Graphite & Prep Etc,Malaysia,2014,2039270,2039270.0,Other
2614 Titanium Ores And Concentrates,Malaysia,2016,3738504,3738504.0,Ore/Raw
3801 Artificial Graphite; Collodial Graphite & Prep Etc,Malaysia,2020,205489,205489.0,Other
2846 Rare-earth Metal Compounds Of Yttrium Or Scandium,Singapore,2018,60000,60000.0,Compound
2846 Rare-earth Metal Compounds Of Yttrium Or Scandium,Malaysia,2014,2854857,2854857.0,Compound
"3910 Silicones, In Primary Forms",Thailand,2018,24412145,26046847.0,Other
"8112 Beryllium,chromium,hafnium,rhenium Etc & Articles",Malaysia,2014,31760,31760.0,Refined/Articles
"3910 Silicones, In Primary Forms",Singapore,2019,68363,68363.0,Other
"3910 Silicones, In Primary Forms",Malaysia,2011,78629,78629.0,Other
"8112 Beryllium,chromium,hafnium,rhenium Etc & Articles",Laos,2013,369601,369601.0,Refined/Articles
"3910 Silicones, In Primary Forms",Indonesia,2016,18842,18842.0,Other
"3910 Silicones, In Primary Forms",Thailand,2014,14157879,23488947.0,Other
7225 Fl-rl Alloy Steel Nesoi Nun 600mm Wide,Thailand,2017,11879412,11879412.0,Other
2846 Rare-earth Metal Compounds Of Yttrium Or Scandium,Singapore,2019,86400,86400.0,Compound
"8108 Titanium & Articles Thereof, Includ Waste & Scrap",Malaysia,2020,109362,109362.0,Refined/Articles
"8108 Titanium & Articles Thereof, Includ Waste & Scrap",Thailand,2020,302482,302482.0,Refined/Articles
"3910 Silicones, In Primary Forms",Vietnam,2013,30107,30107.0,Other
2604 Nickel Ores And Concentrates,Thailand,2015,14775,14775.0,Ore/Raw
"8108 Titanium & Articles Thereof, Includ Waste & Scrap",Philippines,2017,63934,63934.0,Refined/Articles
"3910 Silicones, In Primary Forms",Thailand,2020,22897364,22897364.0,Other
"3910 Silicones, In Primary Forms",Thailand,2013,13730672,13730672.0,Other
8110 Antimony And Artcls Throf Incl Waste And Scrap,Vietnam,2018,5306194,5306194.0,Other
"8108 Titanium & Articles Thereof, Includ Waste & Scrap",Thailand,2017,336441,336441.0,Refined/Articles
"7110 Platinum, Unwrought, Semimfr Forms Or In Powder Fm",Singapore,2015,35851572,35851572.0,Other
"3910 Silicones, In Primary Forms",Malaysia,2015,26526,26526.0,Other
"7110 Platinum, Unwrought, Semimfr Forms Or In Powder Fm",Laos,2016,56443,56443.0,Other
7225 Fl-rl Alloy Steel Nesoi Nun 600mm Wide,Malaysia,2017,590678,590678.0,Other
"8105 Cobalt Mattes Etc, Cobalt & Art, Inc Waste & Scrap",Malaysia,2018,8920,8920.0,Other
2604 Nickel Ores And Concentrates,Thailand,2016,5615,5615.0,Ore/Raw
7225 Fl-rl Alloy Steel Nesoi Nun 600mm Wide,Thailand,2018,6050512,6050512.0,Other
"8112 Beryllium,chromium,hafnium,rhenium Etc & Articles",Singapore,2016,34475,34475.0,Refined/Articles
"8112 Beryllium,chromium,hafnium,rhenium Etc & Articles",Thailand,2014,13805,13805.0,Refined/Articles
7225 Fl-rl Alloy Steel Nesoi Nun 600mm Wide,Thailand,2019,2483507,2483507.0,Other
2846 Rare-earth Metal Compounds Of Yttrium Or Scandium,Malaysia,2018,3547685,3547685.0,Compound
2846 Rare-earth Metal Compounds Of Yttrium Or Scandium,Malaysia,2017,433888,433888.0,Compound
"3910 Silicones, In Primary Forms",Indonesia,2012,2380,2380.0,Other
"8108 Titanium & Articles Thereof, Includ Waste & Scrap",Singapore,2020,6380563,6380563.0,Refined/Articles
"8105 Cobalt Mattes Etc, Cobalt & Art, Inc Waste & Scrap",Singapore,2011,15743,15743.0,Other
"3910 Silicones, In Primary Forms",Indonesia,2011,111600,111600.0,Other
"8112 Beryllium,chromium,hafnium,rhenium Etc & Articles",Indonesia,2014,9723,9723.0,Refined/Articles
"8105 Cobalt Mattes Etc, Cobalt & Art, Inc Waste & Scrap",Singapore,2017,383132,383132.0,Other
"8108 Titanium & Articles Thereof, Includ Waste & Scrap",Thailand,2016,272824,272824.0,Refined/Articles
7225 Fl-rl Alloy Steel Nesoi Nun 600mm Wide,Malaysia,2014,610891,610891.0,Other
7225 Fl-rl Alloy Steel Nesoi Nun 600mm Wide,Vietnam,2014,8987,8987.0,Other
3801 Artificial Graphite; Collodial Graphite & Prep Etc,Malaysia,2019,152371,152371.0,Other
"8105 Cobalt Mattes Etc, Cobalt & Art, Inc Waste & Scrap",Vietnam,2019,13560,13560.0,Other
2820 Manganese Oxides,Singapore,2013,317693,317693.0,Compound
"7110 Platinum, Unwrought, Semimfr Forms Or In Powder Fm",Philippines,2011,8023,8023.0,Other
"8108 Titanium & Articles Thereof, Includ Waste & Scrap",Vietnam,2016,3058,3058.0,Refined/Articles
"7110 Platinum, Unwrought, Semimfr Forms Or In Powder Fm",Singapore,2017,5178086,5178086.0,Other
"8108 Titanium & Articles Thereof, Includ Waste & Scrap",Malaysia,2016,54801,54801.0,Refined/Articles
"3910 Silicones, In Primary Forms",Thailand,2011,21269583,21709919.0,Other
2614 Titanium Ores And Concentrates,Malaysia,2011,6831832,6831832.0,Ore/Raw
7225 Fl-rl Alloy Steel Nesoi Nun 600mm Wide,Malaysia,2016,460252,460252.0,Other
"8111 Manganese And Artcles Thereof, Inc Waste And Scrap",Malaysia,2018,3038,3038.0,Other
"3910 Silicones, In Primary Forms",Thailand,2017,18242779,18311504.0,Other
2606 Aluminum Ores And Concentrates,Singapore,2012,578699,578699.0,Ore/Raw
3801 Artificial Graphite; Collodial Graphite & Prep Etc,Singapore,2020,4495,4495.0,Other
3801 Artificial Graphite; Collodial Graphite & Prep Etc,Malaysia,2017,579985,579985.0,Other
"8112 Beryllium,chromium,hafnium,rhenium Etc & Articles",Malaysia,2019,158720,158720.0,Refined/Articles
2820 Manganese Oxides,Singapore,2012,251940,251940.0,Compound
"3910 Silicones, In Primary Forms",Vietnam,2020,486380,488300.0,Other
"7110 Platinum, Unwrought, Semimfr Forms Or In Powder Fm",Laos,2017,23704,23704.0,Other
"3910 Silicones, In Primary Forms",Indonesia,2015,3000,3000.0,Other
7225 Fl-rl Alloy Steel Nesoi Nun 600mm Wide,Vietnam,2016,2122302,2122302.0,Other
"7110 Platinum, Unwrought, Semimfr Forms Or In Powder Fm",Singapore,2019,113533743,113533743.0,Other
"3910 Silicones, In Primary Forms",Singapore,2018,3004,3004.0,Other
"3910 Silicones, In Primary Forms",Vietnam,2011,14469,14469.0,Other
2846 Rare-earth Metal Compounds Of Yttrium Or Scandium,Singapore,2016,79200,79200.0,Compound
"7110 Platinum, Unwrought, Semimfr Forms Or In Powder Fm",Singapore,2014,93070395,93070395.0,Other
8110 Antimony And Artcls Throf Incl Waste And Scrap,Thailand,2017,502379,502379.0,Other
"7110 Platinum, Unwrought, Semimfr Forms Or In Powder Fm",Thailand,2020,85675,85675.0,Other
"8108 Titanium & Articles Thereof, Includ Waste & Scrap",Malaysia,2014,218220,218220.0,Refined/Articles
7225 Fl-rl Alloy Steel Nesoi Nun 600mm Wide,Malaysia,2018,999376,999376.0,Other
"3910 Silicones, In Primary Forms",Philippines,2012,609,609.0,Other
"3910 Silicones, In Primary Forms",Indonesia,2018,967,967.0,Other
"8108 Titanium & Articles Thereof, Includ Waste & Scrap",Philippines,2011,132126,132126.0,Refined/Articles
"3910 Silicones, In Primary Forms",Philippines,2020,3415,3415.0,Other
"7110 Platinum, Unwrought, Semimfr Forms Or In Powder Fm",Singapore,2011,40101654,40101654.0,Other
"8112 Beryllium,chromium,hafnium,rhenium Etc & Articles",Laos,2015,263750,263750.0,Refined/Articles
8110 Antimony And Artcls Throf Incl Waste And Scrap,Vietnam,2019,8144951,8144951.0,Other
2504 Natural Graphite,Singapore,2017,5593,5593.0,Other
"7110 Platinum, Unwrought, Semimfr Forms Or In Powder Fm",Thailand,2017,96598,96598.0,Other
"8105 Cobalt Mattes Etc, Cobalt & Art, Inc Waste & Scrap",Malaysia,2013,4800,4800.0,Other
8110 Antimony And Artcls Throf Incl Waste And Scrap,Thailand,2016,274000,274000.0,Other
"7110 Platinum, Unwrought, Semimfr Forms Or In Powder Fm",Vietnam,2013,74312,74312.0,Other
2846 Rare-earth Metal Compounds Of Yttrium Or Scandium,Malaysia,2012,906906,906906.0,Compound
"8112 Beryllium,chromium,hafnium,rhenium Etc & Articles",Indonesia,2011,13765,13765.0,Refined/Articles
3801 Artificial Graphite; Collodial Graphite & Prep Etc,Philippines,2019,8033,8033.0,Other
2846 Rare-earth Metal Compounds Of Yttrium Or Scandium,Laos,2012,750250,750250.0,Compound
"7110 Platinum, Unwrought, Semimfr Forms Or In Powder Fm",Philippines,2012,61525,61525.0,Other
"8105 Cobalt Mattes Etc, Cobalt & Art, Inc Waste & Scrap",Malaysia,2020,5955,5955.0,Other
2846 Rare-earth Metal Compounds Of Yttrium Or Scandium,Singapore,2017,90850,90850.0,Compound
"8108 Titanium & Articles Thereof, Includ Waste & Scrap",Philippines,2014,37376,37376.0,Refined/Articles
"8112 Beryllium,chromium,hafnium,rhenium Etc & Articles",Laos,2012,72953,72953.0,Refined/Articles
"3910 Silicones, In Primary Forms",Vietnam,2019,533321,533321.0,Other
"8105 Cobalt Mattes Etc, Cobalt & Art, Inc Waste & Scrap",Singapore,2019,982423,982423.0,Other
8110 Antimony And Artcls Throf Incl Waste And Scrap,Vietnam,2014,1371531,1371531.0,Other
2820 Manganese Oxides,Singapore,2015,352830,352830.0,Compound
"8108 Titanium & Articles Thereof, Includ Waste & Scrap",Philippines,2020,40602,40602.0,Refined/Articles
8110 Antimony And Artcls Throf Incl Waste And Scrap,Vietnam,2016,3246581,3246581.0,Other
"8112 Beryllium,chromium,hafnium,rhenium Etc & Articles",Malaysia,2015,113120,113120.0,Refined/Articles
"3910 Silicones, In Primary Forms",Philippines,2011,5507,5507.0,Other
"7110 Platinum, Unwrought, Semimfr Forms Or In Powder Fm",Vietnam,2017,3330,3330.0,Other
"8111 Manganese And Artcles Thereof, Inc Waste And Scrap",Vietnam,2012,1052860,1199348.0,Other
"8105 Cobalt Mattes Etc, Cobalt & Art, Inc Waste & Scrap",Singapore,2015,302513,302513.0,Other
"7110 Platinum, Unwrought, Semimfr Forms Or In Powder Fm",Singapore,2012,22777182,22777182.0,Other
7226 Fl-rl Alloy Steel Nesoi Un 600mm Wide,Thailand,2011,1006707,1006707.0,Other
"8108 Titanium & Articles Thereof, Includ Waste & Scrap",Singapore,2019,6946301,6946301.0,Refined/Articles
"3910 Silicones, In Primary Forms",Malaysia,2018,2337543,2337543.0,Other
"3910 Silicones, In Primary Forms",Vietnam,2015,486,486.0,Other
"3910 Silicones, In Primary Forms",Malaysia,2016,7209,7209.0,Other
"7110 Platinum, Unwrought, Semimfr Forms Or In Powder Fm",Malaysia,2013,50000,50000.0,Other
"8108 Titanium & Articles Thereof, Includ Waste & Scrap",Vietnam,2019,43696,43696.0,Refined/Articles
2820 Manganese Oxides,Singapore,2017,106875,106875.0,Compound
8110 Antimony And Artcls Throf Incl Waste And Scrap,Vietnam,2017,4630076,4630076.0,Other
"8108 Titanium & Articles Thereof, Includ Waste & Scrap",Thailand,2013,147317,147317.0,Refined/Articles
"7110 Platinum, Unwrought, Semimfr Forms Or In Powder Fm",Thailand,2019,2934,2934.0,Other
8110 Antimony And Artcls Throf Incl Waste And Scrap,Singapore,2018,203590,203590.0,Other
"8112 Beryllium,chromium,hafnium,rhenium Etc & Articles",Singapore,2015,107638,107638.0,Refined/Articles
"8105 Cobalt Mattes Etc, Cobalt & Art, Inc Waste & Scrap",Thailand,2012,227565,227565.0,Other
"8105 Cobalt Mattes Etc, Cobalt & Art, Inc Waste & Scrap",Thailand,2020,6931,6931.0,Other
"8108 Titanium & Articles Thereof, Includ Waste & Scrap",Singapore,2016,6807722,6807722.0,Refined/Articles
"8108 Titanium & Articles Thereof, Includ Waste & Scrap",Philippines,2013,66260,66260.0,Refined/Articles
"8108 Titanium & Articles Thereof, Includ Waste & Scrap",Cambodia,2016,4130,4130.0,Refined/Articles
3801 Artificial Graphite; Collodial Graphite & Prep Etc,Indonesia,2013,150701,150701.0,Other
7225 Fl-rl Alloy Steel Nesoi Nun 600mm Wide,Singapore,2018,6000,6000.0,Other
2846 Rare-earth Metal Compounds Of Yttrium Or Scandium,Malaysia,2015,2841061,2841061.0,Compound
2604 Nickel Ores And Concentrates,Thailand,2013,3245,3245.0,Ore/Raw
282540 Nickel Oxides And Hydroxides,Philippines,2011,760564,760564.0,Compound
282540 Nickel Oxides And Hydroxides,Philippines,2012,884145,884145.0,Compound
282540 Nickel Oxides And Hydroxides,Philippines,2013,3052782,3052782.0,Compound
282540 Nickel Oxides And Hydroxides,Philippines,2014,2370259,2370259.0,Compound
282540 Nickel Oxides And Hydroxides,Philippines,2015,1726603,1726603.0,Compound
282540 Nickel Oxides And Hydroxides,Philippines,2016,2376822,2376822.0,Compound
282540 Nickel Oxides And Hydroxides,Philippines,2017,3838018,3838018.0,Compound
282540 Nickel Oxides And Hydroxides,Philippines,2018,2235737,2235737.0,Compound
282540 Nickel Oxides And Hydroxides,Philippines,2019,2095330,2095330.0,Compound
282540 Nickel Oxides And Hydroxides,Malaysia,2020,2427,2427.0,Compound
282540 Nickel Oxides And Hydroxides,Philippines,2020,2122723,2122723.0,Compound
282550 Copper Oxides And Hydroxides,Singapore,2012,33750,33750.0,Compound
282550 Copper Oxides And Hydroxides,Singapore,2013,178600,178600.0,Compound
282550 Copper Oxides And Hydroxides,Singapore,2014,411472,411472.0,Compound
282550 Copper Oxides And Hydroxides,Singapore,2015,385776,385776.0,Compound
282550 Copper Oxides And Hydroxides,Singapore,2016,432000,432000.0,Compound
282550 Copper Oxides And Hydroxides,Singapore,2017,886306,886306.0,Compound
282550 Copper Oxides And Hydroxides,Singapore,2018,346620,346620.0,Compound
282550 Copper Oxides And Hydroxides,Singapore,2019,456225,456225.0,Compound
282580 Antimony Oxides,Thailand,2011,2344000,2344000.0,Compound
282580 Antimony Oxides,Thailand,2012,920000,920000.0,Compound
282580 Antimony Oxides,Singapore,2012,25943,25943.0,Compound
282580 Antimony Oxides,Thailand,2013,5000000,5000000.0,Compound
282580 Antimony Oxides,Thailand,2014,5800000,5800000.0,Compound
282580 Antimony Oxides,Thailand,2015,7740000,7740000.0,Compound
282580 Antimony Oxides,Thailand,2016,3240000,3240000.0,Compound
282580 Antimony Oxides,Thailand,2017,6854329,6854329.0,Compound
282580 Antimony Oxides,Thailand,2018,5340000,5340000.0,Compound
282580 Antimony Oxides,Thailand,2019,840000,840000.0,Compound
282580 Antimony Oxides,Singapore,2019,7303,7303.0,Compound
"711041 Iridium, Osmium And Ruthenium, Unwrought Or Powder",Singapore,2011,9150,9150.0,Other
"711041 Iridium, Osmium And Ruthenium, Unwrought Or Powder",Singapore,2012,2248,2248.0,Other
"711041 Iridium, Osmium And Ruthenium, Unwrought Or Powder",Singapore,2013,43784,43784.0,Other
"711041 Iridium, Osmium And Ruthenium, Unwrought Or Powder",Singapore,2014,78572,78572.0,Other
"711041 Iridium, Osmium And Ruthenium, Unwrought Or Powder",Thailand,2017,34043,34043.0,Other
"711049 Iridium, Osmium And Ruthenium, Semimanufactured",Singapore,2011,32497,32497.0,Other
"711049 Iridium, Osmium And Ruthenium, Semimanufactured",Singapore,2014,75618,75618.0,Other
"711049 Iridium, Osmium And Ruthenium, Semimanufactured",Singapore,2015,162942,162942.0,Other
"711049 Iridium, Osmium And Ruthenium, Semimanufactured",Singapore,2016,115469,115469.0,Other
"711049 Iridium, Osmium And Ruthenium, Semimanufactured",Singapore,2017,3241,3241.0,Other
"711049 Iridium, Osmium And Ruthenium, Semimanufactured",Singapore,2018,3020,3020.0,Other
850511 Permanent Magnets Made Of Metal,Thailand,2011,157470,151635.0,Advanced Product
850511 Permanent Magnets Made Of Metal,Malaysia,2011,1786075,1786075.0,Advanced Product
850511 Permanent Magnets Made Of Metal,Singapore,2011,81438,81438.0,Advanced Product
850511 Permanent Magnets Made Of Metal,Indonesia,2011,22148,22148.0,Advanced Product
850511 Permanent Magnets Made Of Metal,Philippines,2011,23888531,23888531.0,Advanced Product
850511 Permanent Magnets Made Of Metal,Thailand,2012,199683,199683.0,Advanced Product
850511 Permanent Magnets Made Of Metal,Malaysia,2012,5224574,5224574.0,Advanced Product
850511 Permanent Magnets Made Of Metal,Singapore,2012,140884,140884.0,Advanced Product
850511 Permanent Magnets Made Of Metal,Indonesia,2012,4913,4913.0,Advanced Product
850511 Permanent Magnets Made Of Metal,Philippines,2012,31285492,31285492.0,Advanced Product
850511 Permanent Magnets Made Of Metal,Thailand,2013,106850,106850.0,Advanced Product
850511 Permanent Magnets Made Of Metal,Malaysia,2013,6508167,6508167.0,Advanced Product
850511 Permanent Magnets Made Of Metal,Singapore,2013,167873,167873.0,Advanced Product
850511 Permanent Magnets Made Of Metal,Indonesia,2013,3144,3144.0,Advanced Product
850511 Permanent Magnets Made Of Metal,Philippines,2013,11544502,11516674.0,Advanced Product
850511 Permanent Magnets Made Of Metal,Thailand,2014,105162,105162.0,Advanced Product
850511 Permanent Magnets Made Of Metal,Vietnam,2014,8519,8519.0,Advanced Product
850511 Permanent Magnets Made Of Metal,Malaysia,2014,10420237,10420237.0,Advanced Product
850511 Permanent Magnets Made Of Metal,Singapore,2014,89201,89201.0,Advanced Product
850511 Permanent Magnets Made Of Metal,Indonesia,2014,120227,120227.0,Advanced Product
850511 Permanent Magnets Made Of Metal,Philippines,2014,25753513,25753513.0,Advanced Product
850511 Permanent Magnets Made Of Metal,Thailand,2015,44423,44423.0,Advanced Product
850511 Permanent Magnets Made Of Metal,Vietnam,2015,7194,7194.0,Advanced Product
850511 Permanent Magnets Made Of Metal,Malaysia,2015,9964863,9964863.0,Advanced Product
850511 Permanent Magnets Made Of Metal,Singapore,2015,30570,30570.0,Advanced Product
850511 Permanent Magnets Made Of Metal,Indonesia,2015,5470,5470.0,Advanced Product
850511 Permanent Magnets Made Of Metal,Philippines,2015,20397542,20397542.0,Advanced Product
850511 Permanent Magnets Made Of Metal,Thailand,2016,19438,13736.0,Advanced Product
850511 Permanent Magnets Made Of Metal,Vietnam,2016,10500,10500.0,Advanced Product
850511 Permanent Magnets Made Of Metal,Malaysia,2016,9342600,9342600.0,Advanced Product
850511 Permanent Magnets Made Of Metal,Singapore,2016,77870,77870.0,Advanced Product
850511 Permanent Magnets Made Of Metal,Indonesia,2016,10590,10590.0,Advanced Product
850511 Permanent Magnets Made Of Metal,Philippines,2016,13349509,13349509.0,Advanced Product
850511 Permanent Magnets Made Of Metal,Thailand,2017,46268,50547.0,Advanced Product
850511 Permanent Magnets Made Of Metal,Vietnam,2017,137012,137012.0,Advanced Product
850511 Permanent Magnets Made Of Metal,Malaysia,2017,10196988,10196988.0,Advanced Product
850511 Permanent Magnets Made Of Metal,Singapore,2017,86048,86048.0,Advanced Product
850511 Permanent Magnets Made Of Metal,Philippines,2017,13827145,13827145.0,Advanced Product
850511 Permanent Magnets Made Of Metal,Thailand,2018,320183,320183.0,Advanced Product
850511 Permanent Magnets Made Of Metal,Vietnam,2018,2288240,2288240.0,Advanced Product
850511 Permanent Magnets Made Of Metal,Malaysia,2018,10508251,10508251.0,Advanced Product
850511 Permanent Magnets Made Of Metal,Singapore,2018,85729,85729.0,Advanced Product
850511 Permanent Magnets Made Of Metal,Indonesia,2018,5507,5507.0,Advanced Product
850511 Permanent Magnets Made Of Metal,Philippines,2018,15353302,15337904.0,Advanced Product
850511 Permanent Magnets Made Of Metal,Thailand,2019,461270,461270.0,Advanced Product
850511 Permanent Magnets Made Of Metal,Vietnam,2019,355101,355101.0,Advanced Product
850511 Permanent Magnets Made Of Metal,Malaysia,2019,7179337,7179337.0,Advanced Product
850511 Permanent Magnets Made Of Metal,Singapore,2019,93172,93172.0,Advanced Product
850511 Permanent Magnets Made Of Metal,Indonesia,2019,9919,9919.0,Advanced Product
850511 Permanent Magnets Made Of Metal,Philippines,2019,17730948,17730948.0,Advanced Product
850511 Permanent Magnets Made Of Metal,Thailand,2020,202132,202132.0,Advanced Product
850511 Permanent Magnets Made Of Metal,Vietnam,2020,98211,98211.0,Advanced Product
850511 Permanent Magnets Made Of Metal,Malaysia,2020,2352495,2352495.0,Advanced Product
850511 Permanent Magnets Made Of Metal,Singapore,2020,123162,123162.0,Advanced Product
850511 Permanent Magnets Made Of Metal,Indonesia,2020,23641,23641.0,Advanced Product
850511 Permanent Magnets Made Of Metal,Philippines,2020,12139895,12139895.0,Advanced Product
"850650 Primary Cells And Batteries, Lithium",Thailand,2011,785568,785568.0,Other
"850650 Primary Cells And Batteries, Lithium",Vietnam,2011,107882,107882.0,Other
"850650 Primary Cells And Batteries, Lithium",Malaysia,2011,2977508,3046271.0,Other
"850650 Primary Cells And Batteries, Lithium",Singapore,2011,1230198,1230198.0,Other
"850650 Primary Cells And Batteries, Lithium",Indonesia,2011,10792726,10680124.0,Other
"850650 Primary Cells And Batteries, Lithium",Philippines,2011,269667,269667.0,Other
"850650 Primary Cells And Batteries, Lithium",Thailand,2012,634437,634437.0,Other
"850650 Primary Cells And Batteries, Lithium",Vietnam,2012,173260,173260.0,Other
"850650 Primary Cells And Batteries, Lithium",Malaysia,2012,2073173,2108379.0,Other
"850650 Primary Cells And Batteries, Lithium",Singapore,2012,21909208,21909208.0,Other
"850650 Primary Cells And Batteries, Lithium",Indonesia,2012,12666647,12579585.0,Other
"850650 Primary Cells And Batteries, Lithium",Philippines,2012,30021,30021.0,Other
"850650 Primary Cells And Batteries, Lithium",Thailand,2013,745631,745631.0,Other
"850650 Primary Cells And Batteries, Lithium",Vietnam,2013,2325,2325.0,Other
"850650 Primary Cells And Batteries, Lithium",Malaysia,2013,1608903,1724681.0,Other
"850650 Primary Cells And Batteries, Lithium",Singapore,2013,26712506,26712506.0,Other
"850650 Primary Cells And Batteries, Lithium",Indonesia,2013,21195583,21069550.0,Other
"850650 Primary Cells And Batteries, Lithium",Philippines,2013,4233,4233.0,Other
"850650 Primary Cells And Batteries, Lithium",Thailand,2014,1520278,1520278.0,Other
"850650 Primary Cells And Batteries, Lithium",Vietnam,2014,5378,5378.0,Other
"850650 Primary Cells And Batteries, Lithium",Malaysia,2014,1640967,1775966.0,Other
"850650 Primary Cells And Batteries, Lithium",Singapore,2014,50584956,50576288.0,Other
"850650 Primary Cells And Batteries, Lithium",Indonesia,2014,26972039,26824619.0,Other
"850650 Primary Cells And Batteries, Lithium",Philippines,2014,68221,68221.0,Other
"850650 Primary Cells And Batteries, Lithium",Thailand,2015,1291614,1291614.0,Other
"850650 Primary Cells And Batteries, Lithium",Malaysia,2015,1260909,1367240.0,Other
"850650 Primary Cells And Batteries, Lithium",Singapore,2015,51565522,51556842.0,Other
"850650 Primary Cells And Batteries, Lithium",Indonesia,2015,28170604,27941647.0,Other
"850650 Primary Cells And Batteries, Lithium",Philippines,2015,101802,101802.0,Other
"850650 Primary Cells And Batteries, Lithium",Thailand,2016,591880,591880.0,Other
"850650 Primary Cells And Batteries, Lithium",Vietnam,2016,20842,20842.0,Other
"850650 Primary Cells And Batteries, Lithium",Malaysia,2016,6155761,6275160.0,Other
"850650 Primary Cells And Batteries, Lithium",Singapore,2016,35616866,35616866.0,Other
"850650 Primary Cells And Batteries, Lithium",Indonesia,2016,25134164,24602970.0,Other
"850650 Primary Cells And Batteries, Lithium",Philippines,2016,31163,31163.0,Other
"850650 Primary Cells And Batteries, Lithium",Thailand,2017,680462,680462.0,Other
"850650 Primary Cells And Batteries, Lithium",Vietnam,2017,82630,82630.0,Other
"850650 Primary Cells And Batteries, Lithium",Malaysia,2017,4671000,4680158.0,Other
"850650 Primary Cells And Batteries, Lithium",Singapore,2017,56791276,56781023.0,Other
"850650 Primary Cells And Batteries, Lithium",Indonesia,2017,30782476,31195345.0,Other
"850650 Primary Cells And Batteries, Lithium",Philippines,2017,31208,31208.0,Other
"850650 Primary Cells And Batteries, Lithium",Thailand,2018,2093586,2093586.0,Other
"850650 Primary Cells And Batteries, Lithium",Vietnam,2018,95040,95040.0,Other
"850650 Primary Cells And Batteries, Lithium",Malaysia,2018,6248829,6411966.0,Other
"850650 Primary Cells And Batteries, Lithium",Singapore,2018,82907769,83691851.0,Other
"850650 Primary Cells And Batteries, Lithium",Indonesia,2018,25326884,27570448.0,Other
"850650 Primary Cells And Batteries, Lithium",Philippines,2018,110815,110815.0,Other
"850650 Primary Cells And Batteries, Lithium",Thailand,2019,697403,699517.0,Other
"850650 Primary Cells And Batteries, Lithium",Vietnam,2019,145745,145745.0,Other
"850650 Primary Cells And Batteries, Lithium",Malaysia,2019,1185155,1207911.0,Other
"850650 Primary Cells And Batteries, Lithium",Singapore,2019,69249866,71853583.0,Other
"850650 Primary Cells And Batteries, Lithium",Indonesia,2019,25078529,24649788.0,Other
"850650 Primary Cells And Batteries, Lithium",Philippines,2019,309318,309318.0,Other
"850650 Primary Cells And Batteries, Lithium",Thailand,2020,564022,552637.0,Other
"850650 Primary Cells And Batteries, Lithium",Vietnam,2020,25525,25525.0,Other
"850650 Primary Cells And Batteries, Lithium",Malaysia,2020,2682388,897697.0,Other
"850650 Primary Cells And Batteries, Lithium",Singapore,2020,66725211,71295823.0,Other
"850650 Primary Cells And Batteries, Lithium",Indonesia,2020,21731983,21365003.0,Other
"850650 Primary Cells And Batteries, Lithium",Philippines,2020,110736,108700.0,Other
76 Aluminum And Articles Thereof,Indonesia,2021,153118723,153414141.0,Refined/Articles
75 Nickel And Articles Thereof,Vietnam,2024,509829,520539.0,Refined/Articles
80 Tin And Articles Thereof,Indonesia,2024,54889072,54889072.0,Refined/Articles
74 Copper And Articles Thereof,Philippines,2023,1036715,1035705.0,Refined/Articles
75 Nickel And Articles Thereof,Thailand,2021,35196,35196.0,Refined/Articles
76 Aluminum And Articles Thereof,Philippines,2023,15699096,15689958.0,Refined/Articles
80 Tin And Articles Thereof,Indonesia,2022,173867405,176831278.0,Refined/Articles
74 Copper And Articles Thereof,Thailand,2023,226933677,226718846.0,Refined/Articles
75 Nickel And Articles Thereof,Malaysia,2025 through June,8339738,8460874.0,Refined/Articles
76 Aluminum And Articles Thereof,Vietnam,2023,436191130,435828365.0,Refined/Articles
76 Aluminum And Articles Thereof,Singapore,2023,12359475,12351220.0,Refined/Articles
75 Nickel And Articles Thereof,Singapore,2022,24106276,24105610.0,Refined/Articles
74 Copper And Articles Thereof,Singapore,2023,20526280,20539390.0,Refined/Articles
75 Nickel And Articles Thereof,Singapore,2024,32604998,32625344.0,Refined/Articles
74 Copper And Articles Thereof,Vietnam,2023,74108485,72991015.0,Refined/Articles
74 Copper And Articles Thereof,Thailand,2021,236742496,236800326.0,Refined/Articles
76 Aluminum And Articles Thereof,Burma,2021,8670134,8670134.0,Refined/Articles
74 Copper And Articles Thereof,Philippines,2021,2337104,2330388.0,Refined/Articles
75 Nickel And Articles Thereof,Indonesia,2024,29144706,29144706.0,Refined/Articles
76 Aluminum And Articles Thereof,Thailand,2023,356218259,352966091.0,Refined/Articles
75 Nickel And Articles Thereof,Vietnam,2021,84328,88722.0,Refined/Articles
75 Nickel And Articles Thereof,Vietnam,2025 through June,1217462,1160252.0,Refined/Articles
76 Aluminum And Articles Thereof,Indonesia,2025 through June,57374702,72657635.0,Refined/Articles
76 Aluminum And Articles Thereof,Indonesia,2024,104262613,104263255.0,Refined/Articles
75 Nickel And Articles Thereof,Indonesia,2022,10493912,10493912.0,Refined/Articles
74 Copper And Articles Thereof,Thailand,2022,355559872,355228404.0,Refined/Articles
80 Tin And Articles Thereof,Thailand,2024,16307891,16307891.0,Refined/Articles
76 Aluminum And Articles Thereof,Malaysia,2023,124550471,124500154.0,Refined/Articles
80 Tin And Articles Thereof,Malaysia,2023,54087113,52444613.0,Refined/Articles
74 Copper And Articles Thereof,Malaysia,2023,35265249,35265249.0,Refined/Articles
80 Tin And Articles Thereof,Malaysia,2024,13854169,13854169.0,Refined/Articles
74 Copper And Articles Thereof,Singapore,2025 through June,9693039,9693039.0,Refined/Articles
75 Nickel And Articles Thereof,Indonesia,2021,8736979,8736979.0,Refined/Articles
76 Aluminum And Articles Thereof,Malaysia,2021,180308514,180379767.0,Refined/Articles
74 Copper And Articles Thereof,Philippines,2022,1326898,1327497.0,Refined/Articles
76 Aluminum And Articles Thereof,Burma,2024,90990,90990.0,Refined/Articles
75 Nickel And Articles Thereof,Thailand,2025 through June,277582,253268.0,Refined/Articles
76 Aluminum And Articles Thereof,Brunei,2024,862607,862607.0,Refined/Articles
76 Aluminum And Articles Thereof,Cambodia,2022,9884728,9880425.0,Refined/Articles
75 Nickel And Articles Thereof,Thailand,2022,43654,43654.0,Refined/Articles
76 Aluminum And Articles Thereof,Singapore,2024,10993458,11163648.0,Refined/Articles
76 Aluminum And Articles Thereof,Malaysia,2025 through June,73163153,73116728.0,Refined/Articles
76 Aluminum And Articles Thereof,Philippines,2024,15147503,15136991.0,Refined/Articles
75 Nickel And Articles Thereof,Vietnam,2022,134628,150030.0,Refined/Articles
74 Copper And Articles Thereof,Indonesia,2021,24072482,24072482.0,Refined/Articles
80 Tin And Articles Thereof,Vietnam,2021,656909,656909.0,Refined/Articles
75 Nickel And Articles Thereof,Malaysia,2022,6742148,6494308.0,Refined/Articles
80 Tin And Articles Thereof,Vietnam,2023,337368,337368.0,Refined/Articles
76 Aluminum And Articles Thereof,Philippines,2022,9544684,9524554.0,Refined/Articles
80 Tin And Articles Thereof,Vietnam,2024,317381,317381.0,Refined/Articles
76 Aluminum And Articles Thereof,Cambodia,2025 through June,17416813,17416813.0,Refined/Articles
80 Tin And Articles Thereof,Malaysia,2022,36078607,36078607.0,Refined/Articles
74 Copper And Articles Thereof,Indonesia,2022,31498910,31498910.0,Refined/Articles
80 Tin And Articles Thereof,Thailand,2021,11407128,11407128.0,Refined/Articles
76 Aluminum And Articles Thereof,Cambodia,2023,7838097,7881732.0,Refined/Articles
80 Tin And Articles Thereof,Philippines,2022,117876,117876.0,Refined/Articles
80 Tin And Articles Thereof,Singapore,2021,5478,5478.0,Refined/Articles
76 Aluminum And Articles Thereof,Brunei,2025 through June,1094373,1094373.0,Refined/Articles
75 Nickel And Articles Thereof,Indonesia,2023,12054303,12054303.0,Refined/Articles
80 Tin And Articles Thereof,Thailand,2022,13766570,13766570.0,Refined/Articles
80 Tin And Articles Thereof,Indonesia,2021,250398216,240663896.0,Refined/Articles
80 Tin And Articles Thereof,Vietnam,2022,413983,413983.0,Refined/Articles
76 Aluminum And Articles Thereof,Vietnam,2024,483487452,483344414.0,Refined/Articles
76 Aluminum And Articles Thereof,Indonesia,2023,144547330,144338381.0,Refined/Articles
74 Copper And Articles Thereof,Cambodia,2021,17378,17378.0,Refined/Articles
76 Aluminum And Articles Thereof,Vietnam,2022,550309381,549844048.0,Refined/Articles
76 Aluminum And Articles Thereof,Singapore,2022,21289845,21268523.0,Refined/Articles
80 Tin And Articles Thereof,Thailand,2025 through June,11063676,11063676.0,Refined/Articles
76 Aluminum And Articles Thereof,Thailand,2024,457366697,451255297.0,Refined/Articles
75 Nickel And Articles Thereof,Philippines,2021,17701,17701.0,Refined/Articles
74 Copper And Articles Thereof,Cambodia,2024,39572,37466.0,Refined/Articles
80 Tin And Articles Thereof,Philippines,2023,37146,37146.0,Refined/Articles
76 Aluminum And Articles Thereof,Vietnam,2025 through June,239004848,239199610.0,Refined/Articles
76 Aluminum And Articles Thereof,Thailand,2022,880145630,854915388.0,Refined/Articles
75 Nickel And Articles Thereof,Cambodia,2022,5869,5869.0,Refined/Articles
76 Aluminum And Articles Thereof,Indonesia,2022,196109070,196062370.0,Refined/Articles
74 Copper And Articles Thereof,Malaysia,2022,65694824,65698729.0,Refined/Articles
74 Copper And Articles Thereof,Singapore,2021,18547049,18549499.0,Refined/Articles
74 Copper And Articles Thereof,Indonesia,2025 through June,11400701,11400701.0,Refined/Articles
75 Nickel And Articles Thereof,Vietnam,2023,246780,242385.0,Refined/Articles
74 Copper And Articles Thereof,Vietnam,2021,86305703,86113519.0,Refined/Articles
76 Aluminum And Articles Thereof,Burma,2025 through June,27196,27196.0,Refined/Articles
76 Aluminum And Articles Thereof,Singapore,2021,18691163,18673337.0,Refined/Articles
74 Copper And Articles Thereof,Malaysia,2024,132799273,132781118.0,Refined/Articles
80 Tin And Articles Thereof,Singapore,2023,9407841,6294002.0,Refined/Articles
76 Aluminum And Articles Thereof,Burma,2022,7627888,7627888.0,Refined/Articles
76 Aluminum And Articles Thereof,Malaysia,2024,134399916,134381419.0,Refined/Articles
80 Tin And Articles Thereof,Indonesia,2023,89598767,86796459.0,Refined/Articles
80 Tin And Articles Thereof,Philippines,2024,2603,2603.0,Refined/Articles
75 Nickel And Articles Thereof,Indonesia,2025 through June,10211752,10211752.0,Refined/Articles
75 Nickel And Articles Thereof,Singapore,2023,59546779,59559433.0,Refined/Articles
74 Copper And Articles Thereof,Philippines,2024,1130527,1132773.0,Refined/Articles
74 Copper And Articles Thereof,Indonesia,2024,19865124,19865124.0,Refined/Articles
76 Aluminum And Articles Thereof,Brunei,2021,2024858,2024858.0,Refined/Articles
76 Aluminum And Articles Thereof,Laos,2024,7315,7315.0,Refined/Articles
75 Nickel And Articles Thereof,Malaysia,2023,29770141,33912749.0,Refined/Articles
76 Aluminum And Articles Thereof,Thailand,2025 through June,291749083,286513216.0,Refined/Articles
76 Aluminum And Articles Thereof,Brunei,2023,96571,96571.0,Refined/Articles
74 Copper And Articles Thereof,Cambodia,2025 through June,29115,38990.0,Refined/Articles
80 Tin And Articles Thereof,Malaysia,2025 through June,20180096,20180096.0,Refined/Articles
74 Copper And Articles Thereof,Cambodia,2022,90224,90224.0,Refined/Articles
76 Aluminum And Articles Thereof,Philippines,2025 through June,3993123,3909793.0,Refined/Articles
80 Tin And Articles Thereof,Malaysia,2021,115921539,115921539.0,Refined/Articles
74 Copper And Articles Thereof,Thailand,2025 through June,229796628,229575745.0,Refined/Articles
74 Copper And Articles Thereof,Vietnam,2025 through June,77969234,77506138.0,Refined/Articles
80 Tin And Articles Thereof,Indonesia,2025 through June,33496980,33496980.0,Refined/Articles
80 Tin And Articles Thereof,Thailand,2023,12299551,12299551.0,Refined/Articles
74 Copper And Articles Thereof,Thailand,2024,344223060,343812148.0,Refined/Articles
76 Aluminum And Articles Thereof,Cambodia,2021,8739882,8809972.0,Refined/Articles
74 Copper And Articles Thereof,Malaysia,2025 through June,89639363,89623189.0,Refined/Articles
76 Aluminum And Articles Thereof,Burma,2023,5759167,5759167.0,Refined/Articles
75 Nickel And Articles Thereof,Singapore,2025 through June,12864873,12867178.0,Refined/Articles
74 Copper And Articles Thereof,Laos,2024,6346,6346.0,Refined/Articles
74 Copper And Articles Thereof,Vietnam,2022,99992092,99822845.0,Refined/Articles
74 Copper And Articles Thereof,Singapore,2022,20945864,20926664.0,Refined/Articles
75 Nickel And Articles Thereof,Malaysia,2024,14733659,16302970.0,Refined/Articles
76 Aluminum And Articles Thereof,Laos,2025 through June,112651,112651.0,Refined/Articles
75 Nickel And Articles Thereof,Malaysia,2021,2121985,2121985.0,Refined/Articles
74 Copper And Articles Thereof,Indonesia,2023,18118809,18118809.0,Refined/Articles
74 Copper And Articles Thereof,Malaysia,2021,30267041,30267041.0,Refined/Articles
75 Nickel And Articles Thereof,Thailand,2024,884388,579789.0,Refined/Articles
76 Aluminum And Articles Thereof,Cambodia,2024,22819138,22819138.0,Refined/Articles
76 Aluminum And Articles Thereof,Malaysia,2022,195926147,196006535.0,Refined/Articles
76 Aluminum And Articles Thereof,Thailand,2021,619186643,610846473.0,Refined/Articles
74 Copper And Articles Thereof,Philippines,2025 through June,7899927,7902583.0,Refined/Articles
75 Nickel And Articles Thereof,Philippines,2023,7605,7605.0,Refined/Articles
80 Tin And Articles Thereof,Singapore,2024,1018253,1018253.0,Refined/Articles
80 Tin And Articles Thereof,Vietnam,2025 through June,38693,38693.0,Refined/Articles
80 Tin And Articles Thereof,Philippines,2021,53750,53750.0,Refined/Articles
80 Tin And Articles Thereof,Philippines,2025 through June,11470,11470.0,Refined/Articles
76 Aluminum And Articles Thereof,Singapore,2025 through June,3945779,2662177.0,Refined/Articles
75 Nickel And Articles Thereof,Philippines,2025 through June,6191,6191.0,Refined/Articles
75 Nickel And Articles Thereof,Philippines,2022,11834,11834.0,Refined/Articles
76 Aluminum And Articles Thereof,Philippines,2021,9766849,9769902.0,Refined/Articles
74 Copper And Articles Thereof,Singapore,2024,25377765,25376605.0,Refined/Articles
75 Nickel And Articles Thereof,Thailand,2023,1951538,1900634.0,Refined/Articles
76 Aluminum And Articles Thereof,Vietnam,2021,317950952,317017489.0,Refined/Articles
74 Copper And Articles Thereof,Vietnam,2024,129363837,128142078.0,Refined/Articles
75 Nickel And Articles Thereof,Singapore,2021,10088189,10088189.0,Refined/Articles
76 Aluminum And Articles Thereof,Brunei,2022,3631,3631.0,Refined/Articles
"8105 Cobalt Mattes Etc, Cobalt & Art, Inc Waste & Scrap",Vietnam,2022,239992,239992.0,Other
"3910 Silicones, In Primary Forms",Cambodia,2024,838,838.0,Other
"3910 Silicones, In Primary Forms",Singapore,2025 through June,7999,7999.0,Other
2846 Rare-earth Metal Compounds Of Yttrium Or Scandium,Singapore,2024,10512,10512.0,Compound
8110 Antimony And Artcls Throf Incl Waste And Scrap,Indonesia,2021,233856,233856.0,Other
"3910 Silicones, In Primary Forms",Singapore,2024,63637,63637.0,Other
"8108 Titanium & Articles Thereof, Includ Waste & Scrap",Philippines,2024,53980,53980.0,Refined/Articles
"3910 Silicones, In Primary Forms",Singapore,2023,62938,62938.0,Other
"8111 Manganese And Artcles Thereof, Inc Waste And Scrap",Indonesia,2024,2476836,2308187.0,Other
"8112 Beryllium,chromium,hafnium,rhenium Etc & Articles",Thailand,2023,236726,236726.0,Refined/Articles
"3910 Silicones, In Primary Forms",Malaysia,2021,516183,516183.0,Other
"8105 Cobalt Mattes Etc, Cobalt & Art, Inc Waste & Scrap",Singapore,2022,252093,252093.0,Other
"3910 Silicones, In Primary Forms",Philippines,2021,2517,2517.0,Other
"8112 Beryllium,chromium,hafnium,rhenium Etc & Articles",Singapore,2021,1170206,1170206.0,Refined/Articles
3801 Artificial Graphite; Collodial Graphite & Prep Etc,Malaysia,2022,5164927,5164927.0,Other
"8111 Manganese And Artcles Thereof, Inc Waste And Scrap",Indonesia,2023,3936631,3936631.0,Other
"3910 Silicones, In Primary Forms",Singapore,2022,14092,14092.0,Other
"3910 Silicones, In Primary Forms",Indonesia,2024,1980575,1980575.0,Other
2820 Manganese Oxides,Indonesia,2025 through June,70000,70000.0,Compound
"8108 Titanium & Articles Thereof, Includ Waste & Scrap",Thailand,2024,48811,39375.0,Refined/Articles
8110 Antimony And Artcls Throf Incl Waste And Scrap,Philippines,2024,1950503,1950503.0,Other
3801 Artificial Graphite; Collodial Graphite & Prep Etc,Malaysia,2021,913950,913950.0,Other
7226 Fl-rl Alloy Steel Nesoi Un 600mm Wide,Malaysia,2022,44129,44129.0,Other
2504 Natural Graphite,Indonesia,2024,72590,72590.0,Other
7226 Fl-rl Alloy Steel Nesoi Un 600mm Wide,Malaysia,2024,3825,3825.0,Other
7225 Fl-rl Alloy Steel Nesoi Nun 600mm Wide,Vietnam,2024,1337588,1337588.0,Other
2504 Natural Graphite,Indonesia,2025 through June,7225570,7225570.0,Other
2820 Manganese Oxides,Indonesia,2023,91380,91380.0,Compound
"8108 Titanium & Articles Thereof, Includ Waste & Scrap",Vietnam,2025 through June,108203,108203.0,Refined/Articles
"8112 Beryllium,chromium,hafnium,rhenium Etc & Articles",Thailand,2024,122350,122350.0,Refined/Articles
3801 Artificial Graphite; Collodial Graphite & Prep Etc,Singapore,2024,30091,30091.0,Other
2846 Rare-earth Metal Compounds Of Yttrium Or Scandium,Vietnam,2024,40373,40373.0,Compound
"7110 Platinum, Unwrought, Semimfr Forms Or In Powder Fm",Cambodia,2023,2500,2500.0,Other
"8112 Beryllium,chromium,hafnium,rhenium Etc & Articles",Singapore,2023,494807,494807.0,Refined/Articles
"8112 Beryllium,chromium,hafnium,rhenium Etc & Articles",Malaysia,2021,170973,170973.0,Refined/Articles
"8105 Cobalt Mattes Etc, Cobalt & Art, Inc Waste & Scrap",Singapore,2021,514482,514482.0,Other
"7110 Platinum, Unwrought, Semimfr Forms Or In Powder Fm",Singapore,2023,5167903,5167903.0,Other
"3910 Silicones, In Primary Forms",Thailand,2021,30453659,31104869.0,Other
8110 Antimony And Artcls Throf Incl Waste And Scrap,Thailand,2023,14333548,14333548.0,Other
8110 Antimony And Artcls Throf Incl Waste And Scrap,Thailand,2021,9760666,9760666.0,Other
"8105 Cobalt Mattes Etc, Cobalt & Art, Inc Waste & Scrap",Indonesia,2025 through June,27600621,27600621.0,Other
8110 Antimony And Artcls Throf Incl Waste And Scrap,Vietnam,2021,8671246,8671246.0,Other
"8112 Beryllium,chromium,hafnium,rhenium Etc & Articles",Malaysia,2023,380728,380728.0,Refined/Articles
"8112 Beryllium,chromium,hafnium,rhenium Etc & Articles",Singapore,2022,124723,124723.0,Refined/Articles
2846 Rare-earth Metal Compounds Of Yttrium Or Scandium,Malaysia,2021,4434833,4434833.0,Compound
"8112 Beryllium,chromium,hafnium,rhenium Etc & Articles",Malaysia,2025 through June,2025196,2025196.0,Refined/Articles
8110 Antimony And Artcls Throf Incl Waste And Scrap,Burma,2022,1092331,1092331.0,Other
"3910 Silicones, In Primary Forms",Malaysia,2024,790056,790056.0,Other
8110 Antimony And Artcls Throf Incl Waste And Scrap,Philippines,2023,435077,435077.0,Other
7226 Fl-rl Alloy Steel Nesoi Un 600mm Wide,Vietnam,2023,1579057,135870.0,Other
"3910 Silicones, In Primary Forms",Philippines,2022,2358,2358.0,Other
2846 Rare-earth Metal Compounds Of Yttrium Or Scandium,Malaysia,2022,6644885,6644885.0,Compound
"2801 Fluorine, Chlorine, Bromine & Iodine",Singapore,2021,41032,41032.0,Other
"8105 Cobalt Mattes Etc, Cobalt & Art, Inc Waste & Scrap",Malaysia,2023,13194,13194.0,Other
"8105 Cobalt Mattes Etc, Cobalt & Art, Inc Waste & Scrap",Indonesia,2023,5011,5011.0,Other
7226 Fl-rl Alloy Steel Nesoi Un 600mm Wide,Thailand,2021,5810,5810.0,Other
"8105 Cobalt Mattes Etc, Cobalt & Art, Inc Waste & Scrap",Malaysia,2022,46736,46736.0,Other
"8108 Titanium & Articles Thereof, Includ Waste & Scrap",Malaysia,2024,946816,946816.0,Refined/Articles
3801 Artificial Graphite; Collodial Graphite & Prep Etc,Indonesia,2024,512759,512759.0,Other
"3910 Silicones, In Primary Forms",Vietnam,2023,3826129,3826129.0,Other
8110 Antimony And Artcls Throf Incl Waste And Scrap,Thailand,2025 through June,37841109,37841109.0,Other
3801 Artificial Graphite; Collodial Graphite & Prep Etc,Indonesia,2025 through June,45871004,45773804.0,Other
"3910 Silicones, In Primary Forms",Singapore,2021,10988,10988.0,Other
8110 Antimony And Artcls Throf Incl Waste And Scrap,Malaysia,2025 through June,1387293,1387293.0,Other
7226 Fl-rl Alloy Steel Nesoi Un 600mm Wide,Singapore,2022,11866,11866.0,Other
"8105 Cobalt Mattes Etc, Cobalt & Art, Inc Waste & Scrap",Singapore,2023,631517,631517.0,Other
"7110 Platinum, Unwrought, Semimfr Forms Or In Powder Fm",Thailand,2021,21343,21343.0,Other
8110 Antimony And Artcls Throf Incl Waste And Scrap,Thailand,2022,10097663,10097663.0,Other
8110 Antimony And Artcls Throf Incl Waste And Scrap,Vietnam,2023,9468406,9468406.0,Other
"3910 Silicones, In Primary Forms",Indonesia,2021,1731703,1731703.0,Other
"3910 Silicones, In Primary Forms",Thailand,2025 through June,10879858,11045150.0,Other
"8108 Titanium & Articles Thereof, Includ Waste & Scrap",Indonesia,2024,1136686,1136686.0,Refined/Articles
"7110 Platinum, Unwrought, Semimfr Forms Or In Powder Fm",Thailand,2022,9747,9747.0,Other
3801 Artificial Graphite; Collodial Graphite & Prep Etc,Singapore,2021,120479,120479.0,Other
"3910 Silicones, In Primary Forms",Vietnam,2024,5725122,5725122.0,Other
"8105 Cobalt Mattes Etc, Cobalt & Art, Inc Waste & Scrap",Vietnam,2024,135637,135637.0,Other
"8108 Titanium & Articles Thereof, Includ Waste & Scrap",Malaysia,2025 through June,430531,430531.0,Refined/Articles
7225 Fl-rl Alloy Steel Nesoi Nun 600mm Wide,Vietnam,2022,46752,46752.0,Other
2504 Natural Graphite,Malaysia,2022,2308,2308.0,Other
"8112 Beryllium,chromium,hafnium,rhenium Etc & Articles",Malaysia,2024,278587,278587.0,Refined/Articles
3801 Artificial Graphite; Collodial Graphite & Prep Etc,Singapore,2025 through June,27986,27986.0,Other
"8105 Cobalt Mattes Etc, Cobalt & Art, Inc Waste & Scrap",Singapore,2024,1043837,1043837.0,Other
"8112 Beryllium,chromium,hafnium,rhenium Etc & Articles",Malaysia,2022,181509,181509.0,Refined/Articles
"8112 Beryllium,chromium,hafnium,rhenium Etc & Articles",Singapore,2025 through June,482859,482859.0,Refined/Articles
"8108 Titanium & Articles Thereof, Includ Waste & Scrap",Vietnam,2021,11120,11120.0,Refined/Articles
2846 Rare-earth Metal Compounds Of Yttrium Or Scandium,Malaysia,2025 through June,1281021,1281021.0,Compound
"3910 Silicones, In Primary Forms",Philippines,2023,5385,5385.0,Other
3801 Artificial Graphite; Collodial Graphite & Prep Etc,Philippines,2022,12282,12282.0,Other
"8105 Cobalt Mattes Etc, Cobalt & Art, Inc Waste & Scrap",Singapore,2025 through June,742277,742277.0,Other
"8112 Beryllium,chromium,hafnium,rhenium Etc & Articles",Philippines,2021,3500,3500.0,Refined/Articles
"8108 Titanium & Articles Thereof, Includ Waste & Scrap",Thailand,2021,400473,400473.0,Refined/Articles
"8108 Titanium & Articles Thereof, Includ Waste & Scrap",Thailand,2023,139639,139639.0,Refined/Articles
"8112 Beryllium,chromium,hafnium,rhenium Etc & Articles",Thailand,2022,39643,39643.0,Refined/Articles
"8112 Beryllium,chromium,hafnium,rhenium Etc & Articles",Thailand,2025 through June,1175497,1175497.0,Refined/Articles
3801 Artificial Graphite; Collodial Graphite & Prep Etc,Vietnam,2025 through June,20864,20864.0,Other
8110 Antimony And Artcls Throf Incl Waste And Scrap,Indonesia,2024,777077,777077.0,Other
"8108 Titanium & Articles Thereof, Includ Waste & Scrap",Singapore,2025 through June,13735220,13735220.0,Refined/Articles
"3910 Silicones, In Primary Forms",Indonesia,2025 through June,937714,937714.0,Other
"3910 Silicones, In Primary Forms",Vietnam,2025 through June,6100254,6100254.0,Other
"3910 Silicones, In Primary Forms",Thailand,2022,68531708,68531708.0,Other
"8108 Titanium & Articles Thereof, Includ Waste & Scrap",Indonesia,2022,8693,8693.0,Refined/Articles
"8108 Titanium & Articles Thereof, Includ Waste & Scrap",Malaysia,2022,231267,231267.0,Refined/Articles
"8108 Titanium & Articles Thereof, Includ Waste & Scrap",Singapore,2024,11342289,11342289.0,Refined/Articles
"3910 Silicones, In Primary Forms",Malaysia,2023,318539,318539.0,Other
"7110 Platinum, Unwrought, Semimfr Forms Or In Powder Fm",Thailand,2023,9238,9238.0,Other
"7110 Platinum, Unwrought, Semimfr Forms Or In Powder Fm",Philippines,2024,18139,18139.0,Other
3801 Artificial Graphite; Collodial Graphite & Prep Etc,Malaysia,2023,4838539,4838539.0,Other
7226 Fl-rl Alloy Steel Nesoi Un 600mm Wide,Thailand,2025 through June,155660,155660.0,Other
"8111 Manganese And Artcles Thereof, Inc Waste And Scrap",Indonesia,2022,1133369,1133369.0,Other
7226 Fl-rl Alloy Steel Nesoi Un 600mm Wide,Thailand,2023,234984,234984.0,Other
8110 Antimony And Artcls Throf Incl Waste And Scrap,Vietnam,2024,14485867,14485867.0,Other
"8105 Cobalt Mattes Etc, Cobalt & Art, Inc Waste & Scrap",Philippines,2021,11090,11090.0,Other
"8108 Titanium & Articles Thereof, Includ Waste & Scrap",Vietnam,2023,17884,17884.0,Refined/Articles
"8108 Titanium & Articles Thereof, Includ Waste & Scrap",Singapore,2023,11276505,11276505.0,Refined/Articles
"8105 Cobalt Mattes Etc, Cobalt & Art, Inc Waste & Scrap",Vietnam,2023,64757,64757.0,Other
"8108 Titanium & Articles Thereof, Includ Waste & Scrap",Singapore,2021,3361050,3361050.0,Refined/Articles
3801 Artificial Graphite; Collodial Graphite & Prep Etc,Singapore,2022,1379606,1379606.0,Other
7226 Fl-rl Alloy Steel Nesoi Un 600mm Wide,Singapore,2021,5180,5180.0,Other
"8108 Titanium & Articles Thereof, Includ Waste & Scrap",Thailand,2022,420847,420847.0,Refined/Articles
"8112 Beryllium,chromium,hafnium,rhenium Etc & Articles",Thailand,2021,5979,5979.0,Refined/Articles
"3910 Silicones, In Primary Forms",Indonesia,2023,260287,260287.0,Other
"8105 Cobalt Mattes Etc, Cobalt & Art, Inc Waste & Scrap",Thailand,2023,88508,88508.0,Other
"3910 Silicones, In Primary Forms",Philippines,2024,3586,3586.0,Other
"3910 Silicones, In Primary Forms",Malaysia,2025 through June,343670,343670.0,Other
"3910 Silicones, In Primary Forms",Thailand,2024,30555192,31184149.0,Other
2820 Manganese Oxides,Indonesia,2024,490000,490000.0,Compound
3801 Artificial Graphite; Collodial Graphite & Prep Etc,Malaysia,2024,502915,502915.0,Other
2846 Rare-earth Metal Compounds Of Yttrium Or Scandium,Vietnam,2025 through June,573625,573625.0,Compound
"8111 Manganese And Artcles Thereof, Inc Waste And Scrap",Indonesia,2025 through June,1850041,1850041.0,Other
"2801 Fluorine, Chlorine, Bromine & Iodine",Singapore,2023,3995,3995.0,Other
"8105 Cobalt Mattes Etc, Cobalt & Art, Inc Waste & Scrap",Indonesia,2024,3593558,3593558.0,Other
8110 Antimony And Artcls Throf Incl Waste And Scrap,Burma,2021,2826505,3092476.0,Other
2846 Rare-earth Metal Compounds Of Yttrium Or Scandium,Malaysia,2023,5226435,5226435.0,Compound
"8108 Titanium & Articles Thereof, Includ Waste & Scrap",Singapore,2022,5853952,5853952.0,Refined/Articles
"7110 Platinum, Unwrought, Semimfr Forms Or In Powder Fm",Singapore,2022,45825368,45825368.0,Other
"3910 Silicones, In Primary Forms",Malaysia,2022,1519669,1502319.0,Other
"8108 Titanium & Articles Thereof, Includ Waste & Scrap",Malaysia,2021,83736,83736.0,Refined/Articles
"7110 Platinum, Unwrought, Semimfr Forms Or In Powder Fm",Singapore,2021,71372119,71372119.0,Other
3801 Artificial Graphite; Collodial Graphite & Prep Etc,Vietnam,2021,4699,4699.0,Other
"8112 Beryllium,chromium,hafnium,rhenium Etc & Articles",Vietnam,2022,3680,3680.0,Refined/Articles
"3910 Silicones, In Primary Forms",Vietnam,2021,2572397,2572397.0,Other
"3910 Silicones, In Primary Forms",Thailand,2023,23157519,23171148.0,Other
8110 Antimony And Artcls Throf Incl Waste And Scrap,Burma,2024,2188116,2188116.0,Other
"7110 Platinum, Unwrought, Semimfr Forms Or In Powder Fm",Singapore,2024,55612744,55612744.0,Other
2846 Rare-earth Metal Compounds Of Yttrium Or Scandium,Singapore,2023,28118,28118.0,Compound
"7110 Platinum, Unwrought, Semimfr Forms Or In Powder Fm",Thailand,2024,19097,19097.0,Other
3801 Artificial Graphite; Collodial Graphite & Prep Etc,Singapore,2023,34790,34790.0,Other
"7110 Platinum, Unwrought, Semimfr Forms Or In Powder Fm",Singapore,2025 through June,22349125,22349125.0,Other
"3910 Silicones, In Primary Forms",Philippines,2025 through June,6459,6459.0,Other
"3910 Silicones, In Primary Forms",Vietnam,2022,19123559,19123559.0,Other
7225 Fl-rl Alloy Steel Nesoi Nun 600mm Wide,Thailand,2025 through June,114401,114401.0,Other
"8112 Beryllium,chromium,hafnium,rhenium Etc & Articles",Singapore,2024,295336,295336.0,Refined/Articles
"8108 Titanium & Articles Thereof, Includ Waste & Scrap",Vietnam,2024,64533,64533.0,Refined/Articles
8110 Antimony And Artcls Throf Incl Waste And Scrap,Vietnam,2025 through June,9318779,9318779.0,Other
8110 Antimony And Artcls Throf Incl Waste And Scrap,Burma,2023,4220972,4220972.0,Other
7226 Fl-rl Alloy Steel Nesoi Un 600mm Wide,Vietnam,2022,611057,0.0,Other
"3910 Silicones, In Primary Forms",Indonesia,2022,7197915,7197915.0,Other
8110 Antimony And Artcls Throf Incl Waste And Scrap,Vietnam,2022,9685574,9685574.0,Other
"7110 Platinum, Unwrought, Semimfr Forms Or In Powder Fm",Thailand,2025 through June,3317,3317.0,Other
2846 Rare-earth Metal Compounds Of Yttrium Or Scandium,Malaysia,2024,1641511,1641511.0,Compound
3801 Artificial Graphite; Collodial Graphite & Prep Etc,Vietnam,2024,30194,30194.0,Other
7225 Fl-rl Alloy Steel Nesoi Nun 600mm Wide,Malaysia,2021,10218,10218.0,Other
"8108 Titanium & Articles Thereof, Includ Waste & Scrap",Philippines,2021,17856,17856.0,Refined/Articles
"8112 Beryllium,chromium,hafnium,rhenium Etc & Articles",Vietnam,2021,35000,35000.0,Refined/Articles
2504 Natural Graphite,Thailand,2024,10094,10094.0,Other
2604 Nickel Ores And Concentrates,Singapore,2025 through June,2145,2145.0,Ore/Raw
"8108 Titanium & Articles Thereof, Includ Waste & Scrap",Malaysia,2023,703171,703171.0,Refined/Articles
"8108 Titanium & Articles Thereof, Includ Waste & Scrap",Thailand,2025 through June,48279,30926.0,Refined/Articles
8110 Antimony And Artcls Throf Incl Waste And Scrap,Philippines,2025 through June,1534597,1534597.0,Other
8110 Antimony And Artcls Throf Incl Waste And Scrap,Thailand,2024,29835106,29835106.0,Other
282520 Lithium Oxide And Hydroxide,Indonesia,2025 through June,2914,2914.0,Compound
282540 Nickel Oxides And Hydroxides,Indonesia,2021,130897,130897.0,Compound
282540 Nickel Oxides And Hydroxides,Philippines,2021,3118614,3118614.0,Compound
282540 Nickel Oxides And Hydroxides,Philippines,2022,5109533,5109533.0,Compound
282540 Nickel Oxides And Hydroxides,Philippines,2023,4948652,4948652.0,Compound
282540 Nickel Oxides And Hydroxides,Philippines,2024,1794945,1794945.0,Compound
282540 Nickel Oxides And Hydroxides,Philippines,2025 through June,1310775,1310775.0,Compound
282580 Antimony Oxides,Thailand,2021,1992500,1992500.0,Compound
282580 Antimony Oxides,Thailand,2023,2160000,2160000.0,Compound
282580 Antimony Oxides,Thailand,2024,5400000,5400000.0,Compound
282580 Antimony Oxides,Thailand,2025 through June,12342000,12342000.0,Compound
"711041 Iridium, Osmium And Ruthenium, Unwrought Or Powder",Singapore,2022,4823,4823.0,Other
"711049 Iridium, Osmium And Ruthenium, Semimanufactured",Singapore,2021,9815,9815.0,Other
"711049 Iridium, Osmium And Ruthenium, Semimanufactured",Thailand,2023,6500,6500.0,Other
"711049 Iridium, Osmium And Ruthenium, Semimanufactured",Singapore,2023,79778,79778.0,Other
"711049 Iridium, Osmium And Ruthenium, Semimanufactured",Philippines,2024,9548,9548.0,Other
"711049 Iridium, Osmium And Ruthenium, Semimanufactured",Singapore,2025 through June,1116612,1116612.0,Other
850511 Permanent Magnets Made Of Metal,Thailand,2021,792057,792057.0,Advanced Product
850511 Permanent Magnets Made Of Metal,Vietnam,2021,169873,178933.0,Advanced Product
850511 Permanent Magnets Made Of Metal,Cambodia,2021,99111,99111.0,Advanced Product
850511 Permanent Magnets Made Of Metal,Malaysia,2021,59475,59475.0,Advanced Product
850511 Permanent Magnets Made Of Metal,Singapore,2021,107540,107540.0,Advanced Product
850511 Permanent Magnets Made Of Metal,Indonesia,2021,313127,313127.0,Advanced Product
850511 Permanent Magnets Made Of Metal,Philippines,2021,17448912,17448912.0,Advanced Product
850511 Permanent Magnets Made Of Metal,Thailand,2022,649108,649108.0,Advanced Product
850511 Permanent Magnets Made Of Metal,Vietnam,2022,402418,402418.0,Advanced Product
850511 Permanent Magnets Made Of Metal,Malaysia,2022,918603,918603.0,Advanced Product
850511 Permanent Magnets Made Of Metal,Singapore,2022,362500,362500.0,Advanced Product
850511 Permanent Magnets Made Of Metal,Indonesia,2022,5459356,5459356.0,Advanced Product
850511 Permanent Magnets Made Of Metal,Philippines,2022,6684226,6684226.0,Advanced Product
850511 Permanent Magnets Made Of Metal,Thailand,2023,258250,258250.0,Advanced Product
850511 Permanent Magnets Made Of Metal,Vietnam,2023,566890,566890.0,Advanced Product
850511 Permanent Magnets Made Of Metal,Cambodia,2023,46987,46987.0,Advanced Product
850511 Permanent Magnets Made Of Metal,Malaysia,2023,693147,693147.0,Advanced Product
850511 Permanent Magnets Made Of Metal,Singapore,2023,657579,657579.0,Advanced Product
850511 Permanent Magnets Made Of Metal,Indonesia,2023,5476178,5481162.0,Advanced Product
850511 Permanent Magnets Made Of Metal,Philippines,2023,6905136,7200462.0,Advanced Product
850511 Permanent Magnets Made Of Metal,Thailand,2024,274666,274666.0,Advanced Product
850511 Permanent Magnets Made Of Metal,Vietnam,2024,1069338,976296.0,Advanced Product
850511 Permanent Magnets Made Of Metal,Cambodia,2024,200231,185666.0,Advanced Product
850511 Permanent Magnets Made Of Metal,Malaysia,2024,1670265,1670265.0,Advanced Product
850511 Permanent Magnets Made Of Metal,Singapore,2024,1753736,1753736.0,Advanced Product
850511 Permanent Magnets Made Of Metal,Indonesia,2024,6185995,6185995.0,Advanced Product
850511 Permanent Magnets Made Of Metal,Philippines,2024,8894106,9198547.0,Advanced Product
850511 Permanent Magnets Made Of Metal,Thailand,2025 through June,224345,224345.0,Advanced Product
850511 Permanent Magnets Made Of Metal,Vietnam,2025 through June,545050,372735.0,Advanced Product
850511 Permanent Magnets Made Of Metal,Cambodia,2025 through June,141337,141337.0,Advanced Product
850511 Permanent Magnets Made Of Metal,Malaysia,2025 through June,569578,569578.0,Advanced Product
850511 Permanent Magnets Made Of Metal,Singapore,2025 through June,253272,253272.0,Advanced Product
850511 Permanent Magnets Made Of Metal,Indonesia,2025 through June,3548515,3548515.0,Advanced Product
850511 Permanent Magnets Made Of Metal,Philippines,2025 through June,2713846,2713846.0,Advanced Product
"850650 Primary Cells And Batteries, Lithium",Thailand,2021,996749,993961.0,Other
"850650 Primary Cells And Batteries, Lithium",Vietnam,2021,51139,51139.0,Other
"850650 Primary Cells And Batteries, Lithium",Malaysia,2021,709423,816660.0,Other
"850650 Primary Cells And Batteries, Lithium",Singapore,2021,81805108,86261479.0,Other
"850650 Primary Cells And Batteries, Lithium",Indonesia,2021,19463294,19190081.0,Other
"850650 Primary Cells And Batteries, Lithium",Philippines,2021,142090,142090.0,Other
"850650 Primary Cells And Batteries, Lithium",Thailand,2022,1320547,1320547.0,Other
"850650 Primary Cells And Batteries, Lithium",Vietnam,2022,90138,90138.0,Other
"850650 Primary Cells And Batteries, Lithium",Malaysia,2022,1167895,1245814.0,Other
"850650 Primary Cells And Batteries, Lithium",Singapore,2022,83096611,83618805.0,Other
"850650 Primary Cells And Batteries, Lithium",Indonesia,2022,28399903,36446561.0,Other
"850650 Primary Cells And Batteries, Lithium",Philippines,2022,183444,183444.0,Other
"850650 Primary Cells And Batteries, Lithium",Thailand,2023,2230121,2224619.0,Other
"850650 Primary Cells And Batteries, Lithium",Vietnam,2023,100956,95099.0,Other
"850650 Primary Cells And Batteries, Lithium",Malaysia,2023,1577812,1529937.0,Other
"850650 Primary Cells And Batteries, Lithium",Singapore,2023,115767346,115614114.0,Other
"850650 Primary Cells And Batteries, Lithium",Indonesia,2023,25220121,32281412.0,Other
"850650 Primary Cells And Batteries, Lithium",Philippines,2023,163418,167027.0,Other
"850650 Primary Cells And Batteries, Lithium",Thailand,2024,2070619,2070619.0,Other
"850650 Primary Cells And Batteries, Lithium",Vietnam,2024,1253850,1250561.0,Other
"850650 Primary Cells And Batteries, Lithium",Malaysia,2024,1368460,1248961.0,Other
"850650 Primary Cells And Batteries, Lithium",Singapore,2024,73322500,75821037.0,Other
"850650 Primary Cells And Batteries, Lithium",Indonesia,2024,25288668,33566571.0,Other
"850650 Primary Cells And Batteries, Lithium",Philippines,2024,1024288,1026901.0,Other
"850650 Primary Cells And Batteries, Lithium",Thailand,2025 through June,1062973,1062973.0,Other
"850650 Primary Cells And Batteries, Lithium",Vietnam,2025 through June,662071,662071.0,Other
"850650 Primary Cells And Batteries, Lithium",Malaysia,2025 through June,388703,439829.0,Other
"850650 Primary Cells And Batteries, Lithium",Singapore,2025 through June,28665432,28667842.0,Other
"850650 Primary Cells And Batteries, Lithium",Indonesia,2025 through June,14658607,17932297.0,Other
"850650 Primary Cells And Batteries, Lithium",Philippines,2025 through June,103163,105641.0,Other
